supplier_norm,supplier_names,amount_gbp,n,first_date,last_date,max_gap_days,chain_gbp,repeat_gbp,tag,row_ids
OAKLANDS SEN SCHOOL BERKSHIRE,Oaklands SEN School Berkshire Limited,20337.45,36,2026-06-17,2026-06-17,0,732148.2,711810.75,placement,Over500_2026_P03_-_published:2164;Over500_2026_P03_-_published:2165;Over500_2026_P03_-_published:2166;Over500_2026_P03_-_published:2167;Over500_2026_P03_-_published:2169;Over500_2026_P03_-_published:2170;Over500_2026_P03_-_published:2173;Over500_2026_P03_-_published:2175;Over500_2026_P03_-_published:2176;Over500_2026_P03_-_published:2177;Over500_2026_P03_-_published:2189;Over500_2026_P03_-_published:2190;Over500_2026_P03_-_published:2195;Over500_2026_P03_-_published:2199;Over500_2026_P03_-_published:2200;Over500_2026_P03_-_published:2201;Over500_2026_P03_-_published:2203;Over500_2026_P03_-_published:2204;Over500_2026_P03_-_published:2311;Over500_2026_P03_-_published:2312;Over500_2026_P03_-_published:2313;Over500_2026_P03_-_published:2315;Over500_2026_P03_-_published:2316;Over500_2026_P03_-_published:2317;Over500_2026_P03_-_published:2321;Over500_2026_P03_-_published:2322;Over500_2026_P03_-_published:2323;Over500_2026_P03_-_published:3106;Over500_2026_P03_-_published:3107;Over500_2026_P03_-_published:3109;Over500_2026_P03_-_published:3110;Over500_2026_P03_-_published:3111;Over500_2026_P03_-_published:3112;Over500_2026_P03_-_published:3113;Over500_2026_P03_-_published:3114;Over500_2026_P03_-_published:3115
OAKLANDS SEN SCHOOL BERKSHIRE,Oaklands SEN School Berkshire Limited,20534.9,13,2026-06-17,2026-06-17,0,266953.7,246418.8,placement,Over500_2026_P03_-_published:2171;Over500_2026_P03_-_published:2172;Over500_2026_P03_-_published:2191;Over500_2026_P03_-_published:2192;Over500_2026_P03_-_published:2193;Over500_2026_P03_-_published:2196;Over500_2026_P03_-_published:2198;Over500_2026_P03_-_published:2310;Over500_2026_P03_-_published:2314;Over500_2026_P03_-_published:2319;Over500_2026_P03_-_published:2320;Over500_2026_P03_-_published:3108;Over500_2026_P03_-_published:3116
PHOENIX CHILD CARE THE GRANGE SCHOOL,Phoenix Child Care Limited -The Grange School,21988.16,10,2026-05-19,2026-05-21,1,219881.6,197893.44,placement,Over500_2026_P02_-_published:2242;Over500_2026_P02_-_published:2243;Over500_2026_P02_-_published:2247;Over500_2026_P02_-_published:2249;Over500_2026_P02_-_published:2252;Over500_2026_P02_-_published:2253;Over500_2026_P02_-_published:2255;Over500_2026_P02_-_published:2257;Over500_2026_P02_-_published:2260;Over500_2026_P02_-_published:2263
BUPA CARE SERVICES,BUPA Care Services,8476.52,18,2026-07-08,2026-07-08,0,152577.36,144100.84,placement,Over500_2026_P04_-_published:1040;Over500_2026_P04_-_published:1041;Over500_2026_P04_-_published:1071;Over500_2026_P04_-_published:1086;Over500_2026_P04_-_published:1087;Over500_2026_P04_-_published:1105;Over500_2026_P04_-_published:1107;Over500_2026_P04_-_published:1115;Over500_2026_P04_-_published:1154;Over500_2026_P04_-_published:1155;Over500_2026_P04_-_published:1158;Over500_2026_P04_-_published:1825;Over500_2026_P04_-_published:1826;Over500_2026_P04_-_published:1831;Over500_2026_P04_-_published:1846;Over500_2026_P04_-_published:1904;Over500_2026_P04_-_published:1905;Over500_2026_P04_-_published:2678
VOLKERHIGHWAYS,VolkerHighways Ltd,101925.86,2,2026-07-15,2026-07-17,2,203851.72,101925.86,general_procurement,Over500_2026_P04_-_published:3308;Over500_2026_P04_-_published:618
SUKHBIR SINGH AND HARVINDER SINGH TA CALCOT SERVICES FOR CHILDREN CSFC,Sukhbir Singh and Harvinder Singh T/A Calcot Services for Children (CSFC),18768.75,6,2026-06-03,2026-06-03,0,112612.5,93843.75,placement,Over500_2026_P03_-_published:2157;Over500_2026_P03_-_published:2158;Over500_2026_P03_-_published:2159;Over500_2026_P03_-_published:2306;Over500_2026_P03_-_published:3102;Over500_2026_P03_-_published:3103
BUPA CARE SERVICES,BUPA Care Services,5097.52,19,2026-06-10,2026-06-10,0,96852.88,91755.36,placement,Over500_2026_P03_-_published:1011;Over500_2026_P03_-_published:1027;Over500_2026_P03_-_published:1028;Over500_2026_P03_-_published:1336;Over500_2026_P03_-_published:1477;Over500_2026_P03_-_published:1759;Over500_2026_P03_-_published:2709;Over500_2026_P03_-_published:2710;Over500_2026_P03_-_published:2844;Over500_2026_P03_-_published:837;Over500_2026_P03_-_published:893;Over500_2026_P03_-_published:894;Over500_2026_P03_-_published:903;Over500_2026_P03_-_published:919;Over500_2026_P03_-_published:944;Over500_2026_P03_-_published:946;Over500_2026_P03_-_published:961;Over500_2026_P03_-_published:975;Over500_2026_P03_-_published:987
BUPA CARE SERVICES,BUPA Care Services,5080.18,19,2026-05-13,2026-05-13,0,96523.42,91443.24,placement,Over500_2026_P02_-_published:1035;Over500_2026_P02_-_published:1037;Over500_2026_P02_-_published:1038;Over500_2026_P02_-_published:1039;Over500_2026_P02_-_published:1040;Over500_2026_P02_-_published:1455;Over500_2026_P02_-_published:1456;Over500_2026_P02_-_published:1457;Over500_2026_P02_-_published:1850;Over500_2026_P02_-_published:868;Over500_2026_P02_-_published:959;Over500_2026_P02_-_published:960;Over500_2026_P02_-_published:961;Over500_2026_P02_-_published:962;Over500_2026_P02_-_published:964;Over500_2026_P02_-_published:965;Over500_2026_P02_-_published:969;Over500_2026_P02_-_published:970;Over500_2026_P02_-_published:971
BUPA CARE SERVICES,BUPA Care Services,5097.52,18,2026-07-08,2026-07-08,0,91755.36,86657.84,placement,Over500_2026_P04_-_published:1033;Over500_2026_P04_-_published:1034;Over500_2026_P04_-_published:1037;Over500_2026_P04_-_published:1072;Over500_2026_P04_-_published:1081;Over500_2026_P04_-_published:1083;Over500_2026_P04_-_published:1104;Over500_2026_P04_-_published:1136;Over500_2026_P04_-_published:1137;Over500_2026_P04_-_published:1820;Over500_2026_P04_-_published:1821;Over500_2026_P04_-_published:1823;Over500_2026_P04_-_published:1848;Over500_2026_P04_-_published:1926;Over500_2026_P04_-_published:1927;Over500_2026_P04_-_published:2664;Over500_2026_P04_-_published:2717;Over500_2026_P04_-_published:887
PHOENIX CHILD CARE THE GRANGE SCHOOL,Phoenix Child Care Limited -The Grange School,32711.33,3,2026-05-19,2026-05-19,0,98133.99,65422.66,placement,Over500_2026_P02_-_published:2246;Over500_2026_P02_-_published:2248;Over500_2026_P02_-_published:2251
HUCKLEBERRY HOUSE,Huckleberry House,30918.75,3,2026-05-26,2026-05-26,0,92756.25,61837.5,placement,Over500_2026_P02_-_published:2266;Over500_2026_P02_-_published:2267;Over500_2026_P02_-_published:2269
BUPA CARE SERVICES,BUPA Care Services,4548.75,13,2026-06-03,2026-06-03,0,59133.75,54585.0,placement,Over500_2026_P03_-_published:1018;Over500_2026_P03_-_published:1322;Over500_2026_P03_-_published:1857;Over500_2026_P03_-_published:2830;Over500_2026_P03_-_published:2845;Over500_2026_P03_-_published:890;Over500_2026_P03_-_published:891;Over500_2026_P03_-_published:915;Over500_2026_P03_-_published:916;Over500_2026_P03_-_published:917;Over500_2026_P03_-_published:937;Over500_2026_P03_-_published:938;Over500_2026_P03_-_published:951
VOLKERHIGHWAYS,VolkerHighways Ltd,54241.36,2,2026-07-13,2026-07-16,3,108482.72,54241.36,general_procurement,Over500_2026_P04_-_published:3210;Over500_2026_P04_-_published:3302
GCH ALDER TA HUNGERFORD CARE HOME,GCH (Alder) Ltd t/a Hungerford Care Home,5700.0,10,2026-06-17,2026-06-17,0,57000.0,51300.0,placement,Over500_2026_P03_-_published:1015;Over500_2026_P03_-_published:1383;Over500_2026_P03_-_published:1384;Over500_2026_P03_-_published:1478;Over500_2026_P03_-_published:1479;Over500_2026_P03_-_published:1496;Over500_2026_P03_-_published:2711;Over500_2026_P03_-_published:2719;Over500_2026_P03_-_published:905;Over500_2026_P03_-_published:988
GCH ALDER TA HUNGERFORD CARE HOME,GCH (Alder) Ltd t/a Hungerford Care Home,5700.0,10,2026-07-15,2026-07-15,0,57000.0,51300.0,placement,Over500_2026_P04_-_published:1048;Over500_2026_P04_-_published:1097;Over500_2026_P04_-_published:1114;Over500_2026_P04_-_published:1126;Over500_2026_P04_-_published:1146;Over500_2026_P04_-_published:1917;Over500_2026_P04_-_published:1941;Over500_2026_P04_-_published:1942;Over500_2026_P04_-_published:2023;Over500_2026_P04_-_published:2670
PARADIGM CARE SERVICES,Paradigm Care Services Ltd.,17000.0,4,2026-07-16,2026-07-31,7,68000.0,51000.0,placement,Over500_2026_P04_-_published:3064;Over500_2026_P04_-_published:3091;Over500_2026_P04_-_published:3084;Over500_2026_P04_-_published:3087
GCH ALDER TA HUNGERFORD CARE HOME,GCH (Alder) Ltd t/a Hungerford Care Home,5584.29,10,2026-05-20,2026-05-20,0,55842.9,50258.61,placement,Over500_2026_P02_-_published:1009;Over500_2026_P02_-_published:1010;Over500_2026_P02_-_published:1011;Over500_2026_P02_-_published:1065;Over500_2026_P02_-_published:1066;Over500_2026_P02_-_published:1500;Over500_2026_P02_-_published:1501;Over500_2026_P02_-_published:1502;Over500_2026_P02_-_published:1503;Over500_2026_P02_-_published:1570
BUPA CARE SERVICES,BUPA Care Services,9903.62,6,2026-07-08,2026-07-08,0,59421.72,49518.1,placement,Over500_2026_P04_-_published:1039;Over500_2026_P04_-_published:1043;Over500_2026_P04_-_published:1073;Over500_2026_P04_-_published:1120;Over500_2026_P04_-_published:1824;Over500_2026_P04_-_published:2908
CARE SERVICES TO YOU,Care Services To You,23989.77,3,2026-06-16,2026-06-22,6,71969.31,47979.54,placement,Over500_2026_P03_-_published:1931;Over500_2026_P03_-_published:2008;Over500_2026_P03_-_published:3044
CARE SERVICES TO YOU,Care Services To You,23989.77,3,2026-07-17,2026-07-23,6,71969.31,47979.54,placement,Over500_2026_P04_-_published:3750;Over500_2026_P04_-_published:3092;Over500_2026_P04_-_published:3161
BUPA CARE SERVICES,BUPA Care Services,5166.0,10,2026-06-10,2026-06-10,0,51660.0,46494.0,placement,Over500_2026_P03_-_published:1328;Over500_2026_P03_-_published:1344;Over500_2026_P03_-_published:1345;Over500_2026_P03_-_published:1346;Over500_2026_P03_-_published:1379;Over500_2026_P03_-_published:1487;Over500_2026_P03_-_published:2834;Over500_2026_P03_-_published:2851;Over500_2026_P03_-_published:941;Over500_2026_P03_-_published:980
PHOENIX CHILD CARE THE GRANGE SCHOOL,Phoenix Child Care Limited -The Grange School,23210.0,3,2026-05-19,2026-05-21,1,69630.0,46420.0,placement,Over500_2026_P02_-_published:2245;Over500_2026_P02_-_published:2258;Over500_2026_P02_-_published:2262
BUPA CARE SERVICES,BUPA Care Services,5148.43,10,2026-05-13,2026-05-13,0,51484.3,46335.87,placement,Over500_2026_P02_-_published:1034;Over500_2026_P02_-_published:1459;Over500_2026_P02_-_published:1460;Over500_2026_P02_-_published:1464;Over500_2026_P02_-_published:1531;Over500_2026_P02_-_published:1532;Over500_2026_P02_-_published:1535;Over500_2026_P02_-_published:1536;Over500_2026_P02_-_published:1537;Over500_2026_P02_-_published:979
BUPA CARE SERVICES,BUPA Care Services,5166.0,8,2026-07-08,2026-07-08,0,41328.0,36162.0,placement,Over500_2026_P04_-_published:1135;Over500_2026_P04_-_published:1828;Over500_2026_P04_-_published:1893;Over500_2026_P04_-_published:1908;Over500_2026_P04_-_published:1922;Over500_2026_P04_-_published:1931;Over500_2026_P04_-_published:2003;Over500_2026_P04_-_published:2676
AMEGREEN CHILDRENS SERVICES,Amegreen Childrens Services,34431.08,2,2026-05-26,2026-05-27,1,68862.16,34431.08,placement,Over500_2026_P02_-_published:2092;Over500_2026_P02_-_published:2105
AMEGREEN CHILDRENS SERVICES,Amegreen Childrens Services,34431.08,2,2026-07-20,2026-07-20,0,68862.16,34431.08,placement,Over500_2026_P04_-_published:3081;Over500_2026_P04_-_published:3752
AMEGREEN CHILDRENS SERVICES,Amegreen Childrens Services,33320.4,2,2026-05-26,2026-05-28,2,66640.8,33320.4,placement,Over500_2026_P02_-_published:2091;Over500_2026_P02_-_published:2108
AMEGREEN CHILDRENS SERVICES,Amegreen Childrens Services,33320.4,2,2026-06-17,2026-06-17,0,66640.8,33320.4,placement,Over500_2026_P03_-_published:2032;Over500_2026_P03_-_published:2033
AFFINITY TRUST SUPPORT,Affinity Trust Support Ltd,3960.0,9,2026-06-24,2026-07-15,7,35640.0,31680.0,placement,Over500_2026_P03_-_published:1716;Over500_2026_P03_-_published:2958;Over500_2026_P04_-_published:2979;Over500_2026_P04_-_published:2319;Over500_2026_P04_-_published:2346;Over500_2026_P04_-_published:2348;Over500_2026_P04_-_published:2985;Over500_2026_P04_-_published:2423;Over500_2026_P04_-_published:3029
OPTALIS,OPTALIS LTD,6210.0,6,2026-06-10,2026-06-10,0,37260.0,31050.0,placement,Over500_2026_P03_-_published:1381;Over500_2026_P03_-_published:1471;Over500_2026_P03_-_published:1472;Over500_2026_P03_-_published:2836;Over500_2026_P03_-_published:2837;Over500_2026_P03_-_published:901
OPTALIS,OPTALIS LTD,6210.0,6,2026-07-08,2026-07-08,0,37260.0,31050.0,placement,Over500_2026_P04_-_published:1044;Over500_2026_P04_-_published:1909;Over500_2026_P04_-_published:1933;Over500_2026_P04_-_published:1934;Over500_2026_P04_-_published:2667;Over500_2026_P04_-_published:2668
OPTALIS,OPTALIS LTD,6195.0,6,2026-05-13,2026-05-13,0,37170.0,30975.0,placement,Over500_2026_P02_-_published:1477;Over500_2026_P02_-_published:1478;Over500_2026_P02_-_published:1479;Over500_2026_P02_-_published:1480;Over500_2026_P02_-_published:1481;Over500_2026_P02_-_published:993
LIAISE LODDON,LIAISE LODDON LTD,14721.68,3,2026-06-24,2026-07-01,7,44165.04,29443.36,placement,Over500_2026_P03_-_published:1440;Over500_2026_P03_-_published:1514;Over500_2026_P04_-_published:2179
BUPA CARE SERVICES,BUPA Care Services,4830.0,7,2026-06-10,2026-06-10,0,33810.0,28980.0,placement,Over500_2026_P03_-_published:1326;Over500_2026_P03_-_published:2703;Over500_2026_P03_-_published:2825;Over500_2026_P03_-_published:852;Over500_2026_P03_-_published:898;Over500_2026_P03_-_published:923;Over500_2026_P03_-_published:942
THE UNICORN SCHOOL,The Unicorn School,13771.0,3,2026-05-11,2026-05-11,0,41313.0,27542.0,placement,Over500_2026_P02_-_published:2234;Over500_2026_P02_-_published:2235;Over500_2026_P02_-_published:2236
TWO SAINTS,TWO SAINTS LTD,27147.69,2,2026-05-12,2026-05-13,1,54295.38,27147.69,general_procurement,Over500_2026_P02_-_published:2160;Over500_2026_P02_-_published:2161
BRIGHTER LIVING CARE,Brighter Living Care Ltd,26734.96,2,2026-06-24,2026-07-01,7,53469.92,26734.96,placement,Over500_2026_P03_-_published:1708;Over500_2026_P04_-_published:2250
BRIGHTER LIVING CARE,Brighter Living Care Ltd,26596.08,2,2026-06-24,2026-07-01,7,53192.16,26596.08,placement,Over500_2026_P03_-_published:1656;Over500_2026_P04_-_published:2249
FLOURISHING FAMILIES ASSESSMENT SERVICE,Flourishing Families Assessment Service Ltd.,6550.0,5,2026-06-03,2026-06-03,0,32750.0,26200.0,placement,Over500_2026_P03_-_published:1941;Over500_2026_P03_-_published:2013;Over500_2026_P03_-_published:2014;Over500_2026_P03_-_published:3049;Over500_2026_P03_-_published:3050
ACORN CARE AND EDUCATION,ACORN CARE & EDUCATION LTD,25533.7,2,2026-05-26,2026-05-26,0,51067.4,25533.7,placement,Over500_2026_P02_-_published:2272;Over500_2026_P02_-_published:2276
AFFINITY TRUST SUPPORT,Affinity Trust Support Ltd,12276.0,3,2026-06-24,2026-07-01,7,36828.0,24552.0,placement,Over500_2026_P03_-_published:1627;Over500_2026_P04_-_published:2226;Over500_2026_P04_-_published:2340
BUPA CARE SERVICES,BUPA Care Services,4813.57,6,2026-05-13,2026-05-13,0,28881.42,24067.85,placement,Over500_2026_P02_-_published:1431;Over500_2026_P02_-_published:1474;Over500_2026_P02_-_published:984;Over500_2026_P02_-_published:986;Over500_2026_P02_-_published:987;Over500_2026_P02_-_published:988
CARE SERVICES TO YOU,Care Services To You,23989.77,2,2026-05-12,2026-05-13,1,47979.54,23989.77,placement,Over500_2026_P02_-_published:2033;Over500_2026_P02_-_published:2037
CARE SERVICES TO YOU,Care Services To You,23989.77,2,2026-07-01,2026-07-06,5,47979.54,23989.77,placement,Over500_2026_P04_-_published:3743;Over500_2026_P04_-_published:3154
CHILTERN WAY ACADEMY,CHILTERN WAY ACADEMY,2083.33,12,2026-06-30,2026-07-03,3,24999.96,22916.63,placement,Over500_2026_P03_-_published:2153;Over500_2026_P03_-_published:2181;Over500_2026_P03_-_published:2223;Over500_2026_P03_-_published:3093;Over500_2026_P03_-_published:3094;Over500_2026_P03_-_published:3095;Over500_2026_P04_-_published:3271;Over500_2026_P04_-_published:3272;Over500_2026_P04_-_published:3273;Over500_2026_P04_-_published:3795;Over500_2026_P04_-_published:3796;Over500_2026_P04_-_published:3797
BUPA CARE SERVICES,BUPA Care Services,4548.75,6,2026-05-20,2026-05-20,0,27292.5,22743.75,placement,Over500_2026_P02_-_published:1023;Over500_2026_P02_-_published:1024;Over500_2026_P02_-_published:1069;Over500_2026_P02_-_published:1070;Over500_2026_P02_-_published:1071;Over500_2026_P02_-_published:1072
GCH ALDER TA HUNGERFORD CARE HOME,GCH (Alder) Ltd t/a Hungerford Care Home,5600.0,5,2026-05-20,2026-05-20,0,28000.0,22400.0,placement,Over500_2026_P02_-_published:1013;Over500_2026_P02_-_published:1014;Over500_2026_P02_-_published:1020;Over500_2026_P02_-_published:1505;Over500_2026_P02_-_published:1574
BUPA CARE SERVICES,BUPA Care Services,5506.2,5,2026-06-10,2026-06-10,0,27531.0,22024.8,placement,Over500_2026_P03_-_published:1330;Over500_2026_P03_-_published:940;Over500_2026_P03_-_published:945;Over500_2026_P03_-_published:953;Over500_2026_P03_-_published:977
BUPA CARE SERVICES,BUPA Care Services,5506.2,5,2026-07-08,2026-07-08,0,27531.0,22024.8,placement,Over500_2026_P04_-_published:1082;Over500_2026_P04_-_published:1084;Over500_2026_P04_-_published:1106;Over500_2026_P04_-_published:1849;Over500_2026_P04_-_published:1896
BUPA CARE SERVICES,BUPA Care Services,5487.47,5,2026-05-13,2026-05-13,0,27437.35,21949.88,placement,Over500_2026_P02_-_published:1042;Over500_2026_P02_-_published:1043;Over500_2026_P02_-_published:1473;Over500_2026_P02_-_published:963;Over500_2026_P02_-_published:973
ACORN CARE AND EDUCATION,ACORN CARE & EDUCATION LTD,20793.64,2,2026-05-26,2026-05-27,1,41587.28,20793.64,placement,Over500_2026_P02_-_published:2275;Over500_2026_P02_-_published:2280
BUPA CARE SERVICES,BUPA Care Services,4830.0,5,2026-07-08,2026-07-08,0,24150.0,19320.0,placement,Over500_2026_P04_-_published:1090;Over500_2026_P04_-_published:1091;Over500_2026_P04_-_published:1118;Over500_2026_P04_-_published:1830;Over500_2026_P04_-_published:2666
BRIGHTER LIVING CARE,Brighter Living Care Ltd,19317.76,2,2026-07-01,2026-07-01,0,38635.52,19317.76,placement,Over500_2026_P04_-_published:2229;Over500_2026_P04_-_published:2968
SUKHBIR SINGH AND HARVINDER SINGH TA CALCOT SERVICES FOR CHILDREN CSFC,Sukhbir Singh and Harvinder Singh T/A Calcot Services for Children (CSFC),19278.75,2,2026-06-03,2026-06-03,0,38557.5,19278.75,placement,Over500_2026_P03_-_published:2160;Over500_2026_P03_-_published:3104
PURESOUL CARE,PureSoul Care Ltd,1369.64,15,2026-06-17,2026-07-15,7,20544.6,19174.96,placement,Over500_2026_P03_-_published:1140;Over500_2026_P03_-_published:2777;Over500_2026_P03_-_published:2778;Over500_2026_P03_-_published:2875;Over500_2026_P03_-_published:883;Over500_2026_P03_-_published:1164;Over500_2026_P03_-_published:1227;Over500_2026_P03_-_published:2792;Over500_2026_P04_-_published:1801;Over500_2026_P04_-_published:920;Over500_2026_P04_-_published:1396;Over500_2026_P04_-_published:1397;Over500_2026_P04_-_published:1400;Over500_2026_P04_-_published:1476;Over500_2026_P04_-_published:1478
SUKHBIR SINGH AND HARVINDER SINGH TA CALCOT SERVICES FOR CHILDREN CSFC,Sukhbir Singh and Harvinder Singh T/A Calcot Services for Children (CSFC),18768.75,2,2026-05-12,2026-05-12,0,37537.5,18768.75,placement,Over500_2026_P02_-_published:2238;Over500_2026_P02_-_published:2240
ARCH FUTURES,Arch Futures,18648.0,2,2026-07-29,2026-07-29,0,37296.0,18648.0,placement,Over500_2026_P04_-_published:2483;Over500_2026_P04_-_published:2572
REMEDICARE EDUCATION SERVICES,Remedicare Education Services Limited,18000.0,2,2026-05-19,2026-05-19,0,36000.0,18000.0,placement,Over500_2026_P02_-_published:2211;Over500_2026_P02_-_published:2212
VOLKERHIGHWAYS,VolkerHighways Ltd,17882.35,2,2026-07-13,2026-07-16,3,35764.7,17882.35,general_procurement,Over500_2026_P04_-_published:3184;Over500_2026_P04_-_published:3185
BUPA CARE SERVICES,BUPA Care Services,5896.0,4,2026-06-10,2026-06-10,0,23584.0,17688.0,placement,Over500_2026_P03_-_published:1327;Over500_2026_P03_-_published:1343;Over500_2026_P03_-_published:1485;Over500_2026_P03_-_published:2849
BUPA CARE SERVICES,BUPA Care Services,5896.0,4,2026-07-08,2026-07-08,0,23584.0,17688.0,placement,Over500_2026_P04_-_published:1892;Over500_2026_P04_-_published:1924;Over500_2026_P04_-_published:2004;Over500_2026_P04_-_published:2677
BUPA CARE SERVICES,BUPA Care Services,5875.95,4,2026-05-13,2026-05-13,0,23503.8,17627.85,placement,Over500_2026_P02_-_published:1471;Over500_2026_P02_-_published:1525;Over500_2026_P02_-_published:1526;Over500_2026_P02_-_published:1527
GCH ALDER TA HUNGERFORD CARE HOME,GCH (Alder) Ltd t/a Hungerford Care Home,5600.0,4,2026-06-17,2026-06-17,0,22400.0,16800.0,placement,Over500_2026_P03_-_published:1014;Over500_2026_P03_-_published:1337;Over500_2026_P03_-_published:1425;Over500_2026_P03_-_published:2712
ROADSIDE TECHNOLOGIES,Roadside Technologies Ltd,5594.11,4,2026-07-13,2026-07-13,0,22376.44,16782.33,general_procurement,Over500_2026_P04_-_published:1288;Over500_2026_P04_-_published:598;Over500_2026_P04_-_published:734;Over500_2026_P04_-_published:789
BUPA CARE SERVICES,BUPA Care Services,5460.0,4,2026-06-10,2026-06-10,0,21840.0,16380.0,placement,Over500_2026_P03_-_published:1414;Over500_2026_P03_-_published:2716;Over500_2026_P03_-_published:3020;Over500_2026_P03_-_published:962
VALUED CARE SUPPORTED LIVING,Valued Care Supported Living,5422.76,4,2026-06-17,2026-06-17,0,21691.04,16268.28,placement,Over500_2026_P03_-_published:1807;Over500_2026_P03_-_published:1811;Over500_2026_P03_-_published:1883;Over500_2026_P03_-_published:3004
FOUR CORNERS CARE,Four Corners Care Ltd.,5310.0,4,2026-07-15,2026-07-31,7,21240.0,15930.0,placement,Over500_2026_P04_-_published:3063;Over500_2026_P04_-_published:3158;Over500_2026_P04_-_published:3094;Over500_2026_P04_-_published:3095
VALUED CARE SUPPORTED LIVING,Valued Care Supported Living,7600.32,3,2026-05-20,2026-05-20,0,22800.96,15200.64,placement,Over500_2026_P02_-_published:1926;Over500_2026_P02_-_published:1927;Over500_2026_P02_-_published:1928
NEXT STEP SERVICES,Next Step Services,7476.86,3,2026-07-02,2026-07-02,0,22430.58,14953.72,placement,Over500_2026_P04_-_published:3141;Over500_2026_P04_-_published:3178;Over500_2026_P04_-_published:3771
LIAISE LODDON,LIAISE LODDON LTD,14806.32,2,2026-06-24,2026-07-01,7,29612.64,14806.32,placement,Over500_2026_P03_-_published:1602;Over500_2026_P04_-_published:2133
FOREST BRIDGE SCHOOL,Forest Bridge School,14156.71,2,2026-06-22,2026-06-22,0,28313.42,14156.71,placement,Over500_2026_P03_-_published:3091;Over500_2026_P03_-_published:3092
AFFINITY TRUST SUPPORT,Affinity Trust Support Ltd,14080.0,2,2026-06-24,2026-07-01,7,28160.0,14080.0,placement,Over500_2026_P03_-_published:1678;Over500_2026_P04_-_published:2342
BROADMEAD RESTHOME,BROADMEAD RESTHOME LTD,14058.16,2,2026-07-08,2026-07-08,0,28116.32,14058.16,placement,Over500_2026_P04_-_published:1843;Over500_2026_P04_-_published:1903
PURLEY PARK TRUST,PURLEY PARK TRUST LTD,4682.72,4,2026-07-01,2026-07-01,0,18730.88,14048.16,grant,Over500_2026_P04_-_published:1408;Over500_2026_P04_-_published:654;Over500_2026_P04_-_published:808;Over500_2026_P04_-_published:859
MARY HARE SCHOOL,MARY HARE SCHOOL,13871.0,2,2026-05-12,2026-05-12,0,27742.0,13871.0,placement,Over500_2026_P02_-_published:2219;Over500_2026_P02_-_published:2220
MARY HARE SCHOOL,MARY HARE SCHOOL,13543.0,2,2026-05-14,2026-05-14,0,27086.0,13543.0,placement,Over500_2026_P02_-_published:2224;Over500_2026_P02_-_published:2226
FLOURISHING FAMILIES ASSESSMENT SERVICE,Flourishing Families Assessment Service Ltd.,6550.0,3,2026-06-16,2026-06-16,0,19650.0,13100.0,placement,Over500_2026_P03_-_published:2036;Over500_2026_P03_-_published:3051;Over500_2026_P03_-_published:3052
FLOURISHING FAMILIES ASSESSMENT SERVICE,Flourishing Families Assessment Service Ltd.,6550.0,3,2026-07-13,2026-07-14,1,19650.0,13100.0,placement,Over500_2026_P04_-_published:3120;Over500_2026_P04_-_published:3097;Over500_2026_P04_-_published:3758
AFFINITY TRUST SUPPORT,Affinity Trust Support Ltd,12988.8,2,2026-06-24,2026-07-01,7,25977.6,12988.8,placement,Over500_2026_P03_-_published:1702;Over500_2026_P04_-_published:2977
WE ARE THE CARE COMPANY,We Are The Care Company Ltd,1434.52,10,2026-07-08,2026-07-08,0,14345.2,12910.68,placement,Over500_2026_P04_-_published:1329;Over500_2026_P04_-_published:1331;Over500_2026_P04_-_published:1333;Over500_2026_P04_-_published:1339;Over500_2026_P04_-_published:1375;Over500_2026_P04_-_published:1443;Over500_2026_P04_-_published:1568;Over500_2026_P04_-_published:1793;Over500_2026_P04_-_published:2075;Over500_2026_P04_-_published:2076
RESPONSE ORGANISATION,RESPONSE ORGANISATION,2568.96,6,2026-05-01,2026-05-01,0,15413.76,12844.8,grant,Over500_2026_P02_-_published:833;Over500_2026_P02_-_published:834;Over500_2026_P02_-_published:836;Over500_2026_P02_-_published:837;Over500_2026_P02_-_published:838;Over500_2026_P02_-_published:839
GLOBAL MEDIATION,Global Mediation,625.0,21,2026-07-15,2026-07-16,1,13125.0,12500.0,placement,Over500_2026_P04_-_published:3203;Over500_2026_P04_-_published:3204;Over500_2026_P04_-_published:3235;Over500_2026_P04_-_published:3274;Over500_2026_P04_-_published:3275;Over500_2026_P04_-_published:3276;Over500_2026_P04_-_published:3277;Over500_2026_P04_-_published:3278;Over500_2026_P04_-_published:3314;Over500_2026_P04_-_published:3316;Over500_2026_P04_-_published:3317;Over500_2026_P04_-_published:3318;Over500_2026_P04_-_published:3319;Over500_2026_P04_-_published:3798;Over500_2026_P04_-_published:3799;Over500_2026_P04_-_published:3800;Over500_2026_P04_-_published:3236;Over500_2026_P04_-_published:3237;Over500_2026_P04_-_published:3280;Over500_2026_P04_-_published:3320;Over500_2026_P04_-_published:3801
AFFINITY TRUST SUPPORT,Affinity Trust Support Ltd,12320.0,2,2026-06-24,2026-07-01,7,24640.0,12320.0,placement,Over500_2026_P03_-_published:1694;Over500_2026_P04_-_published:2975
RADIANT CARE HOMES,Radiant Care Homes Ltd.,11995.0,2,2026-05-12,2026-05-14,2,23990.0,11995.0,placement,Over500_2026_P02_-_published:2032;Over500_2026_P02_-_published:2040
RADIANT CARE HOMES,Radiant Care Homes Ltd.,11995.0,2,2026-05-28,2026-05-28,0,23990.0,11995.0,placement,Over500_2026_P02_-_published:2106;Over500_2026_P02_-_published:2107
RADIANT CARE HOMES,Radiant Care Homes Ltd.,11995.0,2,2026-06-16,2026-06-22,6,23990.0,11995.0,placement,Over500_2026_P03_-_published:2030;Over500_2026_P03_-_published:1939
RADIANT CARE HOMES,Radiant Care Homes Ltd.,11995.0,2,2026-07-15,2026-07-20,5,23990.0,11995.0,placement,Over500_2026_P04_-_published:3062;Over500_2026_P04_-_published:3090
THE UNICORN SCHOOL,The Unicorn School,11995.0,2,2026-05-11,2026-05-11,0,23990.0,11995.0,placement,Over500_2026_P02_-_published:2229;Over500_2026_P02_-_published:2232
THE ORPHEUS CENTRE,The Orpheus Centre,3964.36,4,2026-05-20,2026-05-20,0,15857.44,11893.08,placement,Over500_2026_P02_-_published:1745;Over500_2026_P02_-_published:1747;Over500_2026_P02_-_published:1750;Over500_2026_P02_-_published:1753
BUPA CARE SERVICES,BUPA Care Services,652.04,19,2026-07-01,2026-07-01,0,12388.76,11736.72,placement,Over500_2026_P04_-_published:1029;Over500_2026_P04_-_published:1030;Over500_2026_P04_-_published:1031;Over500_2026_P04_-_published:1051;Over500_2026_P04_-_published:1067;Over500_2026_P04_-_published:1068;Over500_2026_P04_-_published:1076;Over500_2026_P04_-_published:1077;Over500_2026_P04_-_published:1078;Over500_2026_P04_-_published:1079;Over500_2026_P04_-_published:1100;Over500_2026_P04_-_published:1132;Over500_2026_P04_-_published:1133;Over500_2026_P04_-_published:1151;Over500_2026_P04_-_published:1841;Over500_2026_P04_-_published:1889;Over500_2026_P04_-_published:1925;Over500_2026_P04_-_published:1944;Over500_2026_P04_-_published:2770
AFFINITY TRUST SUPPORT,Affinity Trust Support Ltd,11704.88,2,2026-06-24,2026-07-01,7,23409.76,11704.88,placement,Over500_2026_P03_-_published:1693;Over500_2026_P04_-_published:2343
BUPA CARE SERVICES,BUPA Care Services,5817.0,3,2026-06-10,2026-06-10,0,17451.0,11634.0,placement,Over500_2026_P03_-_published:1329;Over500_2026_P03_-_published:1413;Over500_2026_P03_-_published:2701
BUPA CARE SERVICES,BUPA Care Services,5817.0,3,2026-07-08,2026-07-08,0,17451.0,11634.0,placement,Over500_2026_P04_-_published:1088;Over500_2026_P04_-_published:1894;Over500_2026_P04_-_published:1948
GCH ALDER TA HUNGERFORD CARE HOME,GCH (Alder) Ltd t/a Hungerford Care Home,5600.0,3,2026-07-15,2026-07-15,0,16800.0,11200.0,placement,Over500_2026_P04_-_published:1049;Over500_2026_P04_-_published:1974;Over500_2026_P04_-_published:1996
KB REAL ESTATE MANAGEMENT,KB Real Estate Management Ltd,1395.0,9,2026-06-10,2026-06-16,6,12555.0,11160.0,premises,Over500_2026_P03_-_published:107;Over500_2026_P03_-_published:122;Over500_2026_P03_-_published:123;Over500_2026_P03_-_published:124;Over500_2026_P03_-_published:296;Over500_2026_P03_-_published:90;Over500_2026_P03_-_published:91;Over500_2026_P03_-_published:111;Over500_2026_P03_-_published:300
BRIGHTER LIVING CARE,Brighter Living Care Ltd,11050.36,2,2026-07-29,2026-07-29,0,22100.72,11050.36,placement,Over500_2026_P04_-_published:2631;Over500_2026_P04_-_published:3360
PURESOUL CARE,PureSoul Care Ltd,2739.28,5,2026-06-24,2026-07-15,7,13696.4,10957.12,placement,Over500_2026_P03_-_published:2791;Over500_2026_P04_-_published:1174;Over500_2026_P04_-_published:1367;Over500_2026_P04_-_published:2052;Over500_2026_P04_-_published:1474
BUPA CARE SERVICES,BUPA Care Services,5441.43,3,2026-05-13,2026-05-13,0,16324.29,10882.86,placement,Over500_2026_P02_-_published:1041;Over500_2026_P02_-_published:1044;Over500_2026_P02_-_published:1533
KB REAL ESTATE MANAGEMENT,KB Real Estate Management Ltd,1350.0,9,2026-05-19,2026-05-22,1,12150.0,10800.0,premises,Over500_2026_P02_-_published:117;Over500_2026_P02_-_published:118;Over500_2026_P02_-_published:119;Over500_2026_P02_-_published:120;Over500_2026_P02_-_published:121;Over500_2026_P02_-_published:126;Over500_2026_P02_-_published:127;Over500_2026_P02_-_published:130;Over500_2026_P02_-_published:139
BROADWAY CARS,BROADWAY CARS,5330.0,3,2026-07-13,2026-07-13,0,15990.0,10660.0,general_procurement,Over500_2026_P04_-_published:259;Over500_2026_P04_-_published:264;Over500_2026_P04_-_published:474
BUPA CARE SERVICES,BUPA Care Services,5314.58,3,2026-05-20,2026-05-20,0,15943.74,10629.16,placement,Over500_2026_P02_-_published:1025;Over500_2026_P02_-_published:1026;Over500_2026_P02_-_published:1967
BUPA CARE SERVICES,BUPA Care Services,5314.58,3,2026-06-03,2026-06-03,0,15943.74,10629.16,placement,Over500_2026_P03_-_published:892;Over500_2026_P03_-_published:918;Over500_2026_P03_-_published:939
IV CARE TA GOOD OAKS HOME CARE READING,I.V Care Limited t/a Good Oaks Home Care (Reading),5304.0,3,2026-06-24,2026-07-01,7,15912.0,10608.0,placement,Over500_2026_P03_-_published:1392;Over500_2026_P03_-_published:1432;Over500_2026_P04_-_published:1980
WEST BERKSHIRE MENCAP,WEST BERKSHIRE MENCAP,10458.8,2,2026-07-15,2026-07-15,0,20917.6,10458.8,grant,Over500_2026_P04_-_published:1418;Over500_2026_P04_-_published:810
AFFINITY TRUST SUPPORT,Affinity Trust Support Ltd,10252.0,2,2026-06-24,2026-07-01,7,20504.0,10252.0,placement,Over500_2026_P03_-_published:1695;Over500_2026_P04_-_published:2982
BRIGHTER LIVING CARE,Brighter Living Care Ltd,10199.56,2,2026-07-01,2026-07-01,0,20399.12,10199.56,placement,Over500_2026_P04_-_published:2260;Over500_2026_P04_-_published:2335
ABI SUPPORT,Abi-support Ltd,4968.0,3,2026-06-10,2026-06-10,0,14904.0,9936.0,placement,Over500_2026_P03_-_published:1083;Over500_2026_P03_-_published:1385;Over500_2026_P03_-_published:2868
ABI SUPPORT,Abi-support Ltd,4956.0,3,2026-05-13,2026-05-13,0,14868.0,9912.0,placement,Over500_2026_P02_-_published:1209;Over500_2026_P02_-_published:1597;Over500_2026_P02_-_published:1599
AFFINITY TRUST SUPPORT,Affinity Trust Support Ltd,3212.0,4,2026-06-24,2026-07-08,7,12848.0,9636.0,placement,Over500_2026_P03_-_published:1700;Over500_2026_P04_-_published:2974;Over500_2026_P04_-_published:972;Over500_2026_P04_-_published:993
PURESOUL CARE,PureSoul Care Ltd,1366.31,8,2026-05-20,2026-05-27,5,10930.48,9564.17,placement,Over500_2026_P02_-_published:1257;Over500_2026_P02_-_published:1275;Over500_2026_P02_-_published:1279;Over500_2026_P02_-_published:1280;Over500_2026_P02_-_published:1282;Over500_2026_P02_-_published:1610;Over500_2026_P02_-_published:909;Over500_2026_P02_-_published:1442
DIMENSIONS NSO,DIMENSIONS (NSO) LTD,9452.48,2,2026-07-15,2026-07-22,7,18904.96,9452.48,placement,Over500_2026_P04_-_published:2427;Over500_2026_P04_-_published:2505
KB REAL ESTATE MANAGEMENT,KB Real Estate Management Ltd,1350.0,8,2026-07-22,2026-07-23,1,10800.0,9450.0,premises,Over500_2026_P04_-_published:111;Over500_2026_P04_-_published:119;Over500_2026_P04_-_published:391;Over500_2026_P04_-_published:95;Over500_2026_P04_-_published:97;Over500_2026_P04_-_published:100;Over500_2026_P04_-_published:121;Over500_2026_P04_-_published:393
AMS CARE WILTSHIRE,AMS Care Wiltshire Ltd,4713.24,3,2026-06-10,2026-06-10,0,14139.72,9426.48,placement,Over500_2026_P03_-_published:1331;Over500_2026_P03_-_published:851;Over500_2026_P03_-_published:924
AMS CARE WILTSHIRE,AMS Care Wiltshire Ltd,4713.24,3,2026-07-08,2026-07-08,0,14139.72,9426.48,placement,Over500_2026_P04_-_published:1093;Over500_2026_P04_-_published:1932;Over500_2026_P04_-_published:888
DIMENSIONS NSO,DIMENSIONS (NSO) LTD,4695.68,3,2026-07-15,2026-07-22,7,14087.04,9391.36,placement,Over500_2026_P04_-_published:2396;Over500_2026_P04_-_published:2408;Over500_2026_P04_-_published:3048
DIMENSIONS NSO,DIMENSIONS (NSO) LTD,9345.28,2,2026-05-13,2026-05-13,0,18690.56,9345.28,placement,Over500_2026_P02_-_published:1845;Over500_2026_P02_-_published:1847
DIMENSIONS NSO,DIMENSIONS (NSO) LTD,9345.28,2,2026-06-10,2026-06-10,0,18690.56,9345.28,placement,Over500_2026_P03_-_published:1737;Over500_2026_P03_-_published:1738
DIMENSIONS NSO,DIMENSIONS (NSO) LTD,9345.28,2,2026-07-08,2026-07-08,0,18690.56,9345.28,placement,Over500_2026_P04_-_published:3576;Over500_2026_P04_-_published:3577
KB REAL ESTATE MANAGEMENT,KB Real Estate Management Ltd,1860.0,6,2026-06-16,2026-06-17,1,11160.0,9300.0,premises,Over500_2026_P03_-_published:109;Over500_2026_P03_-_published:113;Over500_2026_P03_-_published:127;Over500_2026_P03_-_published:298;Over500_2026_P03_-_published:301;Over500_2026_P03_-_published:92
FIDELITY HEALTHCARE TA MARLBOROUGH LODGE CARE HOME,Fidelity Healthcare Ltd t/a Marlborough Lodge Care Home,4599.52,3,2026-06-10,2026-06-10,0,13798.56,9199.04,placement,Over500_2026_P03_-_published:1025;Over500_2026_P03_-_published:2852;Over500_2026_P03_-_published:984
FIDELITY HEALTHCARE TA MARLBOROUGH LODGE CARE HOME,Fidelity Healthcare Ltd t/a Marlborough Lodge Care Home,4599.52,3,2026-07-08,2026-07-08,0,13798.56,9199.04,placement,Over500_2026_P04_-_published:1143;Over500_2026_P04_-_published:1162;Over500_2026_P04_-_published:2011
FIDELITY HEALTHCARE TA MARLBOROUGH LODGE CARE HOME,Fidelity Healthcare Ltd t/a Marlborough Lodge Care Home,4588.41,3,2026-05-13,2026-05-13,0,13765.23,9176.82,placement,Over500_2026_P02_-_published:1058;Over500_2026_P02_-_published:1059;Over500_2026_P02_-_published:1551
ROADSIDE TECHNOLOGIES,Roadside Technologies Ltd,9103.64,2,2026-07-13,2026-07-13,0,18207.28,9103.64,general_procurement,Over500_2026_P04_-_published:601;Over500_2026_P04_-_published:740
PAVILLION PUBLISHING AND MEDIA,Pavillion Publishing and Media Ltd,9084.6,2,2026-05-13,2026-05-14,1,18169.2,9084.6,general_procurement,Over500_2026_P02_-_published:8;Over500_2026_P02_-_published:643
BRIGHTER LIVING CARE,Brighter Living Care Ltd,9074.8,2,2026-06-24,2026-07-01,7,18149.6,9074.8,placement,Over500_2026_P03_-_published:1684;Over500_2026_P04_-_published:2336
KB REAL ESTATE MANAGEMENT,KB Real Estate Management Ltd,1800.0,6,2026-05-21,2026-05-22,1,10800.0,9000.0,premises,Over500_2026_P02_-_published:125;Over500_2026_P02_-_published:129;Over500_2026_P02_-_published:134;Over500_2026_P02_-_published:135;Over500_2026_P02_-_published:136;Over500_2026_P02_-_published:140
KB REAL ESTATE MANAGEMENT,KB Real Estate Management Ltd,1800.0,6,2026-07-22,2026-07-23,1,10800.0,9000.0,premises,Over500_2026_P04_-_published:96;Over500_2026_P04_-_published:101;Over500_2026_P04_-_published:120;Over500_2026_P04_-_published:122;Over500_2026_P04_-_published:123;Over500_2026_P04_-_published:99
DIMENSIONS NSO,DIMENSIONS (NSO) LTD,8953.72,2,2026-07-22,2026-07-22,0,17907.44,8953.72,placement,Over500_2026_P04_-_published:2498;Over500_2026_P04_-_published:3049
WE ARE THE CARE COMPANY,We Are The Care Company Ltd,1434.52,7,2026-07-29,2026-07-29,0,10041.64,8607.12,placement,Over500_2026_P04_-_published:1647;Over500_2026_P04_-_published:1648;Over500_2026_P04_-_published:1671;Over500_2026_P04_-_published:1674;Over500_2026_P04_-_published:1687;Over500_2026_P04_-_published:1691;Over500_2026_P04_-_published:2371
ST GABRIELS SCHOOL,ST GABRIELS SCHOOL,8380.0,2,2026-07-15,2026-07-15,0,16760.0,8380.0,placement,Over500_2026_P04_-_published:3246;Over500_2026_P04_-_published:3247
THE NEWBURY COMMUNITY RESOURCE CENTRE,THE NEWBURY COMMUNITY RESOURCE CENTRE LTD,8333.33,2,2026-07-14,2026-07-14,0,16666.66,8333.33,grant,Over500_2026_P04_-_published:1273;Over500_2026_P04_-_published:773
AFFINITY TRUST SUPPORT,Affinity Trust Support Ltd,8118.0,2,2026-06-24,2026-07-01,7,16236.0,8118.0,placement,Over500_2026_P03_-_published:1689;Over500_2026_P04_-_published:2252
OAKLANDS SEN SCHOOL BERKSHIRE,Oaklands SEN School Berkshire Limited,8105.88,2,2026-06-17,2026-06-17,0,16211.76,8105.88,placement,Over500_2026_P03_-_published:2197;Over500_2026_P03_-_published:2318
CREATIVE SUPPORT,CREATIVE SUPPORT,8016.0,2,2026-07-29,2026-07-29,0,16032.0,8016.0,placement,Over500_2026_P04_-_published:2634;Over500_2026_P04_-_published:3635
PURLEY PARK TRUST,PURLEY PARK TRUST LTD,8012.44,2,2026-06-24,2026-07-01,7,16024.88,8012.44,placement,Over500_2026_P03_-_published:2953;Over500_2026_P04_-_published:2264
VALUED CARE SUPPORTED LIVING,Valued Care Supported Living,3995.52,3,2026-05-20,2026-05-20,0,11986.56,7991.04,placement,Over500_2026_P02_-_published:1929;Over500_2026_P02_-_published:1930;Over500_2026_P02_-_published:1931
AFFINITY TRUST SUPPORT,Affinity Trust Support Ltd,2640.0,4,2026-06-24,2026-07-01,7,10560.0,7920.0,placement,Over500_2026_P03_-_published:1640;Over500_2026_P03_-_published:1664;Over500_2026_P04_-_published:2270;Over500_2026_P04_-_published:2970
AFFINITY TRUST SUPPORT,Affinity Trust Support Ltd,3960.0,3,2026-07-29,2026-07-29,0,11880.0,7920.0,placement,Over500_2026_P04_-_published:2556;Over500_2026_P04_-_published:3465;Over500_2026_P04_-_published:3466
INCLUSION HAMPSHIRE INCLUSION COLLEGE,Inclusion Hampshire/Inclusion College,7833.34,2,2026-06-30,2026-06-30,0,15666.68,7833.34,placement,Over500_2026_P03_-_published:2330;Over500_2026_P03_-_published:3121
BRIGHTER LIVING CARE,Brighter Living Care Ltd,7828.24,2,2026-06-24,2026-07-01,7,15656.48,7828.24,placement,Over500_2026_P03_-_published:1904;Over500_2026_P04_-_published:2780
BROADWAY CARS,BROADWAY CARS,3900.0,3,2026-05-27,2026-05-27,0,11700.0,7800.0,general_procurement,Over500_2026_P02_-_published:412;Over500_2026_P02_-_published:416;Over500_2026_P02_-_published:418
NEXT STEP SERVICES,Next Step Services,1946.7,5,2026-05-27,2026-06-01,3,9733.5,7786.8,placement,Over500_2026_P02_-_published:2150;Over500_2026_P02_-_published:2153;Over500_2026_P02_-_published:2154;Over500_2026_P02_-_published:2156;Over500_2026_P03_-_published:2051
THINKEMPATHY,Thinkempathy,7755.8,2,2026-07-01,2026-07-08,7,15511.6,7755.8,placement,Over500_2026_P04_-_published:2223;Over500_2026_P04_-_published:2303
WE ARE THE CARE COMPANY,We Are The Care Company Ltd,2550.24,4,2026-06-10,2026-06-10,0,10200.96,7650.72,placement,Over500_2026_P03_-_published:1111;Over500_2026_P03_-_published:2745;Over500_2026_P03_-_published:2867;Over500_2026_P03_-_published:879
LIAISE LODDON,LIAISE LODDON LTD,7560.0,2,2026-06-24,2026-07-01,7,15120.0,7560.0,placement,Over500_2026_P03_-_published:1441;Over500_2026_P04_-_published:2823
BRIGHTER LIVING CARE,Brighter Living Care Ltd,7524.98,2,2026-06-24,2026-07-01,7,15049.96,7524.98,placement,Over500_2026_P03_-_published:1657;Over500_2026_P04_-_published:2266
BRIGHTER LIVING CARE,Brighter Living Care Ltd,7524.6,2,2026-06-24,2026-07-01,7,15049.2,7524.6,placement,Over500_2026_P03_-_published:1907;Over500_2026_P04_-_published:2781
BUPA CARE SERVICES,BUPA Care Services,7350.0,2,2026-06-10,2026-06-10,0,14700.0,7350.0,placement,Over500_2026_P03_-_published:1470;Over500_2026_P03_-_published:2890
BUPA CARE SERVICES,BUPA Care Services,7350.0,2,2026-07-08,2026-07-08,0,14700.0,7350.0,placement,Over500_2026_P04_-_published:1928;Over500_2026_P04_-_published:2178
BUPA CARE SERVICES,BUPA Care Services,7325.0,2,2026-05-13,2026-05-13,0,14650.0,7325.0,placement,Over500_2026_P02_-_published:1458;Over500_2026_P02_-_published:1630
TRANSPARENT CARE,Transparent Care Ltd,7297.4,2,2026-05-22,2026-05-22,0,14594.8,7297.4,placement,Over500_2026_P02_-_published:1800;Over500_2026_P02_-_published:1801
BROADWAY CARS,BROADWAY CARS,3640.0,3,2026-05-12,2026-05-13,1,10920.0,7280.0,general_procurement,Over500_2026_P02_-_published:369;Over500_2026_P02_-_published:372;Over500_2026_P02_-_published:395
HOUSING CARE 21,HOUSING CARE 21,3626.26,3,2026-05-13,2026-05-13,0,10878.78,7252.52,placement,Over500_2026_P02_-_published:1371;Over500_2026_P02_-_published:1373;Over500_2026_P02_-_published:1375
CREATIVE SUPPORT,CREATIVE SUPPORT,7240.24,2,2026-06-10,2026-06-10,0,14480.48,7240.24,placement,Over500_2026_P03_-_published:1765;Over500_2026_P03_-_published:2927
WE ARE THE CARE COMPANY,We Are The Care Company Ltd,1434.52,6,2026-06-10,2026-06-10,0,8607.12,7172.6,placement,Over500_2026_P03_-_published:1060;Over500_2026_P03_-_published:1107;Over500_2026_P03_-_published:1108;Over500_2026_P03_-_published:2693;Over500_2026_P03_-_published:2748;Over500_2026_P03_-_published:2749
VALUED CARE SUPPORTED LIVING,Valued Care Supported Living,3509.2,3,2026-05-20,2026-05-20,0,10527.6,7018.4,placement,Over500_2026_P02_-_published:1919;Over500_2026_P02_-_published:1924;Over500_2026_P02_-_published:1925
BROADMEAD RESTHOME,BROADMEAD RESTHOME LTD,7012.1,2,2026-05-13,2026-05-13,0,14024.2,7012.1,placement,Over500_2026_P02_-_published:1029;Over500_2026_P02_-_published:1452
ORMSBY LODGE,ORMSBY LODGE,6984.16,2,2026-06-10,2026-06-10,0,13968.32,6984.16,placement,Over500_2026_P03_-_published:1463;Over500_2026_P03_-_published:1570
ORMSBY LODGE,ORMSBY LODGE,6984.16,2,2026-07-08,2026-07-08,0,13968.32,6984.16,placement,Over500_2026_P04_-_published:2157;Over500_2026_P04_-_published:2825
ORMSBY LODGE,ORMSBY LODGE,6967.29,2,2026-05-13,2026-05-13,0,13934.58,6967.29,placement,Over500_2026_P02_-_published:1634;Over500_2026_P02_-_published:1635
AFFINITY TRUST SUPPORT,Affinity Trust Support Ltd,6952.0,2,2026-07-01,2026-07-01,0,13904.0,6952.0,placement,Over500_2026_P04_-_published:2259;Over500_2026_P04_-_published:2313
TOPLINE CARE SOLUTIONS,Topline Care Solutions Ltd,2274.24,4,2026-06-24,2026-07-15,7,9096.96,6822.72,placement,Over500_2026_P03_-_published:2989;Over500_2026_P04_-_published:3636;Over500_2026_P04_-_published:2746;Over500_2026_P04_-_published:2727
STEP BY STEP PARTNERSHIP,STEP BY STEP PARTNERSHIP LTD,969.68,8,2026-06-08,2026-06-09,1,7757.44,6787.76,placement,Over500_2026_P03_-_published:2108;Over500_2026_P03_-_published:3067;Over500_2026_P03_-_published:3071;Over500_2026_P03_-_published:1923;Over500_2026_P03_-_published:2109;Over500_2026_P03_-_published:2121;Over500_2026_P03_-_published:3072;Over500_2026_P03_-_published:3073
WEST BERKSHIRE MENCAP,WEST BERKSHIRE MENCAP,6750.68,2,2026-07-15,2026-07-15,0,13501.36,6750.68,grant,Over500_2026_P04_-_published:663;Over500_2026_P04_-_published:863
ISP CHILDCARE,ISP Childcare Ltd,6749.63,2,2026-05-27,2026-05-27,0,13499.26,6749.63,placement,Over500_2026_P02_-_published:2117;Over500_2026_P02_-_published:2118
ISP CHILDCARE,ISP Childcare Ltd,6749.63,2,2026-07-22,2026-07-22,0,13499.26,6749.63,placement,Over500_2026_P04_-_published:3103;Over500_2026_P04_-_published:3128
AFFINITY TRUST SUPPORT,Affinity Trust Support Ltd,3342.24,3,2026-06-24,2026-07-01,7,10026.72,6684.48,placement,Over500_2026_P03_-_published:2959;Over500_2026_P04_-_published:2222;Over500_2026_P04_-_published:2960
WE ARE THE CARE COMPANY,We Are The Care Company Ltd,1332.05,6,2026-05-06,2026-05-06,0,7992.3,6660.25,placement,Over500_2026_P02_-_published:1128;Over500_2026_P02_-_published:1148;Over500_2026_P02_-_published:1151;Over500_2026_P02_-_published:1155;Over500_2026_P02_-_published:1156;Over500_2026_P02_-_published:1159
WEST BERKSHIRE MENCAP,WEST BERKSHIRE MENCAP,6655.6,2,2026-07-15,2026-07-15,0,13311.2,6655.6,grant,Over500_2026_P04_-_published:811;Over500_2026_P04_-_published:868
CHILTERN WAY ACADEMY,CHILTERN WAY ACADEMY,2205.25,4,2026-06-30,2026-06-30,0,8821.0,6615.75,placement,Over500_2026_P03_-_published:2151;Over500_2026_P03_-_published:2221;Over500_2026_P03_-_published:2225;Over500_2026_P03_-_published:3096
AFFINITY TRUST SUPPORT,Affinity Trust Support Ltd,6600.0,2,2026-06-24,2026-07-01,7,13200.0,6600.0,placement,Over500_2026_P03_-_published:1667;Over500_2026_P04_-_published:2316
STEP BY STEP PARTNERSHIP,STEP BY STEP PARTNERSHIP LTD,938.4,8,2026-05-18,2026-05-20,1,7507.2,6568.8,placement,Over500_2026_P02_-_published:2125;Over500_2026_P02_-_published:2078;Over500_2026_P02_-_published:2126;Over500_2026_P02_-_published:2142;Over500_2026_P02_-_published:2127;Over500_2026_P02_-_published:2128;Over500_2026_P02_-_published:2147;Over500_2026_P02_-_published:2148
STEP BY STEP PARTNERSHIP,STEP BY STEP PARTNERSHIP LTD,938.4,8,2026-07-22,2026-07-23,1,7507.2,6568.8,placement,Over500_2026_P04_-_published:3205;Over500_2026_P04_-_published:3223;Over500_2026_P04_-_published:3224;Over500_2026_P04_-_published:3773;Over500_2026_P04_-_published:3115;Over500_2026_P04_-_published:3116;Over500_2026_P04_-_published:3774;Over500_2026_P04_-_published:3779
ISP CHILDCARE,ISP Childcare Ltd,6531.9,2,2026-06-25,2026-06-25,0,13063.8,6531.9,placement,Over500_2026_P03_-_published:2045;Over500_2026_P03_-_published:3060
AFFINITY TRUST SUPPORT,Affinity Trust Support Ltd,6490.88,2,2026-07-01,2026-07-01,0,12981.76,6490.88,placement,Over500_2026_P04_-_published:2227;Over500_2026_P04_-_published:2315
AFFINITY TRUST SUPPORT,Affinity Trust Support Ltd,3124.0,3,2026-06-24,2026-07-08,7,9372.0,6248.0,placement,Over500_2026_P03_-_published:2943;Over500_2026_P04_-_published:2972;Over500_2026_P04_-_published:2347
DOWNVIEW RESIDENTIAL HOME,DOWNVIEW RESIDENTIAL HOME LIMITED,6221.0,2,2026-05-13,2026-05-13,0,12442.0,6221.0,placement,Over500_2026_P02_-_published:1653;Over500_2026_P02_-_published:1655
VALUED CARE SUPPORTED LIVING,Valued Care Supported Living,3056.4,3,2026-05-20,2026-05-20,0,9169.2,6112.8,placement,Over500_2026_P02_-_published:1999;Over500_2026_P02_-_published:2000;Over500_2026_P02_-_published:2001
ILLUMINANCE FOSTERING SERVICE,ILLUMINANCE FOSTERING SERVICE,6089.33,2,2026-05-13,2026-05-13,0,12178.66,6089.33,placement,Over500_2026_P02_-_published:2061;Over500_2026_P02_-_published:2066
AFFINITY TRUST SUPPORT,Affinity Trust Support Ltd,2024.96,4,2026-06-24,2026-07-01,7,8099.84,6074.88,placement,Over500_2026_P03_-_published:1666;Over500_2026_P03_-_published:2957;Over500_2026_P04_-_published:2314;Over500_2026_P04_-_published:2341
RESPONSE ORGANISATION,RESPONSE ORGANISATION,1212.6,6,2026-05-01,2026-05-01,0,7275.6,6063.0,grant,Over500_2026_P02_-_published:844;Over500_2026_P02_-_published:845;Over500_2026_P02_-_published:846;Over500_2026_P02_-_published:847;Over500_2026_P02_-_published:848;Over500_2026_P02_-_published:849
MINSTEAD TRUST,MINSTEAD TRUST,5919.76,2,2026-07-29,2026-07-29,0,11839.52,5919.76,placement,Over500_2026_P04_-_published:2484;Over500_2026_P04_-_published:3359
BUPA CARE SERVICES,BUPA Care Services,5910.32,2,2026-06-10,2026-06-10,0,11820.64,5910.32,placement,Over500_2026_P03_-_published:1486;Over500_2026_P03_-_published:3023
BUPA CARE SERVICES,BUPA Care Services,5910.32,2,2026-07-08,2026-07-08,0,11820.64,5910.32,placement,Over500_2026_P04_-_published:1963;Over500_2026_P04_-_published:3704
U KIDS CHILDCARE,U KIDS CHILDCARE LIMITED,5905.44,2,2026-07-14,2026-07-14,0,11810.88,5905.44,grant,Over500_2026_P04_-_published:1268;Over500_2026_P04_-_published:582
ILLUMINANCE FOSTERING SERVICE,ILLUMINANCE FOSTERING SERVICE,5892.9,2,2026-05-13,2026-05-13,0,11785.8,5892.9,placement,Over500_2026_P02_-_published:2060;Over500_2026_P02_-_published:2065
ILLUMINANCE FOSTERING SERVICE,ILLUMINANCE FOSTERING SERVICE,5892.9,2,2026-07-29,2026-07-29,0,11785.8,5892.9,placement,Over500_2026_P04_-_published:3130;Over500_2026_P04_-_published:3763
BUPA CARE SERVICES,BUPA Care Services,5890.21,2,2026-05-13,2026-05-13,0,11780.42,5890.21,placement,Over500_2026_P02_-_published:1530;Over500_2026_P02_-_published:1976
AFFINITY TRUST SUPPORT,Affinity Trust Support Ltd,5814.16,2,2026-06-24,2026-07-01,7,11628.32,5814.16,placement,Over500_2026_P03_-_published:1832;Over500_2026_P04_-_published:2765
BUPA CARE SERVICES,BUPA Care Services,5812.88,2,2026-06-10,2026-06-10,0,11625.76,5812.88,placement,Over500_2026_P03_-_published:1312;Over500_2026_P03_-_published:1372
BUPA CARE SERVICES,BUPA Care Services,5812.88,2,2026-07-08,2026-07-08,0,11625.76,5812.88,placement,Over500_2026_P04_-_published:1881;Over500_2026_P04_-_published:1891
BUPA CARE SERVICES,BUPA Care Services,5797.21,2,2026-05-13,2026-05-13,0,11594.42,5797.21,placement,Over500_2026_P02_-_published:1463;Over500_2026_P02_-_published:1534
MILKWOOD CARE APPLEWOOD CARE HOME,Milkwood Care Ltd - Applewood Care Home,5796.0,2,2026-06-10,2026-06-10,0,11592.0,5796.0,placement,Over500_2026_P03_-_published:1353;Over500_2026_P03_-_published:1421
BUPA CARE SERVICES,BUPA Care Services,5793.1,2,2026-05-13,2026-05-13,0,11586.2,5793.1,placement,Over500_2026_P02_-_published:1444;Over500_2026_P02_-_published:1469
MILKWOOD CARE APPLEWOOD CARE HOME,Milkwood Care Ltd - Applewood Care Home,5782.0,2,2026-05-13,2026-05-13,0,11564.0,5782.0,placement,Over500_2026_P02_-_published:1562;Over500_2026_P02_-_published:1563
ENIRO CARE,Eniro Care Ltd,2869.04,3,2026-07-08,2026-07-08,0,8607.12,5738.08,placement,Over500_2026_P04_-_published:1444;Over500_2026_P04_-_published:925;Over500_2026_P04_-_published:930
IV CARE TA GOOD OAKS HOME CARE READING,I.V Care Limited t/a Good Oaks Home Care (Reading),2869.04,3,2026-06-24,2026-07-01,7,8607.12,5738.08,placement,Over500_2026_P03_-_published:2785;Over500_2026_P04_-_published:1206;Over500_2026_P04_-_published:918
BUPA CARE SERVICES,BUPA Care Services,5630.56,2,2026-06-10,2026-06-10,0,11261.12,5630.56,placement,Over500_2026_P03_-_published:1371;Over500_2026_P03_-_published:2832
BUPA CARE SERVICES,BUPA Care Services,5630.56,2,2026-07-08,2026-07-08,0,11261.12,5630.56,placement,Over500_2026_P04_-_published:1929;Over500_2026_P04_-_published:2656
BUPA CARE SERVICES,BUPA Care Services,5611.41,2,2026-05-13,2026-05-13,0,11222.82,5611.41,placement,Over500_2026_P02_-_published:1443;Over500_2026_P02_-_published:1468
AFFINITY TRUST SUPPORT,Affinity Trust Support Ltd,2772.0,3,2026-06-24,2026-07-08,7,8316.0,5544.0,placement,Over500_2026_P03_-_published:1641;Over500_2026_P04_-_published:2339;Over500_2026_P04_-_published:2986
PURLEY PARK TRUST,PURLEY PARK TRUST LTD,5517.84,2,2026-06-10,2026-06-10,0,11035.68,5517.84,grant,Over500_2026_P03_-_published:2670;Over500_2026_P03_-_published:752
PURLEY PARK TRUST,PURLEY PARK TRUST LTD,5517.84,2,2026-07-08,2026-07-08,0,11035.68,5517.84,grant,Over500_2026_P04_-_published:1405;Over500_2026_P04_-_published:805
PURLEY PARK TRUST,PURLEY PARK TRUST LTD,5504.51,2,2026-05-13,2026-05-13,0,11009.02,5504.51,grant,Over500_2026_P02_-_published:774;Over500_2026_P02_-_published:775
ISP CHILDCARE,ISP Childcare Ltd,5488.86,2,2026-05-27,2026-05-27,0,10977.72,5488.86,placement,Over500_2026_P02_-_published:2115;Over500_2026_P02_-_published:2116
ISP CHILDCARE,ISP Childcare Ltd,5488.86,2,2026-07-22,2026-07-22,0,10977.72,5488.86,placement,Over500_2026_P04_-_published:3126;Over500_2026_P04_-_published:3761
BUPA CARE SERVICES,BUPA Care Services,5460.0,2,2026-07-08,2026-07-08,0,10920.0,5460.0,placement,Over500_2026_P04_-_published:1949;Over500_2026_P04_-_published:3699
GCH ALDER TA HUNGERFORD CARE HOME,GCH (Alder) Ltd t/a Hungerford Care Home,5454.0,2,2026-05-20,2026-05-20,0,10908.0,5454.0,placement,Over500_2026_P02_-_published:1012;Over500_2026_P02_-_published:1068
GCH ALDER TA HUNGERFORD CARE HOME,GCH (Alder) Ltd t/a Hungerford Care Home,5454.0,2,2026-06-17,2026-06-17,0,10908.0,5454.0,placement,Over500_2026_P03_-_published:1013;Over500_2026_P03_-_published:964
GCH ALDER TA HUNGERFORD CARE HOME,GCH (Alder) Ltd t/a Hungerford Care Home,5454.0,2,2026-07-15,2026-07-15,0,10908.0,5454.0,placement,Over500_2026_P04_-_published:1241;Over500_2026_P04_-_published:1839
APEX PRIME CARE,Apex Prime Care Ltd,2719.2,3,2026-05-22,2026-05-22,0,8157.6,5438.4,placement,Over500_2026_P02_-_published:1316;Over500_2026_P02_-_published:1317;Over500_2026_P02_-_published:1319
SEISMIC SEWAGE SYSTEMS,SEISMIC SEWAGE SYSTEMS LTD,5360.0,2,2026-06-18,2026-06-18,0,10720.0,5360.0,general_procurement,Over500_2026_P03_-_published:2134;Over500_2026_P03_-_published:2141
WEST BERKSHIRE MENCAP,WEST BERKSHIRE MENCAP,5324.48,2,2026-07-15,2026-07-15,0,10648.96,5324.48,grant,Over500_2026_P04_-_published:659;Over500_2026_P04_-_published:866
ISP CHILDCARE,ISP Childcare Ltd,5311.8,2,2026-06-25,2026-06-25,0,10623.6,5311.8,placement,Over500_2026_P03_-_published:2022;Over500_2026_P03_-_published:2023
FOUR CORNERS CARE,Four Corners Care Ltd.,5310.0,2,2026-07-02,2026-07-06,4,10620.0,5310.0,placement,Over500_2026_P04_-_published:3076;Over500_2026_P04_-_published:3056
ABI SUPPORT,Abi-support Ltd,5302.08,2,2026-07-01,2026-07-08,7,10604.16,5302.08,placement,Over500_2026_P04_-_published:2025;Over500_2026_P04_-_published:1989
IV CARE TA GOOD OAKS HOME CARE READING,I.V Care Limited t/a Good Oaks Home Care (Reading),5291.04,2,2026-05-06,2026-05-13,7,10582.08,5291.04,placement,Over500_2026_P02_-_published:1582;Over500_2026_P02_-_published:1591
AFFINITY TRUST SUPPORT,Affinity Trust Support Ltd,1760.0,4,2026-06-24,2026-07-01,7,7040.0,5280.0,placement,Over500_2026_P03_-_published:1663;Over500_2026_P03_-_published:1696;Over500_2026_P04_-_published:2295;Over500_2026_P04_-_published:2337
DIMENSIONS NSO,DIMENSIONS (NSO) LTD,5262.4,2,2026-07-15,2026-07-22,7,10524.8,5262.4,placement,Over500_2026_P04_-_published:3032;Over500_2026_P04_-_published:2469
ABI SUPPORT,Abi-support Ltd,5175.36,2,2026-06-17,2026-06-17,0,10350.72,5175.36,placement,Over500_2026_P03_-_published:1556;Over500_2026_P03_-_published:2876
ABI SUPPORT,Abi-support Ltd,5175.36,2,2026-07-08,2026-07-08,0,10350.72,5175.36,placement,Over500_2026_P04_-_published:2805;Over500_2026_P04_-_published:2806
WE ARE THE CARE COMPANY,We Are The Care Company Ltd,5175.36,2,2026-06-10,2026-06-10,0,10350.72,5175.36,placement,Over500_2026_P03_-_published:838;Over500_2026_P03_-_published:858
WE ARE THE CARE COMPANY,We Are The Care Company Ltd,5175.36,2,2026-07-08,2026-07-08,0,10350.72,5175.36,placement,Over500_2026_P04_-_published:896;Over500_2026_P04_-_published:921
WE ARE THE CARE COMPANY,We Are The Care Company Ltd,5175.36,2,2026-07-29,2026-07-29,0,10350.72,5175.36,placement,Over500_2026_P04_-_published:956;Over500_2026_P04_-_published:957
ABI SUPPORT,Abi-support Ltd,5162.88,2,2026-05-13,2026-05-13,0,10325.76,5162.88,placement,Over500_2026_P02_-_published:1600;Over500_2026_P02_-_published:1601
PURLEY PARK TRUST,PURLEY PARK TRUST LTD,5157.2,2,2026-07-01,2026-07-01,0,10314.4,5157.2,placement,Over500_2026_P04_-_published:2245;Over500_2026_P04_-_published:2964
WE ARE THE CARE COMPANY,We Are The Care Company Ltd,2550.24,3,2026-07-29,2026-07-29,0,7650.72,5100.48,placement,Over500_2026_P04_-_published:1645;Over500_2026_P04_-_published:2065;Over500_2026_P04_-_published:2373
DIMENSIONS NSO,DIMENSIONS (NSO) LTD,5085.6,2,2026-07-15,2026-07-15,0,10171.2,5085.6,placement,Over500_2026_P04_-_published:2393;Over500_2026_P04_-_published:2394
BUCKINGHAMSHIRE COLLEGE GROUP IS A TRADING NAME OF AYLESBURY COLLEGE,Buckinghamshire College Group is a trading name of Aylesbury College,5082.5,2,2026-07-02,2026-07-02,0,10165.0,5082.5,placement,Over500_2026_P04_-_published:3251;Over500_2026_P04_-_published:3285
CANARY CARE SERVICES,Canary Care Services Ltd,5067.84,2,2026-06-24,2026-06-24,0,10135.68,5067.84,placement,Over500_2026_P03_-_published:1155;Over500_2026_P03_-_published:1182
CANARY CARE SERVICES,Canary Care Services Ltd,5067.84,2,2026-07-15,2026-07-15,0,10135.68,5067.84,placement,Over500_2026_P04_-_published:1456;Over500_2026_P04_-_published:2084
AFFINITY TRUST SUPPORT,Affinity Trust Support Ltd,1012.76,6,2026-07-01,2026-07-08,7,6076.56,5063.8,placement,Over500_2026_P04_-_published:2267;Over500_2026_P04_-_published:2338;Over500_2026_P04_-_published:2300;Over500_2026_P04_-_published:2321;Over500_2026_P04_-_published:2334;Over500_2026_P04_-_published:2391
CONNICK TREE CARE,CONNICK TREE CARE,1009.4,6,2026-05-11,2026-06-10,7,6056.4,5047.0,premises,Over500_2026_P02_-_published:187;Over500_2026_P02_-_published:188;Over500_2026_P02_-_published:191;Over500_2026_P02_-_published:197;Over500_2026_P03_-_published:144;Over500_2026_P03_-_published:141
PURLEY PARK TRUST,PURLEY PARK TRUST LTD,4983.08,2,2026-06-24,2026-07-01,7,9966.16,4983.08,placement,Over500_2026_P03_-_published:1658;Over500_2026_P04_-_published:2965
CANARY CARE SERVICES,Canary Care Services Ltd,4948.8,2,2026-06-17,2026-06-24,7,9897.6,4948.8,placement,Over500_2026_P03_-_published:1173;Over500_2026_P03_-_published:1235
CANARY CARE SERVICES,Canary Care Services Ltd,4948.8,2,2026-07-15,2026-07-15,0,9897.6,4948.8,placement,Over500_2026_P04_-_published:1349;Over500_2026_P04_-_published:1350
BRIGHTER LIVING CARE,Brighter Living Care Ltd,4948.08,2,2026-06-24,2026-07-01,7,9896.16,4948.08,placement,Over500_2026_P03_-_published:1683;Over500_2026_P04_-_published:2966
AFFINITY TRUST SUPPORT,Affinity Trust Support Ltd,4936.8,2,2026-06-24,2026-07-01,7,9873.6,4936.8,placement,Over500_2026_P03_-_published:1703;Over500_2026_P04_-_published:2269
LOCAL GOVERNMENT PROPERTY CONSULTANTS LGPC,LOCAL GOVERNMENT PROPERTY CONSULTANTS (LGPC),4925.0,2,2026-06-25,2026-06-25,0,9850.0,4925.0,general_procurement,Over500_2026_P03_-_published:459;Over500_2026_P03_-_published:467
PURESOUL CARE,PureSoul Care Ltd,608.72,9,2026-06-17,2026-06-17,0,5478.48,4869.76,placement,Over500_2026_P03_-_published:1144;Over500_2026_P03_-_published:1148;Over500_2026_P03_-_published:1176;Over500_2026_P03_-_published:1179;Over500_2026_P03_-_published:2775;Over500_2026_P03_-_published:2776;Over500_2026_P03_-_published:2808;Over500_2026_P03_-_published:3026;Over500_2026_P03_-_published:862
PURESOUL CARE,PureSoul Care Ltd,608.72,9,2026-07-08,2026-07-15,7,5478.48,4869.76,placement,Over500_2026_P04_-_published:1320;Over500_2026_P04_-_published:1368;Over500_2026_P04_-_published:1399;Over500_2026_P04_-_published:1471;Over500_2026_P04_-_published:1473;Over500_2026_P04_-_published:1479;Over500_2026_P04_-_published:1571;Over500_2026_P04_-_published:2090;Over500_2026_P04_-_published:2917
PURESOUL CARE,PureSoul Care Ltd,607.24,9,2026-05-20,2026-05-20,0,5465.16,4857.92,placement,Over500_2026_P02_-_published:1261;Over500_2026_P02_-_published:1268;Over500_2026_P02_-_published:1271;Over500_2026_P02_-_published:1274;Over500_2026_P02_-_published:1277;Over500_2026_P02_-_published:1281;Over500_2026_P02_-_published:1995;Over500_2026_P02_-_published:1996;Over500_2026_P02_-_published:902
DIMENSIONS NSO,DIMENSIONS (NSO) LTD,4857.6,2,2026-07-15,2026-07-22,7,9715.2,4857.6,placement,Over500_2026_P04_-_published:2409;Over500_2026_P04_-_published:2471
BUPA CARE SERVICES,BUPA Care Services,4809.44,2,2026-06-10,2026-06-10,0,9618.88,4809.44,placement,Over500_2026_P03_-_published:871;Over500_2026_P03_-_published:981
BUPA CARE SERVICES,BUPA Care Services,4809.44,2,2026-07-08,2026-07-08,0,9618.88,4809.44,placement,Over500_2026_P04_-_published:1153;Over500_2026_P04_-_published:1563
BUPA CARE SERVICES,BUPA Care Services,4793.08,2,2026-05-13,2026-05-13,0,9586.16,4793.08,placement,Over500_2026_P02_-_published:1045;Over500_2026_P02_-_published:872
MCNAHA,Mcnaha Limited,4680.44,2,2026-05-28,2026-06-03,6,9360.88,4680.44,placement,Over500_2026_P02_-_published:2087;Over500_2026_P03_-_published:1996
SM VOICE ADVOCACY,SM Voice Advocacy Limited,4666.2,2,2026-05-01,2026-05-01,0,9332.4,4666.2,placement,Over500_2026_P02_-_published:1703;Over500_2026_P02_-_published:1710
AFFINITY TRUST SUPPORT,Affinity Trust Support Ltd,4664.88,2,2026-06-24,2026-07-01,7,9329.76,4664.88,placement,Over500_2026_P03_-_published:1771;Over500_2026_P04_-_published:2742
GP HOMECARE TA RADIS COMM CARE,GP HOMECARE LTD/TA RADIS COMM CARE,4585.92,2,2026-07-08,2026-07-08,0,9171.84,4585.92,placement,Over500_2026_P04_-_published:893;Over500_2026_P04_-_published:894
AFFINITY TRUST SUPPORT,Affinity Trust Support Ltd,4585.68,2,2026-07-29,2026-07-29,0,9171.36,4585.68,placement,Over500_2026_P04_-_published:2514;Over500_2026_P04_-_published:3464
WE ARE THE CARE COMPANY,We Are The Care Company Ltd,1499.4,4,2026-07-22,2026-07-29,7,5997.6,4498.2,placement,Over500_2026_P04_-_published:1588;Over500_2026_P04_-_published:1609;Over500_2026_P04_-_published:1681;Over500_2026_P04_-_published:1683
BUPA CARE SERVICES,BUPA Care Services,4471.52,2,2026-06-10,2026-06-10,0,8943.04,4471.52,placement,Over500_2026_P03_-_published:904;Over500_2026_P03_-_published:947
BUPA CARE SERVICES,BUPA Care Services,4471.52,2,2026-07-08,2026-07-08,0,8943.04,4471.52,placement,Over500_2026_P04_-_published:1035;Over500_2026_P04_-_published:1070
ENIRO CARE,Eniro Care Ltd,4462.96,2,2026-07-29,2026-07-29,0,8925.92,4462.96,placement,Over500_2026_P04_-_published:1630;Over500_2026_P04_-_published:1728
NOUBLES HEALTHCARE,Noubles Healthcare Ltd,2231.44,3,2026-06-10,2026-06-10,0,6694.32,4462.88,placement,Over500_2026_P03_-_published:1053;Over500_2026_P03_-_published:1101;Over500_2026_P03_-_published:1964
NOUBLES HEALTHCARE,Noubles Healthcare Ltd,2231.44,3,2026-07-08,2026-07-08,0,6694.32,4462.88,placement,Over500_2026_P04_-_published:1257;Over500_2026_P04_-_published:1354;Over500_2026_P04_-_published:3710
NOUBLES HEALTHCARE,Noubles Healthcare Ltd,2231.44,3,2026-07-29,2026-07-29,0,6694.32,4462.88,placement,Over500_2026_P04_-_published:1632;Over500_2026_P04_-_published:2284;Over500_2026_P04_-_published:3713
WE ARE THE CARE COMPANY,We Are The Care Company Ltd,2231.44,3,2026-07-15,2026-07-17,2,6694.32,4462.88,placement,Over500_2026_P04_-_published:2704;Over500_2026_P04_-_published:2737;Over500_2026_P04_-_published:1542
BUPA CARE SERVICES,BUPA Care Services,4456.32,2,2026-05-13,2026-05-13,0,8912.64,4456.32,placement,Over500_2026_P02_-_published:967;Over500_2026_P02_-_published:968
NOUBLES HEALTHCARE,Noubles Healthcare Ltd,2226.06,3,2026-05-20,2026-05-20,0,6678.18,4452.12,placement,Over500_2026_P02_-_published:1224;Over500_2026_P02_-_published:1227;Over500_2026_P02_-_published:1994
POTENSIAL,Potensial Limited,4437.44,2,2026-07-08,2026-07-15,7,8874.88,4437.44,placement,Over500_2026_P04_-_published:2829;Over500_2026_P04_-_published:2425
POTENSIAL,Potensial Limited,4426.72,2,2026-05-20,2026-05-20,0,8853.44,4426.72,placement,Over500_2026_P02_-_published:1770;Over500_2026_P02_-_published:1937
ADDRESS ENTERPRISE,Address Enterprise Ltd,1472.96,4,2026-07-29,2026-07-29,0,5891.84,4418.88,placement,Over500_2026_P04_-_published:1654;Over500_2026_P04_-_published:1695;Over500_2026_P04_-_published:1725;Over500_2026_P04_-_published:2384
AFFINITY TRUST SUPPORT,Affinity Trust Support Ltd,4405.28,2,2026-06-24,2026-07-01,7,8810.56,4405.28,placement,Over500_2026_P03_-_published:1643;Over500_2026_P04_-_published:2272
TOPLINE CARE SOLUTIONS,Topline Care Solutions Ltd,4400.64,2,2026-07-29,2026-07-29,0,8801.28,4400.64,placement,Over500_2026_P04_-_published:1602;Over500_2026_P04_-_published:1660
THE NATIONAL FOSTERING AGENCY,The National Fostering Agency Ltd,4385.57,2,2026-06-04,2026-06-09,5,8771.14,4385.57,placement,Over500_2026_P03_-_published:2018;Over500_2026_P03_-_published:2039
BRIGHTER LIVING CARE,Brighter Living Care Ltd,4371.24,2,2026-06-24,2026-07-01,7,8742.48,4371.24,placement,Over500_2026_P03_-_published:1951;Over500_2026_P04_-_published:2755
BRITISH TELECOM,BRITISH TELECOM,4364.06,2,2026-06-17,2026-06-17,0,8728.12,4364.06,general_procurement,Over500_2026_P03_-_published:427;Over500_2026_P03_-_published:431
TOPLINE CARE SOLUTIONS,Topline Care Solutions Ltd,4347.84,2,2026-06-24,2026-06-24,0,8695.68,4347.84,placement,Over500_2026_P03_-_published:1248;Over500_2026_P03_-_published:2804
TOPLINE CARE SOLUTIONS,Topline Care Solutions Ltd,4347.84,2,2026-07-08,2026-07-08,0,8695.68,4347.84,placement,Over500_2026_P04_-_published:1233;Over500_2026_P04_-_published:1318
TOPLINE CARE SOLUTIONS,Topline Care Solutions Ltd,4347.84,2,2026-07-29,2026-07-29,0,8695.68,4347.84,placement,Over500_2026_P04_-_published:1623;Over500_2026_P04_-_published:1663
TOPLINE CARE SOLUTIONS,Topline Care Solutions Ltd,4337.28,2,2026-05-13,2026-05-13,0,8674.56,4337.28,placement,Over500_2026_P02_-_published:1192;Over500_2026_P02_-_published:1194
ENIRO CARE,Eniro Care Ltd,1434.52,4,2026-07-29,2026-07-29,0,5738.08,4303.56,placement,Over500_2026_P04_-_published:1550;Over500_2026_P04_-_published:1657;Over500_2026_P04_-_published:2283;Over500_2026_P04_-_published:2387
YOUR SERENITY,Your Serenity Ltd,1434.52,4,2026-07-01,2026-07-08,7,5738.08,4303.56,placement,Over500_2026_P04_-_published:1167;Over500_2026_P04_-_published:2916;Over500_2026_P04_-_published:1254;Over500_2026_P04_-_published:3711
POTENSIAL,Potensial Limited,4287.36,2,2026-07-29,2026-07-29,0,8574.72,4287.36,placement,Over500_2026_P04_-_published:2510;Over500_2026_P04_-_published:2844
THE NATIONAL FOSTERING AGENCY,The National Fostering Agency Ltd,4244.1,2,2026-07-14,2026-07-14,0,8488.2,4244.1,placement,Over500_2026_P04_-_published:3099;Over500_2026_P04_-_published:3100
REDDY CARE,Reddy Care Ltd,4237.96,2,2026-07-15,2026-07-22,7,8475.92,4237.96,placement,Over500_2026_P04_-_published:2421;Over500_2026_P04_-_published:2503
COMFORT HARMONY CARE,Comfort Harmony Care Ltd,4141.44,2,2026-06-17,2026-06-24,7,8282.88,4141.44,placement,Over500_2026_P03_-_published:2873;Over500_2026_P03_-_published:1391
COMFORT HARMONY CARE,Comfort Harmony Care Ltd,4141.44,2,2026-07-08,2026-07-08,0,8282.88,4141.44,placement,Over500_2026_P04_-_published:2018;Over500_2026_P04_-_published:2802
COMFORT HARMONY CARE,Comfort Harmony Care Ltd,4141.44,2,2026-07-29,2026-07-29,0,8282.88,4141.44,placement,Over500_2026_P04_-_published:2099;Over500_2026_P04_-_published:2117
COMFORT HARMONY CARE,Comfort Harmony Care Ltd,4131.36,2,2026-06-17,2026-06-17,0,8262.72,4131.36,placement,Over500_2026_P03_-_published:2871;Over500_2026_P03_-_published:2872
YOUNG PEOPLE AND CHILDREN FIRST,YOUNG PEOPLE & CHILDREN FIRST,4097.6,2,2026-06-09,2026-06-09,0,8195.2,4097.6,placement,Over500_2026_P03_-_published:1998;Over500_2026_P03_-_published:3036
FIDELITY HEALTHCARE TA MARLBOROUGH LODGE CARE HOME,Fidelity Healthcare Ltd t/a Marlborough Lodge Care Home,4079.6,2,2026-06-10,2026-06-10,0,8159.2,4079.6,placement,Over500_2026_P03_-_published:1418;Over500_2026_P03_-_published:1491
FIDELITY HEALTHCARE TA MARLBOROUGH LODGE CARE HOME,Fidelity Healthcare Ltd t/a Marlborough Lodge Care Home,4079.6,2,2026-07-08,2026-07-08,0,8159.2,4079.6,placement,Over500_2026_P04_-_published:1955;Over500_2026_P04_-_published:1967
FIDELITY HEALTHCARE TA MARLBOROUGH LODGE CARE HOME,Fidelity Healthcare Ltd t/a Marlborough Lodge Care Home,4069.75,2,2026-05-13,2026-05-13,0,8139.5,4069.75,placement,Over500_2026_P02_-_published:1549;Over500_2026_P02_-_published:1550
AFFINITY TRUST SUPPORT,Affinity Trust Support Ltd,4048.0,2,2026-06-24,2026-07-01,7,8096.0,4048.0,placement,Over500_2026_P03_-_published:1856;Over500_2026_P04_-_published:3629
FD TRAVELS TA SCHOOL EXPRESS,FD TRAVELS LIMITED T/A SCHOOL EXPRESS,4018.0,2,2026-07-09,2026-07-14,5,8036.0,4018.0,general_procurement,Over500_2026_P04_-_published:467;Over500_2026_P04_-_published:266
BRIGHTER LIVING CARE,Brighter Living Care Ltd,4005.08,2,2026-07-29,2026-07-29,0,8010.16,4005.08,placement,Over500_2026_P04_-_published:2883;Over500_2026_P04_-_published:2902
NEXT STEP SERVICES,Next Step Services,3990.64,2,2026-05-29,2026-05-29,0,7981.28,3990.64,placement,Over500_2026_P02_-_published:2134;Over500_2026_P02_-_published:2138
PURLEY PARK TRUST,PURLEY PARK TRUST LTD,3956.0,2,2026-06-24,2026-07-01,7,7912.0,3956.0,placement,Over500_2026_P03_-_published:2950;Over500_2026_P04_-_published:2233
SUNBEAM FOSTERING AGENCY,Sunbeam Fostering Agency Ltd,3918.09,2,2026-06-10,2026-06-10,0,7836.18,3918.09,placement,Over500_2026_P03_-_published:1945;Over500_2026_P03_-_published:2042
CARE UK COMMUNITY PARTNERSHIPS,CARE UK Community Partnerships Ltd,3854.6,2,2026-06-10,2026-06-10,0,7709.2,3854.6,placement,Over500_2026_P03_-_published:1481;Over500_2026_P03_-_published:952
CARE UK COMMUNITY PARTNERSHIPS,CARE UK Community Partnerships Ltd,3854.6,2,2026-07-08,2026-07-08,0,7709.2,3854.6,placement,Over500_2026_P04_-_published:1134;Over500_2026_P04_-_published:1999
CARE UK COMMUNITY PARTNERSHIPS,CARE UK Community Partnerships Ltd,3845.29,2,2026-05-13,2026-05-13,0,7690.58,3845.29,placement,Over500_2026_P02_-_published:1031;Over500_2026_P02_-_published:1516
NEXT STEP SERVICES,Next Step Services,3844.93,2,2026-05-29,2026-05-29,0,7689.86,3844.93,placement,Over500_2026_P02_-_published:2133;Over500_2026_P02_-_published:2139
NEXT STEP SERVICES,Next Step Services,3799.71,2,2026-06-10,2026-06-17,7,7599.42,3799.71,placement,Over500_2026_P03_-_published:3068;Over500_2026_P03_-_published:3070
SUNBEAM FOSTERING AGENCY,Sunbeam Fostering Agency Ltd,3791.7,2,2026-07-10,2026-07-14,4,7583.4,3791.7,placement,Over500_2026_P04_-_published:3167;Over500_2026_P04_-_published:3124
VALUED CARE SUPPORTED LIVING,Valued Care Supported Living,1872.36,3,2026-05-20,2026-05-20,0,5617.08,3744.72,placement,Over500_2026_P02_-_published:1953;Over500_2026_P02_-_published:1955;Over500_2026_P02_-_published:1956
AFFINITY TRUST SUPPORT,Affinity Trust Support Ltd,3740.0,2,2026-06-24,2026-07-01,7,7480.0,3740.0,placement,Over500_2026_P03_-_published:2956;Over500_2026_P04_-_published:2268
NEXT STEP SERVICES,Next Step Services,3677.14,2,2026-07-07,2026-07-09,2,7354.28,3677.14,placement,Over500_2026_P04_-_published:3110;Over500_2026_P04_-_published:3221
JOHAV CARE SUPPORT HEALTHCARE,Johav Care support Healthcare Limited,1819.2,3,2026-07-29,2026-07-29,0,5457.6,3638.4,placement,Over500_2026_P04_-_published:2625;Over500_2026_P04_-_published:2627;Over500_2026_P04_-_published:3734
THE NEWBURY COMMUNITY RESOURCE CENTRE,THE NEWBURY COMMUNITY RESOURCE CENTRE LTD,1204.94,4,2026-05-20,2026-05-20,0,4819.76,3614.82,grant,Over500_2026_P02_-_published:791;Over500_2026_P02_-_published:806;Over500_2026_P02_-_published:807;Over500_2026_P02_-_published:832
AFFINITY TRUST SUPPORT,Affinity Trust Support Ltd,3608.0,2,2026-07-08,2026-07-15,7,7216.0,3608.0,placement,Over500_2026_P04_-_published:2297;Over500_2026_P04_-_published:2402
AFFINITY TRUST SUPPORT,Affinity Trust Support Ltd,506.24,8,2026-06-24,2026-06-24,0,4049.92,3543.68,placement,Over500_2026_P03_-_published:1444;Over500_2026_P03_-_published:1531;Over500_2026_P03_-_published:1532;Over500_2026_P03_-_published:1533;Over500_2026_P03_-_published:1630;Over500_2026_P03_-_published:1764;Over500_2026_P03_-_published:2914;Over500_2026_P03_-_published:2978
NEXT STEP SERVICES,Next Step Services,3531.43,2,2026-05-29,2026-05-29,0,7062.86,3531.43,placement,Over500_2026_P02_-_published:2135;Over500_2026_P02_-_published:2136
NEXT STEP SERVICES,Next Step Services,3531.43,2,2026-07-03,2026-07-08,5,7062.86,3531.43,placement,Over500_2026_P04_-_published:3218;Over500_2026_P04_-_published:3111
WE ARE THE CARE COMPANY,We Are The Care Company Ltd,3506.56,2,2026-06-10,2026-06-10,0,7013.12,3506.56,placement,Over500_2026_P03_-_published:1068;Over500_2026_P03_-_published:2692
WE ARE THE CARE COMPANY,We Are The Care Company Ltd,3506.56,2,2026-07-08,2026-07-08,0,7013.12,3506.56,placement,Over500_2026_P04_-_published:1325;Over500_2026_P04_-_published:2058
POTENSIAL,Potensial Limited,3472.76,2,2026-06-17,2026-06-17,0,6945.52,3472.76,placement,Over500_2026_P03_-_published:1808;Over500_2026_P03_-_published:1809
AFFINITY TRUST SUPPORT,Affinity Trust Support Ltd,675.08,6,2026-07-08,2026-07-15,7,4050.48,3375.4,placement,Over500_2026_P04_-_published:2301;Over500_2026_P04_-_published:2322;Over500_2026_P04_-_published:3008;Over500_2026_P04_-_published:2401;Over500_2026_P04_-_published:2422;Over500_2026_P04_-_published:2441
WEST BERKSHIRE MENCAP,WEST BERKSHIRE MENCAP,674.04,6,2026-07-01,2026-07-01,0,4044.24,3370.2,grant,Over500_2026_P04_-_published:1428;Over500_2026_P04_-_published:1430;Over500_2026_P04_-_published:683;Over500_2026_P04_-_published:684;Over500_2026_P04_-_published:686;Over500_2026_P04_-_published:848
ACORN HOME SUPPORT,Acorn Home Support Ltd,558.96,7,2026-07-29,2026-07-29,0,3912.72,3353.76,placement,Over500_2026_P04_-_published:1003;Over500_2026_P04_-_published:1004;Over500_2026_P04_-_published:1766;Over500_2026_P04_-_published:2553;Over500_2026_P04_-_published:2863;Over500_2026_P04_-_published:2898;Over500_2026_P04_-_published:2899
NOUBLES HEALTHCARE,Noubles Healthcare Ltd,1115.72,4,2026-06-10,2026-06-10,0,4462.88,3347.16,placement,Over500_2026_P03_-_published:1116;Over500_2026_P03_-_published:2734;Over500_2026_P03_-_published:2735;Over500_2026_P03_-_published:2736
POTENSIAL,Potensial Limited,3340.76,2,2026-06-17,2026-06-17,0,6681.52,3340.76,placement,Over500_2026_P03_-_published:1886;Over500_2026_P03_-_published:3005
OAKLANDS SEN SCHOOL BERKSHIRE,Oaklands SEN School Berkshire Limited,3242.35,2,2026-06-17,2026-06-17,0,6484.7,3242.35,placement,Over500_2026_P03_-_published:2194;Over500_2026_P03_-_published:2202
AFFINITY TRUST SUPPORT,Affinity Trust Support Ltd,3213.76,2,2026-06-24,2026-07-01,7,6427.52,3213.76,placement,Over500_2026_P03_-_published:1691;Over500_2026_P04_-_published:2973
AFFINITY TRUST SUPPORT,Affinity Trust Support Ltd,3212.0,2,2026-07-29,2026-07-29,0,6424.0,3212.0,placement,Over500_2026_P04_-_published:1052;Over500_2026_P04_-_published:3459
ABI SUPPORT,Abi-support Ltd,796.96,5,2026-06-03,2026-06-24,7,3984.8,3187.84,placement,Over500_2026_P03_-_published:994;Over500_2026_P03_-_published:1126;Over500_2026_P03_-_published:2756;Over500_2026_P03_-_published:1149;Over500_2026_P03_-_published:1242
IV CARE TA GOOD OAKS HOME CARE READING,I.V Care Limited t/a Good Oaks Home Care (Reading),796.96,5,2026-06-24,2026-07-01,7,3984.8,3187.84,placement,Over500_2026_P03_-_published:1161;Over500_2026_P03_-_published:1193;Over500_2026_P04_-_published:1208;Over500_2026_P04_-_published:1221;Over500_2026_P04_-_published:1770
WE ARE THE CARE COMPANY,We Are The Care Company Ltd,796.96,5,2026-07-08,2026-07-08,0,3984.8,3187.84,placement,Over500_2026_P04_-_published:1326;Over500_2026_P04_-_published:1336;Over500_2026_P04_-_published:1377;Over500_2026_P04_-_published:2057;Over500_2026_P04_-_published:2060
AFFINITY TRUST SUPPORT,Affinity Trust Support Ltd,626.86,6,2026-06-03,2026-06-03,0,3761.16,3134.3,placement,Over500_2026_P03_-_published:1450;Over500_2026_P03_-_published:1521;Over500_2026_P03_-_published:1525;Over500_2026_P03_-_published:1614;Over500_2026_P03_-_published:2922;Over500_2026_P03_-_published:2923
SEABROOK SERVICES,Seabrook Services Ltd,3129.12,2,2026-05-06,2026-05-06,0,6258.24,3129.12,placement,Over500_2026_P02_-_published:877;Over500_2026_P02_-_published:879
CARE OUTLOOK,Care Outlook Ltd,3128.72,2,2026-06-24,2026-07-01,7,6257.44,3128.72,placement,Over500_2026_P03_-_published:2811;Over500_2026_P04_-_published:1734
BRIGHTER LIVING CARE,Brighter Living Care Ltd,3125.96,2,2026-06-24,2026-07-01,7,6251.92,3125.96,placement,Over500_2026_P03_-_published:2948;Over500_2026_P04_-_published:2265
AFFINITY TRUST SUPPORT,Affinity Trust Support Ltd,3080.0,2,2026-06-24,2026-07-01,7,6160.0,3080.0,placement,Over500_2026_P03_-_published:1701;Over500_2026_P04_-_published:2271
TRANSPARENT CARE,Transparent Care Ltd,3065.52,2,2026-07-08,2026-07-08,0,6131.04,3065.52,placement,Over500_2026_P04_-_published:2308;Over500_2026_P04_-_published:2323
BUPA CARE SERVICES,BUPA Care Services,761.82,5,2026-07-01,2026-07-01,0,3809.1,3047.28,placement,Over500_2026_P04_-_published:1028;Over500_2026_P04_-_published:1069;Over500_2026_P04_-_published:1075;Over500_2026_P04_-_published:1080;Over500_2026_P04_-_published:1817
PURESOUL CARE,PureSoul Care Ltd,3043.6,2,2026-06-17,2026-06-17,0,6087.2,3043.6,placement,Over500_2026_P03_-_published:1139;Over500_2026_P03_-_published:2772
PURESOUL CARE,PureSoul Care Ltd,3043.6,2,2026-07-15,2026-07-15,0,6087.2,3043.6,placement,Over500_2026_P04_-_published:1395;Over500_2026_P04_-_published:2089
AFFINITY TRUST SUPPORT,Affinity Trust Support Ltd,1012.76,4,2026-07-29,2026-07-29,0,4051.04,3038.28,placement,Over500_2026_P04_-_published:2540;Over500_2026_P04_-_published:2560;Over500_2026_P04_-_published:3467;Over500_2026_P04_-_published:3468
PURESOUL CARE,PureSoul Care Ltd,3036.2,2,2026-05-20,2026-05-20,0,6072.4,3036.2,placement,Over500_2026_P02_-_published:1256;Over500_2026_P02_-_published:1259
WEST BERKSHIRE MENCAP,WEST BERKSHIRE MENCAP,3026.52,2,2026-07-15,2026-07-15,0,6053.04,3026.52,grant,Over500_2026_P04_-_published:1411;Over500_2026_P04_-_published:1417
DIMENSIONS NSO,DIMENSIONS (NSO) LTD,1506.24,3,2026-07-15,2026-07-22,7,4518.72,3012.48,placement,Over500_2026_P04_-_published:2197;Over500_2026_P04_-_published:2951;Over500_2026_P04_-_published:2217
WE ARE THE CARE COMPANY,We Are The Care Company Ltd,2998.8,2,2026-06-10,2026-06-10,0,5997.6,2998.8,placement,Over500_2026_P03_-_published:1054;Over500_2026_P03_-_published:1070
WE ARE THE CARE COMPANY,We Are The Care Company Ltd,2998.8,2,2026-07-08,2026-07-08,0,5997.6,2998.8,placement,Over500_2026_P04_-_published:2054;Over500_2026_P04_-_published:2055
AFFINITY TRUST SUPPORT,Affinity Trust Support Ltd,2992.0,2,2026-06-24,2026-07-01,7,5984.0,2992.0,placement,Over500_2026_P03_-_published:1770;Over500_2026_P04_-_published:2707
THE ORPHEUS CENTRE,The Orpheus Centre,2973.27,2,2026-05-20,2026-05-20,0,5946.54,2973.27,placement,Over500_2026_P02_-_published:1746;Over500_2026_P02_-_published:1751
THE ORPHEUS CENTRE,The Orpheus Centre,2973.27,2,2026-07-15,2026-07-22,7,5946.54,2973.27,placement,Over500_2026_P04_-_published:2448;Over500_2026_P04_-_published:2468
WE ARE THE CARE COMPANY,We Are The Care Company Ltd,740.03,5,2026-05-06,2026-05-06,0,3700.15,2960.12,placement,Over500_2026_P02_-_published:1124;Over500_2026_P02_-_published:1132;Over500_2026_P02_-_published:1139;Over500_2026_P02_-_published:1146;Over500_2026_P02_-_published:1154
CARE OUTLOOK,Care Outlook Ltd,2959.6,2,2026-06-24,2026-07-01,7,5919.2,2959.6,placement,Over500_2026_P03_-_published:1294;Over500_2026_P04_-_published:1724
DIMENSIONS NSO,DIMENSIONS (NSO) LTD,2948.54,2,2026-06-03,2026-06-04,1,5897.08,2948.54,premises,Over500_2026_P03_-_published:68;Over500_2026_P03_-_published:85
ADDRESS ENTERPRISE,Address Enterprise Ltd,2945.88,2,2026-07-15,2026-07-15,0,5891.76,2945.88,placement,Over500_2026_P04_-_published:1491;Over500_2026_P04_-_published:1498
ADDRESS ENTERPRISE,Address Enterprise Ltd,2938.82,2,2026-05-20,2026-05-20,0,5877.64,2938.82,placement,Over500_2026_P02_-_published:1253;Over500_2026_P02_-_published:1437
BEST PINNACLE CARE,Best Pinnacle Care Ltd,2921.28,2,2026-06-24,2026-06-24,0,5842.56,2921.28,placement,Over500_2026_P03_-_published:1189;Over500_2026_P03_-_published:1389
BEST PINNACLE CARE,Best Pinnacle Care Ltd,2921.28,2,2026-07-15,2026-07-15,0,5842.56,2921.28,placement,Over500_2026_P04_-_published:1457;Over500_2026_P04_-_published:2032
BEST PINNACLE CARE,Best Pinnacle Care Ltd,2921.28,2,2026-07-29,2026-07-29,0,5842.56,2921.28,placement,Over500_2026_P04_-_published:2287;Over500_2026_P04_-_published:2812
BEST PINNACLE CARE,Best Pinnacle Care Ltd,2914.08,2,2026-06-10,2026-06-10,0,5828.16,2914.08,placement,Over500_2026_P03_-_published:2728;Over500_2026_P03_-_published:2863
ST GABRIELS SCHOOL,ST GABRIELS SCHOOL,2905.33,2,2026-07-09,2026-07-09,0,5810.66,2905.33,placement,Over500_2026_P04_-_published:3245;Over500_2026_P04_-_published:3324
CARELINE,CARELINE,719.5,5,2026-07-15,2026-07-15,0,3597.5,2878.0,placement,Over500_2026_P04_-_published:2395;Over500_2026_P04_-_published:2431;Over500_2026_P04_-_published:2446;Over500_2026_P04_-_published:2461;Over500_2026_P04_-_published:3038
WE ARE THE CARE COMPANY,We Are The Care Company Ltd,1434.52,3,2026-06-24,2026-06-24,0,4303.56,2869.04,placement,Over500_2026_P03_-_published:1201;Over500_2026_P03_-_published:1213;Over500_2026_P03_-_published:1232
WE ARE THE CARE COMPANY,We Are The Care Company Ltd,2869.04,2,2026-07-08,2026-07-08,0,5738.08,2869.04,placement,Over500_2026_P04_-_published:1376;Over500_2026_P04_-_published:2061
ALL CARE GB,All-Care (GB) Ltd,572.16,6,2026-05-20,2026-05-22,2,3432.96,2860.8,placement,Over500_2026_P02_-_published:1410;Over500_2026_P02_-_published:1817;Over500_2026_P02_-_published:938;Over500_2026_P02_-_published:941;Over500_2026_P02_-_published:943;Over500_2026_P02_-_published:944
KB REAL ESTATE MANAGEMENT,KB Real Estate Management Ltd,2850.0,2,2026-07-23,2026-07-23,0,5700.0,2850.0,premises,Over500_2026_P04_-_published:113;Over500_2026_P04_-_published:98
CARE OUTLOOK,Care Outlook Ltd,1416.4,3,2026-06-24,2026-07-01,7,4249.2,2832.8,placement,Over500_2026_P03_-_published:1293;Over500_2026_P04_-_published:1722;Over500_2026_P04_-_published:1878
BEST PINNACLE CARE,Best Pinnacle Care Ltd,2816.64,2,2026-06-24,2026-06-24,0,5633.28,2816.64,placement,Over500_2026_P03_-_published:2916;Over500_2026_P03_-_published:2917
BEST PINNACLE CARE,Best Pinnacle Care Ltd,2816.64,2,2026-07-15,2026-07-15,0,5633.28,2816.64,placement,Over500_2026_P04_-_published:2218;Over500_2026_P04_-_published:2236
BEST PINNACLE CARE,Best Pinnacle Care Ltd,2816.64,2,2026-07-29,2026-07-29,0,5633.28,2816.64,placement,Over500_2026_P04_-_published:2219;Over500_2026_P04_-_published:2220
COMFORT HARMONY CARE,Comfort Harmony Care Ltd,2814.72,2,2026-07-01,2026-07-08,7,5629.44,2814.72,placement,Over500_2026_P04_-_published:2955;Over500_2026_P04_-_published:2147
ALL CARE GB,All-Care (GB) Ltd,1406.57,3,2026-07-01,2026-07-08,7,4219.71,2813.14,placement,Over500_2026_P04_-_published:2612;Over500_2026_P04_-_published:1056;Over500_2026_P04_-_published:2662
BEST PINNACLE CARE,Best Pinnacle Care Ltd,2809.92,2,2026-06-10,2026-06-10,0,5619.84,2809.92,placement,Over500_2026_P03_-_published:1603;Over500_2026_P03_-_published:2911
THE WINDSOR FOREST COLLEGES GROUP,THE WINDSOR FOREST COLLEGES GROUP,1403.54,3,2026-07-23,2026-07-23,0,4210.62,2807.08,placement,Over500_2026_P04_-_published:3254;Over500_2026_P04_-_published:3335;Over500_2026_P04_-_published:3336
ACORN HOME SUPPORT,Acorn Home Support Ltd,558.96,6,2026-06-10,2026-06-10,0,3353.76,2794.8,placement,Over500_2026_P03_-_published:1528;Over500_2026_P03_-_published:1784;Over500_2026_P03_-_published:1786;Over500_2026_P03_-_published:2996;Over500_2026_P03_-_published:886;Over500_2026_P03_-_published:887
ACORN HOME SUPPORT,Acorn Home Support Ltd,558.96,6,2026-07-08,2026-07-08,0,3353.76,2794.8,placement,Over500_2026_P04_-_published:1000;Over500_2026_P04_-_published:1001;Over500_2026_P04_-_published:2333;Over500_2026_P04_-_published:2786;Over500_2026_P04_-_published:2827;Over500_2026_P04_-_published:3674
STEP BY STEP PARTNERSHIP,STEP BY STEP PARTNERSHIP LTD,557.1,6,2026-05-18,2026-05-20,1,3342.6,2785.5,placement,Over500_2026_P02_-_published:2141;Over500_2026_P02_-_published:2077;Over500_2026_P02_-_published:2143;Over500_2026_P02_-_published:2144;Over500_2026_P02_-_published:2145;Over500_2026_P02_-_published:2129
WE ARE THE CARE COMPANY,We Are The Care Company Ltd,1392.3,3,2026-05-06,2026-05-06,0,4176.9,2784.6,placement,Over500_2026_P02_-_published:1136;Over500_2026_P02_-_published:1142;Over500_2026_P02_-_published:1150
WE ARE THE CARE COMPANY,We Are The Care Company Ltd,2784.6,2,2026-05-06,2026-05-06,0,5569.2,2784.6,placement,Over500_2026_P02_-_published:1113;Over500_2026_P02_-_published:1130
FD TRAVELS TA SCHOOL EXPRESS,FD TRAVELS LIMITED T/A SCHOOL EXPRESS,2744.0,2,2026-05-06,2026-05-13,7,5488.0,2744.0,general_procurement,Over500_2026_P02_-_published:344;Over500_2026_P02_-_published:389
ASTON NURSING SERVICES,Aston Nursing Services LTD,2733.02,2,2026-07-03,2026-07-03,0,5466.04,2733.02,placement,Over500_2026_P04_-_published:3107;Over500_2026_P04_-_published:3174
PURESOUL CARE,PureSoul Care Ltd,2732.62,2,2026-05-20,2026-05-20,0,5465.24,2732.62,placement,Over500_2026_P02_-_published:1262;Over500_2026_P02_-_published:1276
PURESOUL CARE,PureSoul Care Ltd,910.86,4,2026-05-20,2026-05-20,0,3643.44,2732.58,placement,Over500_2026_P02_-_published:1263;Over500_2026_P02_-_published:1278;Over500_2026_P02_-_published:1434;Over500_2026_P02_-_published:927
BLOOMFIELD CARE,Bloomfield Care Ltd,2701.44,2,2026-07-15,2026-07-17,2,5402.88,2701.44,placement,Over500_2026_P04_-_published:1348;Over500_2026_P04_-_published:1534
AMR CONSULT,AMR CONSULT LTD,2665.27,2,2026-07-14,2026-07-14,0,5330.54,2665.27,general_procurement,Over500_2026_P04_-_published:635;Over500_2026_P04_-_published:838
HOLISTIC HOUSING AND CARE,Holistic Housing & Care Ltd,2663.72,2,2026-07-15,2026-07-15,0,5327.44,2663.72,placement,Over500_2026_P04_-_published:2790;Over500_2026_P04_-_published:2836
AFFINITY TRUST SUPPORT,Affinity Trust Support Ltd,2640.0,2,2026-07-29,2026-07-29,0,5280.0,2640.0,placement,Over500_2026_P04_-_published:2561;Over500_2026_P04_-_published:2585
CHILTERN WAY ACADEMY,CHILTERN WAY ACADEMY,2620.56,2,2026-06-30,2026-07-03,3,5241.12,2620.56,placement,Over500_2026_P03_-_published:2224;Over500_2026_P04_-_published:3313
APPLE ORCHARD,APPLE ORCHARD,2585.56,2,2026-06-10,2026-06-10,0,5171.12,2585.56,placement,Over500_2026_P03_-_published:1464;Over500_2026_P03_-_published:1571
APPLE ORCHARD,APPLE ORCHARD,2585.56,2,2026-07-08,2026-07-08,0,5171.12,2585.56,placement,Over500_2026_P04_-_published:2158;Over500_2026_P04_-_published:2934
APPLE ORCHARD,APPLE ORCHARD,2579.32,2,2026-05-13,2026-05-13,0,5158.64,2579.32,placement,Over500_2026_P02_-_published:1636;Over500_2026_P02_-_published:1637
HOLISTIC HOUSING AND CARE,Holistic Housing & Care Ltd,2573.48,2,2026-05-20,2026-05-20,0,5146.96,2573.48,placement,Over500_2026_P02_-_published:1938;Over500_2026_P02_-_published:1939
ABI SUPPORT,Abi-support Ltd,637.56,5,2026-07-01,2026-07-08,7,3187.8,2550.24,placement,Over500_2026_P04_-_published:1176;Over500_2026_P04_-_published:1345;Over500_2026_P04_-_published:1449;Over500_2026_P04_-_published:1569;Over500_2026_P04_-_published:2079
ABI SUPPORT,Abi-support Ltd,1275.12,3,2026-06-10,2026-06-10,0,3825.36,2550.24,placement,Over500_2026_P03_-_published:1085;Over500_2026_P03_-_published:2755;Over500_2026_P03_-_published:881
IV CARE TA GOOD OAKS HOME CARE READING,I.V Care Limited t/a Good Oaks Home Care (Reading),637.56,5,2026-06-17,2026-07-01,7,3187.8,2550.24,placement,Over500_2026_P03_-_published:1136;Over500_2026_P03_-_published:1969;Over500_2026_P03_-_published:1194;Over500_2026_P04_-_published:1205;Over500_2026_P04_-_published:2996
WE ARE THE CARE COMPANY,We Are The Care Company Ltd,2550.24,2,2026-07-08,2026-07-08,0,5100.48,2550.24,placement,Over500_2026_P04_-_published:1338;Over500_2026_P04_-_published:2028
ABI SUPPORT,Abi-support Ltd,1272.04,3,2026-05-13,2026-05-13,0,3816.12,2544.08,placement,Over500_2026_P02_-_published:1205;Over500_2026_P02_-_published:1215;Over500_2026_P02_-_published:894
AFFINITY TRUST SUPPORT,Affinity Trust Support Ltd,843.64,4,2026-06-24,2026-07-01,7,3374.56,2530.92,placement,Over500_2026_P03_-_published:1704;Over500_2026_P03_-_published:2944;Over500_2026_P04_-_published:2294;Over500_2026_P04_-_published:2980
AFFINITY TRUST SUPPORT,Affinity Trust Support Ltd,2420.0,2,2026-06-24,2026-07-01,7,4840.0,2420.0,placement,Over500_2026_P03_-_published:1595;Over500_2026_P04_-_published:2976
SPARE CRIB GLOBAL,Spare Crib Global Limited,805.0,4,2026-05-12,2026-05-12,0,3220.0,2415.0,premises,Over500_2026_P02_-_published:65;Over500_2026_P02_-_published:66;Over500_2026_P02_-_published:67;Over500_2026_P02_-_published:68
ABI SUPPORT,Abi-support Ltd,796.96,4,2026-07-08,2026-07-08,0,3187.84,2390.88,placement,Over500_2026_P04_-_published:1385;Over500_2026_P04_-_published:1448;Over500_2026_P04_-_published:1450;Over500_2026_P04_-_published:2080
WE ARE THE CARE COMPANY,We Are The Care Company Ltd,796.96,4,2026-06-10,2026-06-10,0,3187.84,2390.88,placement,Over500_2026_P03_-_published:1059;Over500_2026_P03_-_published:1075;Over500_2026_P03_-_published:1105;Over500_2026_P03_-_published:1112
WE ARE THE CARE COMPANY,We Are The Care Company Ltd,796.96,4,2026-07-29,2026-07-29,0,3187.84,2390.88,placement,Over500_2026_P04_-_published:1612;Over500_2026_P04_-_published:1668;Over500_2026_P04_-_published:1670;Over500_2026_P04_-_published:1675
CARNATION DAY CARE SERVICES,CARNATION DAY CARE SERVICES,596.52,5,2026-07-08,2026-07-15,7,2982.6,2386.08,placement,Over500_2026_P04_-_published:2818;Over500_2026_P04_-_published:1805;Over500_2026_P04_-_published:2154;Over500_2026_P04_-_published:2647;Over500_2026_P04_-_published:2820
ABI SUPPORT,Abi-support Ltd,795.03,4,2026-05-13,2026-05-13,0,3180.12,2385.09,placement,Over500_2026_P02_-_published:1213;Over500_2026_P02_-_published:1214;Over500_2026_P02_-_published:1217;Over500_2026_P02_-_published:1218
AFFINITY TRUST SUPPORT,Affinity Trust Support Ltd,2376.0,2,2026-06-24,2026-07-01,7,4752.0,2376.0,placement,Over500_2026_P03_-_published:1674;Over500_2026_P04_-_published:2981
AFFINITY TRUST SUPPORT,Affinity Trust Support Ltd,2376.0,2,2026-07-29,2026-07-29,0,4752.0,2376.0,placement,Over500_2026_P04_-_published:2535;Over500_2026_P04_-_published:2539
ALL CARE GB,All-Care (GB) Ltd,592.24,5,2026-07-01,2026-07-01,0,2961.2,2368.96,placement,Over500_2026_P04_-_published:1753;Over500_2026_P04_-_published:1804;Over500_2026_P04_-_published:2592;Over500_2026_P04_-_published:2637;Over500_2026_P04_-_published:2646
CARETECH COMMUNITY SERVICES L,CARETECH COMMUNITY SERVICES L,2304.96,2,2026-06-24,2026-06-24,0,4609.92,2304.96,placement,Over500_2026_P03_-_published:1601;Over500_2026_P03_-_published:2909
STEP BY STEP PARTNERSHIP,STEP BY STEP PARTNERSHIP LTD,575.67,5,2026-06-08,2026-06-12,3,2878.35,2302.68,placement,Over500_2026_P03_-_published:2052;Over500_2026_P03_-_published:2112;Over500_2026_P03_-_published:2053;Over500_2026_P03_-_published:3035;Over500_2026_P03_-_published:2124
CRESCENT SIGNS,CRESCENT SIGNS LTD,2300.0,2,2026-05-06,2026-05-13,7,4600.0,2300.0,general_procurement,Over500_2026_P02_-_published:202;Over500_2026_P02_-_published:203
THE NATIONAL FOSTERING AGENCY,The National Fostering Agency Ltd,2263.52,2,2026-06-09,2026-06-09,0,4527.04,2263.52,placement,Over500_2026_P03_-_published:2040;Over500_2026_P03_-_published:2041
CHILTERN WAY ACADEMY,CHILTERN WAY ACADEMY,2236.89,2,2026-06-30,2026-07-03,3,4473.78,2236.89,placement,Over500_2026_P03_-_published:2152;Over500_2026_P04_-_published:3202
ENIRO CARE,Eniro Care Ltd,1115.72,3,2026-07-29,2026-07-29,0,3347.16,2231.44,placement,Over500_2026_P04_-_published:1629;Over500_2026_P04_-_published:1714;Over500_2026_P04_-_published:2386
WE ARE THE CARE COMPANY,We Are The Care Company Ltd,2231.44,2,2026-06-24,2026-06-24,0,4462.88,2231.44,placement,Over500_2026_P03_-_published:1228;Over500_2026_P03_-_published:1231
WE ARE THE CARE COMPANY,We Are The Care Company Ltd,2231.44,2,2026-07-29,2026-07-29,0,4462.88,2231.44,placement,Over500_2026_P04_-_published:1673;Over500_2026_P04_-_published:2367
ENIRO CARE,Eniro Care Ltd,1113.03,3,2026-06-03,2026-06-10,7,3339.09,2226.06,placement,Over500_2026_P03_-_published:1045;Over500_2026_P03_-_published:1091;Over500_2026_P03_-_published:1363
TOPLINE CARE SOLUTIONS,Topline Care Solutions Ltd,2200.32,2,2026-07-01,2026-07-08,7,4400.64,2200.32,placement,Over500_2026_P04_-_published:1209;Over500_2026_P04_-_published:1363
COMPASS EXECUTIVE CARS UK,COMPASS EXECUTIVE CARS (UK) LTD,2178.0,2,2026-07-21,2026-07-21,0,4356.0,2178.0,general_procurement,Over500_2026_P04_-_published:162;Over500_2026_P04_-_published:171
BRIGHTER LIVING CARE,Brighter Living Care Ltd,2129.96,2,2026-06-24,2026-07-01,7,4259.92,2129.96,placement,Over500_2026_P03_-_published:1906;Over500_2026_P04_-_published:2778
THE YUME PROJECT,The Yume Project Ltd,705.33,4,2026-06-17,2026-06-24,7,2821.32,2115.99,placement,Over500_2026_P03_-_published:1725;Over500_2026_P03_-_published:1726;Over500_2026_P03_-_published:1747;Over500_2026_P03_-_published:2970
THE YUME PROJECT,The Yume Project Ltd,705.33,4,2026-07-15,2026-07-22,7,2821.32,2115.99,placement,Over500_2026_P04_-_published:2593;Over500_2026_P04_-_published:2640;Over500_2026_P04_-_published:3554;Over500_2026_P04_-_published:3562
DANIEL GRIFFITHS TA BLUEBIRD PASSENGER SERVICES,DANIEL GRIFFITHS T/A BLUEBIRD PASSENGER SERVICES,2050.0,2,2026-06-30,2026-06-30,0,4100.0,2050.0,general_procurement,Over500_2026_P03_-_published:165;Over500_2026_P03_-_published:334
AMR CONSULT,AMR CONSULT LTD,2046.67,2,2026-06-25,2026-06-25,0,4093.34,2046.67,general_procurement,Over500_2026_P03_-_published:2413;Over500_2026_P03_-_published:716
VOYAGE CARE,VOYAGE CARE,2040.64,2,2026-07-15,2026-07-22,7,4081.28,2040.64,placement,Over500_2026_P04_-_published:3579;Over500_2026_P04_-_published:2736
ASTON NURSING SERVICES,Aston Nursing Services LTD,2032.38,2,2026-06-03,2026-06-03,0,4064.76,2032.38,placement,Over500_2026_P03_-_published:2024;Over500_2026_P03_-_published:3063
WEST BERKSHIRE MENCAP,WEST BERKSHIRE MENCAP,672.25,4,2026-05-20,2026-05-20,0,2689.0,2016.75,grant,Over500_2026_P02_-_published:810;Over500_2026_P02_-_published:811;Over500_2026_P02_-_published:812;Over500_2026_P02_-_published:815
VALLEY CARS,Valley Cars,2004.0,2,2026-05-05,2026-05-06,1,4008.0,2004.0,general_procurement,Over500_2026_P02_-_published:233;Over500_2026_P02_-_published:234
GCH ALDER TA HUNGERFORD CARE HOME,GCH (Alder) Ltd t/a Hungerford Care Home,2000.0,2,2026-05-06,2026-05-13,7,4000.0,2000.0,placement,Over500_2026_P02_-_published:2006;Over500_2026_P02_-_published:2009
NEXT STEP SERVICES,Next Step Services,1992.86,2,2026-05-27,2026-05-27,0,3985.72,1992.86,placement,Over500_2026_P02_-_published:2151;Over500_2026_P02_-_published:2152
THE ORPHEUS CENTRE,The Orpheus Centre,1982.18,2,2026-05-20,2026-05-20,0,3964.36,1982.18,placement,Over500_2026_P02_-_published:1744;Over500_2026_P02_-_published:1748
AFFINITY TRUST SUPPORT,Affinity Trust Support Ltd,1980.0,2,2026-06-24,2026-07-01,7,3960.0,1980.0,placement,Over500_2026_P03_-_published:1642;Over500_2026_P04_-_published:2253
AFFINITY TRUST SUPPORT,Affinity Trust Support Ltd,1953.18,2,2026-07-08,2026-07-08,0,3906.36,1953.18,placement,Over500_2026_P04_-_published:2299;Over500_2026_P04_-_published:2351
GO GREEN TAXIS,Go Green Taxis Ltd,962.6,3,2026-07-23,2026-07-23,0,2887.8,1925.2,general_procurement,Over500_2026_P04_-_published:353;Over500_2026_P04_-_published:357;Over500_2026_P04_-_published:484
PURLEY PARK TRUST,PURLEY PARK TRUST LTD,639.52,4,2026-07-01,2026-07-01,0,2558.08,1918.56,grant,Over500_2026_P04_-_published:1409;Over500_2026_P04_-_published:655;Over500_2026_P04_-_published:809;Over500_2026_P04_-_published:860
WE ARE THE CARE COMPANY,We Are The Care Company Ltd,1912.72,2,2026-07-17,2026-07-17,0,3825.44,1912.72,placement,Over500_2026_P04_-_published:1543;Over500_2026_P04_-_published:2216
GOLDCREST CARE SERVICES,Goldcrest Care Services,637.56,4,2026-06-24,2026-06-24,0,2550.24,1912.68,placement,Over500_2026_P03_-_published:1252;Over500_2026_P03_-_published:1256;Over500_2026_P03_-_published:1861;Over500_2026_P03_-_published:2884
GOLDCREST CARE SERVICES,Goldcrest Care Services,637.56,4,2026-07-15,2026-07-15,0,2550.24,1912.68,placement,Over500_2026_P04_-_published:1574;Over500_2026_P04_-_published:1773;Over500_2026_P04_-_published:2038;Over500_2026_P04_-_published:3641
IV CARE TA GOOD OAKS HOME CARE READING,I.V Care Limited t/a Good Oaks Home Care (Reading),637.56,4,2026-07-29,2026-07-29,0,2550.24,1912.68,placement,Over500_2026_P04_-_published:1596;Over500_2026_P04_-_published:1599;Over500_2026_P04_-_published:1644;Over500_2026_P04_-_published:2997
IV CARE TA GOOD OAKS HOME CARE READING,I.V Care Limited t/a Good Oaks Home Care (Reading),1912.68,2,2026-06-24,2026-07-01,7,3825.36,1912.68,placement,Over500_2026_P03_-_published:2786;Over500_2026_P04_-_published:1207
WE ARE THE CARE COMPANY,We Are The Care Company Ltd,1912.68,2,2026-06-10,2026-06-10,0,3825.36,1912.68,placement,Over500_2026_P03_-_published:1077;Over500_2026_P03_-_published:1113
WE ARE THE CARE COMPANY,We Are The Care Company Ltd,1912.68,2,2026-07-08,2026-07-08,0,3825.36,1912.68,placement,Over500_2026_P04_-_published:1378;Over500_2026_P04_-_published:1379
WE ARE THE CARE COMPANY,We Are The Care Company Ltd,1912.68,2,2026-07-29,2026-07-29,0,3825.36,1912.68,placement,Over500_2026_P04_-_published:1692;Over500_2026_P04_-_published:2376
BEST PINNACLE CARE,Best Pinnacle Care Ltd,954.05,3,2026-06-10,2026-06-10,0,2862.15,1908.1,placement,Over500_2026_P03_-_published:1359;Over500_2026_P03_-_published:1762;Over500_2026_P03_-_published:2983
PERCEPTIVE ON LINE TA AMATIS NETWORKS,Perceptive On Line Ltd T/A Amatis Networks,635.64,4,2026-06-30,2026-06-30,0,2542.56,1906.92,general_procurement,Over500_2026_P03_-_published:376;Over500_2026_P03_-_published:392;Over500_2026_P03_-_published:533;Over500_2026_P03_-_published:534
FD TRAVELS TA SCHOOL EXPRESS,FD TRAVELS LIMITED T/A SCHOOL EXPRESS,1886.0,2,2026-07-14,2026-07-14,0,3772.0,1886.0,general_procurement,Over500_2026_P04_-_published:160;Over500_2026_P04_-_published:448
THE YUME PROJECT,The Yume Project Ltd,626.96,4,2026-06-03,2026-06-03,0,2507.84,1880.88,placement,Over500_2026_P03_-_published:1672;Over500_2026_P03_-_published:1721;Over500_2026_P03_-_published:1788;Over500_2026_P03_-_published:2962
PURESOUL CARE,PureSoul Care Ltd,913.08,3,2026-06-17,2026-06-17,0,2739.24,1826.16,placement,Over500_2026_P03_-_published:1145;Over500_2026_P03_-_published:1147;Over500_2026_P03_-_published:1305
GLEN CLEANING COMPANY,Glen Cleaning Company Ltd,901.77,3,2026-07-30,2026-07-30,0,2705.31,1803.54,premises,Over500_2026_P04_-_published:126;Over500_2026_P04_-_published:141;Over500_2026_P04_-_published:142
PERCEPTIVE ON LINE TA AMATIS NETWORKS,Perceptive On Line Ltd T/A Amatis Networks,600.72,4,2026-05-06,2026-05-06,0,2402.88,1802.16,general_procurement,Over500_2026_P02_-_published:484;Over500_2026_P02_-_published:485;Over500_2026_P02_-_published:486;Over500_2026_P02_-_published:487
READING REFUGEE SUPPORT GROUP,Reading Refugee Support Group,599.18,4,2026-06-12,2026-06-16,4,2396.72,1797.54,general_procurement,Over500_2026_P03_-_published:2137;Over500_2026_P03_-_published:3075;Over500_2026_P03_-_published:2128;Over500_2026_P03_-_published:3076
WEST BERKSHIRE MENCAP,WEST BERKSHIRE MENCAP,898.72,3,2026-07-01,2026-07-01,0,2696.16,1797.44,grant,Over500_2026_P04_-_published:1427;Over500_2026_P04_-_published:875;Over500_2026_P04_-_published:876
CALL US,CALL US,1786.2,2,2026-06-24,2026-06-24,0,3572.4,1786.2,placement,Over500_2026_P03_-_published:1536;Over500_2026_P03_-_published:2951
WE ARE THE CARE COMPANY,We Are The Care Company Ltd,1776.1,2,2026-05-06,2026-05-06,0,3552.2,1776.1,placement,Over500_2026_P02_-_published:1131;Over500_2026_P02_-_published:1583
AFFINITY TRUST SUPPORT,Affinity Trust Support Ltd,1760.0,2,2026-07-29,2026-07-29,0,3520.0,1760.0,placement,Over500_2026_P04_-_published:3456;Over500_2026_P04_-_published:3470
THE YUME PROJECT,The Yume Project Ltd,1724.14,2,2026-07-15,2026-07-15,0,3448.28,1724.14,placement,Over500_2026_P04_-_published:2617;Over500_2026_P04_-_published:3557
ALL CARE GB,All-Care (GB) Ltd,858.24,3,2026-05-20,2026-05-22,2,2574.72,1716.48,placement,Over500_2026_P02_-_published:935;Over500_2026_P02_-_published:939;Over500_2026_P02_-_published:947
HOUSING CARE 21,HOUSING CARE 21,1699.56,2,2026-07-01,2026-07-01,0,3399.12,1699.56,placement,Over500_2026_P04_-_published:1719;Over500_2026_P04_-_published:1731
FAMILYPLACEMENT COM,FAMILYPLACEMENT.COM LTD,1697.64,2,2026-07-14,2026-07-15,1,3395.28,1697.64,placement,Over500_2026_P04_-_published:3101;Over500_2026_P04_-_published:3172
CARE OUTLOOK,Care Outlook Ltd,1670.08,2,2026-06-24,2026-07-01,7,3340.16,1670.08,placement,Over500_2026_P03_-_published:1298;Over500_2026_P04_-_published:1737
WE ARE THE CARE COMPANY,We Are The Care Company Ltd,833.0,3,2026-07-08,2026-07-08,0,2499.0,1666.0,placement,Over500_2026_P04_-_published:1239;Over500_2026_P04_-_published:1323;Over500_2026_P04_-_published:1324
NOUBLES HEALTHCARE,Noubles Healthcare Ltd,1651.52,2,2026-05-20,2026-05-20,0,3303.04,1651.52,placement,Over500_2026_P02_-_published:1237;Over500_2026_P02_-_published:1238
CARE OUTLOOK,Care Outlook Ltd,824.48,3,2026-07-01,2026-07-01,0,2473.44,1648.96,placement,Over500_2026_P04_-_published:1721;Over500_2026_P04_-_published:2125;Over500_2026_P04_-_published:2126
THE NEWBURY COMMUNITY RESOURCE CENTRE,THE NEWBURY COMMUNITY RESOURCE CENTRE LTD,547.7,4,2026-05-20,2026-05-20,0,2190.8,1643.1,grant,Over500_2026_P02_-_published:793;Over500_2026_P02_-_published:796;Over500_2026_P02_-_published:801;Over500_2026_P02_-_published:808
SPARE CRIB GLOBAL,Spare Crib Global Limited,805.0,3,2026-06-10,2026-06-10,0,2415.0,1610.0,premises,Over500_2026_P03_-_published:66;Over500_2026_P03_-_published:67;Over500_2026_P03_-_published:84
MANOR PRIMARY SCHOOL,Manor Primary School,1598.67,2,2026-07-16,2026-07-16,0,3197.34,1598.67,placement,Over500_2026_P04_-_published:3256;Over500_2026_P04_-_published:3337
ABI SUPPORT,Abi-support Ltd,1593.92,2,2026-07-08,2026-07-08,0,3187.84,1593.92,placement,Over500_2026_P04_-_published:1343;Over500_2026_P04_-_published:2081
COMFORT HARMONY CARE,Comfort Harmony Care Ltd,796.96,3,2026-07-08,2026-07-08,0,2390.88,1593.92,placement,Over500_2026_P04_-_published:1231;Over500_2026_P04_-_published:1358;Over500_2026_P04_-_published:919
COMFORT HARMONY CARE,Comfort Harmony Care Ltd,796.96,3,2026-07-29,2026-07-29,0,2390.88,1593.92,placement,Over500_2026_P04_-_published:1556;Over500_2026_P04_-_published:1617;Over500_2026_P04_-_published:985
ENIRO CARE,Eniro Care Ltd,796.96,3,2026-07-29,2026-07-29,0,2390.88,1593.92,placement,Over500_2026_P04_-_published:1628;Over500_2026_P04_-_published:1697;Over500_2026_P04_-_published:1712
GOLDCREST CARE SERVICES,Goldcrest Care Services,796.96,3,2026-06-24,2026-06-24,0,2390.88,1593.92,placement,Over500_2026_P03_-_published:1254;Over500_2026_P03_-_published:1262;Over500_2026_P03_-_published:1277
GOLDCREST CARE SERVICES,Goldcrest Care Services,796.96,3,2026-07-15,2026-07-15,0,2390.88,1593.92,placement,Over500_2026_P04_-_published:1506;Over500_2026_P04_-_published:1578;Over500_2026_P04_-_published:2211
TOPLINE CARE SOLUTIONS,Topline Care Solutions Ltd,1593.92,2,2026-06-24,2026-06-24,0,3187.84,1593.92,placement,Over500_2026_P03_-_published:2699;Over500_2026_P03_-_published:2789
TOPLINE CARE SOLUTIONS,Topline Care Solutions Ltd,1590.07,2,2026-05-13,2026-05-13,0,3180.14,1590.07,placement,Over500_2026_P02_-_published:1198;Over500_2026_P02_-_published:953
COMFORT HARMONY CARE,Comfort Harmony Care Ltd,795.03,3,2026-05-13,2026-05-13,0,2385.09,1590.06,placement,Over500_2026_P02_-_published:1167;Over500_2026_P02_-_published:1169;Over500_2026_P02_-_published:885
THE YUME PROJECT,The Yume Project Ltd,527.85,4,2026-07-15,2026-07-15,0,2111.4,1583.55,placement,Over500_2026_P04_-_published:2596;Over500_2026_P04_-_published:2641;Over500_2026_P04_-_published:3482;Over500_2026_P04_-_published:3556
THE YUME PROJECT,The Yume Project Ltd,1567.4,2,2026-06-03,2026-06-10,7,3134.8,1567.4,placement,Over500_2026_P03_-_published:1789;Over500_2026_P03_-_published:1792
CHIPSIDE,Chipside Ltd,520.0,4,2026-06-24,2026-06-25,1,2080.0,1560.0,general_procurement,Over500_2026_P03_-_published:2116;Over500_2026_P03_-_published:2140;Over500_2026_P03_-_published:3083;Over500_2026_P03_-_published:3084
GLEN CLEANING COMPANY,Glen Cleaning Company Ltd,779.78,3,2026-07-23,2026-07-24,1,2339.34,1559.56,premises,Over500_2026_P04_-_published:138;Over500_2026_P04_-_published:139;Over500_2026_P04_-_published:169
AFFINITY TRUST SUPPORT,Affinity Trust Support Ltd,1540.0,2,2026-06-24,2026-07-01,7,3080.0,1540.0,placement,Over500_2026_P03_-_published:1692;Over500_2026_P04_-_published:2971
GLEN CLEANING COMPANY,Glen Cleaning Company Ltd,1533.99,2,2026-07-28,2026-07-28,0,3067.98,1533.99,premises,Over500_2026_P04_-_published:128;Over500_2026_P04_-_published:129
PURESOUL CARE,PureSoul Care Ltd,760.92,3,2026-07-08,2026-07-15,7,2282.76,1521.84,placement,Over500_2026_P04_-_published:1236;Over500_2026_P04_-_published:1366;Over500_2026_P04_-_published:1477
PURESOUL CARE,PureSoul Care Ltd,1518.1,2,2026-05-20,2026-05-20,0,3036.2,1518.1,placement,Over500_2026_P02_-_published:1266;Over500_2026_P02_-_published:1269
WEST BERKSHIRE MENCAP,WEST BERKSHIRE MENCAP,1513.92,2,2026-07-15,2026-07-15,0,3027.84,1513.92,grant,Over500_2026_P04_-_published:662;Over500_2026_P04_-_published:864
WEST BERKSHIRE MENCAP,WEST BERKSHIRE MENCAP,1513.6,2,2026-07-15,2026-07-15,0,3027.2,1513.6,grant,Over500_2026_P04_-_published:660;Over500_2026_P04_-_published:867
CHILTERN WAY ACADEMY,CHILTERN WAY ACADEMY,1513.25,2,2026-06-30,2026-06-30,0,3026.5,1513.25,placement,Over500_2026_P03_-_published:2222;Over500_2026_P03_-_published:3097
CARE OUTLOOK,Care Outlook Ltd,1500.96,2,2026-07-01,2026-07-01,0,3001.92,1500.96,placement,Over500_2026_P04_-_published:2519;Over500_2026_P04_-_published:992
CARE OUTLOOK,Care Outlook Ltd,1500.95,2,2026-06-24,2026-06-24,0,3001.9,1500.95,placement,Over500_2026_P03_-_published:2814;Over500_2026_P03_-_published:888
DANIEL GRIFFITHS TA BLUEBIRD PASSENGER SERVICES,DANIEL GRIFFITHS T/A BLUEBIRD PASSENGER SERVICES,1500.0,2,2026-06-02,2026-06-02,0,3000.0,1500.0,general_procurement,Over500_2026_P03_-_published:324;Over500_2026_P03_-_published:332
DANIEL GRIFFITHS TA BLUEBIRD PASSENGER SERVICES,DANIEL GRIFFITHS T/A BLUEBIRD PASSENGER SERVICES,1500.0,2,2026-07-22,2026-07-22,0,3000.0,1500.0,general_procurement,Over500_2026_P04_-_published:163;Over500_2026_P04_-_published:240
DEVELOP MY CHILD,Develop My Child,1500.0,2,2026-07-16,2026-07-16,0,3000.0,1500.0,placement,Over500_2026_P04_-_published:3281;Over500_2026_P04_-_published:3805
WE ARE THE CARE COMPANY,We Are The Care Company Ltd,1499.4,2,2026-06-10,2026-06-10,0,2998.8,1499.4,placement,Over500_2026_P03_-_published:1058;Over500_2026_P03_-_published:2747
WE ARE THE CARE COMPANY,We Are The Care Company Ltd,1499.4,2,2026-07-08,2026-07-08,0,2998.8,1499.4,placement,Over500_2026_P04_-_published:1321;Over500_2026_P04_-_published:1370
THE YUME PROJECT,The Yume Project Ltd,1489.03,2,2026-06-24,2026-06-24,0,2978.06,1489.03,placement,Over500_2026_P03_-_published:1750;Over500_2026_P03_-_published:1751
COMPASS EXECUTIVE CARS UK,COMPASS EXECUTIVE CARS (UK) LTD,1485.0,2,2026-06-22,2026-06-22,0,2970.0,1485.0,general_procurement,Over500_2026_P03_-_published:195;Over500_2026_P03_-_published:331
ADDRESS ENTERPRISE,Address Enterprise Ltd,1469.41,2,2026-05-20,2026-05-20,0,2938.82,1469.41,placement,Over500_2026_P02_-_published:1254;Over500_2026_P02_-_published:1301
COMFORT HARMONY CARE,Comfort Harmony Care Ltd,1434.52,2,2026-06-24,2026-06-24,0,2869.04,1434.52,placement,Over500_2026_P03_-_published:1157;Over500_2026_P03_-_published:2783
COMFORT HARMONY CARE,Comfort Harmony Care Ltd,1434.52,2,2026-07-08,2026-07-08,0,2869.04,1434.52,placement,Over500_2026_P04_-_published:1360;Over500_2026_P04_-_published:2044
COMFORT HARMONY CARE,Comfort Harmony Care Ltd,1434.52,2,2026-07-29,2026-07-29,0,2869.04,1434.52,placement,Over500_2026_P04_-_published:1558;Over500_2026_P04_-_published:1591
D OSTEEN TAD OSTEEN HOMECARE SUPPORT,D.Osteen Ltd t/a D.Osteen Homecare Support,1434.52,2,2026-07-01,2026-07-01,0,2869.04,1434.52,placement,Over500_2026_P04_-_published:1175;Over500_2026_P04_-_published:1199
D OSTEEN TAD OSTEEN HOMECARE SUPPORT,D.Osteen Ltd t/a D.Osteen Homecare Support,1434.52,2,2026-07-15,2026-07-15,0,2869.04,1434.52,placement,Over500_2026_P04_-_published:1527;Over500_2026_P04_-_published:1573
ENIRO CARE,Eniro Care Ltd,1434.52,2,2026-06-10,2026-06-10,0,2869.04,1434.52,placement,Over500_2026_P03_-_published:1086;Over500_2026_P03_-_published:1170
NOUBLES HEALTHCARE,Noubles Healthcare Ltd,1434.52,2,2026-07-29,2026-07-29,0,2869.04,1434.52,placement,Over500_2026_P04_-_published:1634;Over500_2026_P04_-_published:2286
ENIRO CARE,Eniro Care Ltd,1431.05,2,2026-06-03,2026-06-03,0,2862.1,1431.05,placement,Over500_2026_P03_-_published:2725;Over500_2026_P03_-_published:2726
ALL CARE GB,All-Care (GB) Ltd,1430.4,2,2026-05-20,2026-05-22,2,2860.8,1430.4,placement,Over500_2026_P02_-_published:1816;Over500_2026_P02_-_published:1451
THE NEWBURY COMMUNITY RESOURCE CENTRE,THE NEWBURY COMMUNITY RESOURCE CENTRE LTD,712.01,3,2026-05-20,2026-05-20,0,2136.03,1424.02,grant,Over500_2026_P02_-_published:798;Over500_2026_P02_-_published:805;Over500_2026_P02_-_published:831
BPR TRADING AS WE ARE LEAN AND AGILE,BPR Ltd trading as We Are Lean and Agile,1400.0,2,2026-06-09,2026-06-09,0,2800.0,1400.0,general_procurement,Over500_2026_P03_-_published:645;Over500_2026_P03_-_published:646
DANIEL GRIFFITHS TA BLUEBIRD PASSENGER SERVICES,DANIEL GRIFFITHS T/A BLUEBIRD PASSENGER SERVICES,1400.0,2,2026-05-08,2026-05-08,0,2800.0,1400.0,general_procurement,Over500_2026_P02_-_published:237;Over500_2026_P02_-_published:286
ASTON NURSING SERVICES,Aston Nursing Services LTD,1398.02,2,2026-06-03,2026-06-03,0,2796.04,1398.02,placement,Over500_2026_P03_-_published:2046;Over500_2026_P03_-_published:3062
ACORN HOME SUPPORT,Acorn Home Support Ltd,1397.4,2,2026-07-29,2026-07-29,0,2794.8,1397.4,placement,Over500_2026_P04_-_published:2816;Over500_2026_P04_-_published:3455
CAREMARK WEST BERKSHIRE AND READING,Caremark (West Berkshire & Reading),1386.0,2,2026-05-01,2026-05-01,0,2772.0,1386.0,placement,Over500_2026_P02_-_published:1084;Over500_2026_P02_-_published:1087
COMPASS EXECUTIVE CARS UK,COMPASS EXECUTIVE CARS (UK) LTD,1386.0,2,2026-05-13,2026-05-13,0,2772.0,1386.0,general_procurement,Over500_2026_P02_-_published:243;Over500_2026_P02_-_published:267
FD TRAVELS TA SCHOOL EXPRESS,FD TRAVELS LIMITED T/A SCHOOL EXPRESS,1380.0,2,2026-06-05,2026-06-05,0,2760.0,1380.0,general_procurement,Over500_2026_P03_-_published:164;Over500_2026_P03_-_published:333
HOUSING CARE 21,HOUSING CARE 21,679.68,3,2026-05-20,2026-05-20,0,2039.04,1359.36,placement,Over500_2026_P02_-_published:1380;Over500_2026_P02_-_published:1381;Over500_2026_P02_-_published:1382
UNITED DOMCILIARY AND SUPPORT SERVICES,UNITED DOMCILIARY AND SUPPORT SERVICES,1358.4,2,2026-06-03,2026-06-10,7,2716.8,1358.4,placement,Over500_2026_P03_-_published:1610;Over500_2026_P03_-_published:1579
SIMONE SURVEYS,Simone Surveys Ltd,678.13,3,2026-07-23,2026-07-23,0,2034.39,1356.26,general_procurement,Over500_2026_P04_-_published:1014;Over500_2026_P04_-_published:545;Over500_2026_P04_-_published:546
AFFINITY TRUST SUPPORT,Affinity Trust Support Ltd,675.08,3,2026-05-13,2026-05-13,0,2025.24,1350.16,placement,Over500_2026_P02_-_published:1722;Over500_2026_P02_-_published:1723;Over500_2026_P02_-_published:1724
AFFINITY TRUST SUPPORT,Affinity Trust Support Ltd,675.08,3,2026-07-29,2026-07-29,0,2025.24,1350.16,placement,Over500_2026_P04_-_published:2534;Over500_2026_P04_-_published:2584;Over500_2026_P04_-_published:3458
BRIDGE HOMES SUPPORT,Bridge Homes Support,1350.0,2,2026-07-02,2026-07-02,0,2700.0,1350.0,placement,Over500_2026_P04_-_published:3150;Over500_2026_P04_-_published:3736
CARE OUTLOOK,Care Outlook Ltd,1331.84,2,2026-07-01,2026-07-01,0,2663.68,1331.84,placement,Over500_2026_P04_-_published:1723;Over500_2026_P04_-_published:1738
CARE OUTLOOK,Care Outlook Ltd,1328.78,2,2026-05-20,2026-05-20,0,2657.56,1328.78,placement,Over500_2026_P02_-_published:1396;Over500_2026_P02_-_published:1449
FD TRAVELS TA SCHOOL EXPRESS,FD TRAVELS LIMITED T/A SCHOOL EXPRESS,1288.0,2,2026-05-13,2026-05-13,0,2576.0,1288.0,general_procurement,Over500_2026_P02_-_published:241;Over500_2026_P02_-_published:290
AERO PROPERTY CONSULTANTS,AERO PROPERTY CONSULTANTS,1280.0,2,2026-05-13,2026-05-13,0,2560.0,1280.0,general_procurement,Over500_2026_P02_-_published:754;Over500_2026_P02_-_published:756
ABI SUPPORT,Abi-support Ltd,637.56,3,2026-06-10,2026-06-17,7,1912.68,1275.12,placement,Over500_2026_P03_-_published:2694;Over500_2026_P03_-_published:2779;Over500_2026_P03_-_published:864
ABI SUPPORT,Abi-support Ltd,1275.12,2,2026-07-08,2026-07-08,0,2550.24,1275.12,placement,Over500_2026_P04_-_published:1346;Over500_2026_P04_-_published:1383
ABI SUPPORT,Abi-support Ltd,1275.12,2,2026-07-29,2026-07-29,0,2550.24,1275.12,placement,Over500_2026_P04_-_published:1627;Over500_2026_P04_-_published:1727
ENIRO CARE,Eniro Care Ltd,1275.12,2,2026-06-10,2026-06-10,0,2550.24,1275.12,placement,Over500_2026_P03_-_published:1128;Over500_2026_P03_-_published:1172
ENIRO CARE,Eniro Care Ltd,1275.12,2,2026-07-08,2026-07-08,0,2550.24,1275.12,placement,Over500_2026_P04_-_published:1342;Over500_2026_P04_-_published:2078
WE ARE THE CARE COMPANY,We Are The Care Company Ltd,637.56,3,2026-06-10,2026-06-10,0,1912.68,1275.12,placement,Over500_2026_P03_-_published:1067;Over500_2026_P03_-_published:1073;Over500_2026_P03_-_published:1074
WE ARE THE CARE COMPANY,We Are The Care Company Ltd,1275.12,2,2026-07-15,2026-07-15,0,2550.24,1275.12,placement,Over500_2026_P04_-_published:2723;Over500_2026_P04_-_published:2766
ALL CARE GB,All-Care (GB) Ltd,1255.77,2,2026-07-01,2026-07-08,7,2511.54,1255.77,placement,Over500_2026_P04_-_published:1022;Over500_2026_P04_-_published:1024
THE YUME PROJECT,The Yume Project Ltd,626.96,3,2026-07-15,2026-07-15,0,1880.88,1253.92,placement,Over500_2026_P04_-_published:2618;Over500_2026_P04_-_published:3483;Over500_2026_P04_-_published:3552
PERCEPTIVE ON LINE TA AMATIS NETWORKS,Perceptive On Line Ltd T/A Amatis Networks,1236.36,2,2026-05-06,2026-05-06,0,2472.72,1236.36,general_procurement,Over500_2026_P02_-_published:482;Over500_2026_P02_-_published:483
PERCEPTIVE ON LINE TA AMATIS NETWORKS,Perceptive On Line Ltd T/A Amatis Networks,1236.36,2,2026-06-30,2026-06-30,0,2472.72,1236.36,general_procurement,Over500_2026_P03_-_published:378;Over500_2026_P03_-_published:399
TENNENT HOMES 2019,Tennent Homes 2019 Limited,600.0,3,2026-05-06,2026-05-06,0,1800.0,1200.0,premises,Over500_2026_P02_-_published:71;Over500_2026_P02_-_published:74;Over500_2026_P02_-_published:75
TENNENT HOMES 2019,Tennent Homes 2019 Limited,600.0,3,2026-06-03,2026-06-03,0,1800.0,1200.0,premises,Over500_2026_P03_-_published:287;Over500_2026_P03_-_published:288;Over500_2026_P03_-_published:75
TENNENT HOMES 2019,Tennent Homes 2019 Limited,600.0,3,2026-07-08,2026-07-08,0,1800.0,1200.0,premises,Over500_2026_P04_-_published:105;Over500_2026_P04_-_published:385;Over500_2026_P04_-_published:89
READING REFUGEE SUPPORT GROUP,Reading Refugee Support Group,1198.35,2,2026-06-16,2026-06-16,0,2396.7,1198.35,general_procurement,Over500_2026_P03_-_published:2127;Over500_2026_P03_-_published:3077
CARNATION DAY CARE SERVICES,CARNATION DAY CARE SERVICES,596.52,3,2026-06-24,2026-06-24,0,1789.56,1193.04,placement,Over500_2026_P03_-_published:1361;Over500_2026_P03_-_published:1401;Over500_2026_P03_-_published:2820
CARE OUTLOOK,Care Outlook Ltd,591.92,3,2026-06-24,2026-07-01,7,1775.76,1183.84,placement,Over500_2026_P03_-_published:1297;Over500_2026_P03_-_published:934;Over500_2026_P04_-_published:1750
WE ARE THE CARE COMPANY,We Are The Care Company Ltd,1166.2,2,2026-07-29,2026-07-29,0,2332.4,1166.2,placement,Over500_2026_P04_-_published:1605;Over500_2026_P04_-_published:1684
CARE OUTLOOK,Care Outlook Ltd,570.8,3,2026-06-24,2026-07-01,7,1712.4,1141.6,placement,Over500_2026_P03_-_published:1321;Over500_2026_P03_-_published:2698;Over500_2026_P04_-_published:998
NOUBLES HEALTHCARE,Noubles Healthcare Ltd,1138.49,2,2026-07-08,2026-07-08,0,2276.98,1138.49,placement,Over500_2026_P04_-_published:1353;Over500_2026_P04_-_published:2042
CONNICK TREE CARE,CONNICK TREE CARE,1133.0,2,2026-05-22,2026-05-28,6,2266.0,1133.0,premises,Over500_2026_P02_-_published:192;Over500_2026_P02_-_published:196
PURLEY PARK TRUST,PURLEY PARK TRUST LTD,563.67,3,2026-07-17,2026-07-17,0,1691.01,1127.34,placement,Over500_2026_P04_-_published:2599;Over500_2026_P04_-_published:2645;Over500_2026_P04_-_published:3560
ENIRO CARE,Eniro Care Ltd,1115.76,2,2026-07-29,2026-07-29,0,2231.52,1115.76,placement,Over500_2026_P04_-_published:1551;Over500_2026_P04_-_published:1713
ABI SUPPORT,Abi-support Ltd,1115.72,2,2026-07-01,2026-07-08,7,2231.44,1115.72,placement,Over500_2026_P04_-_published:1978;Over500_2026_P04_-_published:1344
COMFORT HARMONY CARE,Comfort Harmony Care Ltd,1115.72,2,2026-07-29,2026-07-29,0,2231.44,1115.72,placement,Over500_2026_P04_-_published:1636;Over500_2026_P04_-_published:2289
ENIRO CARE,Eniro Care Ltd,1115.72,2,2026-06-10,2026-06-10,0,2231.44,1115.72,placement,Over500_2026_P03_-_published:1168;Over500_2026_P03_-_published:2760
GOLDCREST CARE SERVICES,Goldcrest Care Services,1115.72,2,2026-07-15,2026-07-17,2,2231.44,1115.72,placement,Over500_2026_P04_-_published:1579;Over500_2026_P04_-_published:2215
NOUBLES HEALTHCARE,Noubles Healthcare Ltd,1115.72,2,2026-07-08,2026-07-08,0,2231.44,1115.72,placement,Over500_2026_P04_-_published:1217;Over500_2026_P04_-_published:1260
NOUBLES HEALTHCARE,Noubles Healthcare Ltd,1115.72,2,2026-07-29,2026-07-29,0,2231.44,1115.72,placement,Over500_2026_P04_-_published:1553;Over500_2026_P04_-_published:1635
TOPLINE CARE SOLUTIONS,Topline Care Solutions Ltd,1115.72,2,2026-06-24,2026-06-24,0,2231.44,1115.72,placement,Over500_2026_P03_-_published:2787;Over500_2026_P03_-_published:2788
TOPLINE CARE SOLUTIONS,Topline Care Solutions Ltd,1115.72,2,2026-07-08,2026-07-08,0,2231.44,1115.72,placement,Over500_2026_P04_-_published:2048;Over500_2026_P04_-_published:2050
TOPLINE CARE SOLUTIONS,Topline Care Solutions Ltd,1115.72,2,2026-07-29,2026-07-29,0,2231.44,1115.72,placement,Over500_2026_P04_-_published:1603;Over500_2026_P04_-_published:2360
ACORN HOME SUPPORT,Acorn Home Support Ltd,557.38,3,2026-05-13,2026-05-13,0,1672.14,1114.76,placement,Over500_2026_P02_-_published:1740;Over500_2026_P02_-_published:1918;Over500_2026_P02_-_published:923
TEONFA,Teonfa Ltd,1114.76,2,2026-06-24,2026-06-24,0,2229.52,1114.76,placement,Over500_2026_P03_-_published:1239;Over500_2026_P03_-_published:1394
NOUBLES HEALTHCARE,Noubles Healthcare Ltd,1113.03,2,2026-05-20,2026-05-20,0,2226.06,1113.03,placement,Over500_2026_P02_-_published:1230;Over500_2026_P02_-_published:1242
BEST PINNACLE CARE,Best Pinnacle Care Ltd,1092.96,2,2026-07-01,2026-07-01,0,2185.92,1092.96,placement,Over500_2026_P04_-_published:2741;Over500_2026_P04_-_published:2769
BEST PINNACLE CARE,Best Pinnacle Care Ltd,1092.96,2,2026-07-15,2026-07-15,0,2185.92,1092.96,placement,Over500_2026_P04_-_published:2721;Over500_2026_P04_-_published:3638
YOUR SERENITY,Your Serenity Ltd,546.48,3,2026-07-01,2026-07-15,7,1639.44,1092.96,placement,Over500_2026_P04_-_published:1168;Over500_2026_P04_-_published:1227;Over500_2026_P04_-_published:2837
NOUBLES HEALTHCARE,Noubles Healthcare Ltd,1090.26,2,2026-05-20,2026-05-20,0,2180.52,1090.26,placement,Over500_2026_P02_-_published:1228;Over500_2026_P02_-_published:1313
BERKSHIRE MECHANICAL SERVICES,BERKSHIRE MECHANICAL SERVICES,545.0,3,2026-05-07,2026-05-12,5,1635.0,1090.0,premises,Over500_2026_P02_-_published:30;Over500_2026_P02_-_published:38;Over500_2026_P02_-_published:39
PURLEY PARK TRUST,PURLEY PARK TRUST LTD,544.59,3,2026-07-29,2026-07-29,0,1633.77,1089.18,placement,Over500_2026_P04_-_published:2600;Over500_2026_P04_-_published:2601;Over500_2026_P04_-_published:2690
BEST PINNACLE CARE,Best Pinnacle Care Ltd,1086.03,2,2026-06-10,2026-06-10,0,2172.06,1086.03,placement,Over500_2026_P03_-_published:2982;Over500_2026_P03_-_published:2988
WE ARE THE CARE COMPANY,We Are The Care Company Ltd,1082.9,2,2026-05-06,2026-05-06,0,2165.8,1082.9,placement,Over500_2026_P02_-_published:1129;Over500_2026_P02_-_published:882
NOUBLES HEALTHCARE,Noubles Healthcare Ltd,1078.0,2,2026-05-01,2026-05-01,0,2156.0,1078.0,placement,Over500_2026_P02_-_published:1079;Over500_2026_P02_-_published:1080
NOUBLES HEALTHCARE,Noubles Healthcare Ltd,1075.89,2,2026-06-10,2026-06-10,0,2151.78,1075.89,placement,Over500_2026_P03_-_published:1051;Over500_2026_P03_-_published:1052
PURESOUL CARE,PureSoul Care Ltd,1065.28,2,2026-06-17,2026-06-17,0,2130.56,1065.28,placement,Over500_2026_P03_-_published:1178;Over500_2026_P03_-_published:1368
CARNATION DAY CARE SERVICES,CARNATION DAY CARE SERVICES,530.24,3,2026-06-03,2026-06-03,0,1590.72,1060.48,placement,Over500_2026_P03_-_published:1459;Over500_2026_P03_-_published:1563;Over500_2026_P03_-_published:2818
ALL CARE GB,All-Care (GB) Ltd,518.21,3,2026-07-01,2026-07-08,7,1554.63,1036.42,placement,Over500_2026_P04_-_published:1023;Over500_2026_P04_-_published:1064;Over500_2026_P04_-_published:1756
WE ARE THE CARE COMPANY,We Are The Care Company Ltd,1036.03,2,2026-05-06,2026-05-06,0,2072.06,1036.03,placement,Over500_2026_P02_-_published:1138;Over500_2026_P02_-_published:1152
ALL CARE GB,All-Care (GB) Ltd,1031.52,2,2026-06-24,2026-07-01,7,2063.04,1031.52,placement,Over500_2026_P03_-_published:847;Over500_2026_P04_-_published:891
ALL CARE GB,All-Care (GB) Ltd,515.7,3,2026-05-27,2026-06-03,7,1547.1,1031.4,placement,Over500_2026_P02_-_published:951;Over500_2026_P03_-_published:889;Over500_2026_P03_-_published:913
INTERAKT COMMUNITY,Interakt Community Limited,512.01,3,2026-06-17,2026-06-17,0,1536.03,1024.02,placement,Over500_2026_P03_-_published:1727;Over500_2026_P03_-_published:1745;Over500_2026_P03_-_published:2966
THE YUME PROJECT,The Yume Project Ltd,1018.81,2,2026-06-03,2026-06-03,0,2037.62,1018.81,placement,Over500_2026_P03_-_published:1670;Over500_2026_P03_-_published:2963
THE YUME PROJECT,The Yume Project Ltd,1018.81,2,2026-06-17,2026-06-17,0,2037.62,1018.81,placement,Over500_2026_P03_-_published:1744;Over500_2026_P03_-_published:1796
AMR CONSULT,AMR CONSULT LTD,1007.0,2,2026-05-18,2026-05-18,0,2014.0,1007.0,general_procurement,Over500_2026_P02_-_published:752;Over500_2026_P02_-_published:753
ASTON NURSING SERVICES,Aston Nursing Services LTD,1006.24,2,2026-05-06,2026-05-06,0,2012.48,1006.24,grant,Over500_2026_P02_-_published:861;Over500_2026_P02_-_published:862
IV CARE TA GOOD OAKS HOME CARE READING,I.V Care Limited t/a Good Oaks Home Care (Reading),1001.88,2,2026-06-24,2026-07-01,7,2003.76,1001.88,placement,Over500_2026_P03_-_published:1562;Over500_2026_P04_-_published:1979
KENNET VALLEY CATERPILLARS,KENNET VALLEY CATERPILLARS,1000.0,2,2026-07-02,2026-07-02,0,2000.0,1000.0,grant,Over500_2026_P04_-_published:1263;Over500_2026_P04_-_published:764
THE NEWBURY COMMUNITY RESOURCE CENTRE,THE NEWBURY COMMUNITY RESOURCE CENTRE LTD,985.86,2,2026-05-20,2026-05-20,0,1971.72,985.86,grant,Over500_2026_P02_-_published:792;Over500_2026_P02_-_published:795
WE ARE THE CARE COMPANY,We Are The Care Company Ltd,984.81,2,2026-07-29,2026-07-29,0,1969.62,984.81,placement,Over500_2026_P04_-_published:1672;Over500_2026_P04_-_published:2655
MAISHA STAFFING SOLUTIONS,MAISHA STAFFING SOLUTIONS LTD,975.0,2,2026-07-29,2026-07-29,0,1950.0,975.0,general_procurement,Over500_2026_P04_-_published:282;Over500_2026_P04_-_published:432
ASTON NURSING SERVICES,Aston Nursing Services LTD,969.67,2,2026-05-19,2026-05-19,0,1939.34,969.67,placement,Over500_2026_P02_-_published:2072;Over500_2026_P02_-_published:2073
ALL CARE GB,All-Care (GB) Ltd,956.36,2,2026-07-29,2026-07-29,0,1912.72,956.36,placement,Over500_2026_P04_-_published:1900;Over500_2026_P04_-_published:2122
BEST PINNACLE CARE,Best Pinnacle Care Ltd,956.36,2,2026-06-24,2026-06-24,0,1912.72,956.36,placement,Over500_2026_P03_-_published:1769;Over500_2026_P03_-_published:2980
BEST PINNACLE CARE,Best Pinnacle Care Ltd,956.36,2,2026-07-15,2026-07-15,0,1912.72,956.36,placement,Over500_2026_P04_-_published:2722;Over500_2026_P04_-_published:3628
BEST PINNACLE CARE,Best Pinnacle Care Ltd,956.36,2,2026-07-29,2026-07-29,0,1912.72,956.36,placement,Over500_2026_P04_-_published:2739;Over500_2026_P04_-_published:2744
NOUBLES HEALTHCARE,Noubles Healthcare Ltd,956.36,2,2026-06-10,2026-06-10,0,1912.72,956.36,placement,Over500_2026_P03_-_published:1117;Over500_2026_P03_-_published:2737
TOPLINE CARE SOLUTIONS,Topline Care Solutions Ltd,956.36,2,2026-06-24,2026-06-24,0,1912.72,956.36,placement,Over500_2026_P03_-_published:1162;Over500_2026_P03_-_published:1223
TOPLINE CARE SOLUTIONS,Topline Care Solutions Ltd,956.36,2,2026-07-29,2026-07-29,0,1912.72,956.36,placement,Over500_2026_P04_-_published:1662;Over500_2026_P04_-_published:1679
YOUR SERENITY,Your Serenity Ltd,956.36,2,2026-07-01,2026-07-08,7,1912.72,956.36,placement,Over500_2026_P04_-_published:890;Over500_2026_P04_-_published:929
NOUBLES HEALTHCARE,Noubles Healthcare Ltd,954.05,2,2026-05-20,2026-05-20,0,1908.1,954.05,placement,Over500_2026_P02_-_published:1233;Over500_2026_P02_-_published:1244
YOUR SERENITY,Your Serenity Ltd,949.96,2,2026-07-01,2026-07-08,7,1899.92,949.96,placement,Over500_2026_P04_-_published:1857;Over500_2026_P04_-_published:2047
THE YUME PROJECT,The Yume Project Ltd,940.44,2,2026-07-15,2026-07-15,0,1880.88,940.44,placement,Over500_2026_P04_-_published:2616;Over500_2026_P04_-_published:2639
AFFINITY TRUST SUPPORT,Affinity Trust Support Ltd,940.42,2,2026-06-03,2026-06-03,0,1880.84,940.42,placement,Over500_2026_P03_-_published:1523;Over500_2026_P03_-_published:1613
TRANSPARENT CARE,Transparent Care Ltd,933.48,2,2026-07-08,2026-07-08,0,1866.96,933.48,placement,Over500_2026_P04_-_published:2613;Over500_2026_P04_-_published:2614
WEST BERKSHIRE MENCAP,WEST BERKSHIRE MENCAP,895.14,2,2026-05-20,2026-05-20,0,1790.28,895.14,grant,Over500_2026_P02_-_published:820;Over500_2026_P02_-_published:822
GLEN CLEANING COMPANY,Glen Cleaning Company Ltd,891.09,2,2026-07-03,2026-07-06,3,1782.18,891.09,premises,Over500_2026_P04_-_published:144;Over500_2026_P04_-_published:145
ALL CARE GB,All-Care (GB) Ltd,888.36,2,2026-07-01,2026-07-01,0,1776.72,888.36,placement,Over500_2026_P04_-_published:1065;Over500_2026_P04_-_published:1754
WE ARE THE CARE COMPANY,We Are The Care Company Ltd,888.05,2,2026-05-06,2026-05-06,0,1776.1,888.05,placement,Over500_2026_P02_-_published:1118;Over500_2026_P02_-_published:1428
CARE OUTLOOK,Care Outlook Ltd,887.88,2,2026-06-24,2026-07-01,7,1775.76,887.88,placement,Over500_2026_P03_-_published:2817;Over500_2026_P04_-_published:1703
ABI SUPPORT,Abi-support Ltd,880.0,2,2026-05-06,2026-05-06,0,1760.0,880.0,placement,Over500_2026_P02_-_published:1365;Over500_2026_P02_-_published:1426
AFFINITY TRUST SUPPORT,Affinity Trust Support Ltd,880.0,2,2026-05-22,2026-05-22,0,1760.0,880.0,placement,Over500_2026_P02_-_published:1803;Over500_2026_P02_-_published:1804
AFFINITY TRUST SUPPORT,Affinity Trust Support Ltd,880.0,2,2026-06-24,2026-07-01,7,1760.0,880.0,placement,Over500_2026_P03_-_published:1665;Over500_2026_P04_-_published:2344
SIKANDAR HAYAT TA PROMPT CARS,Sikandar Hayat t/a Prompt Cars,880.0,2,2026-07-21,2026-07-21,0,1760.0,880.0,general_procurement,Over500_2026_P04_-_published:226;Over500_2026_P04_-_published:272
PRIMANAGE,PRIMANAGE LTD,869.93,2,2026-06-09,2026-06-09,0,1739.86,869.93,premises,Over500_2026_P03_-_published:103;Over500_2026_P03_-_published:89
HOUSING CARE 21,HOUSING CARE 21,869.52,2,2026-05-20,2026-05-20,0,1739.04,869.52,placement,Over500_2026_P02_-_published:1384;Over500_2026_P02_-_published:1385
CARE OUTLOOK,Care Outlook Ltd,845.6,2,2026-06-24,2026-07-01,7,1691.2,845.6,placement,Over500_2026_P03_-_published:933;Over500_2026_P04_-_published:973
WE ARE THE CARE COMPANY,We Are The Care Company Ltd,833.0,2,2026-06-10,2026-06-10,0,1666.0,833.0,placement,Over500_2026_P03_-_published:1110;Over500_2026_P03_-_published:1118
WE ARE THE CARE COMPANY,We Are The Care Company Ltd,833.0,2,2026-07-29,2026-07-29,0,1666.0,833.0,placement,Over500_2026_P04_-_published:2365;Over500_2026_P04_-_published:2366
ALL CARE GB,All-Care (GB) Ltd,814.33,2,2026-07-01,2026-07-08,7,1628.66,814.33,placement,Over500_2026_P04_-_published:1054;Over500_2026_P04_-_published:1755
VOYAGE CARE,VOYAGE CARE,811.96,2,2026-07-15,2026-07-22,7,1623.92,811.96,placement,Over500_2026_P04_-_published:2174;Over500_2026_P04_-_published:2200
BERKSHIRE MECHANICAL SERVICES,BERKSHIRE MECHANICAL SERVICES,800.0,2,2026-07-03,2026-07-06,3,1600.0,800.0,premises,Over500_2026_P04_-_published:146;Over500_2026_P04_-_published:78
PIED PIPER PRE SCHOOL,PIED PIPER PRE-SCHOOL,800.0,2,2026-07-02,2026-07-03,1,1600.0,800.0,grant,Over500_2026_P04_-_published:763;Over500_2026_P04_-_published:702
COMFORT HARMONY CARE,Comfort Harmony Care Ltd,796.96,2,2026-06-24,2026-06-24,0,1593.92,796.96,placement,Over500_2026_P03_-_published:1190;Over500_2026_P03_-_published:1191
ENIRO CARE,Eniro Care Ltd,796.96,2,2026-06-10,2026-06-10,0,1593.92,796.96,placement,Over500_2026_P03_-_published:2759;Over500_2026_P03_-_published:2761
IV CARE TA GOOD OAKS HOME CARE READING,I.V Care Limited t/a Good Oaks Home Care (Reading),796.96,2,2026-07-29,2026-07-29,0,1593.92,796.96,placement,Over500_2026_P04_-_published:1598;Over500_2026_P04_-_published:1620
NOUBLES HEALTHCARE,Noubles Healthcare Ltd,796.96,2,2026-07-29,2026-07-29,0,1593.92,796.96,placement,Over500_2026_P04_-_published:2285;Over500_2026_P04_-_published:2749
WE ARE THE CARE COMPANY,We Are The Care Company Ltd,796.96,2,2026-06-24,2026-06-24,0,1593.92,796.96,placement,Over500_2026_P03_-_published:1264;Over500_2026_P03_-_published:2793
TEONFA,Teonfa Ltd,796.24,2,2026-06-24,2026-06-24,0,1592.48,796.24,placement,Over500_2026_P03_-_published:1206;Over500_2026_P03_-_published:2797
TEONFA,Teonfa Ltd,796.24,2,2026-07-15,2026-07-15,0,1592.48,796.24,placement,Over500_2026_P04_-_published:1438;Over500_2026_P04_-_published:1501
ENIRO CARE,Eniro Care Ltd,795.03,2,2026-06-03,2026-06-03,0,1590.06,795.03,placement,Over500_2026_P03_-_published:1043;Over500_2026_P03_-_published:1044
TEONFA,Teonfa Ltd,794.32,2,2026-05-13,2026-05-13,0,1588.64,794.32,placement,Over500_2026_P02_-_published:1183;Over500_2026_P02_-_published:1184
BLOOMFIELD CARE,Bloomfield Care Ltd,794.12,2,2026-06-03,2026-06-03,0,1588.24,794.12,placement,Over500_2026_P03_-_published:1031;Over500_2026_P03_-_published:1499
ALL CARE GB,All-Care (GB) Ltd,789.34,2,2026-05-20,2026-05-20,0,1578.68,789.34,placement,Over500_2026_P02_-_published:1290;Over500_2026_P02_-_published:1293
IV CARE TA GOOD OAKS HOME CARE READING,I.V Care Limited t/a Good Oaks Home Care (Reading),785.58,2,2026-06-24,2026-07-01,7,1571.16,785.58,placement,Over500_2026_P03_-_published:1263;Over500_2026_P04_-_published:1250
AFFINITY TRUST SUPPORT,Affinity Trust Support Ltd,783.38,2,2026-06-24,2026-06-24,0,1566.76,783.38,placement,Over500_2026_P03_-_published:1541;Over500_2026_P03_-_published:2939
INTERAKT COMMUNITY,Interakt Community Limited,780.97,2,2026-06-17,2026-06-17,0,1561.94,780.97,placement,Over500_2026_P03_-_published:1799;Over500_2026_P03_-_published:2968
ALL CARE GB,All-Care (GB) Ltd,779.88,2,2026-07-15,2026-07-15,0,1559.76,779.88,placement,Over500_2026_P04_-_published:1466;Over500_2026_P04_-_published:1485
INTERAKT COMMUNITY,Interakt Community Limited,772.69,2,2026-07-15,2026-07-15,0,1545.38,772.69,placement,Over500_2026_P04_-_published:2597;Over500_2026_P04_-_published:2598
THE YUME PROJECT,The Yume Project Ltd,762.45,2,2026-07-15,2026-07-15,0,1524.9,762.45,placement,Over500_2026_P04_-_published:2642;Over500_2026_P04_-_published:3484
PURESOUL CARE,PureSoul Care Ltd,760.92,2,2026-06-17,2026-06-24,7,1521.84,760.92,placement,Over500_2026_P03_-_published:1146;Over500_2026_P03_-_published:1198
WEST BERKSHIRE MENCAP,WEST BERKSHIRE MENCAP,758.52,2,2026-07-15,2026-07-15,0,1517.04,758.52,grant,Over500_2026_P04_-_published:658;Over500_2026_P04_-_published:865
ADDRESS ENTERPRISE,Address Enterprise Ltd,754.01,2,2026-07-01,2026-07-08,7,1508.02,754.01,placement,Over500_2026_P04_-_published:1248;Over500_2026_P04_-_published:3732
TENNENT HOMES 2019,Tennent Homes 2019 Limited,750.0,2,2026-05-06,2026-05-06,0,1500.0,750.0,premises,Over500_2026_P02_-_published:72;Over500_2026_P02_-_published:73
TENNENT HOMES 2019,Tennent Homes 2019 Limited,750.0,2,2026-06-03,2026-06-03,0,1500.0,750.0,premises,Over500_2026_P03_-_published:286;Over500_2026_P03_-_published:289
TENNENT HOMES 2019,Tennent Homes 2019 Limited,750.0,2,2026-07-08,2026-07-08,0,1500.0,750.0,premises,Over500_2026_P04_-_published:386;Over500_2026_P04_-_published:72
COMPASS EXECUTIVE CARS UK,COMPASS EXECUTIVE CARS (UK) LTD,744.0,2,2026-06-17,2026-06-22,5,1488.0,744.0,general_procurement,Over500_2026_P03_-_published:192;Over500_2026_P03_-_published:202
READING REFUGEE SUPPORT GROUP,Reading Refugee Support Group,743.09,2,2026-06-12,2026-06-17,5,1486.18,743.09,general_procurement,Over500_2026_P03_-_published:2114;Over500_2026_P03_-_published:3078
NOUBLES HEALTHCARE,Noubles Healthcare Ltd,726.0,2,2026-05-06,2026-05-06,0,1452.0,726.0,placement,Over500_2026_P02_-_published:1093;Over500_2026_P02_-_published:1096
INTERAKT COMMUNITY,Interakt Community Limited,707.52,2,2026-06-03,2026-06-10,7,1415.04,707.52,placement,Over500_2026_P03_-_published:1791;Over500_2026_P03_-_published:1743
AFFINITY TRUST SUPPORT,Affinity Trust Support Ltd,704.0,2,2026-06-24,2026-07-01,7,1408.0,704.0,placement,Over500_2026_P03_-_published:1875;Over500_2026_P04_-_published:3066
EDGE TRAINING AND CONSULTANCY,EDGE TRAINING AND CONSULTANCY LTD,700.0,2,2026-07-29,2026-07-29,0,1400.0,700.0,general_procurement,Over500_2026_P04_-_published:15;Over500_2026_P04_-_published:548
PURESOUL CARE,PureSoul Care Ltd,684.82,2,2026-07-15,2026-07-15,0,1369.64,684.82,placement,Over500_2026_P04_-_published:1809;Over500_2026_P04_-_published:2091
DIMENSIONS NSO,DIMENSIONS (NSO) LTD,684.04,2,2026-07-22,2026-07-22,0,1368.08,684.04,placement,Over500_2026_P04_-_published:2470;Over500_2026_P04_-_published:2500
DIMENSIONS NSO,DIMENSIONS (NSO) LTD,683.92,2,2026-07-22,2026-07-22,0,1367.84,683.92,placement,Over500_2026_P04_-_published:2475;Over500_2026_P04_-_published:2504
DIMENSIONS NSO,DIMENSIONS (NSO) LTD,683.76,2,2026-07-22,2026-07-22,0,1367.52,683.76,placement,Over500_2026_P04_-_published:2477;Over500_2026_P04_-_published:3046
YOUR SERENITY,Your Serenity Ltd,666.72,2,2026-07-01,2026-07-08,7,1333.44,666.72,placement,Over500_2026_P04_-_published:1776;Over500_2026_P04_-_published:1815
DIMENSIONS NSO,DIMENSIONS (NSO) LTD,660.8,2,2026-07-22,2026-07-22,0,1321.6,660.8,placement,Over500_2026_P04_-_published:2450;Over500_2026_P04_-_published:2462
DIMENSIONS NSO,DIMENSIONS (NSO) LTD,660.68,2,2026-07-22,2026-07-22,0,1321.36,660.68,placement,Over500_2026_P04_-_published:2449;Over500_2026_P04_-_published:2463
DIMENSIONS NSO,DIMENSIONS (NSO) LTD,660.52,2,2026-07-22,2026-07-22,0,1321.04,660.52,placement,Over500_2026_P04_-_published:2494;Over500_2026_P04_-_published:3042
CEDAR HOPE CARE SERVICES,Cedar Hope Care Services Ltd,658.56,2,2026-07-22,2026-07-29,7,1317.12,658.56,placement,Over500_2026_P04_-_published:3044;Over500_2026_P04_-_published:2517
THE NEWBURY COMMUNITY RESOURCE CENTRE,THE NEWBURY COMMUNITY RESOURCE CENTRE LTD,657.24,2,2026-05-20,2026-05-20,0,1314.48,657.24,grant,Over500_2026_P02_-_published:797;Over500_2026_P02_-_published:802
INDEPENDENCE WITH DIGNITY SUPPORT SERVICES,INDEPENDENCE WITH DIGNITY SUPPORT SERVICES LTD,644.28,2,2026-07-08,2026-07-08,0,1288.56,644.28,placement,Over500_2026_P04_-_published:1228;Over500_2026_P04_-_published:3010
INDEPENDENCE WITH DIGNITY SUPPORT SERVICES,INDEPENDENCE WITH DIGNITY SUPPORT SERVICES LTD,644.28,2,2026-07-22,2026-07-29,7,1288.56,644.28,placement,Over500_2026_P04_-_published:2128;Over500_2026_P04_-_published:1638
ELITE SECURITY GROUP,ELITE SECURITY GROUP,641.08,2,2026-07-07,2026-07-07,0,1282.16,641.08,premises,Over500_2026_P04_-_published:24;Over500_2026_P04_-_published:68
SIKANDAR HAYAT TA PROMPT CARS,Sikandar Hayat t/a Prompt Cars,640.0,2,2026-07-08,2026-07-08,0,1280.0,640.0,general_procurement,Over500_2026_P04_-_published:159;Over500_2026_P04_-_published:463
ENIRO CARE,Eniro Care Ltd,637.56,2,2026-06-10,2026-06-10,0,1275.12,637.56,placement,Over500_2026_P03_-_published:1127;Over500_2026_P03_-_published:2695
ENIRO CARE,Eniro Care Ltd,637.56,2,2026-07-08,2026-07-08,0,1275.12,637.56,placement,Over500_2026_P04_-_published:1340;Over500_2026_P04_-_published:934
ENIRO CARE,Eniro Care Ltd,637.56,2,2026-07-29,2026-07-29,0,1275.12,637.56,placement,Over500_2026_P04_-_published:1715;Over500_2026_P04_-_published:991
WE ARE THE CARE COMPANY,We Are The Care Company Ltd,637.56,2,2026-07-08,2026-07-08,0,1275.12,637.56,placement,Over500_2026_P04_-_published:1332;Over500_2026_P04_-_published:2062
WE ARE THE CARE COMPANY,We Are The Care Company Ltd,637.56,2,2026-07-29,2026-07-29,0,1275.12,637.56,placement,Over500_2026_P04_-_published:1669;Over500_2026_P04_-_published:1689
TEONFA,Teonfa Ltd,637.0,2,2026-06-24,2026-07-01,7,1274.0,637.0,placement,Over500_2026_P03_-_published:1205;Over500_2026_P04_-_published:1027
TEONFA,Teonfa Ltd,637.0,2,2026-07-15,2026-07-15,0,1274.0,637.0,placement,Over500_2026_P04_-_published:1436;Over500_2026_P04_-_published:1523
TEONFA,Teonfa Ltd,637.0,2,2026-07-29,2026-07-29,0,1274.0,637.0,placement,Over500_2026_P04_-_published:1601;Over500_2026_P04_-_published:1621
GOLDCREST CARE SERVICES,Goldcrest Care Services,626.18,2,2026-06-24,2026-07-01,7,1252.36,626.18,placement,Over500_2026_P03_-_published:1316;Over500_2026_P04_-_published:1220
THE A PROJECT,THE A PROJECT,625.0,2,2026-06-11,2026-06-11,0,1250.0,625.0,agency_staff,Over500_2026_P03_-_published:6;Over500_2026_P03_-_published:8
ALL CARE GB,All-Care (GB) Ltd,601.72,2,2026-06-24,2026-07-01,7,1203.44,601.72,placement,Over500_2026_P03_-_published:1315;Over500_2026_P04_-_published:1733
BRIGHTER LIVING CARE,Brighter Living Care Ltd,600.0,2,2026-07-22,2026-07-29,7,1200.0,600.0,placement,Over500_2026_P04_-_published:2473;Over500_2026_P04_-_published:2635
MR I GRAHAM TA COMMUNITY SAFETY TRAINING,MR I GRAHAM T/A Community Safety Training,600.0,2,2026-06-01,2026-06-01,0,1200.0,600.0,general_procurement,Over500_2026_P03_-_published:24;Over500_2026_P03_-_published:25
WE ARE THE CARE COMPANY,We Are The Care Company Ltd,592.02,2,2026-05-06,2026-05-06,0,1184.04,592.02,placement,Over500_2026_P02_-_published:1123;Over500_2026_P02_-_published:1145
ALL CARE GB,All-Care (GB) Ltd,589.73,2,2026-05-20,2026-05-20,0,1179.46,589.73,placement,Over500_2026_P02_-_published:1412;Over500_2026_P02_-_published:1818
MAISHA STAFFING SOLUTIONS,MAISHA STAFFING SOLUTIONS LTD,585.0,2,2026-05-28,2026-05-28,0,1170.0,585.0,general_procurement,Over500_2026_P02_-_published:226;Over500_2026_P02_-_published:227
MAISHA STAFFING SOLUTIONS,MAISHA STAFFING SOLUTIONS LTD,585.0,2,2026-06-24,2026-06-24,0,1170.0,585.0,general_procurement,Over500_2026_P03_-_published:198;Over500_2026_P03_-_published:322
ALL CARE GB,All-Care (GB) Ltd,571.2,2,2026-07-15,2026-07-15,0,1142.4,571.2,placement,Over500_2026_P04_-_published:1431;Over500_2026_P04_-_published:2763
ENIRO CARE,Eniro Care Ltd,569.24,2,2026-06-10,2026-06-10,0,1138.48,569.24,placement,Over500_2026_P03_-_published:1169;Over500_2026_P03_-_published:2826
CARELINE,CARELINE,568.91,2,2026-07-15,2026-07-15,0,1137.82,568.91,placement,Over500_2026_P04_-_published:2412;Over500_2026_P04_-_published:2460
TOPLINE CARE SOLUTIONS,Topline Care Solutions Ltd,568.56,2,2026-05-13,2026-05-20,7,1137.12,568.56,placement,Over500_2026_P02_-_published:1867;Over500_2026_P02_-_published:1868
THE PINES RESIDENTIAL CARE HOME,The Pines Residential Care Home,562.24,2,2026-07-08,2026-07-08,0,1124.48,562.24,placement,Over500_2026_P04_-_published:2143;Over500_2026_P04_-_published:2144
MARK DILLON TA PENMAR TRANSPORT,Mark Dillon t/a Penmar Transport Ltd,560.0,2,2026-06-03,2026-06-10,7,1120.0,560.0,placement,Over500_2026_P03_-_published:1741;Over500_2026_P03_-_published:1724
ACORN HOME SUPPORT,Acorn Home Support Ltd,558.96,2,2026-05-13,2026-05-13,0,1117.92,558.96,placement,Over500_2026_P02_-_published:1915;Over500_2026_P02_-_published:924
STEP BY STEP PARTNERSHIP,STEP BY STEP PARTNERSHIP LTD,557.1,2,2026-07-22,2026-07-23,1,1114.2,557.1,placement,Over500_2026_P04_-_published:3153;Over500_2026_P04_-_published:3117
ELITE SECURITY GROUP,ELITE SECURITY GROUP,553.66,2,2026-06-02,2026-06-05,3,1107.32,553.66,premises,Over500_2026_P03_-_published:30;Over500_2026_P03_-_published:283
IV CARE TA GOOD OAKS HOME CARE READING,I.V Care Limited t/a Good Oaks Home Care (Reading),546.49,2,2026-07-29,2026-07-29,0,1092.98,546.49,placement,Over500_2026_P04_-_published:1597;Over500_2026_P04_-_published:967
APPLE ORCHARD,APPLE ORCHARD,543.32,2,2026-07-22,2026-07-22,0,1086.64,543.32,placement,Over500_2026_P04_-_published:2176;Over500_2026_P04_-_published:2953
STEP BY STEP PARTNERSHIP,STEP BY STEP PARTNERSHIP LTD,538.53,2,2026-07-23,2026-07-23,0,1077.06,538.53,placement,Over500_2026_P04_-_published:3206;Over500_2026_P04_-_published:3229
COMPLETE BUSINESS SOLUTIONS GROUP UK,COMPLETE BUSINESS SOLUTIONS GROUP UK LTD,536.57,2,2026-05-13,2026-05-18,5,1073.14,536.57,premises,Over500_2026_P02_-_published:171;Over500_2026_P02_-_published:172
CONNICK TREE CARE,CONNICK TREE CARE,535.6,2,2026-07-28,2026-07-31,3,1071.2,535.6,premises,Over500_2026_P04_-_published:410;Over500_2026_P04_-_published:152
DIMENSIONS NSO,DIMENSIONS (NSO) LTD,528.0,2,2026-07-22,2026-07-22,0,1056.0,528.0,placement,Over500_2026_P04_-_published:2493;Over500_2026_P04_-_published:3040
THE YUME PROJECT,The Yume Project Ltd,527.85,2,2026-06-03,2026-06-03,0,1055.7,527.85,placement,Over500_2026_P03_-_published:1722;Over500_2026_P03_-_published:2965
READING EXTINGUISHER SERVICES,READING EXTINGUISHER SERVICES,525.0,2,2026-06-30,2026-06-30,0,1050.0,525.0,premises,Over500_2026_P03_-_published:46;Over500_2026_P03_-_published:60
WINCHMORE TUTORS,WINCHMORE TUTORS LTD,520.0,2,2026-06-03,2026-06-03,0,1040.0,520.0,placement,Over500_2026_P03_-_published:2182;Over500_2026_P03_-_published:2226
ALL CARE GB,All-Care (GB) Ltd,516.81,2,2026-07-01,2026-07-08,7,1033.62,516.81,placement,Over500_2026_P04_-_published:1803;Over500_2026_P04_-_published:1780
INTERAKT COMMUNITY,Interakt Community Limited,512.01,2,2026-07-15,2026-07-15,0,1024.02,512.01,placement,Over500_2026_P04_-_published:2620;Over500_2026_P04_-_published:2643
