row_id,reason,exclusion_via,Supplier name,Narrative,Net amount
Over500_2026_P02_-_published:2,pension_statutory,,Royal Borough of Windsor and Maidenhead,Employers LGPS Deficit Contribution,575000.0
Over500_2026_P02_-_published:79,redacted_supplier,,Redacted,Rents,1456.0
Over500_2026_P02_-_published:80,redacted_supplier,,Redacted,Rents,1456.0
Over500_2026_P02_-_published:107,redacted_supplier,,Redacted,Rents,2400.0
Over500_2026_P02_-_published:108,redacted_supplier,,Redacted,Rents,4100.0
Over500_2026_P02_-_published:110,redacted_supplier,,Redacted,Rents,1650.0
Over500_2026_P02_-_published:433,redacted_supplier,,Redacted,Public Transport,591.3
Over500_2026_P02_-_published:489,public_body,supplier_regex,BERKSHIRE HEALTHCARE NHS FOUNDATION TRUST,Training Third Parties,743.33
Over500_2026_P02_-_published:499,public_body,supplier_regex,HAMPSHIRE COUNTY COUNCIL,Legal Fees,5017.4
Over500_2026_P02_-_published:646,public_body,supplier_regex,TAMESIDE  METROPOLITAN BOROUGH,Subscriptions,802.37
Over500_2026_P02_-_published:688,redacted_supplier,,Redacted,Payment to contractor,3752.4
Over500_2026_P02_-_published:767,public_body,narrative,READING BOROUGH COUNCIL,Payments to Other Local Authorities (excl Joint Arrangements),4506.7
Over500_2026_P02_-_published:2197,public_body,supplier_regex,ROYAL BOROUGH OF WINDSOR & MAIDENHEAD,Private Contractors,96245.28
Over500_2026_P02_-_published:2198,public_body,supplier_regex,SLOUGH BOROUGH COUNCIL,Private Contractors,296177.15
Over500_2026_P02_-_published:2201,public_body,supplier_regex,WOKINGHAM BOROUGH COUNCIL,Private Contractors,24416.73
Over500_2026_P02_-_published:2283,pension_statutory,,E-WALLET,Allowances for provision care,3000.0
Over500_2026_P02_-_published:2284,redacted_supplier,,Redacted,Allowances for provision care,916.18
Over500_2026_P02_-_published:2285,redacted_supplier,,Redacted,Allowances for provision care,954.38
Over500_2026_P02_-_published:2286,redacted_supplier,,Redacted,Allowances for provision care,594.26
Over500_2026_P02_-_published:2287,redacted_supplier,,Redacted,Allowances for provision care,594.26
Over500_2026_P02_-_published:2288,redacted_supplier,,Redacted,Allowances for provision care,653.24
Over500_2026_P02_-_published:2289,redacted_supplier,,Redacted,Allowances for provision care,533.0
Over500_2026_P02_-_published:2290,redacted_supplier,,Redacted,Allowances for provision care,682.52
Over500_2026_P02_-_published:2291,pension_statutory,,E-WALLET,Allowances for provision care,1000.0
Over500_2026_P02_-_published:2292,redacted_supplier,,Redacted,Allowances for provision care,1000.0
Over500_2026_P02_-_published:2293,redacted_supplier,,Redacted,Allowances for provision care,559.26
Over500_2026_P02_-_published:2294,redacted_supplier,,Redacted,Allowances for provision care,916.18
Over500_2026_P02_-_published:2295,redacted_supplier,,Redacted,Allowances for provision care,975.16
Over500_2026_P02_-_published:2296,redacted_supplier,,Redacted,Allowances for provision care,559.26
Over500_2026_P02_-_published:2297,redacted_supplier,,Redacted,Allowances for provision care,636.18
Over500_2026_P02_-_published:2298,redacted_supplier,,Redacted,Allowances for provision care,1209.7
Over500_2026_P02_-_published:2299,redacted_supplier,,Redacted,Allowances for provision care,636.18
Over500_2026_P02_-_published:2300,redacted_supplier,,Redacted,Allowances for provision care,559.26
Over500_2026_P02_-_published:2301,redacted_supplier,,Redacted,Allowances for provision care,1832.36
Over500_2026_P02_-_published:2302,redacted_supplier,,Redacted,Allowances for provision care,889.44
Over500_2026_P02_-_published:2303,redacted_supplier,,Redacted,Allowances for provision care,889.44
Over500_2026_P02_-_published:2304,redacted_supplier,,Redacted,Allowances for provision care,975.16
Over500_2026_P02_-_published:2305,redacted_supplier,,Redacted,Allowances for provision care,1209.7
Over500_2026_P02_-_published:2306,redacted_supplier,,Redacted,Allowances for provision care,559.26
Over500_2026_P02_-_published:2307,redacted_supplier,,Redacted,Allowances for provision care,636.18
Over500_2026_P02_-_published:2308,redacted_supplier,,Redacted,Allowances for provision care,916.18
Over500_2026_P02_-_published:2309,redacted_supplier,,Redacted,Allowances for provision care,1000.0
Over500_2026_P02_-_published:2310,redacted_supplier,,Redacted,Allowances for provision care,975.16
Over500_2026_P02_-_published:2311,redacted_supplier,,Redacted,Allowances for provision care,1209.7
Over500_2026_P02_-_published:2312,redacted_supplier,,Redacted,Allowances for provision care,1000.0
Over500_2026_P02_-_published:2313,redacted_supplier,,Redacted,Allowances for provision care,954.38
Over500_2026_P02_-_published:2314,redacted_supplier,,Redacted,Allowances for provision care,559.26
Over500_2026_P02_-_published:2315,redacted_supplier,,Redacted,Allowances for provision care,559.26
Over500_2026_P02_-_published:2316,redacted_supplier,,Redacted,Allowances for provision care,916.18
Over500_2026_P02_-_published:2317,redacted_supplier,,Redacted,Allowances for provision care,975.16
Over500_2026_P02_-_published:2318,redacted_supplier,,Redacted,Allowances for provision care,1209.7
Over500_2026_P02_-_published:2319,redacted_supplier,,Redacted,Allowances for provision care,547.35
Over500_2026_P02_-_published:2320,redacted_supplier,,Redacted,Allowances for provision care,1209.7
Over500_2026_P02_-_published:2321,redacted_supplier,,Redacted,Allowances for provision care,1467.52
Over500_2026_P02_-_published:2322,redacted_supplier,,Redacted,Allowances for provision care,975.16
Over500_2026_P02_-_published:2323,redacted_supplier,,Redacted,Allowances for provision care,975.16
Over500_2026_P02_-_published:2324,redacted_supplier,,Redacted,Allowances for provision care,975.16
Over500_2026_P02_-_published:2325,redacted_supplier,,Redacted,Allowances for provision care,975.16
Over500_2026_P02_-_published:2326,redacted_supplier,,Redacted,Allowances for provision care,851.74
Over500_2026_P02_-_published:2327,redacted_supplier,,Redacted,Allowances for provision care,916.18
Over500_2026_P02_-_published:2328,redacted_supplier,,Redacted,Allowances for provision care,975.16
Over500_2026_P02_-_published:2329,redacted_supplier,,Redacted,Allowances for provision care,975.16
Over500_2026_P02_-_published:2330,redacted_supplier,,Redacted,Allowances for provision care,916.18
Over500_2026_P02_-_published:2331,redacted_supplier,,Redacted,Allowances for provision care,975.16
Over500_2026_P02_-_published:2332,redacted_supplier,,Redacted,Allowances for provision care,639.15
Over500_2026_P02_-_published:2333,redacted_supplier,,Redacted,Allowances for provision care,916.18
Over500_2026_P02_-_published:2334,redacted_supplier,,Redacted,Allowances for provision care,916.18
Over500_2026_P02_-_published:2335,redacted_supplier,,Redacted,Allowances for provision care,1467.52
Over500_2026_P02_-_published:2336,redacted_supplier,,Redacted,Allowances for provision care,559.26
Over500_2026_P02_-_published:2337,redacted_supplier,,Redacted,Allowances for provision care,975.16
Over500_2026_P02_-_published:2338,redacted_supplier,,Redacted,Allowances for provision care,916.18
Over500_2026_P02_-_published:2339,redacted_supplier,,Redacted,Allowances for provision care,636.18
Over500_2026_P02_-_published:2340,redacted_supplier,,Redacted,Allowances for provision care,559.26
Over500_2026_P02_-_published:2341,redacted_supplier,,Redacted,Allowances for provision care,1209.7
Over500_2026_P02_-_published:2342,redacted_supplier,,Redacted,Allowances for provision care,1467.52
Over500_2026_P02_-_published:2343,redacted_supplier,,Redacted,Allowances for provision care,916.18
Over500_2026_P02_-_published:2344,redacted_supplier,,Redacted,Allowances for provision care,636.18
Over500_2026_P02_-_published:2345,redacted_supplier,,Redacted,Allowances for provision care,559.26
Over500_2026_P02_-_published:2346,redacted_supplier,,Redacted,Allowances for provision care,559.26
Over500_2026_P02_-_published:2347,redacted_supplier,,Redacted,Allowances for provision care,636.18
Over500_2026_P02_-_published:2348,redacted_supplier,,Redacted,Allowances for provision care,559.26
Over500_2026_P02_-_published:2349,redacted_supplier,,Redacted,Allowances for provision care,559.26
Over500_2026_P02_-_published:2350,redacted_supplier,,Redacted,Allowances for provision care,559.26
Over500_2026_P02_-_published:2351,redacted_supplier,,Redacted,Allowances for provision care,604.85
Over500_2026_P02_-_published:2352,redacted_supplier,,Redacted,Allowances for provision care,954.38
Over500_2026_P02_-_published:2353,redacted_supplier,,Redacted,Allowances for provision care,559.26
Over500_2026_P02_-_published:2354,redacted_supplier,,Redacted,Allowances for provision care,559.26
Over500_2026_P02_-_published:2355,redacted_supplier,,Redacted,Allowances for provision care,559.26
Over500_2026_P02_-_published:2356,redacted_supplier,,Redacted,Allowances for provision care,559.26
Over500_2026_P02_-_published:2357,redacted_supplier,,Redacted,Allowances for provision care,975.16
Over500_2026_P02_-_published:2358,redacted_supplier,,Redacted,Allowances for provision care,1467.52
Over500_2026_P02_-_published:2359,redacted_supplier,,Redacted,Allowances for provision care,898.81
Over500_2026_P02_-_published:2360,redacted_supplier,,Redacted,Allowances for provision care,1226.63
Over500_2026_P02_-_published:2361,redacted_supplier,,Redacted,Allowances for provision care,559.27
Over500_2026_P02_-_published:2362,redacted_supplier,,Redacted,Allowances for provision care,559.27
Over500_2026_P02_-_published:2363,redacted_supplier,,Redacted,Allowances for provision care,559.25
Over500_2026_P02_-_published:2364,redacted_supplier,,Redacted,Allowances for provision care,975.1
Over500_2026_P02_-_published:2365,redacted_supplier,,Redacted,Allowances for provision care,954.38
Over500_2026_P02_-_published:2366,pension_statutory,,MRS C A WISE,Allowances for provision care,636.18
Over500_2026_P02_-_published:2367,redacted_supplier,,Redacted,Allowances for provision care,1209.7
Over500_2026_P02_-_published:2368,redacted_supplier,,Redacted,Allowances for provision care,1467.52
Over500_2026_P02_-_published:2369,redacted_supplier,,Redacted,Allowances for provision care,1467.52
Over500_2026_P02_-_published:2370,redacted_supplier,,Redacted,Allowances for provision care,954.38
Over500_2026_P02_-_published:2371,redacted_supplier,,Redacted,Allowances for provision care,916.18
Over500_2026_P02_-_published:2372,redacted_supplier,,Redacted,Allowances for provision care,636.18
Over500_2026_P02_-_published:2373,redacted_supplier,,Redacted,Allowances for provision care,1209.7
Over500_2026_P02_-_published:2374,redacted_supplier,,Redacted,Allowances for provision care,916.18
Over500_2026_P02_-_published:2375,redacted_supplier,,Redacted,Allowances for provision care,719.86
Over500_2026_P02_-_published:2376,redacted_supplier,,Redacted,Allowances for provision care,636.18
Over500_2026_P02_-_published:2377,redacted_supplier,,Redacted,Allowances for provision care,636.18
Over500_2026_P02_-_published:2378,redacted_supplier,,Redacted,Allowances for provision care,636.18
Over500_2026_P02_-_published:2379,redacted_supplier,,Redacted,Allowances for provision care,954.38
Over500_2026_P02_-_published:2380,redacted_supplier,,Redacted,Allowances for provision care,954.38
Over500_2026_P02_-_published:2381,redacted_supplier,,Redacted,Allowances for provision care,636.18
Over500_2026_P02_-_published:2382,redacted_supplier,,Redacted,Allowances for provision care,1209.7
Over500_2026_P02_-_published:2383,redacted_supplier,,Redacted,Allowances for provision care,1209.7
Over500_2026_P02_-_published:2384,redacted_supplier,,Redacted,Allowances for provision care,916.18
Over500_2026_P02_-_published:2385,redacted_supplier,,Redacted,Allowances for provision care,636.18
Over500_2026_P02_-_published:2386,redacted_supplier,,Redacted,Allowances for provision care,636.18
Over500_2026_P02_-_published:2387,redacted_supplier,,Redacted,Allowances for provision care,559.26
Over500_2026_P02_-_published:2388,redacted_supplier,,Redacted,Allowances for provision care,636.18
Over500_2026_P02_-_published:2389,redacted_supplier,,Redacted,Allowances for provision care,559.26
Over500_2026_P02_-_published:2390,redacted_supplier,,Redacted,Allowances for provision care,636.18
Over500_2026_P02_-_published:2391,redacted_supplier,,Redacted,Allowances for provision care,636.18
Over500_2026_P02_-_published:2392,redacted_supplier,,Redacted,Allowances for provision care,916.18
Over500_2026_P02_-_published:2393,redacted_supplier,,Redacted,Allowances for provision care,636.18
Over500_2026_P02_-_published:2394,redacted_supplier,,Redacted,Allowances for provision care,636.18
Over500_2026_P02_-_published:2395,redacted_supplier,,Redacted,Allowances for provision care,636.18
Over500_2026_P02_-_published:2396,redacted_supplier,,Redacted,Allowances for provision care,954.38
Over500_2026_P02_-_published:2397,redacted_supplier,,Redacted,Allowances for provision care,559.26
Over500_2026_P02_-_published:2398,redacted_supplier,,Redacted,Allowances for provision care,636.18
Over500_2026_P02_-_published:2399,redacted_supplier,,Redacted,Allowances for provision care,916.18
Over500_2026_P02_-_published:2400,redacted_supplier,,Redacted,Allowances for provision care,916.18
Over500_2026_P02_-_published:2401,redacted_supplier,,Redacted,Allowances for provision care,636.18
Over500_2026_P02_-_published:2402,redacted_supplier,,Redacted,Allowances for provision care,636.18
Over500_2026_P02_-_published:2403,redacted_supplier,,Redacted,Allowances for provision care,559.26
Over500_2026_P02_-_published:2404,redacted_supplier,,Redacted,Allowances for provision care,916.18
Over500_2026_P02_-_published:2405,redacted_supplier,,Redacted,Allowances for provision care,916.18
Over500_2026_P02_-_published:2406,redacted_supplier,,Redacted,Allowances for provision care,636.18
Over500_2026_P02_-_published:2407,redacted_supplier,,Redacted,Allowances for provision care,636.18
Over500_2026_P02_-_published:2408,redacted_supplier,,Redacted,Allowances for provision care,636.18
Over500_2026_P02_-_published:2409,redacted_supplier,,Redacted,Allowances for provision care,559.26
Over500_2026_P02_-_published:2410,redacted_supplier,,Redacted,Allowances for provision care,954.38
Over500_2026_P02_-_published:2411,redacted_supplier,,Redacted,Allowances for provision care,636.18
Over500_2026_P02_-_published:2412,redacted_supplier,,Redacted,Allowances for provision care,517.69
Over500_2026_P02_-_published:2413,redacted_supplier,,Redacted,Allowances for provision care,554.87
Over500_2026_P02_-_published:2414,redacted_supplier,,Redacted,Allowances for provision care,589.6
Over500_2026_P02_-_published:2415,redacted_supplier,,Redacted,Allowances for provision care,589.6
Over500_2026_P02_-_published:2416,redacted_supplier,,Redacted,Allowances for provision care,554.86
Over500_2026_P02_-_published:2417,redacted_supplier,,Redacted,Allowances for provision care,916.75
Over500_2026_P02_-_published:2418,redacted_supplier,,Redacted,Allowances for provision care,559.27
Over500_2026_P02_-_published:2419,redacted_supplier,,Redacted,Allowances for provision care,636.19
Over500_2026_P02_-_published:2420,redacted_supplier,,Redacted,Allowances for provision care,636.19
Over500_2026_P02_-_published:2421,redacted_supplier,,Redacted,Allowances for provision care,1192.33
Over500_2026_P02_-_published:2422,redacted_supplier,,Redacted,Allowances for provision care,1192.33
Over500_2026_P02_-_published:2423,redacted_supplier,,Redacted,Allowances for provision care,589.6
Over500_2026_P02_-_published:2424,redacted_supplier,,Redacted,Allowances for provision care,517.69
Over500_2026_P02_-_published:2425,redacted_supplier,,Redacted,Allowances for provision care,595.2
Over500_2026_P02_-_published:2426,redacted_supplier,,Redacted,Allowances for provision care,636.19
Over500_2026_P02_-_published:2427,redacted_supplier,,Redacted,Allowances for provision care,916.18
Over500_2026_P02_-_published:2428,redacted_supplier,,Redacted,Allowances for provision care,916.18
Over500_2026_P02_-_published:2429,redacted_supplier,,Redacted,Allowances for provision care,559.25
Over500_2026_P02_-_published:2430,redacted_supplier,,Redacted,Allowances for provision care,543.3
Over500_2026_P02_-_published:2431,redacted_supplier,,Redacted,Allowances for provision care,636.18
Over500_2026_P02_-_published:2432,redacted_supplier,,Redacted,Allowances for provision care,636.18
Over500_2026_P02_-_published:2433,redacted_supplier,,Redacted,Allowances for provision care,636.18
Over500_2026_P02_-_published:2434,redacted_supplier,,Redacted,Allowances for provision care,636.18
Over500_2026_P02_-_published:2435,redacted_supplier,,Redacted,Allowances for provision care,636.19
Over500_2026_P02_-_published:2436,redacted_supplier,,Redacted,Allowances for provision care,559.27
Over500_2026_P02_-_published:2437,redacted_supplier,,Redacted,Allowances for provision care,916.18
Over500_2026_P02_-_published:2438,redacted_supplier,,Redacted,Allowances for provision care,916.18
Over500_2026_P02_-_published:2439,redacted_supplier,,Redacted,Allowances for provision care,636.18
Over500_2026_P02_-_published:2440,redacted_supplier,,Redacted,Allowances for provision care,559.25
Over500_2026_P02_-_published:2441,redacted_supplier,,Redacted,Allowances for provision care,636.18
Over500_2026_P02_-_published:2442,redacted_supplier,,Redacted,Allowances for provision care,636.18
Over500_2026_P02_-_published:2443,redacted_supplier,,Redacted,Allowances for provision care,559.25
Over500_2026_P02_-_published:2444,redacted_supplier,,Redacted,Allowances for provision care,559.25
Over500_2026_P02_-_published:2445,redacted_supplier,,Redacted,Allowances for provision care,587.09
Over500_2026_P02_-_published:2446,pension_statutory,,Toad Hall Nursery Group,Allowances for provision care,567.67
Over500_2026_P02_-_published:2447,pension_statutory,,ARNFIELD CARE LTD,Allowances for provision care,2937.6
Over500_2026_P02_-_published:2448,redacted_supplier,,Redacted,Allowances for provision care,517.69
Over500_2026_P02_-_published:2449,redacted_supplier,,Redacted,Allowances for provision care,532.08
Over500_2026_P02_-_published:2450,redacted_supplier,,Redacted,Allowances for provision care,916.18
Over500_2026_P02_-_published:2451,redacted_supplier,,Redacted,Allowances for provision care,636.18
Over500_2026_P02_-_published:2452,redacted_supplier,,Redacted,Allowances for provision care,916.18
Over500_2026_P02_-_published:2453,redacted_supplier,,Redacted,Allowances for provision care,975.16
Over500_2026_P02_-_published:2454,redacted_supplier,,Redacted,Allowances for provision care,559.26
Over500_2026_P02_-_published:2455,redacted_supplier,,Redacted,Allowances for provision care,559.26
Over500_2026_P02_-_published:2456,redacted_supplier,,Redacted,Allowances for provision care,1000.0
Over500_2026_P02_-_published:2457,redacted_supplier,,Redacted,Allowances for provision care,636.18
Over500_2026_P02_-_published:2458,redacted_supplier,,Redacted,Allowances for provision care,1209.7
Over500_2026_P02_-_published:2459,redacted_supplier,,Redacted,Allowances for provision care,636.18
Over500_2026_P02_-_published:2460,redacted_supplier,,Redacted,Allowances for provision care,559.26
Over500_2026_P02_-_published:2461,redacted_supplier,,Redacted,Allowances for provision care,1832.36
Over500_2026_P02_-_published:2462,redacted_supplier,,Redacted,Allowances for provision care,765.0
Over500_2026_P02_-_published:2463,redacted_supplier,,Redacted,Allowances for provision care,765.0
Over500_2026_P02_-_published:2464,redacted_supplier,,Redacted,Allowances for provision care,975.16
Over500_2026_P02_-_published:2465,redacted_supplier,,Redacted,Allowances for provision care,1209.7
Over500_2026_P02_-_published:2466,redacted_supplier,,Redacted,Allowances for provision care,559.26
Over500_2026_P02_-_published:2467,redacted_supplier,,Redacted,Allowances for provision care,636.18
Over500_2026_P02_-_published:2468,redacted_supplier,,Redacted,Allowances for provision care,916.18
Over500_2026_P02_-_published:2469,redacted_supplier,,Redacted,Allowances for provision care,975.16
Over500_2026_P02_-_published:2470,redacted_supplier,,Redacted,Allowances for provision care,1209.7
Over500_2026_P02_-_published:2471,redacted_supplier,,Redacted,Allowances for provision care,1000.0
Over500_2026_P02_-_published:2472,redacted_supplier,,Redacted,Allowances for provision care,559.26
Over500_2026_P02_-_published:2473,redacted_supplier,,Redacted,Allowances for provision care,559.26
Over500_2026_P02_-_published:2474,redacted_supplier,,Redacted,Allowances for provision care,954.38
Over500_2026_P02_-_published:2475,redacted_supplier,,Redacted,Allowances for provision care,1000.0
Over500_2026_P02_-_published:2476,redacted_supplier,,Redacted,Allowances for provision care,710.21
Over500_2026_P02_-_published:2477,redacted_supplier,,Redacted,Allowances for provision care,975.16
Over500_2026_P02_-_published:2478,redacted_supplier,,Redacted,Allowances for provision care,916.18
Over500_2026_P02_-_published:2479,redacted_supplier,,Redacted,Allowances for provision care,1209.7
Over500_2026_P02_-_published:2480,redacted_supplier,,Redacted,Allowances for provision care,1209.7
Over500_2026_P02_-_published:2481,redacted_supplier,,Redacted,Allowances for provision care,1467.52
Over500_2026_P02_-_published:2482,redacted_supplier,,Redacted,Allowances for provision care,975.16
Over500_2026_P02_-_published:2483,redacted_supplier,,Redacted,Allowances for provision care,975.16
Over500_2026_P02_-_published:2484,redacted_supplier,,Redacted,Allowances for provision care,975.16
Over500_2026_P02_-_published:2485,redacted_supplier,,Redacted,Allowances for provision care,975.16
Over500_2026_P02_-_published:2486,redacted_supplier,,Redacted,Allowances for provision care,513.62
Over500_2026_P02_-_published:2487,redacted_supplier,,Redacted,Allowances for provision care,916.18
Over500_2026_P02_-_published:2488,redacted_supplier,,Redacted,Allowances for provision care,975.16
Over500_2026_P02_-_published:2489,redacted_supplier,,Redacted,Allowances for provision care,975.16
Over500_2026_P02_-_published:2490,redacted_supplier,,Redacted,Allowances for provision care,654.41
Over500_2026_P02_-_published:2491,redacted_supplier,,Redacted,Allowances for provision care,975.16
Over500_2026_P02_-_published:2492,redacted_supplier,,Redacted,Allowances for provision care,916.18
Over500_2026_P02_-_published:2493,redacted_supplier,,Redacted,Allowances for provision care,916.18
Over500_2026_P02_-_published:2494,redacted_supplier,,Redacted,Allowances for provision care,1467.52
Over500_2026_P02_-_published:2495,redacted_supplier,,Redacted,Allowances for provision care,559.26
Over500_2026_P02_-_published:2496,redacted_supplier,,Redacted,Allowances for provision care,975.16
Over500_2026_P02_-_published:2497,redacted_supplier,,Redacted,Allowances for provision care,916.18
Over500_2026_P02_-_published:2498,redacted_supplier,,Redacted,Allowances for provision care,636.18
Over500_2026_P02_-_published:2499,redacted_supplier,,Redacted,Allowances for provision care,559.26
Over500_2026_P02_-_published:2500,redacted_supplier,,Redacted,Allowances for provision care,1209.7
Over500_2026_P02_-_published:2501,redacted_supplier,,Redacted,Allowances for provision care,1467.52
Over500_2026_P02_-_published:2502,redacted_supplier,,Redacted,Allowances for provision care,916.18
Over500_2026_P02_-_published:2503,redacted_supplier,,Redacted,Allowances for provision care,636.18
Over500_2026_P02_-_published:2504,redacted_supplier,,Redacted,Allowances for provision care,559.26
Over500_2026_P02_-_published:2505,redacted_supplier,,Redacted,Allowances for provision care,559.26
Over500_2026_P02_-_published:2506,redacted_supplier,,Redacted,Allowances for provision care,636.18
Over500_2026_P02_-_published:2507,redacted_supplier,,Redacted,Allowances for provision care,559.26
Over500_2026_P02_-_published:2508,redacted_supplier,,Redacted,Allowances for provision care,559.26
Over500_2026_P02_-_published:2509,redacted_supplier,,Redacted,Allowances for provision care,559.26
Over500_2026_P02_-_published:2510,redacted_supplier,,Redacted,Allowances for provision care,1123.29
Over500_2026_P02_-_published:2511,redacted_supplier,,Redacted,Allowances for provision care,954.38
Over500_2026_P02_-_published:2512,redacted_supplier,,Redacted,Allowances for provision care,559.26
Over500_2026_P02_-_published:2513,redacted_supplier,,Redacted,Allowances for provision care,559.26
Over500_2026_P02_-_published:2514,redacted_supplier,,Redacted,Allowances for provision care,559.26
Over500_2026_P02_-_published:2515,redacted_supplier,,Redacted,Allowances for provision care,559.26
Over500_2026_P02_-_published:2516,redacted_supplier,,Redacted,Allowances for provision care,975.16
Over500_2026_P02_-_published:2517,redacted_supplier,,Redacted,Allowances for provision care,1467.52
Over500_2026_P02_-_published:2518,redacted_supplier,,Redacted,Allowances for provision care,954.38
Over500_2026_P02_-_published:2519,pension_statutory,,MRS C A WISE,Allowances for provision care,636.18
Over500_2026_P02_-_published:2520,redacted_supplier,,Redacted,Allowances for provision care,1209.7
Over500_2026_P02_-_published:2521,redacted_supplier,,Redacted,Allowances for provision care,1467.52
Over500_2026_P02_-_published:2522,redacted_supplier,,Redacted,Allowances for provision care,1257.87
Over500_2026_P02_-_published:2523,redacted_supplier,,Redacted,Allowances for provision care,954.38
Over500_2026_P02_-_published:2524,redacted_supplier,,Redacted,Allowances for provision care,916.18
Over500_2026_P02_-_published:2525,redacted_supplier,,Redacted,Allowances for provision care,636.18
Over500_2026_P02_-_published:2526,redacted_supplier,,Redacted,Allowances for provision care,1209.7
Over500_2026_P02_-_published:2527,redacted_supplier,,Redacted,Allowances for provision care,916.18
Over500_2026_P02_-_published:2528,redacted_supplier,,Redacted,Allowances for provision care,916.18
Over500_2026_P02_-_published:2529,redacted_supplier,,Redacted,Allowances for provision care,636.18
Over500_2026_P02_-_published:2530,redacted_supplier,,Redacted,Allowances for provision care,636.18
Over500_2026_P02_-_published:2531,redacted_supplier,,Redacted,Allowances for provision care,636.18
Over500_2026_P02_-_published:2532,redacted_supplier,,Redacted,Allowances for provision care,954.38
Over500_2026_P02_-_published:2533,redacted_supplier,,Redacted,Allowances for provision care,954.38
Over500_2026_P02_-_published:2534,redacted_supplier,,Redacted,Allowances for provision care,636.18
Over500_2026_P02_-_published:2535,redacted_supplier,,Redacted,Allowances for provision care,3720.7
Over500_2026_P02_-_published:2536,redacted_supplier,,Redacted,Allowances for provision care,1209.7
Over500_2026_P02_-_published:2537,redacted_supplier,,Redacted,Allowances for provision care,1209.7
Over500_2026_P02_-_published:2538,redacted_supplier,,Redacted,Allowances for provision care,916.18
Over500_2026_P02_-_published:2539,redacted_supplier,,Redacted,Allowances for provision care,636.18
Over500_2026_P02_-_published:2540,redacted_supplier,,Redacted,Allowances for provision care,636.18
Over500_2026_P02_-_published:2541,redacted_supplier,,Redacted,Allowances for provision care,559.26
Over500_2026_P02_-_published:2542,redacted_supplier,,Redacted,Allowances for provision care,636.18
Over500_2026_P02_-_published:2543,redacted_supplier,,Redacted,Allowances for provision care,559.26
Over500_2026_P02_-_published:2544,redacted_supplier,,Redacted,Allowances for provision care,636.18
Over500_2026_P02_-_published:2545,redacted_supplier,,Redacted,Allowances for provision care,636.18
Over500_2026_P02_-_published:2546,redacted_supplier,,Redacted,Allowances for provision care,636.18
Over500_2026_P02_-_published:2547,redacted_supplier,,Redacted,Allowances for provision care,916.18
Over500_2026_P02_-_published:2548,redacted_supplier,,Redacted,Allowances for provision care,636.18
Over500_2026_P02_-_published:2549,redacted_supplier,,Redacted,Allowances for provision care,636.18
Over500_2026_P02_-_published:2550,redacted_supplier,,Redacted,Allowances for provision care,954.38
Over500_2026_P02_-_published:2551,redacted_supplier,,Redacted,Allowances for provision care,559.26
Over500_2026_P02_-_published:2552,redacted_supplier,,Redacted,Allowances for provision care,636.18
Over500_2026_P02_-_published:2553,redacted_supplier,,Redacted,Allowances for provision care,916.18
Over500_2026_P02_-_published:2554,redacted_supplier,,Redacted,Allowances for provision care,916.18
Over500_2026_P02_-_published:2555,redacted_supplier,,Redacted,Allowances for provision care,636.18
Over500_2026_P02_-_published:2556,redacted_supplier,,Redacted,Allowances for provision care,636.18
Over500_2026_P02_-_published:2557,redacted_supplier,,Redacted,Allowances for provision care,559.26
Over500_2026_P02_-_published:2558,redacted_supplier,,Redacted,Allowances for provision care,916.18
Over500_2026_P02_-_published:2559,redacted_supplier,,Redacted,Allowances for provision care,916.18
Over500_2026_P02_-_published:2560,redacted_supplier,,Redacted,Allowances for provision care,636.18
Over500_2026_P02_-_published:2561,redacted_supplier,,Redacted,Allowances for provision care,636.18
Over500_2026_P02_-_published:2562,redacted_supplier,,Redacted,Allowances for provision care,636.18
Over500_2026_P02_-_published:2563,redacted_supplier,,Redacted,Allowances for provision care,559.26
Over500_2026_P02_-_published:2564,redacted_supplier,,Redacted,Allowances for provision care,954.38
Over500_2026_P02_-_published:2565,redacted_supplier,,Redacted,Allowances for provision care,727.06
Over500_2026_P02_-_published:2566,redacted_supplier,,Redacted,Allowances for provision care,636.18
Over500_2026_P02_-_published:2567,redacted_supplier,,Redacted,Allowances for provision care,517.69
Over500_2026_P02_-_published:2568,redacted_supplier,,Redacted,Allowances for provision care,554.87
Over500_2026_P02_-_published:2569,redacted_supplier,,Redacted,Allowances for provision care,589.6
Over500_2026_P02_-_published:2570,redacted_supplier,,Redacted,Allowances for provision care,589.6
Over500_2026_P02_-_published:2571,redacted_supplier,,Redacted,Allowances for provision care,554.86
Over500_2026_P02_-_published:2572,redacted_supplier,,Redacted,Allowances for provision care,916.75
Over500_2026_P02_-_published:2573,redacted_supplier,,Redacted,Allowances for provision care,559.27
Over500_2026_P02_-_published:2574,redacted_supplier,,Redacted,Allowances for provision care,636.19
Over500_2026_P02_-_published:2575,redacted_supplier,,Redacted,Allowances for provision care,636.19
Over500_2026_P02_-_published:2576,redacted_supplier,,Redacted,Allowances for provision care,1192.33
Over500_2026_P02_-_published:2577,redacted_supplier,,Redacted,Allowances for provision care,1192.33
Over500_2026_P02_-_published:2578,redacted_supplier,,Redacted,Allowances for provision care,589.6
Over500_2026_P02_-_published:2579,redacted_supplier,,Redacted,Allowances for provision care,517.69
Over500_2026_P02_-_published:2580,redacted_supplier,,Redacted,Allowances for provision care,595.2
Over500_2026_P02_-_published:2581,redacted_supplier,,Redacted,Allowances for provision care,636.19
Over500_2026_P02_-_published:2582,redacted_supplier,,Redacted,Allowances for provision care,916.18
Over500_2026_P02_-_published:2583,redacted_supplier,,Redacted,Allowances for provision care,916.18
Over500_2026_P02_-_published:2584,redacted_supplier,,Redacted,Allowances for provision care,559.25
Over500_2026_P02_-_published:2585,redacted_supplier,,Redacted,Allowances for provision care,543.3
Over500_2026_P02_-_published:2586,redacted_supplier,,Redacted,Allowances for provision care,636.18
Over500_2026_P02_-_published:2587,redacted_supplier,,Redacted,Allowances for provision care,636.18
Over500_2026_P02_-_published:2588,redacted_supplier,,Redacted,Allowances for provision care,636.18
Over500_2026_P02_-_published:2589,redacted_supplier,,Redacted,Allowances for provision care,636.18
Over500_2026_P02_-_published:2590,redacted_supplier,,Redacted,Allowances for provision care,636.19
Over500_2026_P02_-_published:2591,redacted_supplier,,Redacted,Allowances for provision care,559.27
Over500_2026_P02_-_published:2592,redacted_supplier,,Redacted,Allowances for provision care,916.18
Over500_2026_P02_-_published:2593,redacted_supplier,,Redacted,Allowances for provision care,916.18
Over500_2026_P02_-_published:2594,redacted_supplier,,Redacted,Allowances for provision care,636.18
Over500_2026_P02_-_published:2595,redacted_supplier,,Redacted,Allowances for provision care,559.25
Over500_2026_P02_-_published:2596,redacted_supplier,,Redacted,Allowances for provision care,636.18
Over500_2026_P02_-_published:2597,redacted_supplier,,Redacted,Allowances for provision care,636.18
Over500_2026_P02_-_published:2598,redacted_supplier,,Redacted,Allowances for provision care,559.25
Over500_2026_P02_-_published:2599,redacted_supplier,,Redacted,Allowances for provision care,559.25
Over500_2026_P02_-_published:2600,redacted_supplier,,Redacted,Allowances for provision care,587.09
Over500_2026_P02_-_published:2601,redacted_supplier,,Redacted,Allowances for provision care,517.69
Over500_2026_P02_-_published:2602,redacted_supplier,,Redacted,Allowances for provision care,532.08
Over500_2026_P02_-_published:2603,redacted_supplier,,Redacted,Allowances for provision care,916.18
Over500_2026_P02_-_published:2604,redacted_supplier,,Redacted,Allowances for provision care,636.18
Over500_2026_P02_-_published:2605,redacted_supplier,,Redacted,Allowances for provision care,898.81
Over500_2026_P02_-_published:2606,redacted_supplier,,Redacted,Allowances for provision care,1226.63
Over500_2026_P02_-_published:2607,redacted_supplier,,Redacted,Allowances for provision care,559.27
Over500_2026_P02_-_published:2608,redacted_supplier,,Redacted,Allowances for provision care,559.27
Over500_2026_P02_-_published:2609,redacted_supplier,,Redacted,Allowances for provision care,559.25
Over500_2026_P02_-_published:2610,redacted_supplier,,Redacted,Allowances for provision care,975.1
Over500_2026_P02_-_published:2611,pension_statutory,,MAISHA STAFFING SOLUTIONS LTD,Allowances for provision care,636.0
Over500_2026_P02_-_published:2612,pension_statutory,,MAISHA STAFFING SOLUTIONS LTD,Allowances for provision care,2242.5
Over500_2026_P02_-_published:2613,pension_statutory,,MAISHA STAFFING SOLUTIONS LTD,Allowances for provision care,2242.5
Over500_2026_P02_-_published:2614,pension_statutory,,MAISHA STAFFING SOLUTIONS LTD,Allowances for provision care,1495.0
Over500_2026_P02_-_published:2615,redacted_supplier,,Redacted,Allowances for provision care,594.26
Over500_2026_P02_-_published:2616,redacted_supplier,,Redacted,Allowances for provision care,594.26
Over500_2026_P02_-_published:2617,redacted_supplier,,Redacted,Allowances for provision care,653.24
Over500_2026_P02_-_published:2618,redacted_supplier,,Redacted,Allowances for provision care,533.0
Over500_2026_P02_-_published:2619,redacted_supplier,,Redacted,Allowances for provision care,682.52
Over500_2026_P02_-_published:2620,redacted_supplier,,Redacted,Allowances for provision care,916.18
Over500_2026_P02_-_published:2621,redacted_supplier,,Redacted,Allowances for provision care,954.38
Over500_2026_P02_-_published:2622,redacted_supplier,,Redacted,Allowances for provision care,1252.81
Over500_2026_P02_-_published:2623,redacted_supplier,,Redacted,Allowances for provision care,3190.44
Over500_2026_P02_-_published:2624,redacted_supplier,,Redacted,Allowances for provision care,1107.33
Over500_2026_P02_-_published:2625,redacted_supplier,,Redacted,Project,1854.34
Over500_2026_P02_-_published:2626,public_body,supplier_regex,University Hospitals Birmingham NHS Foundation Trust (C/O Togetherness (formally Solihull Approach),Project,9966.0
Over500_2026_P02_-_published:2628,redacted_supplier,,Redacted,Rent Rebates,591.77
Over500_2026_P02_-_published:2629,redacted_supplier,,Redacted,Rent Rebates,1250.27
Over500_2026_P02_-_published:2630,redacted_supplier,,Redacted,Rent Rebates,943.29
Over500_2026_P02_-_published:2631,redacted_supplier,,Redacted,Rent Rebates,2855.75
Over500_2026_P02_-_published:2632,redacted_supplier,,Redacted,Rent Rebates,5920.37
Over500_2026_P02_-_published:2633,redacted_supplier,,Redacted,Rent Rebates,616.43
Over500_2026_P02_-_published:2634,redacted_supplier,,Redacted,Rent Rebates,1786.17
Over500_2026_P02_-_published:2635,redacted_supplier,,Redacted,Rent Rebates,5826.02
Over500_2026_P02_-_published:2636,redacted_supplier,,Redacted,Rent Rebates,1618.33
Over500_2026_P02_-_published:2637,redacted_supplier,,Redacted,Rent Rebates,2481.1
Over500_2026_P02_-_published:2638,redacted_supplier,,Redacted,Rent Rebates,4835.36
Over500_2026_P02_-_published:2639,redacted_supplier,,Redacted,Rent Rebates,1182.94
Over500_2026_P02_-_published:2640,redacted_supplier,,Redacted,Rent Rebates,1182.02
Over500_2026_P02_-_published:2641,redacted_supplier,,Redacted,Rent Rebates,522.19
Over500_2026_P02_-_published:2642,redacted_supplier,,Redacted,Rent Rebates,551.61
Over500_2026_P02_-_published:2643,redacted_supplier,,Redacted,Rent Rebates,1380.8
Over500_2026_P02_-_published:2644,redacted_supplier,,Redacted,Rent Rebates,551.61
Over500_2026_P02_-_published:2645,redacted_supplier,,Redacted,Rent Rebates,1287.09
Over500_2026_P02_-_published:2646,redacted_supplier,,Redacted,Direct Payment,2448.44
Over500_2026_P02_-_published:2647,redacted_supplier,,Redacted,Direct Payment,2000.92
Over500_2026_P02_-_published:2648,redacted_supplier,,Redacted,Direct Payment,3799.76
Over500_2026_P02_-_published:2649,redacted_supplier,,Redacted,Direct Payment,1722.0
Over500_2026_P02_-_published:2650,redacted_supplier,,Redacted,Direct Payment,756.84
Over500_2026_P02_-_published:2651,redacted_supplier,,Redacted,Direct Payment,2810.44
Over500_2026_P02_-_published:2652,redacted_supplier,,Redacted,Direct Payment,1129.96
Over500_2026_P02_-_published:2653,redacted_supplier,,Redacted,Direct Payment,3909.8
Over500_2026_P02_-_published:2654,redacted_supplier,,Redacted,Direct Payment,2759.84
Over500_2026_P02_-_published:2655,redacted_supplier,,Redacted,Direct Payment,1507.2
Over500_2026_P02_-_published:2656,redacted_supplier,,Redacted,Direct Payment,1770.0
Over500_2026_P02_-_published:2657,redacted_supplier,,Redacted,Direct Payment,1080.0
Over500_2026_P02_-_published:2658,redacted_supplier,,Redacted,Direct Payment,720.64
Over500_2026_P02_-_published:2659,redacted_supplier,,Redacted,Direct Payment,3276.76
Over500_2026_P02_-_published:2660,redacted_supplier,,Redacted,Direct Payment,1915.92
Over500_2026_P02_-_published:2661,redacted_supplier,,Redacted,Direct Payment,772.0
Over500_2026_P02_-_published:2662,redacted_supplier,,Redacted,Direct Payment,1063.24
Over500_2026_P02_-_published:2663,redacted_supplier,,Redacted,Direct Payment,2591.64
Over500_2026_P02_-_published:2664,redacted_supplier,,Redacted,Direct Payment,3539.96
Over500_2026_P02_-_published:2665,redacted_supplier,,Redacted,Direct Payment,1721.88
Over500_2026_P02_-_published:2666,redacted_supplier,,Redacted,Direct Payment,1056.0
Over500_2026_P02_-_published:2667,redacted_supplier,,Redacted,Direct Payment,1392.0
Over500_2026_P02_-_published:2668,redacted_supplier,,Redacted,Direct Payment,2267.48
Over500_2026_P02_-_published:2669,redacted_supplier,,Redacted,Direct Payment,2992.6
Over500_2026_P02_-_published:2670,redacted_supplier,,Redacted,Direct Payment,4339.76
Over500_2026_P02_-_published:2671,redacted_supplier,,Redacted,Direct Payment,4433.6
Over500_2026_P02_-_published:2672,redacted_supplier,,Redacted,Direct Payment,1091.96
Over500_2026_P02_-_published:2673,redacted_supplier,,Redacted,Direct Payment,2500.96
Over500_2026_P02_-_published:2674,redacted_supplier,,Redacted,Direct Payment,3400.0
Over500_2026_P02_-_published:2675,redacted_supplier,,Redacted,Direct Payment,2022.36
Over500_2026_P02_-_published:2676,redacted_supplier,,Redacted,Direct Payment,1099.96
Over500_2026_P02_-_published:2677,redacted_supplier,,Redacted,Direct Payment,2586.84
Over500_2026_P02_-_published:2678,redacted_supplier,,Redacted,Direct Payment,4800.0
Over500_2026_P02_-_published:2679,redacted_supplier,,Redacted,Direct Payment,1232.0
Over500_2026_P02_-_published:2680,redacted_supplier,,Redacted,Direct Payment,4400.0
Over500_2026_P02_-_published:2681,redacted_supplier,,Redacted,Direct Payment,959.96
Over500_2026_P02_-_published:2682,redacted_supplier,,Redacted,Direct Payment,1246.84
Over500_2026_P02_-_published:2683,redacted_supplier,,Redacted,Direct Payment,4441.68
Over500_2026_P02_-_published:2684,redacted_supplier,,Redacted,Direct Payment,2208.0
Over500_2026_P02_-_published:2685,redacted_supplier,,Redacted,Direct Payment,967.76
Over500_2026_P02_-_published:2686,redacted_supplier,,Redacted,Direct Payment,4928.0
Over500_2026_P02_-_published:2687,pension_statutory,,CareMatch Ltd,Direct Payment,1503.12
Over500_2026_P02_-_published:2688,pension_statutory,,CareMatch Ltd,Direct Payment,4149.72
Over500_2026_P02_-_published:2689,redacted_supplier,,Redacted,Direct Payment,1679.92
Over500_2026_P02_-_published:2690,redacted_supplier,,Redacted,Direct Payment,4999.72
Over500_2026_P02_-_published:2691,redacted_supplier,,Redacted,Direct Payment,639.96
Over500_2026_P02_-_published:2692,redacted_supplier,,Redacted,Direct Payment,2620.29
Over500_2026_P02_-_published:2693,redacted_supplier,,Redacted,Direct Payment,5357.04
Over500_2026_P02_-_published:2694,redacted_supplier,,Redacted,Direct Payment,1538.48
Over500_2026_P02_-_published:2695,redacted_supplier,,Redacted,Direct Payment,5170.88
Over500_2026_P02_-_published:2696,redacted_supplier,,Redacted,Direct Payment,1034.92
Over500_2026_P02_-_published:2697,redacted_supplier,,Redacted,Direct Payment,1278.76
Over500_2026_P02_-_published:2698,redacted_supplier,,Redacted,Direct Payment,2274.52
Over500_2026_P02_-_published:2699,redacted_supplier,,Redacted,Direct Payment,789.24
Over500_2026_P02_-_published:2700,redacted_supplier,,Redacted,Direct Payment,2130.96
Over500_2026_P02_-_published:2701,redacted_supplier,,Redacted,Direct Payment,8279.36
Over500_2026_P02_-_published:2702,redacted_supplier,,Redacted,Direct Payment,6228.64
Over500_2026_P02_-_published:2703,redacted_supplier,,Redacted,Direct Payment,6783.92
Over500_2026_P02_-_published:2704,redacted_supplier,,Redacted,Direct Payment,3392.36
Over500_2026_P02_-_published:2705,redacted_supplier,,Redacted,Direct Payment,956.4
Over500_2026_P02_-_published:2706,redacted_supplier,,Redacted,Direct Payment,3126.48
Over500_2026_P02_-_published:2707,redacted_supplier,,Redacted,Direct Payment,1160.0
Over500_2026_P02_-_published:2708,redacted_supplier,,Redacted,Direct Payment,4391.16
Over500_2026_P02_-_published:2709,redacted_supplier,,Redacted,Direct Payment,1144.04
Over500_2026_P02_-_published:2710,redacted_supplier,,Redacted,Direct Payment,3633.72
Over500_2026_P02_-_published:2711,redacted_supplier,,Redacted,Direct Payment,2911.6
Over500_2026_P02_-_published:2712,redacted_supplier,,Redacted,Direct Payment,1582.52
Over500_2026_P02_-_published:2713,redacted_supplier,,Redacted,Direct Payment,1231.52
Over500_2026_P02_-_published:2714,redacted_supplier,,Redacted,Direct Payment,9248.4
Over500_2026_P02_-_published:2715,redacted_supplier,,Redacted,Direct Payment,1850.0
Over500_2026_P02_-_published:2716,redacted_supplier,,Redacted,Direct Payment,2745.08
Over500_2026_P02_-_published:2717,redacted_supplier,,Redacted,Direct Payment,792.96
Over500_2026_P02_-_published:2718,redacted_supplier,,Redacted,Direct Payment,2505.68
Over500_2026_P02_-_published:2719,redacted_supplier,,Redacted,Direct Payment,1496.16
Over500_2026_P02_-_published:2720,redacted_supplier,,Redacted,Direct Payment,9747.76
Over500_2026_P02_-_published:2721,redacted_supplier,,Redacted,Direct Payment,1808.48
Over500_2026_P02_-_published:2722,redacted_supplier,,Redacted,Direct Payment,2100.0
Over500_2026_P02_-_published:2723,redacted_supplier,,Redacted,Direct Payment,1349.52
Over500_2026_P02_-_published:2724,redacted_supplier,,Redacted,Direct Payment,10215.56
Over500_2026_P02_-_published:2725,redacted_supplier,,Redacted,Direct Payment,1744.8
Over500_2026_P02_-_published:2726,redacted_supplier,,Redacted,Direct Payment,3626.32
Over500_2026_P02_-_published:2727,redacted_supplier,,Redacted,Direct Payment,847.2
Over500_2026_P02_-_published:2728,redacted_supplier,,Redacted,Direct Payment,1455.92
Over500_2026_P02_-_published:2729,redacted_supplier,,Redacted,Direct Payment,1059.4
Over500_2026_P02_-_published:2730,redacted_supplier,,Redacted,Direct Payment,6745.08
Over500_2026_P02_-_published:2731,redacted_supplier,,Redacted,Direct Payment,4851.6
Over500_2026_P02_-_published:2732,redacted_supplier,,Redacted,Direct Payment,1799.92
Over500_2026_P02_-_published:2733,redacted_supplier,,Redacted,Direct Payment,12400.0
Over500_2026_P02_-_published:2734,redacted_supplier,,Redacted,Direct Payment,4343.92
Over500_2026_P02_-_published:2735,redacted_supplier,,Redacted,Direct Payment,962.96
Over500_2026_P02_-_published:2736,redacted_supplier,,Redacted,Direct Payment,2478.0
Over500_2026_P02_-_published:2737,redacted_supplier,,Redacted,Direct Payment,1184.56
Over500_2026_P02_-_published:2738,redacted_supplier,,Redacted,Direct Payment,877.6
Over500_2026_P02_-_published:2739,redacted_supplier,,Redacted,Direct Payment,3445.24
Over500_2026_P02_-_published:2740,redacted_supplier,,Redacted,Direct Payment,3321.84
Over500_2026_P02_-_published:2741,redacted_supplier,,Redacted,Direct Payment,709.24
Over500_2026_P02_-_published:2742,redacted_supplier,,Redacted,Direct Payment,3031.8
Over500_2026_P02_-_published:2743,redacted_supplier,,Redacted,Direct Payment,799.96
Over500_2026_P02_-_published:2744,redacted_supplier,,Redacted,Direct Payment,2239.88
Over500_2026_P02_-_published:2745,redacted_supplier,,Redacted,Direct Payment,1208.08
Over500_2026_P02_-_published:2746,redacted_supplier,,Redacted,Direct Payment,1206.52
Over500_2026_P02_-_published:2747,redacted_supplier,,Redacted,Direct Payment,1447.4
Over500_2026_P02_-_published:2748,redacted_supplier,,Redacted,Direct Payment,737.6
Over500_2026_P02_-_published:2749,redacted_supplier,,Redacted,Direct Payment,1799.92
Over500_2026_P02_-_published:2750,redacted_supplier,,Redacted,Direct Payment,1409.92
Over500_2026_P02_-_published:2751,redacted_supplier,,Redacted,Direct Payment,504.72
Over500_2026_P02_-_published:2752,redacted_supplier,,Redacted,Direct Payment,1432.0
Over500_2026_P02_-_published:2753,redacted_supplier,,Redacted,Direct Payment,3022.0
Over500_2026_P02_-_published:2754,redacted_supplier,,Redacted,Direct Payment,2420.64
Over500_2026_P02_-_published:2755,redacted_supplier,,Redacted,Direct Payment,1294.32
Over500_2026_P02_-_published:2756,redacted_supplier,,Redacted,Direct Payment,1583.92
Over500_2026_P02_-_published:2757,pension_statutory,,Solo Support Services,Direct Payment,6577.72
Over500_2026_P02_-_published:2758,redacted_supplier,,Redacted,Direct Payment,2158.96
Over500_2026_P02_-_published:2759,redacted_supplier,,Redacted,Direct Payment,9073.64
Over500_2026_P02_-_published:2760,redacted_supplier,,Redacted,Direct Payment,629.96
Over500_2026_P02_-_published:2761,redacted_supplier,,Redacted,Direct Payment,1580.6
Over500_2026_P02_-_published:2762,redacted_supplier,,Redacted,Direct Payment,3406.8
Over500_2026_P02_-_published:2763,redacted_supplier,,Redacted,Direct Payment,2228.64
Over500_2026_P02_-_published:2764,redacted_supplier,,Redacted,Direct Payment,1088.0
Over500_2026_P02_-_published:2765,redacted_supplier,,Redacted,Direct Payment,1866.0
Over500_2026_P02_-_published:2766,redacted_supplier,,Redacted,Direct Payment,772.16
Over500_2026_P02_-_published:2767,redacted_supplier,,Redacted,Direct Payment,3995.0
Over500_2026_P02_-_published:2768,redacted_supplier,,Redacted,Direct Payment,1599.92
Over500_2026_P02_-_published:2769,redacted_supplier,,Redacted,Direct Payment,1020.0
Over500_2026_P02_-_published:2770,redacted_supplier,,Redacted,Direct Payment,704.0
Over500_2026_P02_-_published:2771,redacted_supplier,,Redacted,Direct Payment,906.0
Over500_2026_P02_-_published:2772,redacted_supplier,,Redacted,Direct Payment,750.0
Over500_2026_P02_-_published:2773,redacted_supplier,,Redacted,Direct Payment,1105.0
Over500_2026_P02_-_published:2774,redacted_supplier,,Redacted,Direct Payment,1500.0
Over500_2026_P02_-_published:2775,redacted_supplier,,Redacted,Direct Payment,2816.15
Over500_2026_P02_-_published:2776,redacted_supplier,,Redacted,Direct Payment,1296.0
Over500_2026_P02_-_published:2777,redacted_supplier,,Redacted,Direct Payment,504.68
Over500_2026_P02_-_published:2778,redacted_supplier,,Redacted,Direct Payment,659.08
Over500_2026_P02_-_published:2779,redacted_supplier,,Redacted,Direct Payment,530.45
Over500_2026_P02_-_published:2780,redacted_supplier,,Redacted,Direct Payment,750.0
Over500_2026_P02_-_published:2781,redacted_supplier,,Redacted,Direct Payment,546.0
Over500_2026_P02_-_published:2782,redacted_supplier,,Redacted,Direct Payment,540.0
Over500_2026_P02_-_published:2783,redacted_supplier,,Redacted,Direct Payment,1287.27
Over500_2026_P02_-_published:2784,redacted_supplier,,Redacted,Direct Payment,1398.96
Over500_2026_P02_-_published:2785,redacted_supplier,,Redacted,Direct Payment,1887.6
Over500_2026_P02_-_published:2786,redacted_supplier,,Redacted,Direct Payment,508.81
Over500_2026_P02_-_published:2787,redacted_supplier,,Redacted,Direct Payment,2314.2
Over500_2026_P02_-_published:2788,redacted_supplier,,Redacted,Direct Payment,1015.55
Over500_2026_P02_-_published:2789,redacted_supplier,,Redacted,Direct Payment,1017.4
Over500_2026_P02_-_published:2790,redacted_supplier,,Redacted,Direct Payment,845.0
Over500_2026_P02_-_published:2791,redacted_supplier,,Redacted,Direct Payment,1206.6
Over500_2026_P02_-_published:2792,redacted_supplier,,Redacted,Direct Payment,1330.8
Over500_2026_P02_-_published:2793,redacted_supplier,,Redacted,Direct Payment,1330.8
Over500_2026_P02_-_published:2794,redacted_supplier,,Redacted,Direct Payment,533.76
Over500_2026_P02_-_published:2795,redacted_supplier,,Redacted,Direct Payment,600.0
Over500_2026_P02_-_published:2796,redacted_supplier,,Redacted,Direct Payment,570.9
Over500_2026_P02_-_published:2797,redacted_supplier,,Redacted,Direct Payment,2940.0
Over500_2026_P02_-_published:2798,redacted_supplier,,Redacted,Direct Payment,700.0
Over500_2026_P02_-_published:2799,redacted_supplier,,Redacted,Direct Payment,7470.66
Over500_2026_P02_-_published:2800,redacted_supplier,,Redacted,Direct Payment,7045.0
Over500_2026_P02_-_published:2801,redacted_supplier,,Redacted,Direct Payment,2620.0
Over500_2026_P02_-_published:2802,redacted_supplier,,Redacted,Direct Payment,2238.33
Over500_2026_P02_-_published:2803,redacted_supplier,,Redacted,Direct Payment,5654.13
Over500_2026_P02_-_published:2804,redacted_supplier,,Redacted,Payments to Carers,720.0
Over500_2026_P02_-_published:2805,redacted_supplier,,Redacted,Payments to Carers,2160.0
Over500_2026_P02_-_published:2806,redacted_supplier,,Redacted,Payments to Carers,1137.76
Over500_2026_P02_-_published:2807,redacted_supplier,,Redacted,Adult Placement Allowances,1607.48
Over500_2026_P02_-_published:2808,redacted_supplier,,Redacted,Adult Placement Allowances,1607.48
Over500_2026_P02_-_published:2809,redacted_supplier,,Redacted,Adult Placement Allowances,661.0
Over500_2026_P02_-_published:2810,redacted_supplier,,Redacted,Adult Placement Allowances,568.6
Over500_2026_P02_-_published:2811,redacted_supplier,,Redacted,Adult Placement Allowances,997.6
Over500_2026_P02_-_published:2812,redacted_supplier,,Redacted,Adult Placement Allowances,797.2
Over500_2026_P02_-_published:2813,redacted_supplier,,Redacted,Adult Placement Allowances,797.2
Over500_2026_P02_-_published:2814,redacted_supplier,,Redacted,Adult Placement Allowances,661.0
Over500_2026_P02_-_published:2815,redacted_supplier,,Redacted,Adult Placement Allowances,797.2
Over500_2026_P02_-_published:2816,redacted_supplier,,Redacted,Adult Placement Allowances,661.0
Over500_2026_P02_-_published:2817,redacted_supplier,,Redacted,Adult Placement Allowances,701.4
Over500_2026_P02_-_published:2818,redacted_supplier,,Redacted,Adult Placement Allowances,968.76
Over500_2026_P02_-_published:2819,redacted_supplier,,Redacted,Adult Placement Allowances,797.2
Over500_2026_P02_-_published:2820,redacted_supplier,,Redacted,Adult Placement Allowances,661.0
Over500_2026_P02_-_published:2821,redacted_supplier,,Redacted,Adult Placement Allowances,1047.7
Over500_2026_P02_-_published:2822,redacted_supplier,,Redacted,Adult Placement Allowances,797.2
Over500_2026_P02_-_published:2823,redacted_supplier,,Redacted,Adult Placement Allowances,661.0
Over500_2026_P02_-_published:2824,redacted_supplier,,Redacted,Adult Placement Allowances,568.6
Over500_2026_P02_-_published:2825,redacted_supplier,,Redacted,Adult Placement Allowances,811.0
Over500_2026_P02_-_published:2826,redacted_supplier,,Redacted,Adult Placement Allowances,811.0
Over500_2026_P02_-_published:2827,redacted_supplier,,Redacted,Adult Placement Allowances,1201.58
Over500_2026_P02_-_published:2828,redacted_supplier,,Redacted,Adult Placement Allowances,584.5
Over500_2026_P02_-_published:2829,redacted_supplier,,Redacted,Adult Placement Allowances,661.0
Over500_2026_P02_-_published:2830,redacted_supplier,,Redacted,Adult Placement Allowances,661.0
Over500_2026_P02_-_published:2831,redacted_supplier,,Redacted,Adult Placement Allowances,797.2
Over500_2026_P02_-_published:2832,redacted_supplier,,Redacted,Adult Placement Allowances,797.2
Over500_2026_P02_-_published:2833,redacted_supplier,,Redacted,Adult Placement Allowances,797.2
Over500_2026_P02_-_published:2834,redacted_supplier,,Redacted,Adult Placement Allowances,604.36
Over500_2026_P02_-_published:2835,redacted_supplier,,Redacted,Adult Placement Allowances,584.5
Over500_2026_P02_-_published:2836,redacted_supplier,,Redacted,Adult Placement Allowances,1410.3
Over500_2026_P02_-_published:2837,redacted_supplier,,Redacted,Adult Placement Allowances,1916.5
Over500_2026_P02_-_published:2838,redacted_supplier,,Redacted,Adult Placement Allowances,661.0
Over500_2026_P02_-_published:2839,redacted_supplier,,Redacted,Adult Placement Allowances,568.6
Over500_2026_P02_-_published:2840,redacted_supplier,,Redacted,Adult Placement Allowances,797.2
Over500_2026_P02_-_published:2841,redacted_supplier,,Redacted,Adult Placement Allowances,797.2
Over500_2026_P02_-_published:2842,redacted_supplier,,Redacted,Adult Placement Allowances,661.0
Over500_2026_P02_-_published:2843,redacted_supplier,,Redacted,Adult Placement Allowances,797.2
Over500_2026_P02_-_published:2844,redacted_supplier,,Redacted,Adult Placement Allowances,661.0
Over500_2026_P02_-_published:2845,redacted_supplier,,Redacted,Adult Placement Allowances,968.76
Over500_2026_P02_-_published:2846,redacted_supplier,,Redacted,Adult Placement Allowances,797.2
Over500_2026_P02_-_published:2847,redacted_supplier,,Redacted,Adult Placement Allowances,661.0
Over500_2026_P02_-_published:2848,redacted_supplier,,Redacted,Adult Placement Allowances,797.2
Over500_2026_P02_-_published:2849,redacted_supplier,,Redacted,Adult Placement Allowances,797.2
Over500_2026_P02_-_published:2850,redacted_supplier,,Redacted,Adult Placement Allowances,661.0
Over500_2026_P02_-_published:2851,redacted_supplier,,Redacted,Adult Placement Allowances,568.6
Over500_2026_P02_-_published:2852,redacted_supplier,,Redacted,Adult Placement Allowances,811.0
Over500_2026_P02_-_published:2853,redacted_supplier,,Redacted,Adult Placement Allowances,811.0
Over500_2026_P02_-_published:2854,redacted_supplier,,Redacted,Adult Placement Allowances,661.0
Over500_2026_P02_-_published:2855,redacted_supplier,,Redacted,Adult Placement Allowances,584.5
Over500_2026_P02_-_published:2856,redacted_supplier,,Redacted,Adult Placement Allowances,661.0
Over500_2026_P02_-_published:2857,redacted_supplier,,Redacted,Adult Placement Allowances,661.0
Over500_2026_P02_-_published:2858,redacted_supplier,,Redacted,Adult Placement Allowances,797.2
Over500_2026_P02_-_published:2859,redacted_supplier,,Redacted,Adult Placement Allowances,797.2
Over500_2026_P02_-_published:2860,redacted_supplier,,Redacted,Adult Placement Allowances,797.2
Over500_2026_P02_-_published:2861,redacted_supplier,,Redacted,Adult Placement Allowances,538.4
Over500_2026_P02_-_published:2862,redacted_supplier,,Redacted,Adult Placement Allowances,584.5
Over500_2026_P02_-_published:2863,redacted_supplier,,Redacted,Adult Placement Allowances,1169.0
Over500_2026_P02_-_published:2864,redacted_supplier,,Redacted,Adult Placement Allowances,1020.5
Over500_2026_P02_-_published:2865,redacted_supplier,,Redacted,Adult Placement Allowances,1020.5
Over500_2026_P02_-_published:2866,redacted_supplier,,Redacted,ASC Deferred Debt,2346.35
Over500_2026_P02_-_published:2867,redacted_supplier,,Redacted,ASC Deferred Debt,3287.83
Over500_2026_P02_-_published:2868,redacted_supplier,,Redacted,ASC Deferred Debt,2341.07
Over500_2026_P02_-_published:2869,redacted_supplier,,Redacted,ASC Deferred Debt,4467.44
Over500_2026_P02_-_published:2870,redacted_supplier,,Redacted,ASC Deferred Debt,4528.83
Over500_2026_P02_-_published:2871,redacted_supplier,,Redacted,ASC Deferred Debt,5003.91
Over500_2026_P02_-_published:2872,redacted_supplier,,Redacted,ASC Deferred Debt,5640.59
Over500_2026_P02_-_published:2873,redacted_supplier,,Redacted,ASC Deferred Debt,3121.56
Over500_2026_P02_-_published:2874,redacted_supplier,,Redacted,ASC Deferred Debt,3950.37
Over500_2026_P02_-_published:2875,redacted_supplier,,Redacted,ASC Deferred Debt,4335.96
Over500_2026_P02_-_published:2876,redacted_supplier,,Redacted,ASC Deferred Debt,4729.21
Over500_2026_P02_-_published:2877,redacted_supplier,,Redacted,ASC Deferred Debt,4731.4
Over500_2026_P02_-_published:2878,redacted_supplier,,Redacted,ASC Deferred Debt,2972.82
Over500_2026_P02_-_published:2879,redacted_supplier,,Redacted,ASC Deferred Debt,4732.14
Over500_2026_P02_-_published:2880,redacted_supplier,,Redacted,ASC Deferred Debt,5554.33
Over500_2026_P02_-_published:2881,redacted_supplier,,Redacted,ASC Deferred Debt,6319.99
Over500_2026_P02_-_published:2882,redacted_supplier,,Redacted,ASC Deferred Debt,3098.85
Over500_2026_P02_-_published:2883,redacted_supplier,,Redacted,ASC Deferred Debt,4727.12
Over500_2026_P02_-_published:2884,redacted_supplier,,Redacted,ASC Deferred Debt,5286.63
Over500_2026_P02_-_published:2885,redacted_supplier,,Redacted,ASC Deferred Debt,5574.2
Over500_2026_P02_-_published:2886,redacted_supplier,,Redacted,ASC Deferred Debt,2234.72
Over500_2026_P02_-_published:2887,redacted_supplier,,Redacted,ASC Deferred Debt,23168.64
Over500_2026_P02_-_published:2888,pension_statutory,,Royal Borough of Windsor and Maidenhead,LGPS Employees Control,449421.17
Over500_2026_P02_-_published:2889,pension_statutory,,Royal Borough of Windsor and Maidenhead,LGPS Employers Control,1088314.51
Over500_2026_P02_-_published:2890,pension_statutory,,Royal Borough of Windsor and Maidenhead,Teachers LGPS ERS Control,971741.52
Over500_2026_P02_-_published:2891,pension_statutory,,DWP DEBT MANAGEMENT,Court Order Control,1424.84
Over500_2026_P02_-_published:2892,pension_statutory,,WEST BERKSHIRE COUNCIL,Council Tax Court Orders,2096.53
Over500_2026_P02_-_published:2893,pension_statutory,,PRUDENTIAL,Prudential AVC Teachers,3121.49
Over500_2026_P03_-_published:3,pension_statutory,,Royal Borough of Windsor and Maidenhead,Employers LGPS Deficit Contribution,575000.0
Over500_2026_P03_-_published:121,redacted_supplier,,Redacted,Rents,1300.0
Over500_2026_P03_-_published:225,redacted_supplier,,Redacted,Public Transport,569.25
Over500_2026_P03_-_published:226,redacted_supplier,,Redacted,Public Transport,600.6
Over500_2026_P03_-_published:263,redacted_supplier,,Redacted,Public Transport,561.0
Over500_2026_P03_-_published:271,redacted_supplier,,Redacted,Public Transport,569.25
Over500_2026_P03_-_published:295,redacted_supplier,,Redacted,Rents,2300.0
Over500_2026_P03_-_published:354,redacted_supplier,,Redacted,Public Transport,569.25
Over500_2026_P03_-_published:355,redacted_supplier,,Redacted,Public Transport,600.6
Over500_2026_P03_-_published:402,public_body,supplier_regex,HAMPSHIRE COUNTY COUNCIL,Training Third Parties,2380.0
Over500_2026_P03_-_published:404,public_body,supplier_regex,BERKSHIRE HEALTHCARE NHS FOUNDATION TRUST,Training Third Parties,743.33
Over500_2026_P03_-_published:410,public_body,supplier_regex,HAMPSHIRE COUNTY COUNCIL,Training Third Parties,1755.0
Over500_2026_P03_-_published:454,public_body,supplier_regex,OXFORDSHIRE COUNTY COUNCIL,Professional Fees,35410.0
Over500_2026_P03_-_published:627,redacted_supplier,,Redacted,Grants,700.0
Over500_2026_P03_-_published:633,public_body,supplier_regex,DEVON COUNTY COUNCIL,Subscriptions,605.0
Over500_2026_P03_-_published:653,redacted_supplier,,Redacted,Insurance Premiums,2640.0
Over500_2026_P03_-_published:764,public_body,narrative,READING BOROUGH COUNCIL,Joint Arrangements (with Other Local Authorities or NHS),1413504.24
Over500_2026_P03_-_published:765,public_body,narrative,OXFORDSHIRE COUNTY COUNCIL,Payments to Other Local Authorities (excl Joint Arrangements),1248.04
Over500_2026_P03_-_published:766,public_body,narrative,READING BOROUGH COUNCIL,Payments to Other Local Authorities (excl Joint Arrangements),2180.3
Over500_2026_P03_-_published:767,public_body,narrative,READING BOROUGH COUNCIL,Payments to Other Local Authorities (excl Joint Arrangements),804.8
Over500_2026_P03_-_published:768,public_body,narrative,WOKINGHAM BOROUGH COUNCIL,Payments to Other Local Authorities (excl Joint Arrangements),3344.68
Over500_2026_P03_-_published:769,public_body,narrative,HAMPSHIRE COUNTY COUNCIL,Payments to Other Local Authorities (excl Joint Arrangements),7659.0
Over500_2026_P03_-_published:778,public_body,narrative,READING BOROUGH COUNCIL,Payments to Other Local Authorities (excl Joint Arrangements),1500.0
Over500_2026_P03_-_published:826,redacted_supplier,,Redacted,Professional Fees,1250.0
Over500_2026_P03_-_published:1985,public_body,supplier_regex,EAST SUSSEX COUNTY COUNCIL,Private Contractors,5893.0
Over500_2026_P03_-_published:2086,redacted_supplier,,Redacted,Grants,4372.22
Over500_2026_P03_-_published:2143,public_body,supplier_regex,WOKINGHAM BOROUGH COUNCIL,Private Contractors,95104.51
Over500_2026_P03_-_published:2208,redacted_supplier,,Redacted,Allowances for provision care,1209.7
Over500_2026_P03_-_published:2209,redacted_supplier,,Redacted,Allowances for provision care,559.26
Over500_2026_P03_-_published:2210,redacted_supplier,,Redacted,Allowances for provision care,975.16
Over500_2026_P03_-_published:2211,redacted_supplier,,Redacted,Allowances for provision care,975.16
Over500_2026_P03_-_published:2212,redacted_supplier,,Redacted,Allowances for provision care,1000.0
Over500_2026_P03_-_published:2213,redacted_supplier,,Redacted,Allowances for provision care,559.26
Over500_2026_P03_-_published:2214,redacted_supplier,,Redacted,Allowances for provision care,542.89
Over500_2026_P03_-_published:2215,redacted_supplier,,Redacted,Allowances for provision care,1467.52
Over500_2026_P03_-_published:2217,public_body,supplier_regex,BRACKNELL FOREST BOROUGH CNCL,Private Contractors,130310.57
Over500_2026_P03_-_published:2232,redacted_supplier,,Redacted,Allowances for provision care,916.18
Over500_2026_P03_-_published:2233,redacted_supplier,,Redacted,Allowances for provision care,636.18
Over500_2026_P03_-_published:2234,redacted_supplier,,Redacted,Allowances for provision care,719.86
Over500_2026_P03_-_published:2235,redacted_supplier,,Redacted,Allowances for provision care,954.38
Over500_2026_P03_-_published:2236,redacted_supplier,,Redacted,Allowances for provision care,1209.7
Over500_2026_P03_-_published:2237,redacted_supplier,,Redacted,Allowances for provision care,975.16
Over500_2026_P03_-_published:2238,redacted_supplier,,Redacted,Allowances for provision care,916.18
Over500_2026_P03_-_published:2239,redacted_supplier,,Redacted,Allowances for provision care,916.18
Over500_2026_P03_-_published:2240,redacted_supplier,,Redacted,Allowances for provision care,559.26
Over500_2026_P03_-_published:2241,redacted_supplier,,Redacted,Allowances for provision care,1209.7
Over500_2026_P03_-_published:2242,redacted_supplier,,Redacted,Allowances for provision care,916.18
Over500_2026_P03_-_published:2243,redacted_supplier,,Redacted,Allowances for provision care,559.26
Over500_2026_P03_-_published:2244,redacted_supplier,,Redacted,Allowances for provision care,559.26
Over500_2026_P03_-_published:2245,redacted_supplier,,Redacted,Allowances for provision care,918.78
Over500_2026_P03_-_published:2246,redacted_supplier,,Redacted,Allowances for provision care,1000.0
Over500_2026_P03_-_published:2247,redacted_supplier,,Redacted,Allowances for provision care,792.48
Over500_2026_P03_-_published:2248,redacted_supplier,,Redacted,Allowances for provision care,916.18
Over500_2026_P03_-_published:2249,redacted_supplier,,Redacted,Allowances for provision care,559.26
Over500_2026_P03_-_published:2250,redacted_supplier,,Redacted,Allowances for provision care,519.31
Over500_2026_P03_-_published:2251,redacted_supplier,,Redacted,Allowances for provision care,636.18
Over500_2026_P03_-_published:2252,redacted_supplier,,Redacted,Allowances for provision care,916.18
Over500_2026_P03_-_published:2253,redacted_supplier,,Redacted,Allowances for provision care,1467.52
Over500_2026_P03_-_published:2254,redacted_supplier,,Redacted,Allowances for provision care,916.18
Over500_2026_P03_-_published:2255,redacted_supplier,,Redacted,Allowances for provision care,636.18
Over500_2026_P03_-_published:2256,redacted_supplier,,Redacted,Allowances for provision care,547.35
Over500_2026_P03_-_published:2257,redacted_supplier,,Redacted,Allowances for provision care,559.26
Over500_2026_P03_-_published:2258,redacted_supplier,,Redacted,Allowances for provision care,975.16
Over500_2026_P03_-_published:2259,redacted_supplier,,Redacted,Allowances for provision care,792.48
Over500_2026_P03_-_published:2260,redacted_supplier,,Redacted,Allowances for provision care,975.16
Over500_2026_P03_-_published:2261,redacted_supplier,,Redacted,Allowances for provision care,1209.7
Over500_2026_P03_-_published:2262,redacted_supplier,,Redacted,Allowances for provision care,975.16
Over500_2026_P03_-_published:2263,redacted_supplier,,Redacted,Allowances for provision care,975.16
Over500_2026_P03_-_published:2264,redacted_supplier,,Redacted,Allowances for provision care,1209.7
Over500_2026_P03_-_published:2265,redacted_supplier,,Redacted,Allowances for provision care,559.26
Over500_2026_P03_-_published:2266,redacted_supplier,,Redacted,Allowances for provision care,559.26
Over500_2026_P03_-_published:2267,redacted_supplier,,Redacted,Allowances for provision care,975.16
Over500_2026_P03_-_published:2268,redacted_supplier,,Redacted,Allowances for provision care,975.16
Over500_2026_P03_-_published:2269,redacted_supplier,,Redacted,Allowances for provision care,916.18
Over500_2026_P03_-_published:2270,redacted_supplier,,Redacted,Allowances for provision care,954.38
Over500_2026_P03_-_published:2271,redacted_supplier,,Redacted,Allowances for provision care,975.16
Over500_2026_P03_-_published:2272,redacted_supplier,,Redacted,Allowances for provision care,1209.7
Over500_2026_P03_-_published:2273,redacted_supplier,,Redacted,Allowances for provision care,975.16
Over500_2026_P03_-_published:2274,redacted_supplier,,Redacted,Allowances for provision care,975.16
Over500_2026_P03_-_published:2275,redacted_supplier,,Redacted,Allowances for provision care,916.18
Over500_2026_P03_-_published:2276,redacted_supplier,,Redacted,Allowances for provision care,1000.0
Over500_2026_P03_-_published:2277,redacted_supplier,,Redacted,Allowances for provision care,975.16
Over500_2026_P03_-_published:2278,redacted_supplier,,Redacted,Allowances for provision care,975.16
Over500_2026_P03_-_published:2279,redacted_supplier,,Redacted,Allowances for provision care,916.18
Over500_2026_P03_-_published:2280,redacted_supplier,,Redacted,Allowances for provision care,916.18
Over500_2026_P03_-_published:2281,redacted_supplier,,Redacted,Allowances for provision care,1467.52
Over500_2026_P03_-_published:2282,redacted_supplier,,Redacted,Allowances for provision care,559.26
Over500_2026_P03_-_published:2283,redacted_supplier,,Redacted,Allowances for provision care,559.26
Over500_2026_P03_-_published:2284,redacted_supplier,,Redacted,Allowances for provision care,636.18
Over500_2026_P03_-_published:2285,redacted_supplier,,Redacted,Allowances for provision care,559.26
Over500_2026_P03_-_published:2286,redacted_supplier,,Redacted,Allowances for provision care,1000.0
Over500_2026_P03_-_published:2287,redacted_supplier,,Redacted,Allowances for provision care,636.18
Over500_2026_P03_-_published:2288,redacted_supplier,,Redacted,Allowances for provision care,559.26
Over500_2026_P03_-_published:2289,redacted_supplier,,Redacted,Allowances for provision care,954.27
Over500_2026_P03_-_published:2290,redacted_supplier,,Redacted,Allowances for provision care,559.26
Over500_2026_P03_-_published:2291,redacted_supplier,,Redacted,Allowances for provision care,1209.7
Over500_2026_P03_-_published:2292,redacted_supplier,,Redacted,Allowances for provision care,975.16
Over500_2026_P03_-_published:2293,redacted_supplier,,Redacted,Allowances for provision care,916.18
Over500_2026_P03_-_published:2294,redacted_supplier,,Redacted,Allowances for provision care,916.18
Over500_2026_P03_-_published:2295,redacted_supplier,,Redacted,Allowances for provision care,916.18
Over500_2026_P03_-_published:2296,redacted_supplier,,Redacted,Allowances for provision care,1209.7
Over500_2026_P03_-_published:2297,redacted_supplier,,Redacted,Allowances for provision care,559.26
Over500_2026_P03_-_published:2298,redacted_supplier,,Redacted,Allowances for provision care,559.26
Over500_2026_P03_-_published:2299,redacted_supplier,,Redacted,Allowances for provision care,975.16
Over500_2026_P03_-_published:2300,redacted_supplier,,Redacted,Allowances for provision care,559.26
Over500_2026_P03_-_published:2301,redacted_supplier,,Redacted,Allowances for provision care,636.18
Over500_2026_P03_-_published:2302,redacted_supplier,,Redacted,Allowances for provision care,916.18
Over500_2026_P03_-_published:2303,redacted_supplier,,Redacted,Allowances for provision care,636.18
Over500_2026_P03_-_published:2331,redacted_supplier,,Redacted,Allowances for provision care,1000.0
Over500_2026_P03_-_published:2332,redacted_supplier,,Redacted,Allowances for provision care,975.16
Over500_2026_P03_-_published:2333,redacted_supplier,,Redacted,Allowances for provision care,1832.36
Over500_2026_P03_-_published:2334,redacted_supplier,,Redacted,Allowances for provision care,1209.7
Over500_2026_P03_-_published:2335,redacted_supplier,,Redacted,Allowances for provision care,1000.0
Over500_2026_P03_-_published:2336,redacted_supplier,,Redacted,Allowances for provision care,1209.7
Over500_2026_P03_-_published:2337,redacted_supplier,,Redacted,Allowances for provision care,706.23
Over500_2026_P03_-_published:2338,redacted_supplier,,Redacted,Allowances for provision care,559.26
Over500_2026_P03_-_published:2339,redacted_supplier,,Redacted,Allowances for provision care,1209.7
Over500_2026_P03_-_published:2340,redacted_supplier,,Redacted,Allowances for provision care,975.16
Over500_2026_P03_-_published:2341,redacted_supplier,,Redacted,Allowances for provision care,975.16
Over500_2026_P03_-_published:2342,redacted_supplier,,Redacted,Allowances for provision care,696.54
Over500_2026_P03_-_published:2343,redacted_supplier,,Redacted,Allowances for provision care,798.94
Over500_2026_P03_-_published:2344,redacted_supplier,,Redacted,Allowances for provision care,975.16
Over500_2026_P03_-_published:2345,redacted_supplier,,Redacted,Allowances for provision care,636.18
Over500_2026_P03_-_published:2346,redacted_supplier,,Redacted,Allowances for provision care,1467.52
Over500_2026_P03_-_published:2347,redacted_supplier,,Redacted,Allowances for provision care,636.18
Over500_2026_P03_-_published:2348,redacted_supplier,,Redacted,Allowances for provision care,1209.7
Over500_2026_P03_-_published:2349,redacted_supplier,,Redacted,Allowances for provision care,547.35
Over500_2026_P03_-_published:2350,redacted_supplier,,Redacted,Allowances for provision care,752.6
Over500_2026_P03_-_published:2351,redacted_supplier,,Redacted,Allowances for provision care,1467.52
Over500_2026_P03_-_published:2352,redacted_supplier,,Redacted,Allowances for provision care,975.16
Over500_2026_P03_-_published:2353,redacted_supplier,,Redacted,Allowances for provision care,636.18
Over500_2026_P03_-_published:2354,redacted_supplier,,Redacted,Allowances for provision care,1209.7
Over500_2026_P03_-_published:2355,redacted_supplier,,Redacted,Allowances for provision care,975.16
Over500_2026_P03_-_published:2356,redacted_supplier,,Redacted,Allowances for provision care,519.31
Over500_2026_P03_-_published:2357,redacted_supplier,,Redacted,Allowances for provision care,975.16
Over500_2026_P03_-_published:2358,redacted_supplier,,Redacted,Allowances for provision care,1467.52
Over500_2026_P03_-_published:2359,redacted_supplier,,Redacted,Allowances for provision care,975.16
Over500_2026_P03_-_published:2360,redacted_supplier,,Redacted,Allowances for provision care,916.18
Over500_2026_P03_-_published:2361,redacted_supplier,,Redacted,Allowances for provision care,916.18
Over500_2026_P03_-_published:2362,redacted_supplier,,Redacted,Allowances for provision care,559.26
Over500_2026_P03_-_published:2363,redacted_supplier,,Redacted,Allowances for provision care,636.18
Over500_2026_P03_-_published:2364,redacted_supplier,,Redacted,Allowances for provision care,1209.7
Over500_2026_P03_-_published:2365,redacted_supplier,,Redacted,Allowances for provision care,559.26
Over500_2026_P03_-_published:2366,redacted_supplier,,Redacted,Allowances for provision care,559.26
Over500_2026_P03_-_published:2367,redacted_supplier,,Redacted,Allowances for provision care,559.26
Over500_2026_P03_-_published:2368,redacted_supplier,,Redacted,Allowances for provision care,1467.52
Over500_2026_P03_-_published:2369,redacted_supplier,,Redacted,Allowances for provision care,916.18
Over500_2026_P03_-_published:2370,redacted_supplier,,Redacted,Allowances for provision care,1209.7
Over500_2026_P03_-_published:2371,redacted_supplier,,Redacted,Allowances for provision care,975.16
Over500_2026_P03_-_published:2372,redacted_supplier,,Redacted,Allowances for provision care,636.18
Over500_2026_P03_-_published:2373,redacted_supplier,,Redacted,Allowances for provision care,1467.52
Over500_2026_P03_-_published:2374,redacted_supplier,,Redacted,Allowances for provision care,975.16
Over500_2026_P03_-_published:2375,redacted_supplier,,Redacted,Allowances for provision care,975.16
Over500_2026_P03_-_published:2376,redacted_supplier,,Redacted,Allowances for provision care,975.16
Over500_2026_P03_-_published:2377,redacted_supplier,,Redacted,Allowances for provision care,916.18
Over500_2026_P03_-_published:2378,redacted_supplier,,Redacted,Allowances for provision care,636.18
Over500_2026_P03_-_published:2379,redacted_supplier,,Redacted,Allowances for provision care,559.26
Over500_2026_P03_-_published:2380,redacted_supplier,,Redacted,Allowances for provision care,559.26
Over500_2026_P03_-_published:2381,redacted_supplier,,Redacted,Allowances for provision care,954.38
Over500_2026_P03_-_published:2382,redacted_supplier,,Redacted,Allowances for provision care,559.26
Over500_2026_P03_-_published:2383,redacted_supplier,,Redacted,Allowances for provision care,1192.44
Over500_2026_P03_-_published:2384,redacted_supplier,,Redacted,Allowances for provision care,954.38
Over500_2026_P03_-_published:2385,redacted_supplier,,Redacted,Allowances for provision care,1209.7
Over500_2026_P03_-_published:2386,redacted_supplier,,Redacted,Allowances for provision care,1467.52
Over500_2026_P03_-_published:2387,redacted_supplier,,Redacted,Allowances for provision care,916.18
Over500_2026_P03_-_published:2388,redacted_supplier,,Redacted,Allowances for provision care,636.18
Over500_2026_P03_-_published:2389,redacted_supplier,,Redacted,Allowances for provision care,1209.7
Over500_2026_P03_-_published:2390,redacted_supplier,,Redacted,Allowances for provision care,636.18
Over500_2026_P03_-_published:2391,redacted_supplier,,Redacted,Allowances for provision care,954.38
Over500_2026_P03_-_published:2394,public_body,supplier_regex,TAMESIDE  METROPOLITAN BOROUGH,General Expenses,521.3
Over500_2026_P03_-_published:2418,redacted_supplier,,Redacted,Allowances for provision care,1209.7
Over500_2026_P03_-_published:2419,redacted_supplier,,Redacted,Allowances for provision care,636.18
Over500_2026_P03_-_published:2420,redacted_supplier,,Redacted,Allowances for provision care,636.18
Over500_2026_P03_-_published:2421,redacted_supplier,,Redacted,Allowances for provision care,636.18
Over500_2026_P03_-_published:2422,redacted_supplier,,Redacted,Allowances for provision care,636.18
Over500_2026_P03_-_published:2423,redacted_supplier,,Redacted,Allowances for provision care,636.18
Over500_2026_P03_-_published:2424,redacted_supplier,,Redacted,Allowances for provision care,559.26
Over500_2026_P03_-_published:2425,redacted_supplier,,Redacted,Allowances for provision care,916.18
Over500_2026_P03_-_published:2426,redacted_supplier,,Redacted,Allowances for provision care,636.18
Over500_2026_P03_-_published:2427,redacted_supplier,,Redacted,Allowances for provision care,636.18
Over500_2026_P03_-_published:2428,redacted_supplier,,Redacted,Allowances for provision care,1226.92
Over500_2026_P03_-_published:2429,redacted_supplier,,Redacted,Allowances for provision care,727.06
Over500_2026_P03_-_published:2430,redacted_supplier,,Redacted,Allowances for provision care,1209.7
Over500_2026_P03_-_published:2431,redacted_supplier,,Redacted,Allowances for provision care,1209.7
Over500_2026_P03_-_published:2432,redacted_supplier,,Redacted,Allowances for provision care,636.18
Over500_2026_P03_-_published:2433,redacted_supplier,,Redacted,Allowances for provision care,636.18
Over500_2026_P03_-_published:2434,redacted_supplier,,Redacted,Allowances for provision care,954.38
Over500_2026_P03_-_published:2435,redacted_supplier,,Redacted,Allowances for provision care,636.18
Over500_2026_P03_-_published:2436,redacted_supplier,,Redacted,Allowances for provision care,1209.7
Over500_2026_P03_-_published:2437,redacted_supplier,,Redacted,Allowances for provision care,636.18
Over500_2026_P03_-_published:2438,redacted_supplier,,Redacted,Allowances for provision care,636.18
Over500_2026_P03_-_published:2439,redacted_supplier,,Redacted,Allowances for provision care,636.18
Over500_2026_P03_-_published:2440,redacted_supplier,,Redacted,Allowances for provision care,954.38
Over500_2026_P03_-_published:2441,redacted_supplier,,Redacted,Allowances for provision care,636.18
Over500_2026_P03_-_published:2442,redacted_supplier,,Redacted,Allowances for provision care,636.18
Over500_2026_P03_-_published:2443,redacted_supplier,,Redacted,Allowances for provision care,654.41
Over500_2026_P03_-_published:2444,redacted_supplier,,Redacted,Allowances for provision care,916.18
Over500_2026_P03_-_published:2445,redacted_supplier,,Redacted,Allowances for provision care,1209.7
Over500_2026_P03_-_published:2446,redacted_supplier,,Redacted,Allowances for provision care,916.18
Over500_2026_P03_-_published:2447,redacted_supplier,,Redacted,Allowances for provision care,636.18
Over500_2026_P03_-_published:2448,redacted_supplier,,Redacted,Allowances for provision care,636.18
Over500_2026_P03_-_published:2449,redacted_supplier,,Redacted,Allowances for provision care,1209.7
Over500_2026_P03_-_published:2450,redacted_supplier,,Redacted,Allowances for provision care,916.18
Over500_2026_P03_-_published:2451,redacted_supplier,,Redacted,Allowances for provision care,636.18
Over500_2026_P03_-_published:2452,redacted_supplier,,Redacted,Allowances for provision care,636.18
Over500_2026_P03_-_published:2453,redacted_supplier,,Redacted,Allowances for provision care,916.18
Over500_2026_P03_-_published:2454,redacted_supplier,,Redacted,Allowances for provision care,916.18
Over500_2026_P03_-_published:2455,redacted_supplier,,Redacted,Allowances for provision care,559.26
Over500_2026_P03_-_published:2456,redacted_supplier,,Redacted,Allowances for provision care,916.18
Over500_2026_P03_-_published:2457,redacted_supplier,,Redacted,Allowances for provision care,636.18
Over500_2026_P03_-_published:2458,redacted_supplier,,Redacted,Allowances for provision care,636.18
Over500_2026_P03_-_published:2459,redacted_supplier,,Redacted,Allowances for provision care,916.18
Over500_2026_P03_-_published:2460,redacted_supplier,,Redacted,Allowances for provision care,559.26
Over500_2026_P03_-_published:2461,redacted_supplier,,Redacted,Allowances for provision care,2125.11
Over500_2026_P03_-_published:2462,redacted_supplier,,Redacted,Allowances for provision care,1078.57
Over500_2026_P03_-_published:2463,redacted_supplier,,Redacted,Allowances for provision care,954.38
Over500_2026_P03_-_published:2464,redacted_supplier,,Redacted,Allowances for provision care,916.18
Over500_2026_P03_-_published:2465,redacted_supplier,,Redacted,Allowances for provision care,916.18
Over500_2026_P03_-_published:2466,redacted_supplier,,Redacted,Allowances for provision care,636.18
Over500_2026_P03_-_published:2467,redacted_supplier,,Redacted,Allowances for provision care,916.18
Over500_2026_P03_-_published:2468,redacted_supplier,,Redacted,Allowances for provision care,954.38
Over500_2026_P03_-_published:2469,redacted_supplier,,Redacted,Allowances for provision care,559.26
Over500_2026_P03_-_published:2470,redacted_supplier,,Redacted,Allowances for provision care,916.18
Over500_2026_P03_-_published:2471,redacted_supplier,,Redacted,Allowances for provision care,636.18
Over500_2026_P03_-_published:2472,redacted_supplier,,Redacted,Allowances for provision care,2975.16
Over500_2026_P03_-_published:2473,redacted_supplier,,Redacted,Allowances for provision care,916.18
Over500_2026_P03_-_published:2474,redacted_supplier,,Redacted,Allowances for provision care,636.18
Over500_2026_P03_-_published:2475,redacted_supplier,,Redacted,Allowances for provision care,559.26
Over500_2026_P03_-_published:2476,redacted_supplier,,Redacted,Allowances for provision care,954.38
Over500_2026_P03_-_published:2477,redacted_supplier,,Redacted,Allowances for provision care,636.18
Over500_2026_P03_-_published:2478,redacted_supplier,,Redacted,Allowances for provision care,1209.7
Over500_2026_P03_-_published:2479,redacted_supplier,,Redacted,Allowances for provision care,636.18
Over500_2026_P03_-_published:2480,redacted_supplier,,Redacted,Allowances for provision care,954.38
Over500_2026_P03_-_published:2481,redacted_supplier,,Redacted,Allowances for provision care,1209.7
Over500_2026_P03_-_published:2482,redacted_supplier,,Redacted,Allowances for provision care,636.18
Over500_2026_P03_-_published:2483,redacted_supplier,,Redacted,Allowances for provision care,559.26
Over500_2026_P03_-_published:2484,redacted_supplier,,Redacted,Allowances for provision care,636.18
Over500_2026_P03_-_published:2485,redacted_supplier,,Redacted,Allowances for provision care,636.18
Over500_2026_P03_-_published:2486,redacted_supplier,,Redacted,Allowances for provision care,916.18
Over500_2026_P03_-_published:2487,redacted_supplier,,Redacted,Allowances for provision care,636.18
Over500_2026_P03_-_published:2488,redacted_supplier,,Redacted,Allowances for provision care,559.26
Over500_2026_P03_-_published:2489,redacted_supplier,,Redacted,Allowances for provision care,954.38
Over500_2026_P03_-_published:2490,redacted_supplier,,Redacted,Allowances for provision care,559.26
Over500_2026_P03_-_published:2491,redacted_supplier,,Redacted,Allowances for provision care,559.26
Over500_2026_P03_-_published:2492,redacted_supplier,,Redacted,Allowances for provision care,636.18
Over500_2026_P03_-_published:2493,redacted_supplier,,Redacted,Allowances for provision care,636.19
Over500_2026_P03_-_published:2494,redacted_supplier,,Redacted,Allowances for provision care,636.18
Over500_2026_P03_-_published:2495,redacted_supplier,,Redacted,Allowances for provision care,916.18
Over500_2026_P03_-_published:2496,redacted_supplier,,Redacted,Allowances for provision care,636.18
Over500_2026_P03_-_published:2497,redacted_supplier,,Redacted,Allowances for provision care,636.18
Over500_2026_P03_-_published:2498,redacted_supplier,,Redacted,Allowances for provision care,589.6
Over500_2026_P03_-_published:2499,redacted_supplier,,Redacted,Allowances for provision care,589.6
Over500_2026_P03_-_published:2500,redacted_supplier,,Redacted,Allowances for provision care,916.18
Over500_2026_P03_-_published:2501,redacted_supplier,,Redacted,Allowances for provision care,1209.7
Over500_2026_P03_-_published:2502,redacted_supplier,,Redacted,Allowances for provision care,559.26
Over500_2026_P03_-_published:2503,redacted_supplier,,Redacted,Allowances for provision care,636.18
Over500_2026_P03_-_published:2504,redacted_supplier,,Redacted,Allowances for provision care,559.26
Over500_2026_P03_-_published:2505,redacted_supplier,,Redacted,Allowances for provision care,1467.52
Over500_2026_P03_-_published:2506,redacted_supplier,,Redacted,Allowances for provision care,954.38
Over500_2026_P03_-_published:2507,redacted_supplier,,Redacted,Allowances for provision care,954.38
Over500_2026_P03_-_published:2508,redacted_supplier,,Redacted,Allowances for provision care,636.18
Over500_2026_P03_-_published:2509,redacted_supplier,,Redacted,Allowances for provision care,636.18
Over500_2026_P03_-_published:2510,redacted_supplier,,Redacted,Allowances for provision care,954.38
Over500_2026_P03_-_published:2511,redacted_supplier,,Redacted,Allowances for provision care,636.18
Over500_2026_P03_-_published:2512,redacted_supplier,,Redacted,Allowances for provision care,916.18
Over500_2026_P03_-_published:2513,redacted_supplier,,Redacted,Allowances for provision care,545.36
Over500_2026_P03_-_published:2514,redacted_supplier,,Redacted,Allowances for provision care,916.18
Over500_2026_P03_-_published:2515,redacted_supplier,,Redacted,Allowances for provision care,636.18
Over500_2026_P03_-_published:2516,redacted_supplier,,Redacted,Allowances for provision care,559.26
Over500_2026_P03_-_published:2517,redacted_supplier,,Redacted,Allowances for provision care,954.38
Over500_2026_P03_-_published:2518,redacted_supplier,,Redacted,Allowances for provision care,857.36
Over500_2026_P03_-_published:2519,redacted_supplier,,Redacted,Allowances for provision care,636.18
Over500_2026_P03_-_published:2520,redacted_supplier,,Redacted,Allowances for provision care,1467.52
Over500_2026_P03_-_published:2521,redacted_supplier,,Redacted,Allowances for provision care,916.18
Over500_2026_P03_-_published:2522,redacted_supplier,,Redacted,Allowances for provision care,916.18
Over500_2026_P03_-_published:2523,redacted_supplier,,Redacted,Allowances for provision care,1209.7
Over500_2026_P03_-_published:2524,redacted_supplier,,Redacted,Allowances for provision care,636.18
Over500_2026_P03_-_published:2525,redacted_supplier,,Redacted,Allowances for provision care,559.26
Over500_2026_P03_-_published:2526,redacted_supplier,,Redacted,Allowances for provision care,636.18
Over500_2026_P03_-_published:2527,redacted_supplier,,Redacted,Allowances for provision care,636.18
Over500_2026_P03_-_published:2528,redacted_supplier,,Redacted,Allowances for provision care,636.18
Over500_2026_P03_-_published:2529,redacted_supplier,,Redacted,Allowances for provision care,559.26
Over500_2026_P03_-_published:2530,redacted_supplier,,Redacted,Allowances for provision care,916.18
Over500_2026_P03_-_published:2531,redacted_supplier,,Redacted,Allowances for provision care,636.18
Over500_2026_P03_-_published:2532,redacted_supplier,,Redacted,Allowances for provision care,636.18
Over500_2026_P03_-_published:2533,redacted_supplier,,Redacted,Allowances for provision care,954.38
Over500_2026_P03_-_published:2534,redacted_supplier,,Redacted,Allowances for provision care,954.38
Over500_2026_P03_-_published:2535,redacted_supplier,,Redacted,Allowances for provision care,636.18
Over500_2026_P03_-_published:2536,redacted_supplier,,Redacted,Allowances for provision care,916.18
Over500_2026_P03_-_published:2537,redacted_supplier,,Redacted,Allowances for provision care,636.18
Over500_2026_P03_-_published:2538,redacted_supplier,,Redacted,Allowances for provision care,554.87
Over500_2026_P03_-_published:2539,redacted_supplier,,Redacted,Allowances for provision care,589.6
Over500_2026_P03_-_published:2540,redacted_supplier,,Redacted,Allowances for provision care,589.6
Over500_2026_P03_-_published:2541,redacted_supplier,,Redacted,Allowances for provision care,517.69
Over500_2026_P03_-_published:2542,redacted_supplier,,Redacted,Allowances for provision care,595.2
Over500_2026_P03_-_published:2543,redacted_supplier,,Redacted,Allowances for provision care,916.18
Over500_2026_P03_-_published:2544,redacted_supplier,,Redacted,Allowances for provision care,543.3
Over500_2026_P03_-_published:2545,redacted_supplier,,Redacted,Allowances for provision care,636.18
Over500_2026_P03_-_published:2546,redacted_supplier,,Redacted,Allowances for provision care,559.25
Over500_2026_P03_-_published:2547,redacted_supplier,,Redacted,Allowances for provision care,587.09
Over500_2026_P03_-_published:2548,redacted_supplier,,Redacted,Allowances for provision care,636.19
Over500_2026_P03_-_published:2549,redacted_supplier,,Redacted,Allowances for provision care,1192.33
Over500_2026_P03_-_published:2550,redacted_supplier,,Redacted,Allowances for provision care,589.6
Over500_2026_P03_-_published:2551,redacted_supplier,,Redacted,Allowances for provision care,916.18
Over500_2026_P03_-_published:2552,redacted_supplier,,Redacted,Allowances for provision care,559.25
Over500_2026_P03_-_published:2553,redacted_supplier,,Redacted,Allowances for provision care,559.27
Over500_2026_P03_-_published:2554,redacted_supplier,,Redacted,Allowances for provision care,636.18
Over500_2026_P03_-_published:2555,redacted_supplier,,Redacted,Allowances for provision care,559.25
Over500_2026_P03_-_published:2556,redacted_supplier,,Redacted,Allowances for provision care,589.6
Over500_2026_P03_-_published:2557,redacted_supplier,,Redacted,Allowances for provision care,1192.33
Over500_2026_P03_-_published:2558,redacted_supplier,,Redacted,Allowances for provision care,589.6
Over500_2026_P03_-_published:2559,redacted_supplier,,Redacted,Allowances for provision care,559.26
Over500_2026_P03_-_published:2560,redacted_supplier,,Redacted,Allowances for provision care,559.26
Over500_2026_P03_-_published:2561,redacted_supplier,,Redacted,Allowances for provision care,636.18
Over500_2026_P03_-_published:2562,redacted_supplier,,Redacted,Allowances for provision care,636.18
Over500_2026_P03_-_published:2563,redacted_supplier,,Redacted,Allowances for provision care,636.18
Over500_2026_P03_-_published:2564,redacted_supplier,,Redacted,Allowances for provision care,2975.16
Over500_2026_P03_-_published:2565,redacted_supplier,,Redacted,Allowances for provision care,916.18
Over500_2026_P03_-_published:2566,redacted_supplier,,Redacted,Allowances for provision care,636.18
Over500_2026_P03_-_published:2567,redacted_supplier,,Redacted,Allowances for provision care,636.18
Over500_2026_P03_-_published:2568,redacted_supplier,,Redacted,Allowances for provision care,916.18
Over500_2026_P03_-_published:2569,redacted_supplier,,Redacted,Allowances for provision care,517.69
Over500_2026_P03_-_published:2570,redacted_supplier,,Redacted,Allowances for provision care,554.86
Over500_2026_P03_-_published:2571,redacted_supplier,,Redacted,Allowances for provision care,916.75
Over500_2026_P03_-_published:2572,redacted_supplier,,Redacted,Allowances for provision care,559.27
Over500_2026_P03_-_published:2573,redacted_supplier,,Redacted,Allowances for provision care,1192.33
Over500_2026_P03_-_published:2574,redacted_supplier,,Redacted,Allowances for provision care,559.25
Over500_2026_P03_-_published:2575,redacted_supplier,,Redacted,Allowances for provision care,636.18
Over500_2026_P03_-_published:2576,redacted_supplier,,Redacted,Allowances for provision care,636.19
Over500_2026_P03_-_published:2577,redacted_supplier,,Redacted,Allowances for provision care,636.18
Over500_2026_P03_-_published:2578,redacted_supplier,,Redacted,Allowances for provision care,636.18
Over500_2026_P03_-_published:2579,redacted_supplier,,Redacted,Allowances for provision care,636.18
Over500_2026_P03_-_published:2580,redacted_supplier,,Redacted,Allowances for provision care,636.18
Over500_2026_P03_-_published:2581,redacted_supplier,,Redacted,Allowances for provision care,636.18
Over500_2026_P03_-_published:2582,redacted_supplier,,Redacted,Allowances for provision care,977.96
Over500_2026_P03_-_published:2583,redacted_supplier,,Redacted,Allowances for provision care,916.75
Over500_2026_P03_-_published:2584,redacted_supplier,,Redacted,Allowances for provision care,636.19
Over500_2026_P03_-_published:2585,redacted_supplier,,Redacted,Allowances for provision care,636.18
Over500_2026_P03_-_published:2586,redacted_supplier,,Redacted,Allowances for provision care,636.18
Over500_2026_P03_-_published:2587,redacted_supplier,,Redacted,Allowances for provision care,916.18
Over500_2026_P03_-_published:2588,redacted_supplier,,Redacted,Allowances for provision care,636.19
Over500_2026_P03_-_published:2589,redacted_supplier,,Redacted,Allowances for provision care,916.18
Over500_2026_P03_-_published:2590,redacted_supplier,,Redacted,Allowances for provision care,559.25
Over500_2026_P03_-_published:2591,redacted_supplier,,Redacted,Allowances for provision care,636.18
Over500_2026_P03_-_published:2592,redacted_supplier,,Redacted,Allowances for provision care,636.19
Over500_2026_P03_-_published:2593,redacted_supplier,,Redacted,Allowances for provision care,559.27
Over500_2026_P03_-_published:2594,redacted_supplier,,Redacted,Allowances for provision care,916.18
Over500_2026_P03_-_published:2595,redacted_supplier,,Redacted,Allowances for provision care,559.25
Over500_2026_P03_-_published:2596,redacted_supplier,,Redacted,Allowances for provision care,587.09
Over500_2026_P03_-_published:2597,redacted_supplier,,Redacted,Allowances for provision care,517.69
Over500_2026_P03_-_published:2598,redacted_supplier,,Redacted,Allowances for provision care,636.18
Over500_2026_P03_-_published:2599,redacted_supplier,,Redacted,Allowances for provision care,916.18
Over500_2026_P03_-_published:2600,redacted_supplier,,Redacted,Allowances for provision care,517.69
Over500_2026_P03_-_published:2601,redacted_supplier,,Redacted,Allowances for provision care,532.08
Over500_2026_P03_-_published:2602,redacted_supplier,,Redacted,Allowances for provision care,916.18
Over500_2026_P03_-_published:2603,redacted_supplier,,Redacted,Allowances for provision care,975.1
Over500_2026_P03_-_published:2604,redacted_supplier,,Redacted,Allowances for provision care,898.81
Over500_2026_P03_-_published:2605,redacted_supplier,,Redacted,Allowances for provision care,1266.63
Over500_2026_P03_-_published:2606,redacted_supplier,,Redacted,Allowances for provision care,559.27
Over500_2026_P03_-_published:2607,pension_statutory,,MAISHA STAFFING SOLUTIONS LTD,Allowances for provision care,765.0
Over500_2026_P03_-_published:2608,redacted_supplier,,Redacted,Allowances for provision care,517.69
Over500_2026_P03_-_published:2609,redacted_supplier,,Redacted,Allowances for provision care,636.19
Over500_2026_P03_-_published:2610,redacted_supplier,,Redacted,Allowances for provision care,636.19
Over500_2026_P03_-_published:2611,redacted_supplier,,Redacted,Allowances for provision care,916.18
Over500_2026_P03_-_published:2612,redacted_supplier,,Redacted,Allowances for provision care,543.3
Over500_2026_P03_-_published:2613,redacted_supplier,,Redacted,Allowances for provision care,636.18
Over500_2026_P03_-_published:2614,redacted_supplier,,Redacted,Allowances for provision care,916.18
Over500_2026_P03_-_published:2615,redacted_supplier,,Redacted,Allowances for provision care,559.25
Over500_2026_P03_-_published:2616,redacted_supplier,,Redacted,Allowances for provision care,559.25
Over500_2026_P03_-_published:2617,redacted_supplier,,Redacted,Allowances for provision care,587.09
Over500_2026_P03_-_published:2618,redacted_supplier,,Redacted,Allowances for provision care,554.86
Over500_2026_P03_-_published:2619,redacted_supplier,,Redacted,Allowances for provision care,532.08
Over500_2026_P03_-_published:2620,redacted_supplier,,Redacted,Allowances for provision care,636.18
Over500_2026_P03_-_published:2621,redacted_supplier,,Redacted,Allowances for provision care,898.81
Over500_2026_P03_-_published:2622,redacted_supplier,,Redacted,Allowances for provision care,559.27
Over500_2026_P03_-_published:2623,redacted_supplier,,Redacted,Allowances for provision care,559.27
Over500_2026_P03_-_published:2624,redacted_supplier,,Redacted,Allowances for provision care,559.25
Over500_2026_P03_-_published:2625,redacted_supplier,,Redacted,Allowances for provision care,975.1
Over500_2026_P03_-_published:2626,pension_statutory,,MAISHA STAFFING SOLUTIONS LTD,Allowances for provision care,1100.0
Over500_2026_P03_-_published:2627,pension_statutory,,MAISHA STAFFING SOLUTIONS LTD,Allowances for provision care,4485.0
Over500_2026_P03_-_published:2628,pension_statutory,,MAISHA STAFFING SOLUTIONS LTD,Allowances for provision care,2242.5
Over500_2026_P03_-_published:2629,redacted_supplier,,Redacted,Allowances for provision care,594.26
Over500_2026_P03_-_published:2630,redacted_supplier,,Redacted,Allowances for provision care,682.52
Over500_2026_P03_-_published:2631,redacted_supplier,,Redacted,Allowances for provision care,1512.0
Over500_2026_P03_-_published:2632,redacted_supplier,,Redacted,Allowances for provision care,594.26
Over500_2026_P03_-_published:2633,pension_statutory,,E-WALLET,Allowances for provision care,3000.0
Over500_2026_P03_-_published:2634,redacted_supplier,,Redacted,Allowances for provision care,608.36
Over500_2026_P03_-_published:2635,redacted_supplier,,Redacted,Allowances for provision care,1150.0
Over500_2026_P03_-_published:2636,redacted_supplier,,Redacted,Allowances for provision care,653.24
Over500_2026_P03_-_published:2637,redacted_supplier,,Redacted,Allowances for provision care,533.0
Over500_2026_P03_-_published:2638,redacted_supplier,,Redacted,Allowances for provision care,682.52
Over500_2026_P03_-_published:2639,redacted_supplier,,Redacted,Allowances for provision care,1208.49
Over500_2026_P03_-_published:2640,redacted_supplier,,Redacted,Allowances for provision care,682.52
Over500_2026_P03_-_published:2641,redacted_supplier,,Redacted,Allowances for provision care,916.18
Over500_2026_P03_-_published:2642,redacted_supplier,,Redacted,Allowances for provision care,954.38
Over500_2026_P03_-_published:2643,redacted_supplier,,Redacted,Allowances for provision care,1438.27
Over500_2026_P03_-_published:2644,pension_statutory,,MAISHA STAFFING SOLUTIONS LTD,Allowances for provision care,3895.5
Over500_2026_P03_-_published:2645,redacted_supplier,,Redacted,Allowances for provision care,636.19
Over500_2026_P03_-_published:2646,redacted_supplier,,Redacted,Allowances for provision care,1192.33
Over500_2026_P03_-_published:2647,redacted_supplier,,Redacted,Allowances for provision care,543.3
Over500_2026_P03_-_published:2648,redacted_supplier,,Redacted,Allowances for provision care,636.18
Over500_2026_P03_-_published:2649,redacted_supplier,,Redacted,Allowances for provision care,636.18
Over500_2026_P03_-_published:2650,redacted_supplier,,Redacted,Allowances for provision care,559.25
Over500_2026_P03_-_published:2651,redacted_supplier,,Redacted,Allowances for provision care,636.18
Over500_2026_P03_-_published:2652,redacted_supplier,,Redacted,Allowances for provision care,559.25
Over500_2026_P03_-_published:2653,redacted_supplier,,Redacted,Allowances for provision care,595.22
Over500_2026_P03_-_published:2654,redacted_supplier,,Redacted,Allowances for provision care,532.08
Over500_2026_P03_-_published:2655,redacted_supplier,,Redacted,Allowances for provision care,636.18
Over500_2026_P03_-_published:2656,redacted_supplier,,Redacted,Allowances for provision care,1266.63
Over500_2026_P03_-_published:2657,redacted_supplier,,Redacted,Allowances for provision care,559.27
Over500_2026_P03_-_published:2658,redacted_supplier,,Redacted,Allowances for provision care,559.25
Over500_2026_P03_-_published:2659,redacted_supplier,,Redacted,Allowances for provision care,975.1
Over500_2026_P03_-_published:2660,pension_statutory,,MAISHA STAFFING SOLUTIONS LTD,Allowances for provision care,540.0
Over500_2026_P03_-_published:2661,pension_statutory,,EW PSYCHOLOGY,Allowances for provision care,850.0
Over500_2026_P03_-_published:2662,pension_statutory,,MAISHA STAFFING SOLUTIONS LTD,Allowances for provision care,1404.0
Over500_2026_P03_-_published:2663,public_body,narrative,READING BOROUGH COUNCIL,Payments to Other Local Authorities (excl Joint Arrangements),506.1
Over500_2026_P03_-_published:2664,public_body,narrative,SOUTHAMPTON CITY COUNCIL,Payments to Other Local Authorities (excl Joint Arrangements),1596.35
Over500_2026_P03_-_published:2665,public_body,narrative,KENT COUNTY COUNCIL,Payments to Other Local Authorities (excl Joint Arrangements),6250.0
Over500_2026_P03_-_published:2666,public_body,narrative,BERKSHIRE HEALTHCARE NHS FOUNDATION TRUST,Payments to NHS (excl Joint Arrangement),65499.99
Over500_2026_P03_-_published:2762,pension_statutory,,MAISHA STAFFING SOLUTIONS LTD,Allowances for provision care,765.0
Over500_2026_P03_-_published:2763,redacted_supplier,,Redacted,Allowances for provision care,594.26
Over500_2026_P03_-_published:2764,redacted_supplier,,Redacted,Allowances for provision care,533.0
Over500_2026_P03_-_published:2765,redacted_supplier,,Redacted,Allowances for provision care,653.24
Over500_2026_P03_-_published:2766,redacted_supplier,,Redacted,Allowances for provision care,533.0
Over500_2026_P03_-_published:2767,redacted_supplier,,Redacted,Allowances for provision care,916.18
Over500_2026_P03_-_published:2768,redacted_supplier,,Redacted,Allowances for provision care,916.18
Over500_2026_P03_-_published:2769,pension_statutory,,MAISHA STAFFING SOLUTIONS LTD,Allowances for provision care,1590.0
Over500_2026_P03_-_published:2770,pension_statutory,,MAISHA STAFFING SOLUTIONS LTD,Allowances for provision care,550.0
Over500_2026_P03_-_published:2771,pension_statutory,,MAISHA STAFFING SOLUTIONS LTD,Allowances for provision care,1404.0
Over500_2026_P03_-_published:2971,redacted_supplier,,Redacted,Private Contractors,900.0
Over500_2026_P03_-_published:2972,redacted_supplier,,Redacted,Private Contractors,789.9
Over500_2026_P03_-_published:3045,public_body,supplier_regex,SOUTHAMPTON CITY COUNCIL,Private Contractors,3230.63
Over500_2026_P03_-_published:3122,redacted_supplier,,Redacted,Allowances for provision care,636.18
Over500_2026_P03_-_published:3123,redacted_supplier,,Redacted,Allowances for provision care,636.18
Over500_2026_P03_-_published:3124,redacted_supplier,,Redacted,Allowances for provision care,559.26
Over500_2026_P03_-_published:3125,redacted_supplier,,Redacted,Allowances for provision care,975.16
Over500_2026_P03_-_published:3126,redacted_supplier,,Redacted,Allowances for provision care,696.54
Over500_2026_P03_-_published:3127,redacted_supplier,,Redacted,Allowances for provision care,916.18
Over500_2026_P03_-_published:3128,redacted_supplier,,Redacted,Allowances for provision care,975.16
Over500_2026_P03_-_published:3129,redacted_supplier,,Redacted,Allowances for provision care,559.26
Over500_2026_P03_-_published:3130,redacted_supplier,,Redacted,Allowances for provision care,559.26
Over500_2026_P03_-_published:3131,redacted_supplier,,Redacted,Allowances for provision care,559.26
Over500_2026_P03_-_published:3132,redacted_supplier,,Redacted,Allowances for provision care,559.26
Over500_2026_P03_-_published:3133,redacted_supplier,,Redacted,Allowances for provision care,559.26
Over500_2026_P03_-_published:3134,redacted_supplier,,Redacted,Allowances for provision care,954.38
Over500_2026_P03_-_published:3135,redacted_supplier,,Redacted,Allowances for provision care,559.26
Over500_2026_P03_-_published:3136,redacted_supplier,,Redacted,Allowances for provision care,559.26
Over500_2026_P03_-_published:3137,redacted_supplier,,Redacted,Allowances for provision care,636.18
Over500_2026_P03_-_published:3138,redacted_supplier,,Redacted,Allowances for provision care,559.26
Over500_2026_P03_-_published:3139,redacted_supplier,,Redacted,Allowances for provision care,785.3
Over500_2026_P03_-_published:3140,redacted_supplier,,Redacted,Allowances for provision care,1209.7
Over500_2026_P03_-_published:3141,redacted_supplier,,Redacted,Allowances for provision care,916.18
Over500_2026_P03_-_published:3142,redacted_supplier,,Redacted,Allowances for provision care,1209.7
Over500_2026_P03_-_published:3143,redacted_supplier,,Redacted,Allowances for provision care,954.38
Over500_2026_P03_-_published:3144,redacted_supplier,,Redacted,Allowances for provision care,559.26
Over500_2026_P03_-_published:3145,redacted_supplier,,Redacted,Allowances for provision care,1000.0
Over500_2026_P03_-_published:3146,redacted_supplier,,Redacted,Allowances for provision care,916.18
Over500_2026_P03_-_published:3147,redacted_supplier,,Redacted,Allowances for provision care,1209.7
Over500_2026_P03_-_published:3148,redacted_supplier,,Redacted,Allowances for provision care,975.16
Over500_2026_P03_-_published:3149,redacted_supplier,,Redacted,Allowances for provision care,975.16
Over500_2026_P03_-_published:3150,redacted_supplier,,Redacted,Allowances for provision care,975.16
Over500_2026_P03_-_published:3151,redacted_supplier,,Redacted,Allowances for provision care,916.18
Over500_2026_P03_-_published:3152,redacted_supplier,,Redacted,Allowances for provision care,636.18
Over500_2026_P03_-_published:3153,redacted_supplier,,Redacted,Allowances for provision care,1467.52
Over500_2026_P03_-_published:3154,redacted_supplier,,Redacted,Allowances for provision care,916.18
Over500_2026_P03_-_published:3155,redacted_supplier,,Redacted,Allowances for provision care,559.26
Over500_2026_P03_-_published:3156,redacted_supplier,,Redacted,Allowances for provision care,559.26
Over500_2026_P03_-_published:3157,redacted_supplier,,Redacted,Allowances for provision care,559.26
Over500_2026_P03_-_published:3158,redacted_supplier,,Redacted,Allowances for provision care,523.53
Over500_2026_P03_-_published:3159,redacted_supplier,,Redacted,Allowances for provision care,954.38
Over500_2026_P03_-_published:3160,redacted_supplier,,Redacted,Allowances for provision care,975.16
Over500_2026_P03_-_published:3161,redacted_supplier,,Redacted,Allowances for provision care,636.18
Over500_2026_P03_-_published:3162,redacted_supplier,,Redacted,Allowances for provision care,838.89
Over500_2026_P03_-_published:3163,redacted_supplier,,Redacted,Allowances for provision care,1209.7
Over500_2026_P03_-_published:3164,redacted_supplier,,Redacted,Allowances for provision care,636.18
Over500_2026_P03_-_published:3165,redacted_supplier,,Redacted,Allowances for provision care,1000.0
Over500_2026_P03_-_published:3166,redacted_supplier,,Redacted,Allowances for provision care,1000.0
Over500_2026_P03_-_published:3167,redacted_supplier,,Redacted,Allowances for provision care,559.26
Over500_2026_P03_-_published:3168,redacted_supplier,,Redacted,Allowances for provision care,916.18
Over500_2026_P03_-_published:3169,redacted_supplier,,Redacted,Allowances for provision care,1209.7
Over500_2026_P03_-_published:3170,redacted_supplier,,Redacted,Allowances for provision care,975.16
Over500_2026_P03_-_published:3171,redacted_supplier,,Redacted,Allowances for provision care,975.16
Over500_2026_P03_-_published:3172,redacted_supplier,,Redacted,Allowances for provision care,1467.52
Over500_2026_P03_-_published:3173,redacted_supplier,,Redacted,Allowances for provision care,636.18
Over500_2026_P03_-_published:3174,redacted_supplier,,Redacted,Allowances for provision care,1467.52
Over500_2026_P03_-_published:3175,redacted_supplier,,Redacted,Allowances for provision care,559.26
Over500_2026_P03_-_published:3176,redacted_supplier,,Redacted,Allowances for provision care,559.26
Over500_2026_P03_-_published:3177,redacted_supplier,,Redacted,Allowances for provision care,916.18
Over500_2026_P03_-_published:3178,redacted_supplier,,Redacted,Allowances for provision care,636.18
Over500_2026_P03_-_published:3179,redacted_supplier,,Redacted,Allowances for provision care,636.18
Over500_2026_P03_-_published:3180,redacted_supplier,,Redacted,Allowances for provision care,1209.7
Over500_2026_P03_-_published:3181,redacted_supplier,,Redacted,Allowances for provision care,559.26
Over500_2026_P03_-_published:3182,redacted_supplier,,Redacted,Allowances for provision care,559.26
Over500_2026_P03_-_published:3183,redacted_supplier,,Redacted,Allowances for provision care,636.18
Over500_2026_P03_-_published:3184,redacted_supplier,,Redacted,Allowances for provision care,1226.92
Over500_2026_P03_-_published:3185,redacted_supplier,,Redacted,Allowances for provision care,954.38
Over500_2026_P03_-_published:3186,redacted_supplier,,Redacted,Allowances for provision care,636.18
Over500_2026_P03_-_published:3187,redacted_supplier,,Redacted,Allowances for provision care,636.18
Over500_2026_P03_-_published:3188,redacted_supplier,,Redacted,Allowances for provision care,636.18
Over500_2026_P03_-_published:3189,redacted_supplier,,Redacted,Allowances for provision care,559.26
Over500_2026_P03_-_published:3190,redacted_supplier,,Redacted,Allowances for provision care,636.18
Over500_2026_P03_-_published:3191,redacted_supplier,,Redacted,Allowances for provision care,559.26
Over500_2026_P03_-_published:3192,redacted_supplier,,Redacted,Allowances for provision care,636.18
Over500_2026_P03_-_published:3193,redacted_supplier,,Redacted,Allowances for provision care,1467.52
Over500_2026_P03_-_published:3194,redacted_supplier,,Redacted,Allowances for provision care,636.18
Over500_2026_P03_-_published:3195,redacted_supplier,,Redacted,Allowances for provision care,636.18
Over500_2026_P03_-_published:3196,redacted_supplier,,Redacted,Allowances for provision care,954.38
Over500_2026_P03_-_published:3197,redacted_supplier,,Redacted,Allowances for provision care,636.18
Over500_2026_P03_-_published:3198,redacted_supplier,,Redacted,Allowances for provision care,954.38
Over500_2026_P03_-_published:3199,redacted_supplier,,Redacted,Allowances for provision care,636.18
Over500_2026_P03_-_published:3200,redacted_supplier,,Redacted,Allowances for provision care,636.18
Over500_2026_P03_-_published:3201,redacted_supplier,,Redacted,Allowances for provision care,636.18
Over500_2026_P03_-_published:3202,redacted_supplier,,Redacted,Allowances for provision care,636.18
Over500_2026_P03_-_published:3203,redacted_supplier,,Redacted,Allowances for provision care,1177.95
Over500_2026_P03_-_published:3204,redacted_supplier,,Redacted,Rent Rebates,690.4
Over500_2026_P03_-_published:3205,redacted_supplier,,Redacted,Allowances for provision care,636.19
Over500_2026_P03_-_published:3206,redacted_supplier,,Redacted,Allowances for provision care,1192.33
Over500_2026_P03_-_published:3207,redacted_supplier,,Redacted,Allowances for provision care,589.6
Over500_2026_P03_-_published:3208,redacted_supplier,,Redacted,Allowances for provision care,636.19
Over500_2026_P03_-_published:3209,redacted_supplier,,Redacted,Allowances for provision care,916.18
Over500_2026_P03_-_published:3210,redacted_supplier,,Redacted,Allowances for provision care,636.18
Over500_2026_P03_-_published:3211,redacted_supplier,,Redacted,Allowances for provision care,559.27
Over500_2026_P03_-_published:3212,redacted_supplier,,Redacted,Allowances for provision care,916.18
Over500_2026_P03_-_published:3213,redacted_supplier,,Redacted,Allowances for provision care,559.25
Over500_2026_P03_-_published:3214,redacted_supplier,,Redacted,Allowances for provision care,559.25
Over500_2026_P03_-_published:3215,redacted_supplier,,Redacted,Allowances for provision care,636.18
Over500_2026_P03_-_published:3216,redacted_supplier,,Redacted,Allowances for provision care,554.87
Over500_2026_P03_-_published:3217,redacted_supplier,,Redacted,Rent Rebates,682.95
Over500_2026_P03_-_published:3218,redacted_supplier,,Redacted,Rent Rebates,1183.54
Over500_2026_P03_-_published:3219,redacted_supplier,,Redacted,Rent Rebates,735.61
Over500_2026_P03_-_published:3220,redacted_supplier,,Redacted,Rent Rebates,500.21
Over500_2026_P03_-_published:3221,redacted_supplier,,Redacted,Rent Rebates,766.97
Over500_2026_P03_-_published:3222,redacted_supplier,,Redacted,Rent Rebates,1697.13
Over500_2026_P03_-_published:3223,redacted_supplier,,Redacted,Rent Rebates,995.43
Over500_2026_P03_-_published:3224,redacted_supplier,,Redacted,Direct Payment,1722.0
Over500_2026_P03_-_published:3225,redacted_supplier,,Redacted,Direct Payment,2759.84
Over500_2026_P03_-_published:3226,redacted_supplier,,Redacted,Direct Payment,1507.2
Over500_2026_P03_-_published:3227,redacted_supplier,,Redacted,Direct Payment,1770.0
Over500_2026_P03_-_published:3228,redacted_supplier,,Redacted,Direct Payment,1091.96
Over500_2026_P03_-_published:3229,redacted_supplier,,Redacted,Direct Payment,2022.36
Over500_2026_P03_-_published:3230,redacted_supplier,,Redacted,Direct Payment,2320.0
Over500_2026_P03_-_published:3231,redacted_supplier,,Redacted,Direct Payment,959.96
Over500_2026_P03_-_published:3232,redacted_supplier,,Redacted,Direct Payment,1508.7
Over500_2026_P03_-_published:3233,redacted_supplier,,Redacted,Direct Payment,5170.88
Over500_2026_P03_-_published:3234,redacted_supplier,,Redacted,Direct Payment,6783.92
Over500_2026_P03_-_published:3235,redacted_supplier,,Redacted,Direct Payment,3126.48
Over500_2026_P03_-_published:3236,redacted_supplier,,Redacted,Direct Payment,1231.52
Over500_2026_P03_-_published:3237,redacted_supplier,,Redacted,Direct Payment,792.96
Over500_2026_P03_-_published:3238,redacted_supplier,,Redacted,Direct Payment,1808.48
Over500_2026_P03_-_published:3239,redacted_supplier,,Redacted,Direct Payment,10215.56
Over500_2026_P03_-_published:3240,redacted_supplier,,Redacted,Direct Payment,3626.32
Over500_2026_P03_-_published:3241,redacted_supplier,,Redacted,Direct Payment,1059.4
Over500_2026_P03_-_published:3242,redacted_supplier,,Redacted,Rent Rebates,525.34
Over500_2026_P03_-_published:3243,redacted_supplier,,Redacted,Rent Rebates,505.88
Over500_2026_P03_-_published:3244,redacted_supplier,,Redacted,Direct Payment,4851.6
Over500_2026_P03_-_published:3245,redacted_supplier,,Redacted,Direct Payment,2478.0
Over500_2026_P03_-_published:3246,redacted_supplier,,Redacted,Direct Payment,1184.56
Over500_2026_P03_-_published:3247,redacted_supplier,,Redacted,Direct Payment,877.6
Over500_2026_P03_-_published:3248,redacted_supplier,,Redacted,Direct Payment,1208.08
Over500_2026_P03_-_published:3249,redacted_supplier,,Redacted,Direct Payment,1447.4
Over500_2026_P03_-_published:3250,redacted_supplier,,Redacted,Direct Payment,3995.0
Over500_2026_P03_-_published:3251,redacted_supplier,,Redacted,Direct Payment,1580.6
Over500_2026_P03_-_published:3252,redacted_supplier,,Redacted,Direct Payment,1866.0
Over500_2026_P03_-_published:3253,redacted_supplier,,Redacted,Direct Payment,1020.0
Over500_2026_P03_-_published:3254,redacted_supplier,,Redacted,Direct Payment,845.0
Over500_2026_P03_-_published:3255,redacted_supplier,,Redacted,Direct Payment,1206.6
Over500_2026_P03_-_published:3256,redacted_supplier,,Redacted,Direct Payment,2940.0
Over500_2026_P03_-_published:3257,redacted_supplier,,Redacted,Direct Payment,1091.88
Over500_2026_P03_-_published:3258,redacted_supplier,,Redacted,Rent Rebates,551.61
Over500_2026_P03_-_published:3259,redacted_supplier,,Redacted,Direct Payment,2448.44
Over500_2026_P03_-_published:3260,redacted_supplier,,Redacted,Direct Payment,756.84
Over500_2026_P03_-_published:3261,redacted_supplier,,Redacted,Direct Payment,1972.48
Over500_2026_P03_-_published:3262,redacted_supplier,,Redacted,Direct Payment,1080.0
Over500_2026_P03_-_published:3263,redacted_supplier,,Redacted,Direct Payment,720.64
Over500_2026_P03_-_published:3264,redacted_supplier,,Redacted,Direct Payment,1056.0
Over500_2026_P03_-_published:3265,redacted_supplier,,Redacted,Direct Payment,873.0
Over500_2026_P03_-_published:3266,redacted_supplier,,Redacted,Direct Payment,5965.71
Over500_2026_P03_-_published:3267,redacted_supplier,,Redacted,Direct Payment,8400.0
Over500_2026_P03_-_published:3268,redacted_supplier,,Redacted,Direct Payment,7294.4
Over500_2026_P03_-_published:3269,redacted_supplier,,Redacted,Direct Payment,2500.96
Over500_2026_P03_-_published:3270,redacted_supplier,,Redacted,Direct Payment,3400.0
Over500_2026_P03_-_published:3271,redacted_supplier,,Redacted,Direct Payment,2586.84
Over500_2026_P03_-_published:3272,redacted_supplier,,Redacted,Direct Payment,2208.0
Over500_2026_P03_-_published:3273,pension_statutory,,CareMatch Ltd,Direct Payment,1503.12
Over500_2026_P03_-_published:3274,redacted_supplier,,Redacted,Direct Payment,2088.0
Over500_2026_P03_-_published:3275,redacted_supplier,,Redacted,Direct Payment,1538.48
Over500_2026_P03_-_published:3276,redacted_supplier,,Redacted,Direct Payment,1278.76
Over500_2026_P03_-_published:3277,redacted_supplier,,Redacted,Direct Payment,2274.52
Over500_2026_P03_-_published:3278,redacted_supplier,,Redacted,Direct Payment,789.24
Over500_2026_P03_-_published:3279,redacted_supplier,,Redacted,Direct Payment,3392.36
Over500_2026_P03_-_published:3280,redacted_supplier,,Redacted,Direct Payment,956.4
Over500_2026_P03_-_published:3281,redacted_supplier,,Redacted,Direct Payment,4391.16
Over500_2026_P03_-_published:3282,redacted_supplier,,Redacted,Direct Payment,1144.04
Over500_2026_P03_-_published:3283,redacted_supplier,,Redacted,Direct Payment,3633.72
Over500_2026_P03_-_published:3284,redacted_supplier,,Redacted,Direct Payment,2911.6
Over500_2026_P03_-_published:3285,redacted_supplier,,Redacted,Direct Payment,2100.0
Over500_2026_P03_-_published:3286,redacted_supplier,,Redacted,Direct Payment,847.2
Over500_2026_P03_-_published:3287,redacted_supplier,,Redacted,Direct Payment,1799.92
Over500_2026_P03_-_published:3288,redacted_supplier,,Redacted,Direct Payment,3445.24
Over500_2026_P03_-_published:3289,redacted_supplier,,Redacted,Direct Payment,1206.52
Over500_2026_P03_-_published:3290,redacted_supplier,,Redacted,Direct Payment,1799.92
Over500_2026_P03_-_published:3291,redacted_supplier,,Redacted,Direct Payment,3022.0
Over500_2026_P03_-_published:3292,redacted_supplier,,Redacted,Direct Payment,2420.64
Over500_2026_P03_-_published:3293,redacted_supplier,,Redacted,Direct Payment,1294.32
Over500_2026_P03_-_published:3294,pension_statutory,,CareMatch Ltd,Direct Payment,1065.88
Over500_2026_P03_-_published:3295,redacted_supplier,,Redacted,Direct Payment,629.96
Over500_2026_P03_-_published:3296,redacted_supplier,,Redacted,Direct Payment,3406.8
Over500_2026_P03_-_published:3297,redacted_supplier,,Redacted,Direct Payment,772.16
Over500_2026_P03_-_published:3298,redacted_supplier,,Redacted,Direct Payment,704.0
Over500_2026_P03_-_published:3299,redacted_supplier,,Redacted,Direct Payment,566.25
Over500_2026_P03_-_published:3300,redacted_supplier,,Redacted,Direct Payment,1118.0
Over500_2026_P03_-_published:3301,redacted_supplier,,Redacted,Direct Payment,3909.8
Over500_2026_P03_-_published:3302,redacted_supplier,,Redacted,Direct Payment,772.0
Over500_2026_P03_-_published:3303,redacted_supplier,,Redacted,Direct Payment,3539.96
Over500_2026_P03_-_published:3304,redacted_supplier,,Redacted,Direct Payment,1721.88
Over500_2026_P03_-_published:3305,redacted_supplier,,Redacted,Direct Payment,1392.0
Over500_2026_P03_-_published:3306,redacted_supplier,,Redacted,Direct Payment,4339.76
Over500_2026_P03_-_published:3307,redacted_supplier,,Redacted,Direct Payment,1099.96
Over500_2026_P03_-_published:3308,redacted_supplier,,Redacted,Direct Payment,1246.84
Over500_2026_P03_-_published:3309,redacted_supplier,,Redacted,Direct Payment,967.76
Over500_2026_P03_-_published:3310,redacted_supplier,,Redacted,Direct Payment,1679.92
Over500_2026_P03_-_published:3311,redacted_supplier,,Redacted,Direct Payment,4999.72
Over500_2026_P03_-_published:3312,redacted_supplier,,Redacted,Direct Payment,639.96
Over500_2026_P03_-_published:3313,redacted_supplier,,Redacted,Direct Payment,5357.04
Over500_2026_P03_-_published:3314,redacted_supplier,,Redacted,Direct Payment,1034.92
Over500_2026_P03_-_published:3315,redacted_supplier,,Redacted,Direct Payment,2130.96
Over500_2026_P03_-_published:3316,redacted_supplier,,Redacted,Direct Payment,8279.36
Over500_2026_P03_-_published:3317,redacted_supplier,,Redacted,Direct Payment,540.0
Over500_2026_P03_-_published:3318,redacted_supplier,,Redacted,Direct Payment,976.05
Over500_2026_P03_-_published:3319,redacted_supplier,,Redacted,Direct Payment,1887.6
Over500_2026_P03_-_published:3320,redacted_supplier,,Redacted,Direct Payment,1330.8
Over500_2026_P03_-_published:3321,redacted_supplier,,Redacted,Direct Payment,1330.8
Over500_2026_P03_-_published:3322,redacted_supplier,,Redacted,Direct Payment,533.76
Over500_2026_P03_-_published:3323,redacted_supplier,,Redacted,Direct Payment,6228.64
Over500_2026_P03_-_published:3324,redacted_supplier,,Redacted,Direct Payment,1160.0
Over500_2026_P03_-_published:3325,redacted_supplier,,Redacted,Direct Payment,1582.52
Over500_2026_P03_-_published:3326,redacted_supplier,,Redacted,Direct Payment,1850.0
Over500_2026_P03_-_published:3327,redacted_supplier,,Redacted,Direct Payment,1349.52
Over500_2026_P03_-_published:3328,redacted_supplier,,Redacted,Direct Payment,709.24
Over500_2026_P03_-_published:3329,redacted_supplier,,Redacted,Direct Payment,3031.8
Over500_2026_P03_-_published:3330,redacted_supplier,,Redacted,Direct Payment,799.96
Over500_2026_P03_-_published:3331,redacted_supplier,,Redacted,Direct Payment,1583.92
Over500_2026_P03_-_published:3332,redacted_supplier,,Redacted,Direct Payment,2228.64
Over500_2026_P03_-_published:3333,redacted_supplier,,Redacted,Direct Payment,1088.0
Over500_2026_P03_-_published:3334,redacted_supplier,,Redacted,Direct Payment,906.0
Over500_2026_P03_-_published:3335,redacted_supplier,,Redacted,Direct Payment,600.0
Over500_2026_P03_-_published:3336,redacted_supplier,,Redacted,Direct Payment,570.9
Over500_2026_P03_-_published:3337,redacted_supplier,,Redacted,Allowances for provision care,554.86
Over500_2026_P03_-_published:3338,redacted_supplier,,Redacted,Allowances for provision care,916.75
Over500_2026_P03_-_published:3339,redacted_supplier,,Redacted,Allowances for provision care,559.27
Over500_2026_P03_-_published:3340,redacted_supplier,,Redacted,Allowances for provision care,1192.33
Over500_2026_P03_-_published:3341,redacted_supplier,,Redacted,Allowances for provision care,517.69
Over500_2026_P03_-_published:3342,redacted_supplier,,Redacted,Allowances for provision care,595.2
Over500_2026_P03_-_published:3343,redacted_supplier,,Redacted,Allowances for provision care,636.18
Over500_2026_P03_-_published:3344,redacted_supplier,,Redacted,Allowances for provision care,636.19
Over500_2026_P03_-_published:3345,redacted_supplier,,Redacted,Allowances for provision care,916.18
Over500_2026_P03_-_published:3346,redacted_supplier,,Redacted,Allowances for provision care,1482.56
Over500_2026_P03_-_published:3347,redacted_supplier,,Redacted,Allowances for provision care,636.18
Over500_2026_P03_-_published:3348,redacted_supplier,,Redacted,Allowances for provision care,517.69
Over500_2026_P03_-_published:3349,redacted_supplier,,Redacted,Allowances for provision care,589.6
Over500_2026_P03_-_published:3350,redacted_supplier,,Redacted,Allowances for provision care,559.27
Over500_2026_P03_-_published:3351,redacted_supplier,,Redacted,Allowances for provision care,517.69
Over500_2026_P03_-_published:3352,redacted_supplier,,Redacted,Allowances for provision care,916.18
Over500_2026_P03_-_published:3353,redacted_supplier,,Redacted,Allowances for provision care,636.18
Over500_2026_P03_-_published:3354,redacted_supplier,,Redacted,Allowances for provision care,916.18
Over500_2026_P03_-_published:3355,redacted_supplier,,Redacted,Allowances for provision care,517.69
Over500_2026_P03_-_published:3356,redacted_supplier,,Redacted,Allowances for provision care,1226.63
Over500_2026_P03_-_published:3357,redacted_supplier,,Redacted,Allowances for provision care,559.27
Over500_2026_P03_-_published:3358,redacted_supplier,,Redacted,Allowances for provision care,559.25
Over500_2026_P03_-_published:3359,redacted_supplier,,Redacted,Allowances for provision care,898.81
Over500_2026_P03_-_published:3360,pension_statutory,,Flourish with Phoenix CIC,Allowances for provision care,540.0
Over500_2026_P03_-_published:3361,pension_statutory,,MAISHA STAFFING SOLUTIONS LTD,Allowances for provision care,2242.5
Over500_2026_P03_-_published:3362,redacted_supplier,,Redacted,Allowances for provision care,594.26
Over500_2026_P03_-_published:3363,redacted_supplier,,Redacted,Allowances for provision care,653.24
Over500_2026_P03_-_published:3364,redacted_supplier,,Redacted,Allowances for provision care,594.7
Over500_2026_P03_-_published:3365,redacted_supplier,,Redacted,Allowances for provision care,954.38
Over500_2026_P03_-_published:3366,redacted_supplier,,Redacted,Allowances for provision care,954.38
Over500_2026_P03_-_published:3367,pension_statutory,,E-WALLET,Allowances for provision care,1000.0
Over500_2026_P03_-_published:3368,redacted_supplier,,Redacted,Payments to Carers,2160.0
Over500_2026_P03_-_published:3369,redacted_supplier,,Redacted,Payments to Carers,1137.76
Over500_2026_P03_-_published:3370,redacted_supplier,,Redacted,Adult Placement Allowances,632.8
Over500_2026_P03_-_published:3371,redacted_supplier,,Redacted,Adult Placement Allowances,811.0
Over500_2026_P03_-_published:3372,redacted_supplier,,Redacted,Adult Placement Allowances,797.2
Over500_2026_P03_-_published:3373,redacted_supplier,,Redacted,Adult Placement Allowances,797.2
Over500_2026_P03_-_published:3374,redacted_supplier,,Redacted,Adult Placement Allowances,642.6
Over500_2026_P03_-_published:3375,redacted_supplier,,Redacted,Adult Placement Allowances,1274.0
Over500_2026_P03_-_published:3376,redacted_supplier,,Redacted,Adult Placement Allowances,797.2
Over500_2026_P03_-_published:3377,redacted_supplier,,Redacted,Direct Payment,1500.0
Over500_2026_P03_-_published:3378,redacted_supplier,,Redacted,Payments to Carers,720.0
Over500_2026_P03_-_published:3379,redacted_supplier,,Redacted,Adult Placement Allowances,797.2
Over500_2026_P03_-_published:3380,redacted_supplier,,Redacted,Adult Placement Allowances,968.76
Over500_2026_P03_-_published:3381,redacted_supplier,,Redacted,Adult Placement Allowances,661.0
Over500_2026_P03_-_published:3382,redacted_supplier,,Redacted,Adult Placement Allowances,797.2
Over500_2026_P03_-_published:3383,redacted_supplier,,Redacted,Adult Placement Allowances,704.0
Over500_2026_P03_-_published:3384,redacted_supplier,,Redacted,Adult Placement Allowances,661.0
Over500_2026_P03_-_published:3385,redacted_supplier,,Redacted,Adult Placement Allowances,802.64
Over500_2026_P03_-_published:3386,redacted_supplier,,Redacted,Adult Placement Allowances,546.99
Over500_2026_P03_-_published:3387,redacted_supplier,,Redacted,Adult Placement Allowances,548.8
Over500_2026_P03_-_published:3388,redacted_supplier,,Redacted,Adult Placement Allowances,542.4
Over500_2026_P03_-_published:3389,redacted_supplier,,Redacted,Adult Placement Allowances,661.0
Over500_2026_P03_-_published:3390,redacted_supplier,,Redacted,Adult Placement Allowances,661.0
Over500_2026_P03_-_published:3391,redacted_supplier,,Redacted,Adult Placement Allowances,661.0
Over500_2026_P03_-_published:3392,redacted_supplier,,Redacted,Adult Placement Allowances,797.2
Over500_2026_P03_-_published:3393,redacted_supplier,,Redacted,Direct Payment,10210.0
Over500_2026_P03_-_published:3394,redacted_supplier,,Redacted,Adult Placement Allowances,661.0
Over500_2026_P03_-_published:3395,redacted_supplier,,Redacted,Adult Placement Allowances,661.0
Over500_2026_P03_-_published:3396,redacted_supplier,,Redacted,Adult Placement Allowances,661.0
Over500_2026_P03_-_published:3397,redacted_supplier,,Redacted,Adult Placement Allowances,661.0
Over500_2026_P03_-_published:3398,redacted_supplier,,Redacted,Adult Placement Allowances,661.0
Over500_2026_P03_-_published:3399,redacted_supplier,,Redacted,Adult Placement Allowances,605.0
Over500_2026_P03_-_published:3400,redacted_supplier,,Redacted,Adult Placement Allowances,1336.0
Over500_2026_P03_-_published:3401,redacted_supplier,,Redacted,Adult Placement Allowances,659.65
Over500_2026_P03_-_published:3402,redacted_supplier,,Redacted,Adult Placement Allowances,577.2
Over500_2026_P03_-_published:3403,redacted_supplier,,Redacted,Adult Placement Allowances,1447.2
Over500_2026_P03_-_published:3404,redacted_supplier,,Redacted,Adult Placement Allowances,568.6
Over500_2026_P03_-_published:3405,redacted_supplier,,Redacted,Adult Placement Allowances,797.2
Over500_2026_P03_-_published:3406,redacted_supplier,,Redacted,Adult Placement Allowances,797.2
Over500_2026_P03_-_published:3407,redacted_supplier,,Redacted,Adult Placement Allowances,797.2
Over500_2026_P03_-_published:3408,redacted_supplier,,Redacted,Adult Placement Allowances,1708.3
Over500_2026_P03_-_published:3409,redacted_supplier,,Redacted,Adult Placement Allowances,568.6
Over500_2026_P03_-_published:3410,redacted_supplier,,Redacted,Adult Placement Allowances,811.0
Over500_2026_P03_-_published:3411,redacted_supplier,,Redacted,Adult Placement Allowances,661.0
Over500_2026_P03_-_published:3412,redacted_supplier,,Redacted,Adult Placement Allowances,797.2
Over500_2026_P03_-_published:3413,redacted_supplier,,Redacted,Adult Placement Allowances,568.6
Over500_2026_P03_-_published:3414,redacted_supplier,,Redacted,Adult Placement Allowances,797.2
Over500_2026_P03_-_published:3415,redacted_supplier,,Redacted,Adult Placement Allowances,661.0
Over500_2026_P03_-_published:3416,redacted_supplier,,Redacted,Adult Placement Allowances,797.2
Over500_2026_P03_-_published:3417,redacted_supplier,,Redacted,Adult Placement Allowances,797.2
Over500_2026_P03_-_published:3418,redacted_supplier,,Redacted,Adult Placement Allowances,811.0
Over500_2026_P03_-_published:3419,redacted_supplier,,Redacted,Adult Placement Allowances,661.0
Over500_2026_P03_-_published:3420,redacted_supplier,,Redacted,Adult Placement Allowances,1210.7
Over500_2026_P03_-_published:3421,redacted_supplier,,Redacted,Adult Placement Allowances,968.76
Over500_2026_P03_-_published:3422,redacted_supplier,,Redacted,Adult Placement Allowances,661.0
Over500_2026_P03_-_published:3423,redacted_supplier,,Redacted,Adult Placement Allowances,797.2
Over500_2026_P03_-_published:3424,redacted_supplier,,Redacted,Adult Placement Allowances,811.0
Over500_2026_P03_-_published:3425,redacted_supplier,,Redacted,Adult Placement Allowances,661.0
Over500_2026_P03_-_published:3426,redacted_supplier,,Redacted,Adult Placement Allowances,797.2
Over500_2026_P03_-_published:3427,redacted_supplier,,Redacted,Adult Placement Allowances,661.0
Over500_2026_P03_-_published:3428,redacted_supplier,,Redacted,Adult Placement Allowances,1708.3
Over500_2026_P03_-_published:3429,redacted_supplier,,Redacted,Adult Placement Allowances,613.79
Over500_2026_P03_-_published:3430,redacted_supplier,,Redacted,Adult Placement Allowances,797.2
Over500_2026_P03_-_published:3431,redacted_supplier,,Redacted,Adult Placement Allowances,661.0
Over500_2026_P03_-_published:3432,redacted_supplier,,Redacted,Adult Placement Allowances,1020.5
Over500_2026_P03_-_published:3433,redacted_supplier,,Redacted,Adult Placement Allowances,797.2
Over500_2026_P03_-_published:3434,redacted_supplier,,Redacted,Adult Placement Allowances,584.5
Over500_2026_P03_-_published:3435,redacted_supplier,,Redacted,Adult Placement Allowances,501.0
Over500_2026_P03_-_published:3436,redacted_supplier,,Redacted,Adult Placement Allowances,661.0
Over500_2026_P03_-_published:3437,redacted_supplier,,Redacted,Adult Placement Allowances,797.2
Over500_2026_P03_-_published:3438,redacted_supplier,,Redacted,Adult Placement Allowances,3922.2
Over500_2026_P03_-_published:3439,redacted_supplier,,Redacted,Adult Placement Allowances,656.2
Over500_2026_P03_-_published:3440,redacted_supplier,,Redacted,Adult Placement Allowances,906.7
Over500_2026_P03_-_published:3441,redacted_supplier,,Redacted,Adult Placement Allowances,661.0
Over500_2026_P03_-_published:3442,redacted_supplier,,Redacted,Adult Placement Allowances,661.0
Over500_2026_P03_-_published:3443,redacted_supplier,,Redacted,Adult Placement Allowances,1020.5
Over500_2026_P03_-_published:3446,redacted_supplier,,Redacted,Rent Rebates,3620.44
Over500_2026_P03_-_published:3447,redacted_supplier,,Redacted,Rent Rebates,1470.8
Over500_2026_P03_-_published:3448,redacted_supplier,,Redacted,Rent Rebates,1148.2
Over500_2026_P03_-_published:3449,redacted_supplier,,Redacted,Direct Payment,2000.92
Over500_2026_P03_-_published:3450,redacted_supplier,,Redacted,Direct Payment,3799.76
Over500_2026_P03_-_published:3451,redacted_supplier,,Redacted,Direct Payment,2810.44
Over500_2026_P03_-_published:3452,redacted_supplier,,Redacted,Direct Payment,1129.96
Over500_2026_P03_-_published:3453,redacted_supplier,,Redacted,Direct Payment,3276.76
Over500_2026_P03_-_published:3454,redacted_supplier,,Redacted,Direct Payment,1915.92
Over500_2026_P03_-_published:3455,redacted_supplier,,Redacted,Direct Payment,1063.24
Over500_2026_P03_-_published:3456,redacted_supplier,,Redacted,Direct Payment,2591.64
Over500_2026_P03_-_published:3457,redacted_supplier,,Redacted,Direct Payment,23756.89
Over500_2026_P03_-_published:3458,redacted_supplier,,Redacted,Direct Payment,2992.6
Over500_2026_P03_-_published:3459,redacted_supplier,,Redacted,Direct Payment,4433.6
Over500_2026_P03_-_published:3460,redacted_supplier,,Redacted,Direct Payment,4800.0
Over500_2026_P03_-_published:3461,redacted_supplier,,Redacted,Direct Payment,1232.0
Over500_2026_P03_-_published:3462,redacted_supplier,,Redacted,Direct Payment,4400.0
Over500_2026_P03_-_published:3463,redacted_supplier,,Redacted,Direct Payment,4441.68
Over500_2026_P03_-_published:3464,redacted_supplier,,Redacted,Direct Payment,4928.0
Over500_2026_P03_-_published:3465,pension_statutory,,CareMatch Ltd,Direct Payment,4149.72
Over500_2026_P03_-_published:3466,redacted_supplier,,Redacted,Direct Payment,9248.4
Over500_2026_P03_-_published:3467,redacted_supplier,,Redacted,Direct Payment,2745.08
Over500_2026_P03_-_published:3468,redacted_supplier,,Redacted,Direct Payment,2505.68
Over500_2026_P03_-_published:3469,redacted_supplier,,Redacted,Direct Payment,1496.16
Over500_2026_P03_-_published:3470,redacted_supplier,,Redacted,Direct Payment,9747.76
Over500_2026_P03_-_published:3471,pension_statutory,,Solo Support Services,Direct Payment,5725.24
Over500_2026_P03_-_published:3472,redacted_supplier,,Redacted,Direct Payment,1744.8
Over500_2026_P03_-_published:3473,redacted_supplier,,Redacted,Direct Payment,1455.92
Over500_2026_P03_-_published:3474,redacted_supplier,,Redacted,Direct Payment,6745.08
Over500_2026_P03_-_published:3475,redacted_supplier,,Redacted,Direct Payment,12400.0
Over500_2026_P03_-_published:3476,redacted_supplier,,Redacted,Direct Payment,4343.92
Over500_2026_P03_-_published:3477,redacted_supplier,,Redacted,Direct Payment,962.96
Over500_2026_P03_-_published:3478,redacted_supplier,,Redacted,Direct Payment,3321.84
Over500_2026_P03_-_published:3479,redacted_supplier,,Redacted,Direct Payment,2239.88
Over500_2026_P03_-_published:3480,redacted_supplier,,Redacted,Direct Payment,737.6
Over500_2026_P03_-_published:3481,redacted_supplier,,Redacted,Direct Payment,1409.92
Over500_2026_P03_-_published:3482,redacted_supplier,,Redacted,Direct Payment,504.72
Over500_2026_P03_-_published:3483,redacted_supplier,,Redacted,Direct Payment,1432.0
Over500_2026_P03_-_published:3484,redacted_supplier,,Redacted,Direct Payment,2158.96
Over500_2026_P03_-_published:3485,redacted_supplier,,Redacted,Direct Payment,9073.64
Over500_2026_P03_-_published:3486,pension_statutory,,CareMatch Ltd,Direct Payment,1065.88
Over500_2026_P03_-_published:3487,redacted_supplier,,Redacted,Direct Payment,1599.92
Over500_2026_P03_-_published:3488,redacted_supplier,,Redacted,Direct Payment,508.81
Over500_2026_P03_-_published:3489,redacted_supplier,,Redacted,Direct Payment,2314.2
Over500_2026_P03_-_published:3490,redacted_supplier,,Redacted,Direct Payment,1017.4
Over500_2026_P03_-_published:3491,redacted_supplier,,Redacted,Direct Payment,975.0
Over500_2026_P03_-_published:3492,redacted_supplier,,Redacted,Adult Placement Allowances,568.6
Over500_2026_P03_-_published:3493,redacted_supplier,,Redacted,Adult Placement Allowances,797.2
Over500_2026_P03_-_published:3494,redacted_supplier,,Redacted,Adult Placement Allowances,797.2
Over500_2026_P03_-_published:3495,redacted_supplier,,Redacted,Adult Placement Allowances,844.8
Over500_2026_P03_-_published:3496,redacted_supplier,,Redacted,Adult Placement Allowances,797.2
Over500_2026_P03_-_published:3497,redacted_supplier,,Redacted,Adult Placement Allowances,2111.58
Over500_2026_P03_-_published:3498,redacted_supplier,,Redacted,Adult Placement Allowances,568.6
Over500_2026_P03_-_published:3499,redacted_supplier,,Redacted,Adult Placement Allowances,811.0
Over500_2026_P03_-_published:3500,redacted_supplier,,Redacted,Adult Placement Allowances,661.0
Over500_2026_P03_-_published:3501,redacted_supplier,,Redacted,Adult Placement Allowances,797.2
Over500_2026_P03_-_published:3502,redacted_supplier,,Redacted,Adult Placement Allowances,918.5
Over500_2026_P03_-_published:3503,redacted_supplier,,Redacted,Adult Placement Allowances,537.0
Over500_2026_P03_-_published:3504,redacted_supplier,,Redacted,Adult Placement Allowances,656.2
Over500_2026_P03_-_published:3505,redacted_supplier,,Redacted,Adult Placement Allowances,661.0
Over500_2026_P03_-_published:3506,redacted_supplier,,Redacted,Adult Placement Allowances,797.2
Over500_2026_P03_-_published:3507,redacted_supplier,,Redacted,Adult Placement Allowances,661.0
Over500_2026_P03_-_published:3508,redacted_supplier,,Redacted,Adult Placement Allowances,661.0
Over500_2026_P03_-_published:3509,redacted_supplier,,Redacted,Adult Placement Allowances,584.5
Over500_2026_P03_-_published:3510,redacted_supplier,,Redacted,Adult Placement Allowances,661.0
Over500_2026_P03_-_published:3511,redacted_supplier,,Redacted,Adult Placement Allowances,992.8
Over500_2026_P03_-_published:3512,redacted_supplier,,Redacted,Adult Placement Allowances,968.76
Over500_2026_P03_-_published:3513,redacted_supplier,,Redacted,Adult Placement Allowances,1147.9
Over500_2026_P03_-_published:3514,redacted_supplier,,Redacted,Adult Placement Allowances,661.0
Over500_2026_P03_-_published:3515,redacted_supplier,,Redacted,Adult Placement Allowances,568.6
Over500_2026_P03_-_published:3516,redacted_supplier,,Redacted,Adult Placement Allowances,811.0
Over500_2026_P03_-_published:3517,redacted_supplier,,Redacted,Adult Placement Allowances,797.2
Over500_2026_P03_-_published:3518,redacted_supplier,,Redacted,Adult Placement Allowances,797.2
Over500_2026_P03_-_published:3519,redacted_supplier,,Redacted,Adult Placement Allowances,940.95
Over500_2026_P03_-_published:3520,redacted_supplier,,Redacted,Adult Placement Allowances,1020.5
Over500_2026_P03_-_published:3521,redacted_supplier,,Redacted,ASC Deferred Debt,2224.6
Over500_2026_P03_-_published:3522,redacted_supplier,,Redacted,ASC Deferred Debt,4332.4
Over500_2026_P03_-_published:3523,redacted_supplier,,Redacted,ASC Deferred Debt,2703.32
Over500_2026_P03_-_published:3524,redacted_supplier,,Redacted,ASC Deferred Debt,3121.56
Over500_2026_P03_-_published:3525,redacted_supplier,,Redacted,ASC Deferred Debt,4465.32
Over500_2026_P03_-_published:3526,redacted_supplier,,Redacted,ASC Deferred Debt,5325.8
Over500_2026_P03_-_published:3527,redacted_supplier,,Redacted,ASC Deferred Debt,6089.12
Over500_2026_P03_-_published:3528,redacted_supplier,,Redacted,ASC Deferred Debt,4777.89
Over500_2026_P03_-_published:3529,redacted_supplier,,Redacted,ASC Deferred Debt,11004.53
Over500_2026_P03_-_published:3530,redacted_supplier,,Redacted,ASC Deferred Debt,12220.15
Over500_2026_P03_-_published:3531,redacted_supplier,,Redacted,ASC Deferred Debt,5069.8
Over500_2026_P03_-_published:3532,redacted_supplier,,Redacted,ASC Deferred Debt,2936.36
Over500_2026_P03_-_published:3533,redacted_supplier,,Redacted,ASC Deferred Debt,3170.36
Over500_2026_P03_-_published:3534,redacted_supplier,,Redacted,ASC Deferred Debt,3664.08
Over500_2026_P03_-_published:3535,redacted_supplier,,Redacted,ASC Deferred Debt,4834.92
Over500_2026_P03_-_published:3536,redacted_supplier,,Redacted,ASC Deferred Debt,5445.6
Over500_2026_P03_-_published:3537,redacted_supplier,,Redacted,ASC Deferred Debt,3896.62
Over500_2026_P03_-_published:3538,redacted_supplier,,Redacted,ASC Deferred Debt,4689.12
Over500_2026_P03_-_published:3539,redacted_supplier,,Redacted,ASC Deferred Debt,2144.52
Over500_2026_P03_-_published:3540,redacted_supplier,,Redacted,ASC Deferred Debt,4467.44
Over500_2026_P03_-_published:3541,redacted_supplier,,Redacted,ASC Deferred Debt,4731.4
Over500_2026_P03_-_published:3542,redacted_supplier,,Redacted,ASC Deferred Debt,3788.56
Over500_2026_P03_-_published:3543,redacted_supplier,,Redacted,ASC Deferred Debt,2234.72
Over500_2026_P03_-_published:3544,pension_statutory,,Royal Borough of Windsor and Maidenhead,LGPS Employees Control,453296.47
Over500_2026_P03_-_published:3545,pension_statutory,,Royal Borough of Windsor and Maidenhead,Teachers LGPS ERS Control,952677.58
Over500_2026_P03_-_published:3546,pension_statutory,,PRUDENTIAL,Prudential AVC Teachers,3121.49
Over500_2026_P03_-_published:3547,pension_statutory,,DWP DEBT MANAGEMENT,Court Order Control,1313.7
Over500_2026_P03_-_published:3548,pension_statutory,,Royal Borough of Windsor and Maidenhead,LGPS Employers Control,1102577.32
Over500_2026_P03_-_published:3549,pension_statutory,,WEST BERKSHIRE COUNCIL,Council Tax Court Orders,2142.56
Over500_2026_P04_-_published:3,pension_statutory,,Royal Borough of Windsor and Maidenhead,Employers LGPS Deficit Contribution,575000.0
Over500_2026_P04_-_published:93,redacted_supplier,,Redacted,Rents,2371.0
Over500_2026_P04_-_published:106,redacted_supplier,,Redacted,Rents,1242.0
Over500_2026_P04_-_published:107,redacted_supplier,,Redacted,Rents,1855.15
Over500_2026_P04_-_published:117,redacted_supplier,,Redacted,Rents,700.0
Over500_2026_P04_-_published:349,redacted_supplier,,Redacted,Public Transport,843.7
Over500_2026_P04_-_published:350,redacted_supplier,,Redacted,Public Transport,592.35
Over500_2026_P04_-_published:483,redacted_supplier,,Redacted,Public Transport,634.7
Over500_2026_P04_-_published:502,public_body,supplier_regex,BERKSHIRE HEALTHCARE NHS FOUNDATION TRUST,Training Third Parties,743.33
Over500_2026_P04_-_published:506,public_body,supplier_regex,HAMPSHIRE COUNTY COUNCIL,Legal Fees,3997.4
Over500_2026_P04_-_published:507,redacted_supplier,,Redacted,Legal Fees,2500.0
Over500_2026_P04_-_published:587,redacted_supplier,,Redacted,Grants,1150.0
Over500_2026_P04_-_published:632,public_body,supplier_regex,GREAT SHEFFORD PARISH COUNCIL,Ex-Gratia payment,2571.0
Over500_2026_P04_-_published:710,redacted_supplier,,Redacted,Grants,643.28
Over500_2026_P04_-_published:712,public_body,supplier_regex,HAMPSHIRE COUNTY COUNCIL,Subscriptions,5649.75
Over500_2026_P04_-_published:776,public_body,supplier_regex,HAMPSHIRE COUNTY COUNCIL,Subscriptions,5649.75
Over500_2026_P04_-_published:782,public_body,narrative,READING BOROUGH COUNCIL,Payments to Other Local Authorities (excl Joint Arrangements),1368.0
Over500_2026_P04_-_published:800,public_body,narrative,READING BOROUGH COUNCIL,Payments to Other Local Authorities (excl Joint Arrangements),707.0
Over500_2026_P04_-_published:801,public_body,narrative,THAMES VALLEY POLICE,Payments to Other Local Authorities (excl Joint Arrangements),14701.0
Over500_2026_P04_-_published:843,public_body,narrative,OXFORDSHIRE COUNTY COUNCIL,Payments to Other Local Authorities (excl Joint Arrangements),1212.22
Over500_2026_P04_-_published:844,public_body,narrative,READING BOROUGH COUNCIL,Payments to Other Local Authorities (excl Joint Arrangements),2462.4
Over500_2026_P04_-_published:845,public_body,narrative,READING BOROUGH COUNCIL,Payments to Other Local Authorities (excl Joint Arrangements),808.0
Over500_2026_P04_-_published:846,public_body,narrative,OXFORDSHIRE COUNTY COUNCIL,Payments to Other Local Authorities (excl Joint Arrangements),1409.68
Over500_2026_P04_-_published:976,public_body,supplier_regex,HAMPSHIRE COUNTY COUNCIL,Legal Fees,4360.0
Over500_2026_P04_-_published:1401,public_body,narrative,OXFORDSHIRE COUNTY COUNCIL,Payments to Other Local Authorities (excl Joint Arrangements),1289.7
Over500_2026_P04_-_published:1402,public_body,narrative,BERKSHIRE HEALTHCARE NHS FOUNDATION TRUST,Payments to NHS (excl Joint Arrangement),21833.33
Over500_2026_P04_-_published:3067,public_body,supplier_regex,GLOUCESTERSHIRE COUNTY COUNCIL,Private Contractors,7690.28
Over500_2026_P04_-_published:3258,redacted_supplier,,Redacted,Allowances for provision care,1000.0
Over500_2026_P04_-_published:3259,redacted_supplier,,Redacted,Allowances for provision care,588.97
Over500_2026_P04_-_published:3260,redacted_supplier,,Redacted,Allowances for provision care,684.54
Over500_2026_P04_-_published:3261,redacted_supplier,,Redacted,Allowances for provision care,636.18
Over500_2026_P04_-_published:3262,redacted_supplier,,Redacted,Allowances for provision care,975.16
Over500_2026_P04_-_published:3263,redacted_supplier,,Redacted,Allowances for provision care,636.18
Over500_2026_P04_-_published:3264,redacted_supplier,,Redacted,Allowances for provision care,975.16
Over500_2026_P04_-_published:3265,redacted_supplier,,Redacted,Allowances for provision care,1000.0
Over500_2026_P04_-_published:3266,redacted_supplier,,Redacted,Allowances for provision care,547.35
Over500_2026_P04_-_published:3267,redacted_supplier,,Redacted,Allowances for provision care,975.16
Over500_2026_P04_-_published:3268,redacted_supplier,,Redacted,Allowances for provision care,916.18
Over500_2026_P04_-_published:3269,redacted_supplier,,Redacted,Allowances for provision care,1467.52
Over500_2026_P04_-_published:3291,redacted_supplier,,Redacted,Allowances for provision care,559.26
Over500_2026_P04_-_published:3292,redacted_supplier,,Redacted,Allowances for provision care,559.26
Over500_2026_P04_-_published:3293,redacted_supplier,,Redacted,Allowances for provision care,749.87
Over500_2026_P04_-_published:3294,redacted_supplier,,Redacted,Allowances for provision care,547.35
Over500_2026_P04_-_published:3295,redacted_supplier,,Redacted,Allowances for provision care,916.18
Over500_2026_P04_-_published:3296,redacted_supplier,,Redacted,Allowances for provision care,1209.7
Over500_2026_P04_-_published:3297,redacted_supplier,,Redacted,Allowances for provision care,615.77
Over500_2026_P04_-_published:3298,redacted_supplier,,Redacted,Allowances for provision care,975.16
Over500_2026_P04_-_published:3299,redacted_supplier,,Redacted,Allowances for provision care,1467.52
Over500_2026_P04_-_published:3300,redacted_supplier,,Redacted,Allowances for provision care,916.18
Over500_2026_P04_-_published:3301,redacted_supplier,,Redacted,Allowances for provision care,916.18
Over500_2026_P04_-_published:3338,redacted_supplier,,Redacted,Allowances for provision care,636.18
Over500_2026_P04_-_published:3339,redacted_supplier,,Redacted,Allowances for provision care,559.26
Over500_2026_P04_-_published:3340,redacted_supplier,,Redacted,Allowances for provision care,1209.7
Over500_2026_P04_-_published:3341,redacted_supplier,,Redacted,Allowances for provision care,818.04
Over500_2026_P04_-_published:3342,redacted_supplier,,Redacted,Allowances for provision care,1209.7
Over500_2026_P04_-_published:3343,redacted_supplier,,Redacted,Allowances for provision care,626.89
Over500_2026_P04_-_published:3344,redacted_supplier,,Redacted,Allowances for provision care,513.62
Over500_2026_P04_-_published:3345,redacted_supplier,,Redacted,Allowances for provision care,975.16
Over500_2026_P04_-_published:3346,redacted_supplier,,Redacted,Allowances for provision care,975.16
Over500_2026_P04_-_published:3347,redacted_supplier,,Redacted,Allowances for provision care,975.16
Over500_2026_P04_-_published:3348,redacted_supplier,,Redacted,Allowances for provision care,636.18
Over500_2026_P04_-_published:3349,redacted_supplier,,Redacted,Allowances for provision care,1467.52
Over500_2026_P04_-_published:3350,redacted_supplier,,Redacted,Allowances for provision care,559.26
Over500_2026_P04_-_published:3351,redacted_supplier,,Redacted,Allowances for provision care,559.26
Over500_2026_P04_-_published:3352,redacted_supplier,,Redacted,Allowances for provision care,1209.7
Over500_2026_P04_-_published:3353,redacted_supplier,,Redacted,Allowances for provision care,975.16
Over500_2026_P04_-_published:3372,redacted_supplier,,Redacted,Allowances for provision care,916.18
Over500_2026_P04_-_published:3373,redacted_supplier,,Redacted,Allowances for provision care,559.26
Over500_2026_P04_-_published:3374,redacted_supplier,,Redacted,Allowances for provision care,559.26
Over500_2026_P04_-_published:3375,redacted_supplier,,Redacted,Allowances for provision care,559.26
Over500_2026_P04_-_published:3376,redacted_supplier,,Redacted,Allowances for provision care,766.57
Over500_2026_P04_-_published:3377,redacted_supplier,,Redacted,Allowances for provision care,1000.0
Over500_2026_P04_-_published:3378,redacted_supplier,,Redacted,Allowances for provision care,975.16
Over500_2026_P04_-_published:3379,redacted_supplier,,Redacted,Allowances for provision care,636.18
Over500_2026_P04_-_published:3380,redacted_supplier,,Redacted,Allowances for provision care,636.18
Over500_2026_P04_-_published:3381,redacted_supplier,,Redacted,Allowances for provision care,1000.0
Over500_2026_P04_-_published:3382,redacted_supplier,,Redacted,Allowances for provision care,954.38
Over500_2026_P04_-_published:3383,redacted_supplier,,Redacted,Allowances for provision care,916.18
Over500_2026_P04_-_published:3384,redacted_supplier,,Redacted,Allowances for provision care,1231.53
Over500_2026_P04_-_published:3385,redacted_supplier,,Redacted,Allowances for provision care,1209.7
Over500_2026_P04_-_published:3386,redacted_supplier,,Redacted,Allowances for provision care,975.16
Over500_2026_P04_-_published:3387,redacted_supplier,,Redacted,Allowances for provision care,975.16
Over500_2026_P04_-_published:3388,redacted_supplier,,Redacted,Allowances for provision care,916.18
Over500_2026_P04_-_published:3389,redacted_supplier,,Redacted,Allowances for provision care,916.18
Over500_2026_P04_-_published:3390,redacted_supplier,,Redacted,Allowances for provision care,559.26
Over500_2026_P04_-_published:3391,redacted_supplier,,Redacted,Allowances for provision care,559.26
Over500_2026_P04_-_published:3392,redacted_supplier,,Redacted,Allowances for provision care,559.26
Over500_2026_P04_-_published:3393,redacted_supplier,,Redacted,Allowances for provision care,636.18
Over500_2026_P04_-_published:3394,redacted_supplier,,Redacted,Allowances for provision care,1209.7
Over500_2026_P04_-_published:3395,redacted_supplier,,Redacted,Allowances for provision care,613.53
Over500_2026_P04_-_published:3396,redacted_supplier,,Redacted,Allowances for provision care,916.18
Over500_2026_P04_-_published:3397,redacted_supplier,,Redacted,Allowances for provision care,1209.7
Over500_2026_P04_-_published:3398,redacted_supplier,,Redacted,Allowances for provision care,559.26
Over500_2026_P04_-_published:3399,redacted_supplier,,Redacted,Allowances for provision care,559.26
Over500_2026_P04_-_published:3400,redacted_supplier,,Redacted,Allowances for provision care,1209.7
Over500_2026_P04_-_published:3401,redacted_supplier,,Redacted,Allowances for provision care,559.26
Over500_2026_P04_-_published:3402,redacted_supplier,,Redacted,Allowances for provision care,1000.0
Over500_2026_P04_-_published:3403,redacted_supplier,,Redacted,Allowances for provision care,975.16
Over500_2026_P04_-_published:3404,redacted_supplier,,Redacted,Allowances for provision care,975.16
Over500_2026_P04_-_published:3405,redacted_supplier,,Redacted,Allowances for provision care,1209.7
Over500_2026_P04_-_published:3406,redacted_supplier,,Redacted,Allowances for provision care,636.18
Over500_2026_P04_-_published:3407,redacted_supplier,,Redacted,Allowances for provision care,559.26
Over500_2026_P04_-_published:3408,redacted_supplier,,Redacted,Allowances for provision care,559.26
Over500_2026_P04_-_published:3409,redacted_supplier,,Redacted,Allowances for provision care,1153.05
Over500_2026_P04_-_published:3410,redacted_supplier,,Redacted,Allowances for provision care,954.38
Over500_2026_P04_-_published:3411,redacted_supplier,,Redacted,Allowances for provision care,636.18
Over500_2026_P04_-_published:3412,redacted_supplier,,Redacted,Allowances for provision care,1209.7
Over500_2026_P04_-_published:3413,redacted_supplier,,Redacted,Allowances for provision care,1467.52
Over500_2026_P04_-_published:3414,redacted_supplier,,Redacted,Allowances for provision care,916.18
Over500_2026_P04_-_published:3415,redacted_supplier,,Redacted,Allowances for provision care,636.18
Over500_2026_P04_-_published:3416,redacted_supplier,,Redacted,Allowances for provision care,916.18
Over500_2026_P04_-_published:3417,redacted_supplier,,Redacted,Allowances for provision care,636.18
Over500_2026_P04_-_published:3418,redacted_supplier,,Redacted,Allowances for provision care,954.38
Over500_2026_P04_-_published:3419,redacted_supplier,,Redacted,Allowances for provision care,916.18
Over500_2026_P04_-_published:3420,redacted_supplier,,Redacted,Allowances for provision care,916.18
Over500_2026_P04_-_published:3421,redacted_supplier,,Redacted,Allowances for provision care,636.18
Over500_2026_P04_-_published:3422,redacted_supplier,,Redacted,Allowances for provision care,559.26
Over500_2026_P04_-_published:3423,redacted_supplier,,Redacted,Allowances for provision care,785.3
Over500_2026_P04_-_published:3424,redacted_supplier,,Redacted,Allowances for provision care,954.38
Over500_2026_P04_-_published:3425,redacted_supplier,,Redacted,Allowances for provision care,636.18
Over500_2026_P04_-_published:3426,redacted_supplier,,Redacted,Allowances for provision care,954.38
Over500_2026_P04_-_published:3427,redacted_supplier,,Redacted,Allowances for provision care,916.18
Over500_2026_P04_-_published:3428,redacted_supplier,,Redacted,Allowances for provision care,1209.7
Over500_2026_P04_-_published:3429,redacted_supplier,,Redacted,Allowances for provision care,654.41
Over500_2026_P04_-_published:3430,redacted_supplier,,Redacted,Allowances for provision care,719.05
Over500_2026_P04_-_published:3431,redacted_supplier,,Redacted,Allowances for provision care,954.38
Over500_2026_P04_-_published:3432,redacted_supplier,,Redacted,Allowances for provision care,559.26
Over500_2026_P04_-_published:3433,redacted_supplier,,Redacted,Allowances for provision care,559.26
Over500_2026_P04_-_published:3434,redacted_supplier,,Redacted,Allowances for provision care,559.26
Over500_2026_P04_-_published:3435,redacted_supplier,,Redacted,Allowances for provision care,705.21
Over500_2026_P04_-_published:3436,redacted_supplier,,Redacted,Allowances for provision care,559.26
Over500_2026_P04_-_published:3437,redacted_supplier,,Redacted,Allowances for provision care,636.18
Over500_2026_P04_-_published:3438,redacted_supplier,,Redacted,Allowances for provision care,975.16
Over500_2026_P04_-_published:3439,redacted_supplier,,Redacted,Allowances for provision care,954.38
Over500_2026_P04_-_published:3440,redacted_supplier,,Redacted,Allowances for provision care,975.16
Over500_2026_P04_-_published:3441,redacted_supplier,,Redacted,Allowances for provision care,1209.7
Over500_2026_P04_-_published:3442,redacted_supplier,,Redacted,Allowances for provision care,975.16
Over500_2026_P04_-_published:3443,redacted_supplier,,Redacted,Allowances for provision care,975.16
Over500_2026_P04_-_published:3444,redacted_supplier,,Redacted,Allowances for provision care,975.16
Over500_2026_P04_-_published:3445,redacted_supplier,,Redacted,Allowances for provision care,916.18
Over500_2026_P04_-_published:3446,redacted_supplier,,Redacted,Allowances for provision care,975.16
Over500_2026_P04_-_published:3447,redacted_supplier,,Redacted,Allowances for provision care,1467.52
Over500_2026_P04_-_published:3448,redacted_supplier,,Redacted,Allowances for provision care,1467.52
Over500_2026_P04_-_published:3449,redacted_supplier,,Redacted,Allowances for provision care,1209.7
Over500_2026_P04_-_published:3450,redacted_supplier,,Redacted,Allowances for provision care,1209.7
Over500_2026_P04_-_published:3451,redacted_supplier,,Redacted,Allowances for provision care,559.26
Over500_2026_P04_-_published:3452,redacted_supplier,,Redacted,Allowances for provision care,975.16
Over500_2026_P04_-_published:3453,redacted_supplier,,Redacted,Allowances for provision care,916.18
Over500_2026_P04_-_published:3454,redacted_supplier,,Redacted,Allowances for provision care,636.18
Over500_2026_P04_-_published:3485,redacted_supplier,,Redacted,Allowances for provision care,1209.7
Over500_2026_P04_-_published:3486,redacted_supplier,,Redacted,Allowances for provision care,654.41
Over500_2026_P04_-_published:3487,redacted_supplier,,Redacted,Allowances for provision care,559.26
Over500_2026_P04_-_published:3488,redacted_supplier,,Redacted,Allowances for provision care,636.18
Over500_2026_P04_-_published:3489,redacted_supplier,,Redacted,Allowances for provision care,636.18
Over500_2026_P04_-_published:3490,redacted_supplier,,Redacted,Allowances for provision care,636.18
Over500_2026_P04_-_published:3491,redacted_supplier,,Redacted,Allowances for provision care,636.18
Over500_2026_P04_-_published:3492,redacted_supplier,,Redacted,Allowances for provision care,636.18
Over500_2026_P04_-_published:3493,redacted_supplier,,Redacted,Allowances for provision care,559.26
Over500_2026_P04_-_published:3494,redacted_supplier,,Redacted,Allowances for provision care,636.18
Over500_2026_P04_-_published:3495,redacted_supplier,,Redacted,Allowances for provision care,916.18
Over500_2026_P04_-_published:3496,redacted_supplier,,Redacted,Allowances for provision care,916.18
Over500_2026_P04_-_published:3497,redacted_supplier,,Redacted,Allowances for provision care,916.18
Over500_2026_P04_-_published:3498,redacted_supplier,,Redacted,Allowances for provision care,636.18
Over500_2026_P04_-_published:3499,redacted_supplier,,Redacted,Allowances for provision care,916.18
Over500_2026_P04_-_published:3500,redacted_supplier,,Redacted,Allowances for provision care,636.18
Over500_2026_P04_-_published:3501,redacted_supplier,,Redacted,Allowances for provision care,636.18
Over500_2026_P04_-_published:3502,redacted_supplier,,Redacted,Allowances for provision care,636.18
Over500_2026_P04_-_published:3503,redacted_supplier,,Redacted,Allowances for provision care,636.18
Over500_2026_P04_-_published:3504,redacted_supplier,,Redacted,Allowances for provision care,636.18
Over500_2026_P04_-_published:3505,redacted_supplier,,Redacted,Allowances for provision care,916.18
Over500_2026_P04_-_published:3506,redacted_supplier,,Redacted,Allowances for provision care,636.18
Over500_2026_P04_-_published:3507,redacted_supplier,,Redacted,Allowances for provision care,2975.16
Over500_2026_P04_-_published:3508,redacted_supplier,,Redacted,Allowances for provision care,636.18
Over500_2026_P04_-_published:3509,redacted_supplier,,Redacted,Allowances for provision care,636.18
Over500_2026_P04_-_published:3510,redacted_supplier,,Redacted,Allowances for provision care,916.18
Over500_2026_P04_-_published:3511,redacted_supplier,,Redacted,Allowances for provision care,636.18
Over500_2026_P04_-_published:3512,redacted_supplier,,Redacted,Allowances for provision care,589.6
Over500_2026_P04_-_published:3513,redacted_supplier,,Redacted,Allowances for provision care,636.18
Over500_2026_P04_-_published:3514,redacted_supplier,,Redacted,Allowances for provision care,636.18
Over500_2026_P04_-_published:3515,redacted_supplier,,Redacted,Allowances for provision care,1209.7
Over500_2026_P04_-_published:3516,redacted_supplier,,Redacted,Allowances for provision care,636.18
Over500_2026_P04_-_published:3517,redacted_supplier,,Redacted,Allowances for provision care,916.18
Over500_2026_P04_-_published:3518,redacted_supplier,,Redacted,Allowances for provision care,559.26
Over500_2026_P04_-_published:3519,redacted_supplier,,Redacted,Allowances for provision care,636.18
Over500_2026_P04_-_published:3520,redacted_supplier,,Redacted,Allowances for provision care,636.18
Over500_2026_P04_-_published:3521,redacted_supplier,,Redacted,Allowances for provision care,559.26
Over500_2026_P04_-_published:3522,redacted_supplier,,Redacted,Allowances for provision care,559.26
Over500_2026_P04_-_published:3523,redacted_supplier,,Redacted,Allowances for provision care,954.38
Over500_2026_P04_-_published:3524,redacted_supplier,,Redacted,Allowances for provision care,636.18
Over500_2026_P04_-_published:3525,redacted_supplier,,Redacted,Allowances for provision care,589.6
Over500_2026_P04_-_published:3526,redacted_supplier,,Redacted,Allowances for provision care,916.18
Over500_2026_P04_-_published:3527,redacted_supplier,,Redacted,Allowances for provision care,559.25
Over500_2026_P04_-_published:3528,redacted_supplier,,Redacted,Allowances for provision care,559.25
Over500_2026_P04_-_published:3529,redacted_supplier,,Redacted,Allowances for provision care,595.22
Over500_2026_P04_-_published:3530,redacted_supplier,,Redacted,Allowances for provision care,554.82
Over500_2026_P04_-_published:3531,redacted_supplier,,Redacted,Allowances for provision care,1209.7
Over500_2026_P04_-_published:3532,redacted_supplier,,Redacted,Allowances for provision care,636.18
Over500_2026_P04_-_published:3533,redacted_supplier,,Redacted,Allowances for provision care,916.18
Over500_2026_P04_-_published:3534,redacted_supplier,,Redacted,Allowances for provision care,636.18
Over500_2026_P04_-_published:3535,redacted_supplier,,Redacted,Allowances for provision care,559.26
Over500_2026_P04_-_published:3536,redacted_supplier,,Redacted,Allowances for provision care,954.38
Over500_2026_P04_-_published:3537,redacted_supplier,,Redacted,Allowances for provision care,636.18
Over500_2026_P04_-_published:3538,redacted_supplier,,Redacted,Allowances for provision care,2975.16
Over500_2026_P04_-_published:3539,redacted_supplier,,Redacted,Allowances for provision care,916.18
Over500_2026_P04_-_published:3540,redacted_supplier,,Redacted,Allowances for provision care,636.18
Over500_2026_P04_-_published:3541,redacted_supplier,,Redacted,Allowances for provision care,1209.7
Over500_2026_P04_-_published:3542,redacted_supplier,,Redacted,Allowances for provision care,1467.52
Over500_2026_P04_-_published:3543,redacted_supplier,,Redacted,Allowances for provision care,559.26
Over500_2026_P04_-_published:3544,redacted_supplier,,Redacted,Allowances for provision care,916.18
Over500_2026_P04_-_published:3545,redacted_supplier,,Redacted,Allowances for provision care,916.18
Over500_2026_P04_-_published:3546,redacted_supplier,,Redacted,Allowances for provision care,636.18
Over500_2026_P04_-_published:3547,redacted_supplier,,Redacted,Allowances for provision care,559.26
Over500_2026_P04_-_published:3548,redacted_supplier,,Redacted,Allowances for provision care,636.18
Over500_2026_P04_-_published:3549,redacted_supplier,,Redacted,Allowances for provision care,636.18
Over500_2026_P04_-_published:3550,redacted_supplier,,Redacted,Allowances for provision care,916.18
Over500_2026_P04_-_published:3551,redacted_supplier,,Redacted,Allowances for provision care,559.27
Over500_2026_P04_-_published:3581,redacted_supplier,,Redacted,Allowances for provision care,916.75
Over500_2026_P04_-_published:3582,redacted_supplier,,Redacted,Allowances for provision care,636.19
Over500_2026_P04_-_published:3583,redacted_supplier,,Redacted,Allowances for provision care,1192.33
Over500_2026_P04_-_published:3584,redacted_supplier,,Redacted,Allowances for provision care,517.69
Over500_2026_P04_-_published:3585,redacted_supplier,,Redacted,Allowances for provision care,636.18
Over500_2026_P04_-_published:3586,redacted_supplier,,Redacted,Allowances for provision care,916.18
Over500_2026_P04_-_published:3587,redacted_supplier,,Redacted,Allowances for provision care,636.18
Over500_2026_P04_-_published:3588,redacted_supplier,,Redacted,Allowances for provision care,636.18
Over500_2026_P04_-_published:3589,redacted_supplier,,Redacted,Allowances for provision care,636.18
Over500_2026_P04_-_published:3590,redacted_supplier,,Redacted,Allowances for provision care,517.69
Over500_2026_P04_-_published:3591,redacted_supplier,,Redacted,Allowances for provision care,589.6
Over500_2026_P04_-_published:3592,redacted_supplier,,Redacted,Allowances for provision care,589.6
Over500_2026_P04_-_published:3593,redacted_supplier,,Redacted,Allowances for provision care,1192.33
Over500_2026_P04_-_published:3594,redacted_supplier,,Redacted,Allowances for provision care,916.18
Over500_2026_P04_-_published:3595,redacted_supplier,,Redacted,Allowances for provision care,636.18
Over500_2026_P04_-_published:3596,redacted_supplier,,Redacted,Allowances for provision care,916.18
Over500_2026_P04_-_published:3597,redacted_supplier,,Redacted,Allowances for provision care,587.09
Over500_2026_P04_-_published:3598,redacted_supplier,,Redacted,Allowances for provision care,517.69
Over500_2026_P04_-_published:3599,redacted_supplier,,Redacted,Allowances for provision care,636.18
Over500_2026_P04_-_published:3600,redacted_supplier,,Redacted,Allowances for provision care,916.18
Over500_2026_P04_-_published:3601,redacted_supplier,,Redacted,Allowances for provision care,559.27
Over500_2026_P04_-_published:3602,redacted_supplier,,Redacted,Allowances for provision care,559.27
Over500_2026_P04_-_published:3603,redacted_supplier,,Redacted,Allowances for provision care,916.18
Over500_2026_P04_-_published:3604,redacted_supplier,,Redacted,Allowances for provision care,559.25
Over500_2026_P04_-_published:3605,redacted_supplier,,Redacted,Allowances for provision care,636.18
Over500_2026_P04_-_published:3606,redacted_supplier,,Redacted,Allowances for provision care,636.18
Over500_2026_P04_-_published:3607,redacted_supplier,,Redacted,Allowances for provision care,559.25
Over500_2026_P04_-_published:3608,redacted_supplier,,Redacted,Allowances for provision care,636.18
Over500_2026_P04_-_published:3609,redacted_supplier,,Redacted,Allowances for provision care,559.25
Over500_2026_P04_-_published:3610,redacted_supplier,,Redacted,Allowances for provision care,595.22
Over500_2026_P04_-_published:3611,redacted_supplier,,Redacted,Allowances for provision care,532.08
Over500_2026_P04_-_published:3612,redacted_supplier,,Redacted,Allowances for provision care,1266.63
Over500_2026_P04_-_published:3613,redacted_supplier,,Redacted,Allowances for provision care,559.25
Over500_2026_P04_-_published:3614,redacted_supplier,,Redacted,Allowances for provision care,559.25
Over500_2026_P04_-_published:3615,redacted_supplier,,Redacted,Allowances for provision care,636.19
Over500_2026_P04_-_published:3616,redacted_supplier,,Redacted,Allowances for provision care,543.3
Over500_2026_P04_-_published:3617,redacted_supplier,,Redacted,Allowances for provision care,636.18
Over500_2026_P04_-_published:3618,redacted_supplier,,Redacted,Allowances for provision care,559.27
Over500_2026_P04_-_published:3619,redacted_supplier,,Redacted,Allowances for provision care,916.18
Over500_2026_P04_-_published:3620,redacted_supplier,,Redacted,Allowances for provision care,559.25
Over500_2026_P04_-_published:3621,redacted_supplier,,Redacted,Allowances for provision care,587.09
Over500_2026_P04_-_published:3622,redacted_supplier,,Redacted,Allowances for provision care,554.86
Over500_2026_P04_-_published:3623,redacted_supplier,,Redacted,Allowances for provision care,636.19
Over500_2026_P04_-_published:3624,redacted_supplier,,Redacted,Allowances for provision care,517.69
Over500_2026_P04_-_published:3625,redacted_supplier,,Redacted,Allowances for provision care,636.19
Over500_2026_P04_-_published:3626,redacted_supplier,,Redacted,Allowances for provision care,636.18
Over500_2026_P04_-_published:3645,pension_statutory,,MAISHA STAFFING SOLUTIONS LTD,Allowances for provision care,1697.5
Over500_2026_P04_-_published:3646,redacted_supplier,,Redacted,Allowances for provision care,3571.0
Over500_2026_P04_-_published:3647,redacted_supplier,,Redacted,Allowances for provision care,533.0
Over500_2026_P04_-_published:3648,redacted_supplier,,Redacted,Allowances for provision care,594.26
Over500_2026_P04_-_published:3649,redacted_supplier,,Redacted,Allowances for provision care,749.87
Over500_2026_P04_-_published:3650,redacted_supplier,,Redacted,Allowances for provision care,850.74
Over500_2026_P04_-_published:3651,redacted_supplier,,Redacted,Allowances for provision care,613.53
Over500_2026_P04_-_published:3652,redacted_supplier,,Redacted,Allowances for provision care,916.18
Over500_2026_P04_-_published:3653,redacted_supplier,,Redacted,Allowances for provision care,559.27
Over500_2026_P04_-_published:3654,redacted_supplier,,Redacted,Allowances for provision care,916.18
Over500_2026_P04_-_published:3655,redacted_supplier,,Redacted,Allowances for provision care,636.18
Over500_2026_P04_-_published:3656,redacted_supplier,,Redacted,Allowances for provision care,916.18
Over500_2026_P04_-_published:3657,redacted_supplier,,Redacted,Allowances for provision care,636.18
Over500_2026_P04_-_published:3658,redacted_supplier,,Redacted,Allowances for provision care,898.81
Over500_2026_P04_-_published:3659,redacted_supplier,,Redacted,Allowances for provision care,975.1
Over500_2026_P04_-_published:3660,redacted_supplier,,Redacted,Allowances for provision care,1266.63
Over500_2026_P04_-_published:3661,redacted_supplier,,Redacted,Allowances for provision care,975.1
Over500_2026_P04_-_published:3662,pension_statutory,,MAISHA STAFFING SOLUTIONS LTD,Allowances for provision care,1280.0
Over500_2026_P04_-_published:3663,pension_statutory,,MAISHA STAFFING SOLUTIONS LTD,Allowances for provision care,3737.5
Over500_2026_P04_-_published:3664,redacted_supplier,,Redacted,Allowances for provision care,682.52
Over500_2026_P04_-_published:3665,redacted_supplier,,Redacted,Allowances for provision care,653.24
Over500_2026_P04_-_published:3666,redacted_supplier,,Redacted,Allowances for provision care,594.26
Over500_2026_P04_-_published:3667,redacted_supplier,,Redacted,Allowances for provision care,653.24
Over500_2026_P04_-_published:3668,redacted_supplier,,Redacted,Allowances for provision care,800.26
Over500_2026_P04_-_published:3669,redacted_supplier,,Redacted,Allowances for provision care,916.18
Over500_2026_P04_-_published:3670,redacted_supplier,,Redacted,Allowances for provision care,916.18
Over500_2026_P04_-_published:3671,redacted_supplier,,Redacted,Allowances for provision care,513.62
Over500_2026_P04_-_published:3716,pension_statutory,,MAISHA STAFFING SOLUTIONS LTD,Allowances for provision care,11100.0
Over500_2026_P04_-_published:3717,redacted_supplier,,Redacted,Allowances for provision care,682.52
Over500_2026_P04_-_published:3718,pension_statutory,,MAISHA STAFFING SOLUTIONS LTD,Allowances for provision care,3180.0
Over500_2026_P04_-_published:3817,redacted_supplier,,Redacted,Allowances for provision care,626.89
Over500_2026_P04_-_published:3818,redacted_supplier,,Redacted,Allowances for provision care,642.03
Over500_2026_P04_-_published:3819,redacted_supplier,,Redacted,Allowances for provision care,1209.7
Over500_2026_P04_-_published:3820,redacted_supplier,,Redacted,Allowances for provision care,636.18
Over500_2026_P04_-_published:3821,redacted_supplier,,Redacted,Allowances for provision care,1000.0
Over500_2026_P04_-_published:3822,redacted_supplier,,Redacted,Allowances for provision care,975.16
Over500_2026_P04_-_published:3823,redacted_supplier,,Redacted,Allowances for provision care,626.89
Over500_2026_P04_-_published:3824,redacted_supplier,,Redacted,Allowances for provision care,975.16
Over500_2026_P04_-_published:3825,redacted_supplier,,Redacted,Allowances for provision care,719.05
Over500_2026_P04_-_published:3826,redacted_supplier,,Redacted,Allowances for provision care,916.18
Over500_2026_P04_-_published:3827,redacted_supplier,,Redacted,Allowances for provision care,559.26
Over500_2026_P04_-_published:3828,redacted_supplier,,Redacted,Allowances for provision care,636.18
Over500_2026_P04_-_published:3829,redacted_supplier,,Redacted,Allowances for provision care,1467.52
Over500_2026_P04_-_published:3830,pension_statutory,,THE SHARE FOUNDATION THIRD PARTY FUNDRAISING TURST STATUS ACCOUNT,Allowances for provision care,20417.29
Over500_2026_P04_-_published:3831,redacted_supplier,,Redacted,Allowances for provision care,636.18
Over500_2026_P04_-_published:3832,redacted_supplier,,Redacted,Allowances for provision care,559.26
Over500_2026_P04_-_published:3833,redacted_supplier,,Redacted,Allowances for provision care,636.18
Over500_2026_P04_-_published:3834,redacted_supplier,,Redacted,Allowances for provision care,975.16
Over500_2026_P04_-_published:3835,redacted_supplier,,Redacted,Allowances for provision care,1467.52
Over500_2026_P04_-_published:3836,redacted_supplier,,Redacted,Allowances for provision care,916.18
Over500_2026_P04_-_published:3837,redacted_supplier,,Redacted,Allowances for provision care,559.26
Over500_2026_P04_-_published:3838,redacted_supplier,,Redacted,Allowances for provision care,916.18
Over500_2026_P04_-_published:3839,redacted_supplier,,Redacted,Allowances for provision care,916.18
Over500_2026_P04_-_published:3840,redacted_supplier,,Redacted,Allowances for provision care,636.18
Over500_2026_P04_-_published:3841,redacted_supplier,,Redacted,Allowances for provision care,517.93
Over500_2026_P04_-_published:3842,redacted_supplier,,Redacted,Allowances for provision care,636.18
Over500_2026_P04_-_published:3843,redacted_supplier,,Redacted,Allowances for provision care,559.26
Over500_2026_P04_-_published:3844,redacted_supplier,,Redacted,Allowances for provision care,559.26
Over500_2026_P04_-_published:3845,redacted_supplier,,Redacted,Allowances for provision care,954.38
Over500_2026_P04_-_published:3846,redacted_supplier,,Redacted,Allowances for provision care,559.26
Over500_2026_P04_-_published:3847,redacted_supplier,,Redacted,Allowances for provision care,559.26
Over500_2026_P04_-_published:3848,redacted_supplier,,Redacted,Allowances for provision care,954.38
Over500_2026_P04_-_published:3849,redacted_supplier,,Redacted,Allowances for provision care,916.18
Over500_2026_P04_-_published:3850,redacted_supplier,,Redacted,Allowances for provision care,636.18
Over500_2026_P04_-_published:3851,redacted_supplier,,Redacted,Allowances for provision care,636.18
Over500_2026_P04_-_published:3852,redacted_supplier,,Redacted,Allowances for provision care,636.18
Over500_2026_P04_-_published:3853,redacted_supplier,,Redacted,Allowances for provision care,636.18
Over500_2026_P04_-_published:3854,redacted_supplier,,Redacted,Allowances for provision care,559.26
Over500_2026_P04_-_published:3855,redacted_supplier,,Redacted,Allowances for provision care,636.18
Over500_2026_P04_-_published:3856,redacted_supplier,,Redacted,Allowances for provision care,559.26
Over500_2026_P04_-_published:3857,redacted_supplier,,Redacted,Allowances for provision care,954.38
Over500_2026_P04_-_published:3858,redacted_supplier,,Redacted,Allowances for provision care,636.18
Over500_2026_P04_-_published:3859,redacted_supplier,,Redacted,Allowances for provision care,636.18
Over500_2026_P04_-_published:3860,redacted_supplier,,Redacted,Allowances for provision care,636.18
Over500_2026_P04_-_published:3861,redacted_supplier,,Redacted,Allowances for provision care,636.18
Over500_2026_P04_-_published:3862,redacted_supplier,,Redacted,Allowances for provision care,1209.7
Over500_2026_P04_-_published:3863,redacted_supplier,,Redacted,Allowances for provision care,916.18
Over500_2026_P04_-_published:3864,redacted_supplier,,Redacted,Allowances for provision care,636.18
Over500_2026_P04_-_published:3865,redacted_supplier,,Redacted,Allowances for provision care,954.38
Over500_2026_P04_-_published:3866,redacted_supplier,,Redacted,Allowances for provision care,954.38
Over500_2026_P04_-_published:3867,redacted_supplier,,Redacted,Allowances for provision care,916.18
Over500_2026_P04_-_published:3868,redacted_supplier,,Redacted,Allowances for provision care,636.18
Over500_2026_P04_-_published:3869,redacted_supplier,,Redacted,Allowances for provision care,559.26
Over500_2026_P04_-_published:3870,redacted_supplier,,Redacted,Allowances for provision care,916.18
Over500_2026_P04_-_published:3871,redacted_supplier,,Redacted,Allowances for provision care,916.18
Over500_2026_P04_-_published:3872,redacted_supplier,,Redacted,Allowances for provision care,517.69
Over500_2026_P04_-_published:3873,redacted_supplier,,Redacted,Allowances for provision care,554.82
Over500_2026_P04_-_published:3874,redacted_supplier,,Redacted,Allowances for provision care,554.86
Over500_2026_P04_-_published:3875,redacted_supplier,,Redacted,Allowances for provision care,636.19
Over500_2026_P04_-_published:3876,redacted_supplier,,Redacted,Allowances for provision care,1192.33
Over500_2026_P04_-_published:3877,redacted_supplier,,Redacted,Allowances for provision care,589.6
Over500_2026_P04_-_published:3878,redacted_supplier,,Redacted,Allowances for provision care,916.18
Over500_2026_P04_-_published:3879,redacted_supplier,,Redacted,Allowances for provision care,636.18
Over500_2026_P04_-_published:3880,redacted_supplier,,Redacted,Allowances for provision care,636.18
Over500_2026_P04_-_published:3881,redacted_supplier,,Redacted,Allowances for provision care,636.18
Over500_2026_P04_-_published:3882,redacted_supplier,,Redacted,Allowances for provision care,559.25
Over500_2026_P04_-_published:3883,redacted_supplier,,Redacted,Allowances for provision care,916.75
Over500_2026_P04_-_published:3884,redacted_supplier,,Redacted,Allowances for provision care,636.19
Over500_2026_P04_-_published:3885,redacted_supplier,,Redacted,Allowances for provision care,1192.33
Over500_2026_P04_-_published:3886,redacted_supplier,,Redacted,Allowances for provision care,589.6
Over500_2026_P04_-_published:3887,redacted_supplier,,Redacted,Allowances for provision care,543.3
Over500_2026_P04_-_published:3888,redacted_supplier,,Redacted,Allowances for provision care,636.18
Over500_2026_P04_-_published:3889,redacted_supplier,,Redacted,Allowances for provision care,559.25
Over500_2026_P04_-_published:3890,redacted_supplier,,Redacted,Allowances for provision care,517.69
Over500_2026_P04_-_published:3891,redacted_supplier,,Redacted,Allowances for provision care,532.08
Over500_2026_P04_-_published:3892,redacted_supplier,,Redacted,Allowances for provision care,559.27
Over500_2026_P04_-_published:3893,redacted_supplier,,Redacted,Allowances for provision care,898.81
Over500_2026_P04_-_published:3894,pension_statutory,,MAISHA STAFFING SOLUTIONS LTD,Allowances for provision care,3737.5
Over500_2026_P04_-_published:3895,redacted_supplier,,Redacted,Allowances for provision care,533.0
Over500_2026_P04_-_published:3896,redacted_supplier,,Redacted,Allowances for provision care,1366.81
Over500_2026_P04_-_published:3897,pension_statutory,,MAISHA STAFFING SOLUTIONS LTD,Allowances for provision care,8900.0
Over500_2026_P04_-_published:3898,redacted_supplier,,Redacted,Allowances for provision care,1400.0
Over500_2026_P04_-_published:3899,redacted_supplier,,Redacted,Rent Rebates,2677.61
Over500_2026_P04_-_published:3900,redacted_supplier,,Redacted,Rent Rebates,1235.82
Over500_2026_P04_-_published:3901,redacted_supplier,,Redacted,Rent Rebates,566.6
Over500_2026_P04_-_published:3902,redacted_supplier,,Redacted,Rent Rebates,1256.53
Over500_2026_P04_-_published:3903,redacted_supplier,,Redacted,Rent Rebates,551.61
Over500_2026_P04_-_published:3904,redacted_supplier,,Redacted,Rent Rebates,598.95
Over500_2026_P04_-_published:3905,redacted_supplier,,Redacted,Rent Rebates,559.06
Over500_2026_P04_-_published:3906,redacted_supplier,,Redacted,Rent Rebates,552.32
Over500_2026_P04_-_published:3907,redacted_supplier,,Redacted,Rent Rebates,1307.05
Over500_2026_P04_-_published:3908,redacted_supplier,,Redacted,Rent Rebates,2275.08
Over500_2026_P04_-_published:3909,redacted_supplier,,Redacted,Direct Payment,3799.76
Over500_2026_P04_-_published:3910,redacted_supplier,,Redacted,Direct Payment,1722.0
Over500_2026_P04_-_published:3911,redacted_supplier,,Redacted,Direct Payment,2810.44
Over500_2026_P04_-_published:3912,redacted_supplier,,Redacted,Direct Payment,2759.84
Over500_2026_P04_-_published:3913,redacted_supplier,,Redacted,Direct Payment,720.64
Over500_2026_P04_-_published:3914,redacted_supplier,,Redacted,Direct Payment,1721.88
Over500_2026_P04_-_published:3915,redacted_supplier,,Redacted,Direct Payment,1392.0
Over500_2026_P04_-_published:3916,redacted_supplier,,Redacted,Direct Payment,2992.6
Over500_2026_P04_-_published:3917,redacted_supplier,,Redacted,Direct Payment,4339.76
Over500_2026_P04_-_published:3918,redacted_supplier,,Redacted,Direct Payment,7294.4
Over500_2026_P04_-_published:3919,redacted_supplier,,Redacted,Direct Payment,2586.84
Over500_2026_P04_-_published:3920,redacted_supplier,,Redacted,Direct Payment,967.76
Over500_2026_P04_-_published:3921,pension_statutory,,CareMatch Ltd,Direct Payment,4149.72
Over500_2026_P04_-_published:3922,redacted_supplier,,Redacted,Rent Rebates,2904.71
Over500_2026_P04_-_published:3923,redacted_supplier,,Redacted,Direct Payment,2448.44
Over500_2026_P04_-_published:3924,redacted_supplier,,Redacted,Direct Payment,756.84
Over500_2026_P04_-_published:3925,redacted_supplier,,Redacted,Direct Payment,1770.0
Over500_2026_P04_-_published:3926,redacted_supplier,,Redacted,Direct Payment,3276.76
Over500_2026_P04_-_published:3927,redacted_supplier,,Redacted,Direct Payment,1915.92
Over500_2026_P04_-_published:3928,redacted_supplier,,Redacted,Direct Payment,772.0
Over500_2026_P04_-_published:3929,redacted_supplier,,Redacted,Direct Payment,11727.86
Over500_2026_P04_-_published:3930,redacted_supplier,,Redacted,Direct Payment,4433.6
Over500_2026_P04_-_published:3931,redacted_supplier,,Redacted,Direct Payment,1091.96
Over500_2026_P04_-_published:3932,redacted_supplier,,Redacted,Direct Payment,2022.36
Over500_2026_P04_-_published:3933,redacted_supplier,,Redacted,Direct Payment,1099.96
Over500_2026_P04_-_published:3934,redacted_supplier,,Redacted,Direct Payment,2320.0
Over500_2026_P04_-_published:3935,redacted_supplier,,Redacted,Direct Payment,4441.68
Over500_2026_P04_-_published:3936,redacted_supplier,,Redacted,Direct Payment,4928.0
Over500_2026_P04_-_published:3937,pension_statutory,,CareMatch Ltd,Direct Payment,1503.12
Over500_2026_P04_-_published:3938,redacted_supplier,,Redacted,Direct Payment,759.0
Over500_2026_P04_-_published:3939,redacted_supplier,,Redacted,Direct Payment,1278.76
Over500_2026_P04_-_published:3940,redacted_supplier,,Redacted,Direct Payment,3633.72
Over500_2026_P04_-_published:3941,redacted_supplier,,Redacted,Direct Payment,1808.48
Over500_2026_P04_-_published:3942,redacted_supplier,,Redacted,Direct Payment,2100.0
Over500_2026_P04_-_published:3943,redacted_supplier,,Redacted,Direct Payment,1679.92
Over500_2026_P04_-_published:3944,redacted_supplier,,Redacted,Direct Payment,1538.48
Over500_2026_P04_-_published:3945,redacted_supplier,,Redacted,Direct Payment,6783.92
Over500_2026_P04_-_published:3946,redacted_supplier,,Redacted,Direct Payment,3392.36
Over500_2026_P04_-_published:3947,redacted_supplier,,Redacted,Direct Payment,1144.04
Over500_2026_P04_-_published:3948,redacted_supplier,,Redacted,Direct Payment,2911.6
Over500_2026_P04_-_published:3949,redacted_supplier,,Redacted,Direct Payment,1582.52
Over500_2026_P04_-_published:3950,redacted_supplier,,Redacted,Direct Payment,1231.52
Over500_2026_P04_-_published:3951,redacted_supplier,,Redacted,Direct Payment,1850.0
Over500_2026_P04_-_published:3952,redacted_supplier,,Redacted,Direct Payment,9747.76
Over500_2026_P04_-_published:3953,redacted_supplier,,Redacted,Direct Payment,1455.92
Over500_2026_P04_-_published:3954,redacted_supplier,,Redacted,Direct Payment,1059.4
Over500_2026_P04_-_published:3955,redacted_supplier,,Redacted,Direct Payment,4343.92
Over500_2026_P04_-_published:3956,redacted_supplier,,Redacted,Direct Payment,1184.56
Over500_2026_P04_-_published:3957,redacted_supplier,,Redacted,Direct Payment,3321.84
Over500_2026_P04_-_published:3958,redacted_supplier,,Redacted,Direct Payment,1799.92
Over500_2026_P04_-_published:3959,redacted_supplier,,Redacted,Direct Payment,1409.92
Over500_2026_P04_-_published:3960,redacted_supplier,,Redacted,Direct Payment,504.72
Over500_2026_P04_-_published:3961,redacted_supplier,,Redacted,Direct Payment,2420.64
Over500_2026_P04_-_published:3962,redacted_supplier,,Redacted,Direct Payment,1583.92
Over500_2026_P04_-_published:3963,redacted_supplier,,Redacted,Direct Payment,3406.8
Over500_2026_P04_-_published:3964,redacted_supplier,,Redacted,Direct Payment,1088.0
Over500_2026_P04_-_published:3965,redacted_supplier,,Redacted,Direct Payment,2000.92
Over500_2026_P04_-_published:3966,redacted_supplier,,Redacted,Direct Payment,1129.96
Over500_2026_P04_-_published:3967,redacted_supplier,,Redacted,Direct Payment,3909.8
Over500_2026_P04_-_published:3968,redacted_supplier,,Redacted,Direct Payment,1972.48
Over500_2026_P04_-_published:3969,redacted_supplier,,Redacted,Direct Payment,1080.0
Over500_2026_P04_-_published:3970,redacted_supplier,,Redacted,Direct Payment,2591.64
Over500_2026_P04_-_published:3971,redacted_supplier,,Redacted,Direct Payment,3539.96
Over500_2026_P04_-_published:3972,redacted_supplier,,Redacted,Direct Payment,1056.0
Over500_2026_P04_-_published:3973,redacted_supplier,,Redacted,Direct Payment,3400.0
Over500_2026_P04_-_published:3974,redacted_supplier,,Redacted,Direct Payment,639.96
Over500_2026_P04_-_published:3975,redacted_supplier,,Redacted,Direct Payment,4800.0
Over500_2026_P04_-_published:3976,redacted_supplier,,Redacted,Direct Payment,1232.0
Over500_2026_P04_-_published:3977,redacted_supplier,,Redacted,Direct Payment,4400.0
Over500_2026_P04_-_published:3978,redacted_supplier,,Redacted,Direct Payment,1246.84
Over500_2026_P04_-_published:3979,redacted_supplier,,Redacted,Direct Payment,2208.0
Over500_2026_P04_-_published:3980,redacted_supplier,,Redacted,Direct Payment,3422.0
Over500_2026_P04_-_published:3981,redacted_supplier,,Redacted,Direct Payment,1744.8
Over500_2026_P04_-_published:3982,redacted_supplier,,Redacted,Direct Payment,877.6
Over500_2026_P04_-_published:3983,redacted_supplier,,Redacted,Direct Payment,3445.24
Over500_2026_P04_-_published:3984,redacted_supplier,,Redacted,Direct Payment,799.96
Over500_2026_P04_-_published:3985,redacted_supplier,,Redacted,Direct Payment,2239.88
Over500_2026_P04_-_published:3986,redacted_supplier,,Redacted,Direct Payment,1447.4
Over500_2026_P04_-_published:3987,redacted_supplier,,Redacted,Direct Payment,1432.0
Over500_2026_P04_-_published:3988,redacted_supplier,,Redacted,Direct Payment,3022.0
Over500_2026_P04_-_published:3989,redacted_supplier,,Redacted,Direct Payment,1294.32
Over500_2026_P04_-_published:3990,pension_statutory,,CareMatch Ltd,Direct Payment,1065.88
Over500_2026_P04_-_published:3991,redacted_supplier,,Redacted,Direct Payment,629.96
Over500_2026_P04_-_published:3992,redacted_supplier,,Redacted,Direct Payment,772.16
Over500_2026_P04_-_published:3993,redacted_supplier,,Redacted,Direct Payment,1599.92
Over500_2026_P04_-_published:3994,redacted_supplier,,Redacted,Direct Payment,1020.0
Over500_2026_P04_-_published:3995,redacted_supplier,,Redacted,Direct Payment,704.0
Over500_2026_P04_-_published:3996,redacted_supplier,,Redacted,Direct Payment,540.0
Over500_2026_P04_-_published:3997,redacted_supplier,,Redacted,Direct Payment,600.0
Over500_2026_P04_-_published:3998,redacted_supplier,,Redacted,Direct Payment,5357.04
Over500_2026_P04_-_published:3999,redacted_supplier,,Redacted,Direct Payment,5170.88
Over500_2026_P04_-_published:4000,redacted_supplier,,Redacted,Direct Payment,789.24
Over500_2026_P04_-_published:4001,redacted_supplier,,Redacted,Direct Payment,2130.96
Over500_2026_P04_-_published:4002,redacted_supplier,,Redacted,Direct Payment,8279.36
Over500_2026_P04_-_published:4003,redacted_supplier,,Redacted,Direct Payment,6228.64
Over500_2026_P04_-_published:4004,redacted_supplier,,Redacted,Direct Payment,1160.0
Over500_2026_P04_-_published:4005,redacted_supplier,,Redacted,Direct Payment,4391.16
Over500_2026_P04_-_published:4006,redacted_supplier,,Redacted,Direct Payment,2745.08
Over500_2026_P04_-_published:4007,redacted_supplier,,Redacted,Direct Payment,1349.52
Over500_2026_P04_-_published:4008,redacted_supplier,,Redacted,Direct Payment,6745.08
Over500_2026_P04_-_published:4009,redacted_supplier,,Redacted,Direct Payment,1799.92
Over500_2026_P04_-_published:4010,redacted_supplier,,Redacted,Direct Payment,12400.0
Over500_2026_P04_-_published:4011,redacted_supplier,,Redacted,Direct Payment,962.96
Over500_2026_P04_-_published:4012,redacted_supplier,,Redacted,Direct Payment,709.24
Over500_2026_P04_-_published:4013,redacted_supplier,,Redacted,Direct Payment,3031.8
Over500_2026_P04_-_published:4014,redacted_supplier,,Redacted,Direct Payment,1711.0
Over500_2026_P04_-_published:4015,redacted_supplier,,Redacted,Direct Payment,2228.64
Over500_2026_P04_-_published:4016,redacted_supplier,,Redacted,Direct Payment,906.0
Over500_2026_P04_-_published:4017,redacted_supplier,,Redacted,Direct Payment,537.72
Over500_2026_P04_-_published:4018,redacted_supplier,,Redacted,Direct Payment,2314.2
Over500_2026_P04_-_published:4019,redacted_supplier,,Redacted,Direct Payment,570.9
Over500_2026_P04_-_published:4020,redacted_supplier,,Redacted,Direct Payment,584.32
Over500_2026_P04_-_published:4021,redacted_supplier,,Redacted,Direct Payment,635.08
Over500_2026_P04_-_published:4022,redacted_supplier,,Redacted,Direct Payment,508.81
Over500_2026_P04_-_published:4023,redacted_supplier,,Redacted,Direct Payment,1017.4
Over500_2026_P04_-_published:4024,redacted_supplier,,Redacted,Direct Payment,1330.8
Over500_2026_P04_-_published:4025,redacted_supplier,,Redacted,Direct Payment,1330.8
Over500_2026_P04_-_published:4026,redacted_supplier,,Redacted,Direct Payment,504.68
Over500_2026_P04_-_published:4027,redacted_supplier,,Redacted,Direct Payment,1983.2
Over500_2026_P04_-_published:4028,redacted_supplier,,Redacted,Direct Payment,14147.3
Over500_2026_P04_-_published:4029,redacted_supplier,,Redacted,Direct Payment,718.68
Over500_2026_P04_-_published:4030,redacted_supplier,,Redacted,Payments to Carers,2160.0
Over500_2026_P04_-_published:4031,redacted_supplier,,Redacted,Adult Placement Allowances,680.1
Over500_2026_P04_-_published:4032,redacted_supplier,,Redacted,Adult Placement Allowances,661.0
Over500_2026_P04_-_published:4033,redacted_supplier,,Redacted,Adult Placement Allowances,661.0
Over500_2026_P04_-_published:4034,redacted_supplier,,Redacted,Adult Placement Allowances,797.2
Over500_2026_P04_-_published:4035,redacted_supplier,,Redacted,Adult Placement Allowances,661.0
Over500_2026_P04_-_published:4036,redacted_supplier,,Redacted,Adult Placement Allowances,661.0
Over500_2026_P04_-_published:4037,redacted_supplier,,Redacted,Adult Placement Allowances,661.0
Over500_2026_P04_-_published:4038,redacted_supplier,,Redacted,Adult Placement Allowances,661.0
Over500_2026_P04_-_published:4039,redacted_supplier,,Redacted,Adult Placement Allowances,797.2
Over500_2026_P04_-_published:4040,redacted_supplier,,Redacted,Adult Placement Allowances,797.2
Over500_2026_P04_-_published:4041,redacted_supplier,,Redacted,Adult Placement Allowances,797.2
Over500_2026_P04_-_published:4042,redacted_supplier,,Redacted,Adult Placement Allowances,661.0
Over500_2026_P04_-_published:4043,redacted_supplier,,Redacted,Adult Placement Allowances,797.2
Over500_2026_P04_-_published:4044,redacted_supplier,,Redacted,Adult Placement Allowances,1708.3
Over500_2026_P04_-_published:4045,redacted_supplier,,Redacted,Adult Placement Allowances,661.0
Over500_2026_P04_-_published:4046,redacted_supplier,,Redacted,Rent Rebates,5149.25
Over500_2026_P04_-_published:4047,redacted_supplier,,Redacted,Rent Rebates,1103.22
Over500_2026_P04_-_published:4048,redacted_supplier,,Redacted,Rent Rebates,535.83
Over500_2026_P04_-_published:4049,redacted_supplier,,Redacted,Adult Placement Allowances,797.2
Over500_2026_P04_-_published:4050,redacted_supplier,,Redacted,Adult Placement Allowances,661.0
Over500_2026_P04_-_published:4051,redacted_supplier,,Redacted,Adult Placement Allowances,661.0
Over500_2026_P04_-_published:4052,redacted_supplier,,Redacted,Adult Placement Allowances,661.0
Over500_2026_P04_-_published:4053,redacted_supplier,,Redacted,Adult Placement Allowances,661.0
Over500_2026_P04_-_published:4054,redacted_supplier,,Redacted,Adult Placement Allowances,1020.5
Over500_2026_P04_-_published:4055,redacted_supplier,,Redacted,Adult Placement Allowances,797.2
Over500_2026_P04_-_published:4056,redacted_supplier,,Redacted,Adult Placement Allowances,661.0
Over500_2026_P04_-_published:4057,redacted_supplier,,Redacted,Adult Placement Allowances,968.76
Over500_2026_P04_-_published:4058,redacted_supplier,,Redacted,Adult Placement Allowances,811.0
Over500_2026_P04_-_published:4059,redacted_supplier,,Redacted,Adult Placement Allowances,668.0
Over500_2026_P04_-_published:4060,redacted_supplier,,Redacted,Adult Placement Allowances,661.0
Over500_2026_P04_-_published:4061,redacted_supplier,,Redacted,Adult Placement Allowances,797.2
Over500_2026_P04_-_published:4062,redacted_supplier,,Redacted,Direct Payment,2028.03
Over500_2026_P04_-_published:4063,redacted_supplier,,Redacted,Adult Placement Allowances,797.2
Over500_2026_P04_-_published:4064,redacted_supplier,,Redacted,Adult Placement Allowances,968.76
Over500_2026_P04_-_published:4065,redacted_supplier,,Redacted,Adult Placement Allowances,568.6
Over500_2026_P04_-_published:4066,redacted_supplier,,Redacted,Adult Placement Allowances,811.0
Over500_2026_P04_-_published:4067,redacted_supplier,,Redacted,Adult Placement Allowances,797.2
Over500_2026_P04_-_published:4068,redacted_supplier,,Redacted,Adult Placement Allowances,672.9
Over500_2026_P04_-_published:4069,redacted_supplier,,Redacted,Adult Placement Allowances,632.8
Over500_2026_P04_-_published:4070,redacted_supplier,,Redacted,Adult Placement Allowances,1708.3
Over500_2026_P04_-_published:4071,redacted_supplier,,Redacted,Adult Placement Allowances,811.0
Over500_2026_P04_-_published:4072,redacted_supplier,,Redacted,Adult Placement Allowances,661.0
Over500_2026_P04_-_published:4073,redacted_supplier,,Redacted,Rent Rebates,551.61
Over500_2026_P04_-_published:4074,redacted_supplier,,Redacted,Rent Rebates,1103.22
Over500_2026_P04_-_published:4075,redacted_supplier,,Redacted,Direct Payment,1507.2
Over500_2026_P04_-_published:4076,redacted_supplier,,Redacted,Direct Payment,1063.24
Over500_2026_P04_-_published:4077,redacted_supplier,,Redacted,Direct Payment,1645.61
Over500_2026_P04_-_published:4078,redacted_supplier,,Redacted,Direct Payment,2500.96
Over500_2026_P04_-_published:4079,redacted_supplier,,Redacted,Direct Payment,9952.2
Over500_2026_P04_-_published:4080,redacted_supplier,,Redacted,Direct Payment,959.96
Over500_2026_P04_-_published:4081,redacted_supplier,,Redacted,Direct Payment,4999.72
Over500_2026_P04_-_published:4082,redacted_supplier,,Redacted,Direct Payment,2088.0
Over500_2026_P04_-_published:4083,redacted_supplier,,Redacted,Direct Payment,1529.17
Over500_2026_P04_-_published:4084,redacted_supplier,,Redacted,Direct Payment,1034.92
Over500_2026_P04_-_published:4085,redacted_supplier,,Redacted,Direct Payment,2274.52
Over500_2026_P04_-_published:4086,redacted_supplier,,Redacted,Direct Payment,956.4
Over500_2026_P04_-_published:4087,redacted_supplier,,Redacted,Direct Payment,3126.48
Over500_2026_P04_-_published:4088,redacted_supplier,,Redacted,Direct Payment,9248.4
Over500_2026_P04_-_published:4089,redacted_supplier,,Redacted,Direct Payment,792.96
Over500_2026_P04_-_published:4090,redacted_supplier,,Redacted,Direct Payment,3164.4
Over500_2026_P04_-_published:4091,redacted_supplier,,Redacted,Direct Payment,1496.16
Over500_2026_P04_-_published:4092,pension_statutory,,Solo Support Services,Direct Payment,5725.24
Over500_2026_P04_-_published:4093,redacted_supplier,,Redacted,Direct Payment,10215.56
Over500_2026_P04_-_published:4094,redacted_supplier,,Redacted,Direct Payment,3626.32
Over500_2026_P04_-_published:4095,redacted_supplier,,Redacted,Direct Payment,847.2
Over500_2026_P04_-_published:4096,redacted_supplier,,Redacted,Direct Payment,4851.6
Over500_2026_P04_-_published:4097,redacted_supplier,,Redacted,Direct Payment,1208.08
Over500_2026_P04_-_published:4098,redacted_supplier,,Redacted,Direct Payment,1206.52
Over500_2026_P04_-_published:4099,redacted_supplier,,Redacted,Direct Payment,737.6
Over500_2026_P04_-_published:4100,redacted_supplier,,Redacted,Direct Payment,2327.0
Over500_2026_P04_-_published:4101,redacted_supplier,,Redacted,Direct Payment,2158.96
Over500_2026_P04_-_published:4102,redacted_supplier,,Redacted,Direct Payment,9073.64
Over500_2026_P04_-_published:4103,redacted_supplier,,Redacted,Direct Payment,1580.6
Over500_2026_P04_-_published:4104,redacted_supplier,,Redacted,Direct Payment,1866.0
Over500_2026_P04_-_published:4105,redacted_supplier,,Redacted,Direct Payment,1510.0
Over500_2026_P04_-_published:4106,redacted_supplier,,Redacted,Direct Payment,2000.0
Over500_2026_P04_-_published:4107,redacted_supplier,,Redacted,Direct Payment,504.68
Over500_2026_P04_-_published:4108,redacted_supplier,,Redacted,Direct Payment,976.05
Over500_2026_P04_-_published:4109,redacted_supplier,,Redacted,Direct Payment,1887.6
Over500_2026_P04_-_published:4110,redacted_supplier,,Redacted,Direct Payment,845.0
Over500_2026_P04_-_published:4111,redacted_supplier,,Redacted,Direct Payment,1206.6
Over500_2026_P04_-_published:4112,redacted_supplier,,Redacted,Direct Payment,533.76
Over500_2026_P04_-_published:4113,redacted_supplier,,Redacted,Direct Payment,2940.0
Over500_2026_P04_-_published:4114,redacted_supplier,,Redacted,Direct Payment,1922.1
Over500_2026_P04_-_published:4115,redacted_supplier,,Redacted,Direct Payment,1060.0
Over500_2026_P04_-_published:4116,redacted_supplier,,Redacted,Payments to Carers,720.0
Over500_2026_P04_-_published:4117,redacted_supplier,,Redacted,Payments to Carers,1137.76
Over500_2026_P04_-_published:4118,redacted_supplier,,Redacted,Payments to Carers,572.0
Over500_2026_P04_-_published:4119,redacted_supplier,,Redacted,Adult Placement Allowances,887.7
Over500_2026_P04_-_published:4120,redacted_supplier,,Redacted,Adult Placement Allowances,568.6
Over500_2026_P04_-_published:4121,redacted_supplier,,Redacted,Adult Placement Allowances,797.2
Over500_2026_P04_-_published:4122,redacted_supplier,,Redacted,Adult Placement Allowances,661.0
Over500_2026_P04_-_published:4123,redacted_supplier,,Redacted,Adult Placement Allowances,797.2
Over500_2026_P04_-_published:4124,redacted_supplier,,Redacted,Adult Placement Allowances,811.0
Over500_2026_P04_-_published:4125,redacted_supplier,,Redacted,Adult Placement Allowances,661.0
Over500_2026_P04_-_published:4126,redacted_supplier,,Redacted,Adult Placement Allowances,2135.3
Over500_2026_P04_-_published:4127,redacted_supplier,,Redacted,Adult Placement Allowances,797.2
Over500_2026_P04_-_published:4128,redacted_supplier,,Redacted,Adult Placement Allowances,797.2
Over500_2026_P04_-_published:4129,redacted_supplier,,Redacted,Adult Placement Allowances,734.8
Over500_2026_P04_-_published:4130,redacted_supplier,,Redacted,Adult Placement Allowances,568.6
Over500_2026_P04_-_published:4131,redacted_supplier,,Redacted,Adult Placement Allowances,661.0
Over500_2026_P04_-_published:4132,redacted_supplier,,Redacted,Adult Placement Allowances,797.2
Over500_2026_P04_-_published:4133,redacted_supplier,,Redacted,Adult Placement Allowances,797.2
Over500_2026_P04_-_published:4134,redacted_supplier,,Redacted,Adult Placement Allowances,568.6
Over500_2026_P04_-_published:4135,redacted_supplier,,Redacted,Adult Placement Allowances,661.0
Over500_2026_P04_-_published:4136,redacted_supplier,,Redacted,Adult Placement Allowances,797.2
Over500_2026_P04_-_published:4137,redacted_supplier,,Redacted,Adult Placement Allowances,797.2
Over500_2026_P04_-_published:4138,redacted_supplier,,Redacted,Adult Placement Allowances,751.8
Over500_2026_P04_-_published:4139,redacted_supplier,,Redacted,Adult Placement Allowances,650.25
Over500_2026_P04_-_published:4140,redacted_supplier,,Redacted,Adult Placement Allowances,1020.5
Over500_2026_P04_-_published:4141,redacted_supplier,,Redacted,ASC Deferred Debt,3170.36
Over500_2026_P04_-_published:4142,redacted_supplier,,Redacted,ASC Deferred Debt,4465.32
Over500_2026_P04_-_published:4143,redacted_supplier,,Redacted,ASC Deferred Debt,4834.92
Over500_2026_P04_-_published:4144,redacted_supplier,,Redacted,ASC Deferred Debt,5325.8
Over500_2026_P04_-_published:4145,redacted_supplier,,Redacted,ASC Deferred Debt,4467.44
Over500_2026_P04_-_published:4146,redacted_supplier,,Redacted,ASC Deferred Debt,2224.6
Over500_2026_P04_-_published:4147,redacted_supplier,,Redacted,ASC Deferred Debt,2703.32
Over500_2026_P04_-_published:4148,redacted_supplier,,Redacted,ASC Deferred Debt,2722.8
Over500_2026_P04_-_published:4149,redacted_supplier,,Redacted,ASC Deferred Debt,2144.52
Over500_2026_P04_-_published:4150,redacted_supplier,,Redacted,ASC Deferred Debt,4332.4
Over500_2026_P04_-_published:4151,redacted_supplier,,Redacted,ASC Deferred Debt,4731.4
Over500_2026_P04_-_published:4152,redacted_supplier,,Redacted,ASC Deferred Debt,3241.16
Over500_2026_P04_-_published:4153,redacted_supplier,,Redacted,ASC Deferred Debt,5586.0
Over500_2026_P04_-_published:4154,redacted_supplier,,Redacted,ASC Deferred Debt,2234.72
Over500_2026_P04_-_published:4155,redacted_supplier,,Redacted,ASC Deferred Debt,5069.8
Over500_2026_P04_-_published:4156,redacted_supplier,,Redacted,ASC Deferred Debt,4196.36
Over500_2026_P04_-_published:4157,redacted_supplier,,Redacted,ASC Deferred Debt,3402.36
Over500_2026_P04_-_published:4158,redacted_supplier,,Redacted,ASC Deferred Debt,3121.56
Over500_2026_P04_-_published:4159,redacted_supplier,,Redacted,ASC Deferred Debt,6089.12
Over500_2026_P04_-_published:4160,redacted_supplier,,Redacted,ASC Deferred Debt,2936.36
Over500_2026_P04_-_published:4161,redacted_supplier,,Redacted,ASC Deferred Debt,4689.12
Over500_2026_P04_-_published:4162,pension_statutory,,Royal Borough of Windsor and Maidenhead,LGPS Employees Control,450449.38
Over500_2026_P04_-_published:4163,pension_statutory,,Royal Borough of Windsor and Maidenhead,LGPS Employers Control,1091653.6
Over500_2026_P04_-_published:4164,pension_statutory,,Royal Borough of Windsor and Maidenhead,Teachers LGPS ERS Control,950683.38
Over500_2026_P04_-_published:4165,pension_statutory,,DWP DEBT MANAGEMENT,Court Order Control,902.16
Over500_2026_P04_-_published:4166,pension_statutory,,WEST BERKSHIRE COUNCIL,Council Tax Court Orders,1874.12
Over500_2026_P04_-_published:4167,pension_statutory,,WEST BERKSHIRE COUNCIL,Council Tax Court Orders,2056.66
Over500_2026_P04_-_published:4168,redacted_supplier,,Redacted,Children in Care: Savings,684.49
Over500_2026_P04_-_published:4169,pension_statutory,,DWP DEBT MANAGEMENT,Court Order Control,799.97
Over500_2026_P04_-_published:4170,pension_statutory,,PRUDENTIAL,Prudential AVC Teachers,3121.49
