supplier_norm,published_names,window_gbp,annualised_gbp,payments,main_tag,tag_mix,services,notice_match,matched_notices,row_ids
VOLKERHIGHWAYS,VolkerHighways Ltd,7377922.21,29511688.84,126,general_procurement,general_procurement=7377922.21,Environment,none,,Over500_2026_P02_-_published:691;Over500_2026_P02_-_published:2174;Over500_2026_P02_-_published:2175;Over500_2026_P02_-_published:2177;Over500_2026_P02_-_published:2178;Over500_2026_P02_-_published:2181;Over500_2026_P02_-_published:2183;Over500_2026_P02_-_published:695;Over500_2026_P02_-_published:709;Over500_2026_P02_-_published:713;Over500_2026_P02_-_published:717;Over500_2026_P02_-_published:723;Over500_2026_P02_-_published:727;Over500_2026_P02_-_published:696;Over500_2026_P02_-_published:700;Over500_2026_P02_-_published:701;Over500_2026_P02_-_published:710;Over500_2026_P02_-_published:714;Over500_2026_P02_-_published:720;Over500_2026_P02_-_published:724;Over500_2026_P02_-_published:692;Over500_2026_P02_-_published:702;Over500_2026_P02_-_published:703;Over500_2026_P02_-_published:2173;Over500_2026_P02_-_published:2176;Over500_2026_P02_-_published:2179;Over500_2026_P02_-_published:2184;Over500_2026_P02_-_published:2193;Over500_2026_P02_-_published:2170;Over500_2026_P02_-_published:2185;Over500_2026_P02_-_published:704;Over500_2026_P02_-_published:705;Over500_2026_P02_-_published:728;Over500_2026_P02_-_published:731;Over500_2026_P02_-_published:2172;Over500_2026_P02_-_published:729;Over500_2026_P02_-_published:730;Over500_2026_P02_-_published:734;Over500_2026_P02_-_published:2180;Over500_2026_P02_-_published:2182;Over500_2026_P02_-_published:697;Over500_2026_P02_-_published:711;Over500_2026_P02_-_published:712;Over500_2026_P02_-_published:715;Over500_2026_P02_-_published:716;Over500_2026_P02_-_published:721;Over500_2026_P02_-_published:725;Over500_2026_P02_-_published:726;Over500_2026_P02_-_published:693;Over500_2026_P02_-_published:694;Over500_2026_P02_-_published:698;Over500_2026_P02_-_published:699;Over500_2026_P02_-_published:706;Over500_2026_P02_-_published:722;Over500_2026_P02_-_published:707;Over500_2026_P03_-_published:2117;Over500_2026_P03_-_published:2133;Over500_2026_P03_-_published:2402;Over500_2026_P03_-_published:683;Over500_2026_P03_-_published:699;Over500_2026_P03_-_published:700;Over500_2026_P03_-_published:702;Over500_2026_P03_-_published:703;Over500_2026_P03_-_published:728;Over500_2026_P03_-_published:729;Over500_2026_P03_-_published:701;Over500_2026_P03_-_published:2403;Over500_2026_P03_-_published:2401;Over500_2026_P03_-_published:684;Over500_2026_P03_-_published:727;Over500_2026_P04_-_published:1291;Over500_2026_P04_-_published:3192;Over500_2026_P04_-_published:792;Over500_2026_P04_-_published:1289;Over500_2026_P04_-_published:3184;Over500_2026_P04_-_published:3210;Over500_2026_P04_-_published:3786;Over500_2026_P04_-_published:602;Over500_2026_P04_-_published:621;Over500_2026_P04_-_published:736;Over500_2026_P04_-_published:791;Over500_2026_P04_-_published:793;Over500_2026_P04_-_published:799;Over500_2026_P04_-_published:1295;Over500_2026_P04_-_published:1310;Over500_2026_P04_-_published:3186;Over500_2026_P04_-_published:3303;Over500_2026_P04_-_published:794;Over500_2026_P04_-_published:795;Over500_2026_P04_-_published:798;Over500_2026_P04_-_published:1292;Over500_2026_P04_-_published:1293;Over500_2026_P04_-_published:3187;Over500_2026_P04_-_published:3211;Over500_2026_P04_-_published:3304;Over500_2026_P04_-_published:3308;Over500_2026_P04_-_published:3787;Over500_2026_P04_-_published:619;Over500_2026_P04_-_published:620;Over500_2026_P04_-_published:739;Over500_2026_P04_-_published:819;Over500_2026_P04_-_published:821;Over500_2026_P04_-_published:822;Over500_2026_P04_-_published:1296;Over500_2026_P04_-_published:3185;Over500_2026_P04_-_published:3302;Over500_2026_P04_-_published:3309;Over500_2026_P04_-_published:618;Over500_2026_P04_-_published:742;Over500_2026_P04_-_published:777;Over500_2026_P04_-_published:3784;Over500_2026_P04_-_published:600;Over500_2026_P04_-_published:796;Over500_2026_P04_-_published:828;Over500_2026_P04_-_published:599;Over500_2026_P04_-_published:603;Over500_2026_P04_-_published:3212;Over500_2026_P04_-_published:3305;Over500_2026_P04_-_published:3306;Over500_2026_P04_-_published:3785;Over500_2026_P04_-_published:3188;Over500_2026_P04_-_published:3213;Over500_2026_P04_-_published:3307;Over500_2026_P04_-_published:737;Over500_2026_P04_-_published:778;Over500_2026_P04_-_published:790
VEOLIA ES WEST BERKSHIRE,VEOLIA ES WEST BERKSHIRE LTD (CHAPS ONLY),6186065.04,24744260.16,3,general_procurement,general_procurement=6186065.04,Environment,none,,Over500_2026_P02_-_published:2196;Over500_2026_P03_-_published:2146;Over500_2026_P04_-_published:3194
MILLBROOK HEALTHCARE,Millbrook Healthcare Limited,3459365.35,13837461.4,4,general_procurement,general_procurement=3459365.35,"Finance, Property & Procurement",none,,Over500_2026_P03_-_published:2216;Over500_2026_P03_-_published:2144;Over500_2026_P04_-_published:3311;Over500_2026_P04_-_published:3789
BUPA CARE SERVICES,BUPA Care Services,1874166.5,7496666.0,370,placement,placement=1874166.5,Adult Social Care,none,,Over500_2026_P02_-_published:1509;Over500_2026_P02_-_published:1034;Over500_2026_P02_-_published:1035;Over500_2026_P02_-_published:1036;Over500_2026_P02_-_published:1037;Over500_2026_P02_-_published:1038;Over500_2026_P02_-_published:1039;Over500_2026_P02_-_published:1040;Over500_2026_P02_-_published:1041;Over500_2026_P02_-_published:1042;Over500_2026_P02_-_published:1043;Over500_2026_P02_-_published:1044;Over500_2026_P02_-_published:1045;Over500_2026_P02_-_published:1431;Over500_2026_P02_-_published:1443;Over500_2026_P02_-_published:1444;Over500_2026_P02_-_published:1455;Over500_2026_P02_-_published:1456;Over500_2026_P02_-_published:1457;Over500_2026_P02_-_published:1458;Over500_2026_P02_-_published:1459;Over500_2026_P02_-_published:1460;Over500_2026_P02_-_published:1461;Over500_2026_P02_-_published:1462;Over500_2026_P02_-_published:1463;Over500_2026_P02_-_published:1464;Over500_2026_P02_-_published:1465;Over500_2026_P02_-_published:1466;Over500_2026_P02_-_published:1467;Over500_2026_P02_-_published:1468;Over500_2026_P02_-_published:1469;Over500_2026_P02_-_published:1470;Over500_2026_P02_-_published:1471;Over500_2026_P02_-_published:1472;Over500_2026_P02_-_published:1473;Over500_2026_P02_-_published:1474;Over500_2026_P02_-_published:1475;Over500_2026_P02_-_published:1524;Over500_2026_P02_-_published:1525;Over500_2026_P02_-_published:1526;Over500_2026_P02_-_published:1527;Over500_2026_P02_-_published:1528;Over500_2026_P02_-_published:1529;Over500_2026_P02_-_published:1530;Over500_2026_P02_-_published:1531;Over500_2026_P02_-_published:1532;Over500_2026_P02_-_published:1533;Over500_2026_P02_-_published:1534;Over500_2026_P02_-_published:1535;Over500_2026_P02_-_published:1536;Over500_2026_P02_-_published:1537;Over500_2026_P02_-_published:1627;Over500_2026_P02_-_published:1630;Over500_2026_P02_-_published:1832;Over500_2026_P02_-_published:1850;Over500_2026_P02_-_published:1962;Over500_2026_P02_-_published:1963;Over500_2026_P02_-_published:1976;Over500_2026_P02_-_published:868;Over500_2026_P02_-_published:869;Over500_2026_P02_-_published:870;Over500_2026_P02_-_published:871;Over500_2026_P02_-_published:872;Over500_2026_P02_-_published:875;Over500_2026_P02_-_published:958;Over500_2026_P02_-_published:959;Over500_2026_P02_-_published:960;Over500_2026_P02_-_published:961;Over500_2026_P02_-_published:962;Over500_2026_P02_-_published:963;Over500_2026_P02_-_published:964;Over500_2026_P02_-_published:965;Over500_2026_P02_-_published:966;Over500_2026_P02_-_published:967;Over500_2026_P02_-_published:968;Over500_2026_P02_-_published:969;Over500_2026_P02_-_published:970;Over500_2026_P02_-_published:971;Over500_2026_P02_-_published:972;Over500_2026_P02_-_published:973;Over500_2026_P02_-_published:974;Over500_2026_P02_-_published:975;Over500_2026_P02_-_published:976;Over500_2026_P02_-_published:977;Over500_2026_P02_-_published:978;Over500_2026_P02_-_published:979;Over500_2026_P02_-_published:980;Over500_2026_P02_-_published:981;Over500_2026_P02_-_published:982;Over500_2026_P02_-_published:983;Over500_2026_P02_-_published:984;Over500_2026_P02_-_published:985;Over500_2026_P02_-_published:986;Over500_2026_P02_-_published:987;Over500_2026_P02_-_published:988;Over500_2026_P02_-_published:1023;Over500_2026_P02_-_published:1024;Over500_2026_P02_-_published:1025;Over500_2026_P02_-_published:1026;Over500_2026_P02_-_published:1069;Over500_2026_P02_-_published:1070;Over500_2026_P02_-_published:1071;Over500_2026_P02_-_published:1072;Over500_2026_P02_-_published:1967;Over500_2026_P03_-_published:1018;Over500_2026_P03_-_published:1322;Over500_2026_P03_-_published:1857;Over500_2026_P03_-_published:2830;Over500_2026_P03_-_published:2845;Over500_2026_P03_-_published:890;Over500_2026_P03_-_published:891;Over500_2026_P03_-_published:892;Over500_2026_P03_-_published:915;Over500_2026_P03_-_published:916;Over500_2026_P03_-_published:917;Over500_2026_P03_-_published:918;Over500_2026_P03_-_published:937;Over500_2026_P03_-_published:938;Over500_2026_P03_-_published:939;Over500_2026_P03_-_published:951;Over500_2026_P03_-_published:1003;Over500_2026_P03_-_published:1005;Over500_2026_P03_-_published:1006;Over500_2026_P03_-_published:1011;Over500_2026_P03_-_published:1012;Over500_2026_P03_-_published:1027;Over500_2026_P03_-_published:1028;Over500_2026_P03_-_published:1312;Over500_2026_P03_-_published:1323;Over500_2026_P03_-_published:1324;Over500_2026_P03_-_published:1325;Over500_2026_P03_-_published:1326;Over500_2026_P03_-_published:1327;Over500_2026_P03_-_published:1328;Over500_2026_P03_-_published:1329;Over500_2026_P03_-_published:1330;Over500_2026_P03_-_published:1336;Over500_2026_P03_-_published:1342;Over500_2026_P03_-_published:1343;Over500_2026_P03_-_published:1344;Over500_2026_P03_-_published:1345;Over500_2026_P03_-_published:1346;Over500_2026_P03_-_published:1371;Over500_2026_P03_-_published:1372;Over500_2026_P03_-_published:1377;Over500_2026_P03_-_published:1378;Over500_2026_P03_-_published:1379;Over500_2026_P03_-_published:1380;Over500_2026_P03_-_published:1412;Over500_2026_P03_-_published:1413;Over500_2026_P03_-_published:1414;Over500_2026_P03_-_published:1460;Over500_2026_P03_-_published:1470;Over500_2026_P03_-_published:1477;Over500_2026_P03_-_published:1485;Over500_2026_P03_-_published:1486;Over500_2026_P03_-_published:1487;Over500_2026_P03_-_published:1759;Over500_2026_P03_-_published:1822;Over500_2026_P03_-_published:2690;Over500_2026_P03_-_published:2691;Over500_2026_P03_-_published:2700;Over500_2026_P03_-_published:2701;Over500_2026_P03_-_published:2702;Over500_2026_P03_-_published:2703;Over500_2026_P03_-_published:2709;Over500_2026_P03_-_published:2710;Over500_2026_P03_-_published:2716;Over500_2026_P03_-_published:2825;Over500_2026_P03_-_published:2831;Over500_2026_P03_-_published:2832;Over500_2026_P03_-_published:2833;Over500_2026_P03_-_published:2834;Over500_2026_P03_-_published:2844;Over500_2026_P03_-_published:2849;Over500_2026_P03_-_published:2850;Over500_2026_P03_-_published:2851;Over500_2026_P03_-_published:2890;Over500_2026_P03_-_published:3020;Over500_2026_P03_-_published:3023;Over500_2026_P03_-_published:837;Over500_2026_P03_-_published:852;Over500_2026_P03_-_published:871;Over500_2026_P03_-_published:872;Over500_2026_P03_-_published:893;Over500_2026_P03_-_published:894;Over500_2026_P03_-_published:895;Over500_2026_P03_-_published:896;Over500_2026_P03_-_published:897;Over500_2026_P03_-_published:898;Over500_2026_P03_-_published:903;Over500_2026_P03_-_published:904;Over500_2026_P03_-_published:919;Over500_2026_P03_-_published:920;Over500_2026_P03_-_published:921;Over500_2026_P03_-_published:922;Over500_2026_P03_-_published:923;Over500_2026_P03_-_published:940;Over500_2026_P03_-_published:941;Over500_2026_P03_-_published:942;Over500_2026_P03_-_published:943;Over500_2026_P03_-_published:944;Over500_2026_P03_-_published:945;Over500_2026_P03_-_published:946;Over500_2026_P03_-_published:947;Over500_2026_P03_-_published:953;Over500_2026_P03_-_published:954;Over500_2026_P03_-_published:960;Over500_2026_P03_-_published:961;Over500_2026_P03_-_published:962;Over500_2026_P03_-_published:975;Over500_2026_P03_-_published:976;Over500_2026_P03_-_published:977;Over500_2026_P03_-_published:980;Over500_2026_P03_-_published:981;Over500_2026_P03_-_published:987;Over500_2026_P04_-_published:1028;Over500_2026_P04_-_published:1029;Over500_2026_P04_-_published:1030;Over500_2026_P04_-_published:1031;Over500_2026_P04_-_published:1051;Over500_2026_P04_-_published:1067;Over500_2026_P04_-_published:1068;Over500_2026_P04_-_published:1069;Over500_2026_P04_-_published:1075;Over500_2026_P04_-_published:1076;Over500_2026_P04_-_published:1077;Over500_2026_P04_-_published:1078;Over500_2026_P04_-_published:1079;Over500_2026_P04_-_published:1080;Over500_2026_P04_-_published:1100;Over500_2026_P04_-_published:1132;Over500_2026_P04_-_published:1133;Over500_2026_P04_-_published:1151;Over500_2026_P04_-_published:1817;Over500_2026_P04_-_published:1841;Over500_2026_P04_-_published:1889;Over500_2026_P04_-_published:1925;Over500_2026_P04_-_published:1944;Over500_2026_P04_-_published:2770;Over500_2026_P04_-_published:2869;Over500_2026_P04_-_published:1032;Over500_2026_P04_-_published:1033;Over500_2026_P04_-_published:1034;Over500_2026_P04_-_published:1035;Over500_2026_P04_-_published:1036;Over500_2026_P04_-_published:1037;Over500_2026_P04_-_published:1038;Over500_2026_P04_-_published:1039;Over500_2026_P04_-_published:1040;Over500_2026_P04_-_published:1041;Over500_2026_P04_-_published:1042;Over500_2026_P04_-_published:1043;Over500_2026_P04_-_published:1070;Over500_2026_P04_-_published:1071;Over500_2026_P04_-_published:1072;Over500_2026_P04_-_published:1073;Over500_2026_P04_-_published:1081;Over500_2026_P04_-_published:1082;Over500_2026_P04_-_published:1083;Over500_2026_P04_-_published:1084;Over500_2026_P04_-_published:1085;Over500_2026_P04_-_published:1086;Over500_2026_P04_-_published:1087;Over500_2026_P04_-_published:1088;Over500_2026_P04_-_published:1089;Over500_2026_P04_-_published:1090;Over500_2026_P04_-_published:1091;Over500_2026_P04_-_published:1103;Over500_2026_P04_-_published:1104;Over500_2026_P04_-_published:1105;Over500_2026_P04_-_published:1106;Over500_2026_P04_-_published:1107;Over500_2026_P04_-_published:1115;Over500_2026_P04_-_published:1116;Over500_2026_P04_-_published:1117;Over500_2026_P04_-_published:1118;Over500_2026_P04_-_published:1119;Over500_2026_P04_-_published:1120;Over500_2026_P04_-_published:1135;Over500_2026_P04_-_published:1136;Over500_2026_P04_-_published:1137;Over500_2026_P04_-_published:1153;Over500_2026_P04_-_published:1154;Over500_2026_P04_-_published:1155;Over500_2026_P04_-_published:1156;Over500_2026_P04_-_published:1157;Over500_2026_P04_-_published:1158;Over500_2026_P04_-_published:1563;Over500_2026_P04_-_published:1565;Over500_2026_P04_-_published:1791;Over500_2026_P04_-_published:1792;Over500_2026_P04_-_published:1813;Over500_2026_P04_-_published:1814;Over500_2026_P04_-_published:1818;Over500_2026_P04_-_published:1819;Over500_2026_P04_-_published:1820;Over500_2026_P04_-_published:1821;Over500_2026_P04_-_published:1822;Over500_2026_P04_-_published:1823;Over500_2026_P04_-_published:1824;Over500_2026_P04_-_published:1825;Over500_2026_P04_-_published:1826;Over500_2026_P04_-_published:1827;Over500_2026_P04_-_published:1828;Over500_2026_P04_-_published:1829;Over500_2026_P04_-_published:1830;Over500_2026_P04_-_published:1831;Over500_2026_P04_-_published:1845;Over500_2026_P04_-_published:1846;Over500_2026_P04_-_published:1847;Over500_2026_P04_-_published:1848;Over500_2026_P04_-_published:1849;Over500_2026_P04_-_published:1850;Over500_2026_P04_-_published:1871;Over500_2026_P04_-_published:1881;Over500_2026_P04_-_published:1890;Over500_2026_P04_-_published:1891;Over500_2026_P04_-_published:1892;Over500_2026_P04_-_published:1893;Over500_2026_P04_-_published:1894;Over500_2026_P04_-_published:1895;Over500_2026_P04_-_published:1896;Over500_2026_P04_-_published:1904;Over500_2026_P04_-_published:1905;Over500_2026_P04_-_published:1906;Over500_2026_P04_-_published:1907;Over500_2026_P04_-_published:1908;Over500_2026_P04_-_published:1922;Over500_2026_P04_-_published:1923;Over500_2026_P04_-_published:1924;Over500_2026_P04_-_published:1926;Over500_2026_P04_-_published:1927;Over500_2026_P04_-_published:1928;Over500_2026_P04_-_published:1929;Over500_2026_P04_-_published:1930;Over500_2026_P04_-_published:1931;Over500_2026_P04_-_published:1948;Over500_2026_P04_-_published:1949;Over500_2026_P04_-_published:1950;Over500_2026_P04_-_published:1951;Over500_2026_P04_-_published:1952;Over500_2026_P04_-_published:1963;Over500_2026_P04_-_published:2003;Over500_2026_P04_-_published:2004;Over500_2026_P04_-_published:2005;Over500_2026_P04_-_published:2006;Over500_2026_P04_-_published:2131;Over500_2026_P04_-_published:2178;Over500_2026_P04_-_published:2656;Over500_2026_P04_-_published:2664;Over500_2026_P04_-_published:2665;Over500_2026_P04_-_published:2666;Over500_2026_P04_-_published:2676;Over500_2026_P04_-_published:2677;Over500_2026_P04_-_published:2678;Over500_2026_P04_-_published:2717;Over500_2026_P04_-_published:2884;Over500_2026_P04_-_published:2908;Over500_2026_P04_-_published:2931;Over500_2026_P04_-_published:2932;Over500_2026_P04_-_published:3006;Over500_2026_P04_-_published:3699;Over500_2026_P04_-_published:3704;Over500_2026_P04_-_published:724;Over500_2026_P04_-_published:887;Over500_2026_P04_-_published:916;Over500_2026_P04_-_published:927;Over500_2026_P04_-_published:2771;Over500_2026_P04_-_published:2868
COMENSURA,Comensura Ltd,1275552.15,5102208.6,14,agency_staff,agency_staff=1275552.15,Strategy & Governance,none,,Over500_2026_P02_-_published:5;Over500_2026_P02_-_published:6;Over500_2026_P02_-_published:7;Over500_2026_P03_-_published:14;Over500_2026_P03_-_published:12;Over500_2026_P03_-_published:9;Over500_2026_P03_-_published:10;Over500_2026_P03_-_published:11;Over500_2026_P04_-_published:9;Over500_2026_P04_-_published:5;Over500_2026_P04_-_published:6;Over500_2026_P04_-_published:7;Over500_2026_P04_-_published:8;Over500_2026_P04_-_published:19
AFFINITY TRUST SUPPORT,Affinity Trust Support Ltd,1098336.76,4393347.04,263,placement,placement=1098336.76,Adult Social Care,none,,Over500_2026_P02_-_published:1720;Over500_2026_P02_-_published:1722;Over500_2026_P02_-_published:1723;Over500_2026_P02_-_published:1724;Over500_2026_P02_-_published:2016;Over500_2026_P02_-_published:2017;Over500_2026_P02_-_published:1862;Over500_2026_P02_-_published:1802;Over500_2026_P02_-_published:1803;Over500_2026_P02_-_published:1804;Over500_2026_P03_-_published:1447;Over500_2026_P03_-_published:1450;Over500_2026_P03_-_published:1518;Over500_2026_P03_-_published:1521;Over500_2026_P03_-_published:1522;Over500_2026_P03_-_published:1523;Over500_2026_P03_-_published:1524;Over500_2026_P03_-_published:1525;Over500_2026_P03_-_published:1609;Over500_2026_P03_-_published:1611;Over500_2026_P03_-_published:1612;Over500_2026_P03_-_published:1613;Over500_2026_P03_-_published:1614;Over500_2026_P03_-_published:2920;Over500_2026_P03_-_published:2921;Over500_2026_P03_-_published:2922;Over500_2026_P03_-_published:2923;Over500_2026_P03_-_published:1444;Over500_2026_P03_-_published:1531;Over500_2026_P03_-_published:1532;Over500_2026_P03_-_published:1533;Over500_2026_P03_-_published:1539;Over500_2026_P03_-_published:1540;Over500_2026_P03_-_published:1541;Over500_2026_P03_-_published:1542;Over500_2026_P03_-_published:1543;Over500_2026_P03_-_published:1544;Over500_2026_P03_-_published:1545;Over500_2026_P03_-_published:1546;Over500_2026_P03_-_published:1547;Over500_2026_P03_-_published:1548;Over500_2026_P03_-_published:1549;Over500_2026_P03_-_published:1550;Over500_2026_P03_-_published:1551;Over500_2026_P03_-_published:1588;Over500_2026_P03_-_published:1589;Over500_2026_P03_-_published:1590;Over500_2026_P03_-_published:1591;Over500_2026_P03_-_published:1592;Over500_2026_P03_-_published:1595;Over500_2026_P03_-_published:1627;Over500_2026_P03_-_published:1628;Over500_2026_P03_-_published:1629;Over500_2026_P03_-_published:1630;Over500_2026_P03_-_published:1633;Over500_2026_P03_-_published:1634;Over500_2026_P03_-_published:1635;Over500_2026_P03_-_published:1640;Over500_2026_P03_-_published:1641;Over500_2026_P03_-_published:1642;Over500_2026_P03_-_published:1643;Over500_2026_P03_-_published:1644;Over500_2026_P03_-_published:1663;Over500_2026_P03_-_published:1664;Over500_2026_P03_-_published:1665;Over500_2026_P03_-_published:1666;Over500_2026_P03_-_published:1667;Over500_2026_P03_-_published:1674;Over500_2026_P03_-_published:1678;Over500_2026_P03_-_published:1689;Over500_2026_P03_-_published:1690;Over500_2026_P03_-_published:1691;Over500_2026_P03_-_published:1692;Over500_2026_P03_-_published:1693;Over500_2026_P03_-_published:1694;Over500_2026_P03_-_published:1695;Over500_2026_P03_-_published:1696;Over500_2026_P03_-_published:1699;Over500_2026_P03_-_published:1700;Over500_2026_P03_-_published:1701;Over500_2026_P03_-_published:1702;Over500_2026_P03_-_published:1703;Over500_2026_P03_-_published:1704;Over500_2026_P03_-_published:1715;Over500_2026_P03_-_published:1716;Over500_2026_P03_-_published:1754;Over500_2026_P03_-_published:1764;Over500_2026_P03_-_published:1768;Over500_2026_P03_-_published:1770;Over500_2026_P03_-_published:1771;Over500_2026_P03_-_published:1831;Over500_2026_P03_-_published:1832;Over500_2026_P03_-_published:1844;Over500_2026_P03_-_published:1855;Over500_2026_P03_-_published:1856;Over500_2026_P03_-_published:1875;Over500_2026_P03_-_published:1977;Over500_2026_P03_-_published:1983;Over500_2026_P03_-_published:2914;Over500_2026_P03_-_published:2939;Over500_2026_P03_-_published:2940;Over500_2026_P03_-_published:2941;Over500_2026_P03_-_published:2942;Over500_2026_P03_-_published:2943;Over500_2026_P03_-_published:2944;Over500_2026_P03_-_published:2955;Over500_2026_P03_-_published:2956;Over500_2026_P03_-_published:2957;Over500_2026_P03_-_published:2958;Over500_2026_P03_-_published:2959;Over500_2026_P03_-_published:2978;Over500_2026_P03_-_published:2986;Over500_2026_P03_-_published:935;Over500_2026_P04_-_published:2222;Over500_2026_P04_-_published:2224;Over500_2026_P04_-_published:2226;Over500_2026_P04_-_published:2227;Over500_2026_P04_-_published:2239;Over500_2026_P04_-_published:2240;Over500_2026_P04_-_published:2241;Over500_2026_P04_-_published:2251;Over500_2026_P04_-_published:2252;Over500_2026_P04_-_published:2253;Over500_2026_P04_-_published:2257;Over500_2026_P04_-_published:2258;Over500_2026_P04_-_published:2259;Over500_2026_P04_-_published:2267;Over500_2026_P04_-_published:2268;Over500_2026_P04_-_published:2269;Over500_2026_P04_-_published:2270;Over500_2026_P04_-_published:2271;Over500_2026_P04_-_published:2272;Over500_2026_P04_-_published:2294;Over500_2026_P04_-_published:2295;Over500_2026_P04_-_published:2313;Over500_2026_P04_-_published:2314;Over500_2026_P04_-_published:2315;Over500_2026_P04_-_published:2316;Over500_2026_P04_-_published:2337;Over500_2026_P04_-_published:2338;Over500_2026_P04_-_published:2339;Over500_2026_P04_-_published:2340;Over500_2026_P04_-_published:2341;Over500_2026_P04_-_published:2342;Over500_2026_P04_-_published:2343;Over500_2026_P04_-_published:2344;Over500_2026_P04_-_published:2603;Over500_2026_P04_-_published:2707;Over500_2026_P04_-_published:2742;Over500_2026_P04_-_published:2765;Over500_2026_P04_-_published:2960;Over500_2026_P04_-_published:2961;Over500_2026_P04_-_published:2970;Over500_2026_P04_-_published:2971;Over500_2026_P04_-_published:2972;Over500_2026_P04_-_published:2973;Over500_2026_P04_-_published:2974;Over500_2026_P04_-_published:2975;Over500_2026_P04_-_published:2976;Over500_2026_P04_-_published:2977;Over500_2026_P04_-_published:2978;Over500_2026_P04_-_published:2979;Over500_2026_P04_-_published:2980;Over500_2026_P04_-_published:2981;Over500_2026_P04_-_published:2982;Over500_2026_P04_-_published:3066;Over500_2026_P04_-_published:3564;Over500_2026_P04_-_published:3629;Over500_2026_P04_-_published:3730;Over500_2026_P04_-_published:3731;Over500_2026_P04_-_published:972;Over500_2026_P04_-_published:2297;Over500_2026_P04_-_published:2298;Over500_2026_P04_-_published:2299;Over500_2026_P04_-_published:2300;Over500_2026_P04_-_published:2301;Over500_2026_P04_-_published:2302;Over500_2026_P04_-_published:2317;Over500_2026_P04_-_published:2318;Over500_2026_P04_-_published:2319;Over500_2026_P04_-_published:2320;Over500_2026_P04_-_published:2321;Over500_2026_P04_-_published:2322;Over500_2026_P04_-_published:2334;Over500_2026_P04_-_published:2345;Over500_2026_P04_-_published:2346;Over500_2026_P04_-_published:2347;Over500_2026_P04_-_published:2348;Over500_2026_P04_-_published:2350;Over500_2026_P04_-_published:2351;Over500_2026_P04_-_published:2391;Over500_2026_P04_-_published:2693;Over500_2026_P04_-_published:2694;Over500_2026_P04_-_published:2985;Over500_2026_P04_-_published:2986;Over500_2026_P04_-_published:2989;Over500_2026_P04_-_published:3008;Over500_2026_P04_-_published:3565;Over500_2026_P04_-_published:974;Over500_2026_P04_-_published:993;Over500_2026_P04_-_published:2401;Over500_2026_P04_-_published:2402;Over500_2026_P04_-_published:2422;Over500_2026_P04_-_published:2423;Over500_2026_P04_-_published:2441;Over500_2026_P04_-_published:2709;Over500_2026_P04_-_published:3028;Over500_2026_P04_-_published:3029;Over500_2026_P04_-_published:3045;Over500_2026_P04_-_published:1052;Over500_2026_P04_-_published:2482;Over500_2026_P04_-_published:2514;Over500_2026_P04_-_published:2515;Over500_2026_P04_-_published:2532;Over500_2026_P04_-_published:2533;Over500_2026_P04_-_published:2534;Over500_2026_P04_-_published:2535;Over500_2026_P04_-_published:2536;Over500_2026_P04_-_published:2537;Over500_2026_P04_-_published:2538;Over500_2026_P04_-_published:2539;Over500_2026_P04_-_published:2540;Over500_2026_P04_-_published:2541;Over500_2026_P04_-_published:2542;Over500_2026_P04_-_published:2543;Over500_2026_P04_-_published:2554;Over500_2026_P04_-_published:2555;Over500_2026_P04_-_published:2556;Over500_2026_P04_-_published:2557;Over500_2026_P04_-_published:2558;Over500_2026_P04_-_published:2559;Over500_2026_P04_-_published:2560;Over500_2026_P04_-_published:2561;Over500_2026_P04_-_published:2562;Over500_2026_P04_-_published:2583;Over500_2026_P04_-_published:2584;Over500_2026_P04_-_published:2585;Over500_2026_P04_-_published:2586;Over500_2026_P04_-_published:2587;Over500_2026_P04_-_published:2588;Over500_2026_P04_-_published:2589;Over500_2026_P04_-_published:2590;Over500_2026_P04_-_published:2726;Over500_2026_P04_-_published:2745;Over500_2026_P04_-_published:2768;Over500_2026_P04_-_published:3149;Over500_2026_P04_-_published:3456;Over500_2026_P04_-_published:3457;Over500_2026_P04_-_published:3458;Over500_2026_P04_-_published:3459;Over500_2026_P04_-_published:3460;Over500_2026_P04_-_published:3461;Over500_2026_P04_-_published:3462;Over500_2026_P04_-_published:3463;Over500_2026_P04_-_published:3464;Over500_2026_P04_-_published:3465;Over500_2026_P04_-_published:3466;Over500_2026_P04_-_published:3467;Over500_2026_P04_-_published:3468;Over500_2026_P04_-_published:3469;Over500_2026_P04_-_published:3470;Over500_2026_P04_-_published:3634;Over500_2026_P04_-_published:3733
OAKLANDS SEN SCHOOL BERKSHIRE,Oaklands SEN School Berkshire Limited,1026661.89,4106647.56,54,placement,placement=1026661.89,Education (DSG Funded) & Other Education Grants,none,,Over500_2026_P03_-_published:2164;Over500_2026_P03_-_published:2165;Over500_2026_P03_-_published:2166;Over500_2026_P03_-_published:2167;Over500_2026_P03_-_published:2169;Over500_2026_P03_-_published:2170;Over500_2026_P03_-_published:2171;Over500_2026_P03_-_published:2172;Over500_2026_P03_-_published:2173;Over500_2026_P03_-_published:2174;Over500_2026_P03_-_published:2175;Over500_2026_P03_-_published:2176;Over500_2026_P03_-_published:2177;Over500_2026_P03_-_published:2189;Over500_2026_P03_-_published:2190;Over500_2026_P03_-_published:2191;Over500_2026_P03_-_published:2192;Over500_2026_P03_-_published:2193;Over500_2026_P03_-_published:2194;Over500_2026_P03_-_published:2195;Over500_2026_P03_-_published:2196;Over500_2026_P03_-_published:2197;Over500_2026_P03_-_published:2198;Over500_2026_P03_-_published:2199;Over500_2026_P03_-_published:2200;Over500_2026_P03_-_published:2201;Over500_2026_P03_-_published:2202;Over500_2026_P03_-_published:2203;Over500_2026_P03_-_published:2204;Over500_2026_P03_-_published:2310;Over500_2026_P03_-_published:2311;Over500_2026_P03_-_published:2312;Over500_2026_P03_-_published:2313;Over500_2026_P03_-_published:2314;Over500_2026_P03_-_published:2315;Over500_2026_P03_-_published:2316;Over500_2026_P03_-_published:2317;Over500_2026_P03_-_published:2318;Over500_2026_P03_-_published:2319;Over500_2026_P03_-_published:2320;Over500_2026_P03_-_published:2321;Over500_2026_P03_-_published:2322;Over500_2026_P03_-_published:2323;Over500_2026_P03_-_published:3106;Over500_2026_P03_-_published:3107;Over500_2026_P03_-_published:3108;Over500_2026_P03_-_published:3109;Over500_2026_P03_-_published:3110;Over500_2026_P03_-_published:3111;Over500_2026_P03_-_published:3112;Over500_2026_P03_-_published:3113;Over500_2026_P03_-_published:3114;Over500_2026_P03_-_published:3115;Over500_2026_P03_-_published:3116
RUSKIN MILL TRUST,RUSKIN MILL TRUST,795197.64,3180790.56,9,grant,grant=586163.42; placement=209034.22,Adult Social Care; Education (DSG Funded) & Other Education Grants,none,,Over500_2026_P02_-_published:1822;Over500_2026_P02_-_published:823;Over500_2026_P03_-_published:2676;Over500_2026_P03_-_published:801;Over500_2026_P03_-_published:802;Over500_2026_P04_-_published:3252;Over500_2026_P04_-_published:3332;Over500_2026_P04_-_published:1512;Over500_2026_P04_-_published:877
AMEGREEN CHILDRENS SERVICES,Amegreen Childrens Services,750437.33,3001749.32,27,placement,placement=750437.33,Children's Social Care,none,,Over500_2026_P02_-_published:2088;Over500_2026_P02_-_published:2089;Over500_2026_P02_-_published:2091;Over500_2026_P02_-_published:2092;Over500_2026_P02_-_published:2095;Over500_2026_P02_-_published:2105;Over500_2026_P02_-_published:2076;Over500_2026_P02_-_published:2108;Over500_2026_P03_-_published:1926;Over500_2026_P03_-_published:1987;Over500_2026_P03_-_published:1993;Over500_2026_P03_-_published:2026;Over500_2026_P03_-_published:3038;Over500_2026_P03_-_published:1936;Over500_2026_P03_-_published:2032;Over500_2026_P03_-_published:2033;Over500_2026_P03_-_published:3043;Over500_2026_P03_-_published:1938;Over500_2026_P03_-_published:3033;Over500_2026_P03_-_published:1921;Over500_2026_P03_-_published:1940;Over500_2026_P04_-_published:3080;Over500_2026_P04_-_published:3156;Over500_2026_P04_-_published:3081;Over500_2026_P04_-_published:3752;Over500_2026_P04_-_published:3739;Over500_2026_P04_-_published:3068
BRIGHTER LIVING CARE,Brighter Living Care Ltd,747183.47,2988733.88,74,placement,placement=747183.47,Adult Social Care,none,,Over500_2026_P02_-_published:1705;Over500_2026_P02_-_published:1719;Over500_2026_P02_-_published:1728;Over500_2026_P02_-_published:1729;Over500_2026_P02_-_published:1730;Over500_2026_P02_-_published:1731;Over500_2026_P02_-_published:1732;Over500_2026_P02_-_published:1733;Over500_2026_P02_-_published:1734;Over500_2026_P02_-_published:1735;Over500_2026_P02_-_published:1736;Over500_2026_P02_-_published:1737;Over500_2026_P02_-_published:1738;Over500_2026_P02_-_published:1910;Over500_2026_P02_-_published:1911;Over500_2026_P02_-_published:1912;Over500_2026_P02_-_published:1913;Over500_2026_P02_-_published:1914;Over500_2026_P03_-_published:2926;Over500_2026_P03_-_published:1655;Over500_2026_P03_-_published:1656;Over500_2026_P03_-_published:1657;Over500_2026_P03_-_published:1683;Over500_2026_P03_-_published:1684;Over500_2026_P03_-_published:1685;Over500_2026_P03_-_published:1708;Over500_2026_P03_-_published:1904;Over500_2026_P03_-_published:1905;Over500_2026_P03_-_published:1906;Over500_2026_P03_-_published:1907;Over500_2026_P03_-_published:1951;Over500_2026_P03_-_published:2948;Over500_2026_P04_-_published:2229;Over500_2026_P04_-_published:2234;Over500_2026_P04_-_published:2249;Over500_2026_P04_-_published:2250;Over500_2026_P04_-_published:2260;Over500_2026_P04_-_published:2261;Over500_2026_P04_-_published:2265;Over500_2026_P04_-_published:2266;Over500_2026_P04_-_published:2335;Over500_2026_P04_-_published:2336;Over500_2026_P04_-_published:2755;Over500_2026_P04_-_published:2778;Over500_2026_P04_-_published:2780;Over500_2026_P04_-_published:2781;Over500_2026_P04_-_published:2966;Over500_2026_P04_-_published:2967;Over500_2026_P04_-_published:2968;Over500_2026_P04_-_published:2969;Over500_2026_P04_-_published:2473;Over500_2026_P04_-_published:2513;Over500_2026_P04_-_published:2545;Over500_2026_P04_-_published:2546;Over500_2026_P04_-_published:2547;Over500_2026_P04_-_published:2564;Over500_2026_P04_-_published:2565;Over500_2026_P04_-_published:2566;Over500_2026_P04_-_published:2567;Over500_2026_P04_-_published:2571;Over500_2026_P04_-_published:2631;Over500_2026_P04_-_published:2635;Over500_2026_P04_-_published:2865;Over500_2026_P04_-_published:2883;Over500_2026_P04_-_published:2902;Over500_2026_P04_-_published:2959;Over500_2026_P04_-_published:3360;Over500_2026_P04_-_published:3472;Over500_2026_P04_-_published:3473;Over500_2026_P04_-_published:3474;Over500_2026_P04_-_published:3475;Over500_2026_P04_-_published:3476;Over500_2026_P04_-_published:3695;Over500_2026_P04_-_published:3696
SUKHBIR SINGH AND HARVINDER SINGH TA CALCOT SERVICES FOR CHILDREN CSFC,Sukhbir Singh and Harvinder Singh T/A Calcot Services for Children (CSFC),639381.6,2557526.4,26,placement,placement=639381.6,Children's Social Care; Education (DSG Funded) & Other Education Grants,none,,Over500_2026_P02_-_published:2238;Over500_2026_P02_-_published:2239;Over500_2026_P02_-_published:2240;Over500_2026_P02_-_published:2241;Over500_2026_P02_-_published:2042;Over500_2026_P02_-_published:2043;Over500_2026_P02_-_published:2044;Over500_2026_P02_-_published:2045;Over500_2026_P02_-_published:2046;Over500_2026_P03_-_published:2156;Over500_2026_P03_-_published:2157;Over500_2026_P03_-_published:2158;Over500_2026_P03_-_published:2159;Over500_2026_P03_-_published:2160;Over500_2026_P03_-_published:2184;Over500_2026_P03_-_published:2185;Over500_2026_P03_-_published:2306;Over500_2026_P03_-_published:2307;Over500_2026_P03_-_published:3102;Over500_2026_P03_-_published:3103;Over500_2026_P03_-_published:3104;Over500_2026_P03_-_published:1932;Over500_2026_P03_-_published:2029;Over500_2026_P03_-_published:2035;Over500_2026_P04_-_published:3074;Over500_2026_P04_-_published:3742
WE ARE THE CARE COMPANY,We Are The Care Company Ltd,589012.31,2356049.24,349,placement,placement=589012.31,Adult Social Care,none,,Over500_2026_P02_-_published:1113;Over500_2026_P02_-_published:1114;Over500_2026_P02_-_published:1115;Over500_2026_P02_-_published:1116;Over500_2026_P02_-_published:1117;Over500_2026_P02_-_published:1118;Over500_2026_P02_-_published:1119;Over500_2026_P02_-_published:1120;Over500_2026_P02_-_published:1121;Over500_2026_P02_-_published:1122;Over500_2026_P02_-_published:1123;Over500_2026_P02_-_published:1124;Over500_2026_P02_-_published:1125;Over500_2026_P02_-_published:1126;Over500_2026_P02_-_published:1127;Over500_2026_P02_-_published:1128;Over500_2026_P02_-_published:1129;Over500_2026_P02_-_published:1130;Over500_2026_P02_-_published:1131;Over500_2026_P02_-_published:1132;Over500_2026_P02_-_published:1133;Over500_2026_P02_-_published:1134;Over500_2026_P02_-_published:1135;Over500_2026_P02_-_published:1136;Over500_2026_P02_-_published:1137;Over500_2026_P02_-_published:1138;Over500_2026_P02_-_published:1139;Over500_2026_P02_-_published:1140;Over500_2026_P02_-_published:1141;Over500_2026_P02_-_published:1142;Over500_2026_P02_-_published:1143;Over500_2026_P02_-_published:1144;Over500_2026_P02_-_published:1145;Over500_2026_P02_-_published:1146;Over500_2026_P02_-_published:1147;Over500_2026_P02_-_published:1148;Over500_2026_P02_-_published:1149;Over500_2026_P02_-_published:1150;Over500_2026_P02_-_published:1151;Over500_2026_P02_-_published:1152;Over500_2026_P02_-_published:1153;Over500_2026_P02_-_published:1154;Over500_2026_P02_-_published:1155;Over500_2026_P02_-_published:1156;Over500_2026_P02_-_published:1157;Over500_2026_P02_-_published:1158;Over500_2026_P02_-_published:1159;Over500_2026_P02_-_published:1428;Over500_2026_P02_-_published:1583;Over500_2026_P02_-_published:1584;Over500_2026_P02_-_published:1585;Over500_2026_P02_-_published:1586;Over500_2026_P02_-_published:1587;Over500_2026_P02_-_published:1588;Over500_2026_P02_-_published:881;Over500_2026_P02_-_published:882;Over500_2026_P02_-_published:1199;Over500_2026_P02_-_published:1200;Over500_2026_P02_-_published:1201;Over500_2026_P02_-_published:1202;Over500_2026_P02_-_published:1203;Over500_2026_P02_-_published:1204;Over500_2026_P02_-_published:1593;Over500_2026_P02_-_published:1594;Over500_2026_P02_-_published:888;Over500_2026_P02_-_published:889;Over500_2026_P02_-_published:890;Over500_2026_P02_-_published:891;Over500_2026_P02_-_published:892;Over500_2026_P02_-_published:1283;Over500_2026_P02_-_published:1333;Over500_2026_P02_-_published:1334;Over500_2026_P02_-_published:1335;Over500_2026_P02_-_published:1336;Over500_2026_P02_-_published:1337;Over500_2026_P02_-_published:1338;Over500_2026_P02_-_published:1339;Over500_2026_P02_-_published:910;Over500_2026_P02_-_published:911;Over500_2026_P02_-_published:912;Over500_2026_P02_-_published:1357;Over500_2026_P02_-_published:1629;Over500_2026_P02_-_published:917;Over500_2026_P02_-_published:918;Over500_2026_P02_-_published:919;Over500_2026_P03_-_published:1032;Over500_2026_P03_-_published:1355;Over500_2026_P03_-_published:1356;Over500_2026_P03_-_published:2720;Over500_2026_P03_-_published:855;Over500_2026_P03_-_published:874;Over500_2026_P03_-_published:991;Over500_2026_P03_-_published:992;Over500_2026_P03_-_published:1054;Over500_2026_P03_-_published:1055;Over500_2026_P03_-_published:1056;Over500_2026_P03_-_published:1057;Over500_2026_P03_-_published:1058;Over500_2026_P03_-_published:1059;Over500_2026_P03_-_published:1060;Over500_2026_P03_-_published:1064;Over500_2026_P03_-_published:1065;Over500_2026_P03_-_published:1066;Over500_2026_P03_-_published:1067;Over500_2026_P03_-_published:1068;Over500_2026_P03_-_published:1069;Over500_2026_P03_-_published:1070;Over500_2026_P03_-_published:1071;Over500_2026_P03_-_published:1072;Over500_2026_P03_-_published:1073;Over500_2026_P03_-_published:1074;Over500_2026_P03_-_published:1075;Over500_2026_P03_-_published:1076;Over500_2026_P03_-_published:1077;Over500_2026_P03_-_published:1078;Over500_2026_P03_-_published:1098;Over500_2026_P03_-_published:1104;Over500_2026_P03_-_published:1105;Over500_2026_P03_-_published:1106;Over500_2026_P03_-_published:1107;Over500_2026_P03_-_published:1108;Over500_2026_P03_-_published:1109;Over500_2026_P03_-_published:1110;Over500_2026_P03_-_published:1111;Over500_2026_P03_-_published:1112;Over500_2026_P03_-_published:1113;Over500_2026_P03_-_published:1118;Over500_2026_P03_-_published:1358;Over500_2026_P03_-_published:1500;Over500_2026_P03_-_published:1567;Over500_2026_P03_-_published:2692;Over500_2026_P03_-_published:2693;Over500_2026_P03_-_published:2733;Over500_2026_P03_-_published:2741;Over500_2026_P03_-_published:2742;Over500_2026_P03_-_published:2743;Over500_2026_P03_-_published:2744;Over500_2026_P03_-_published:2745;Over500_2026_P03_-_published:2746;Over500_2026_P03_-_published:2747;Over500_2026_P03_-_published:2748;Over500_2026_P03_-_published:2749;Over500_2026_P03_-_published:2865;Over500_2026_P03_-_published:2866;Over500_2026_P03_-_published:2867;Over500_2026_P03_-_published:838;Over500_2026_P03_-_published:858;Over500_2026_P03_-_published:859;Over500_2026_P03_-_published:878;Over500_2026_P03_-_published:879;Over500_2026_P03_-_published:1386;Over500_2026_P03_-_published:1159;Over500_2026_P03_-_published:1199;Over500_2026_P03_-_published:1200;Over500_2026_P03_-_published:1201;Over500_2026_P03_-_published:1202;Over500_2026_P03_-_published:1209;Over500_2026_P03_-_published:1210;Over500_2026_P03_-_published:1211;Over500_2026_P03_-_published:1212;Over500_2026_P03_-_published:1213;Over500_2026_P03_-_published:1214;Over500_2026_P03_-_published:1215;Over500_2026_P03_-_published:1228;Over500_2026_P03_-_published:1229;Over500_2026_P03_-_published:1230;Over500_2026_P03_-_published:1231;Over500_2026_P03_-_published:1232;Over500_2026_P03_-_published:1264;Over500_2026_P03_-_published:1318;Over500_2026_P03_-_published:1364;Over500_2026_P03_-_published:1393;Over500_2026_P03_-_published:1398;Over500_2026_P03_-_published:1454;Over500_2026_P03_-_published:2793;Over500_2026_P03_-_published:2794;Over500_2026_P03_-_published:2795;Over500_2026_P03_-_published:2796;Over500_2026_P03_-_published:2807;Over500_2026_P03_-_published:2828;Over500_2026_P03_-_published:842;Over500_2026_P03_-_published:844;Over500_2026_P03_-_published:867;Over500_2026_P03_-_published:885;Over500_2026_P03_-_published:928;Over500_2026_P03_-_published:929;Over500_2026_P04_-_published:1237;Over500_2026_P04_-_published:1238;Over500_2026_P04_-_published:1239;Over500_2026_P04_-_published:1240;Over500_2026_P04_-_published:1321;Over500_2026_P04_-_published:1322;Over500_2026_P04_-_published:1323;Over500_2026_P04_-_published:1324;Over500_2026_P04_-_published:1325;Over500_2026_P04_-_published:1326;Over500_2026_P04_-_published:1327;Over500_2026_P04_-_published:1328;Over500_2026_P04_-_published:1329;Over500_2026_P04_-_published:1330;Over500_2026_P04_-_published:1331;Over500_2026_P04_-_published:1332;Over500_2026_P04_-_published:1333;Over500_2026_P04_-_published:1334;Over500_2026_P04_-_published:1335;Over500_2026_P04_-_published:1336;Over500_2026_P04_-_published:1337;Over500_2026_P04_-_published:1338;Over500_2026_P04_-_published:1339;Over500_2026_P04_-_published:1369;Over500_2026_P04_-_published:1370;Over500_2026_P04_-_published:1371;Over500_2026_P04_-_published:1372;Over500_2026_P04_-_published:1373;Over500_2026_P04_-_published:1374;Over500_2026_P04_-_published:1375;Over500_2026_P04_-_published:1376;Over500_2026_P04_-_published:1377;Over500_2026_P04_-_published:1378;Over500_2026_P04_-_published:1379;Over500_2026_P04_-_published:1443;Over500_2026_P04_-_published:1451;Over500_2026_P04_-_published:1567;Over500_2026_P04_-_published:1568;Over500_2026_P04_-_published:1771;Over500_2026_P04_-_published:1793;Over500_2026_P04_-_published:1816;Over500_2026_P04_-_published:2027;Over500_2026_P04_-_published:2028;Over500_2026_P04_-_published:2054;Over500_2026_P04_-_published:2055;Over500_2026_P04_-_published:2056;Over500_2026_P04_-_published:2057;Over500_2026_P04_-_published:2058;Over500_2026_P04_-_published:2059;Over500_2026_P04_-_published:2060;Over500_2026_P04_-_published:2061;Over500_2026_P04_-_published:2062;Over500_2026_P04_-_published:2063;Over500_2026_P04_-_published:2075;Over500_2026_P04_-_published:2076;Over500_2026_P04_-_published:2803;Over500_2026_P04_-_published:2804;Over500_2026_P04_-_published:896;Over500_2026_P04_-_published:921;Over500_2026_P04_-_published:922;Over500_2026_P04_-_published:923;Over500_2026_P04_-_published:933;Over500_2026_P04_-_published:946;Over500_2026_P04_-_published:1463;Over500_2026_P04_-_published:1464;Over500_2026_P04_-_published:1465;Over500_2026_P04_-_published:1481;Over500_2026_P04_-_published:1572;Over500_2026_P04_-_published:2092;Over500_2026_P04_-_published:2704;Over500_2026_P04_-_published:2723;Over500_2026_P04_-_published:2737;Over500_2026_P04_-_published:2766;Over500_2026_P04_-_published:937;Over500_2026_P04_-_published:1531;Over500_2026_P04_-_published:1532;Over500_2026_P04_-_published:1541;Over500_2026_P04_-_published:1542;Over500_2026_P04_-_published:1543;Over500_2026_P04_-_published:1582;Over500_2026_P04_-_published:1583;Over500_2026_P04_-_published:1584;Over500_2026_P04_-_published:2097;Over500_2026_P04_-_published:2112;Over500_2026_P04_-_published:2216;Over500_2026_P04_-_published:2650;Over500_2026_P04_-_published:942;Over500_2026_P04_-_published:943;Over500_2026_P04_-_published:966;Over500_2026_P04_-_published:1588;Over500_2026_P04_-_published:1605;Over500_2026_P04_-_published:1606;Over500_2026_P04_-_published:1607;Over500_2026_P04_-_published:1608;Over500_2026_P04_-_published:1609;Over500_2026_P04_-_published:1610;Over500_2026_P04_-_published:1611;Over500_2026_P04_-_published:1612;Over500_2026_P04_-_published:1626;Over500_2026_P04_-_published:1645;Over500_2026_P04_-_published:1646;Over500_2026_P04_-_published:1647;Over500_2026_P04_-_published:1648;Over500_2026_P04_-_published:1664;Over500_2026_P04_-_published:1665;Over500_2026_P04_-_published:1666;Over500_2026_P04_-_published:1667;Over500_2026_P04_-_published:1668;Over500_2026_P04_-_published:1669;Over500_2026_P04_-_published:1670;Over500_2026_P04_-_published:1671;Over500_2026_P04_-_published:1672;Over500_2026_P04_-_published:1673;Over500_2026_P04_-_published:1674;Over500_2026_P04_-_published:1675;Over500_2026_P04_-_published:1676;Over500_2026_P04_-_published:1677;Over500_2026_P04_-_published:1681;Over500_2026_P04_-_published:1682;Over500_2026_P04_-_published:1683;Over500_2026_P04_-_published:1684;Over500_2026_P04_-_published:1685;Over500_2026_P04_-_published:1686;Over500_2026_P04_-_published:1687;Over500_2026_P04_-_published:1688;Over500_2026_P04_-_published:1689;Over500_2026_P04_-_published:1690;Over500_2026_P04_-_published:1691;Over500_2026_P04_-_published:1692;Over500_2026_P04_-_published:1741;Over500_2026_P04_-_published:1742;Over500_2026_P04_-_published:1746;Over500_2026_P04_-_published:1774;Over500_2026_P04_-_published:1884;Over500_2026_P04_-_published:2065;Over500_2026_P04_-_published:2066;Over500_2026_P04_-_published:2101;Over500_2026_P04_-_published:2102;Over500_2026_P04_-_published:2113;Over500_2026_P04_-_published:2363;Over500_2026_P04_-_published:2364;Over500_2026_P04_-_published:2365;Over500_2026_P04_-_published:2366;Over500_2026_P04_-_published:2367;Over500_2026_P04_-_published:2368;Over500_2026_P04_-_published:2369;Over500_2026_P04_-_published:2370;Over500_2026_P04_-_published:2371;Over500_2026_P04_-_published:2372;Over500_2026_P04_-_published:2373;Over500_2026_P04_-_published:2374;Over500_2026_P04_-_published:2375;Over500_2026_P04_-_published:2376;Over500_2026_P04_-_published:2655;Over500_2026_P04_-_published:2811;Over500_2026_P04_-_published:2813;Over500_2026_P04_-_published:2814;Over500_2026_P04_-_published:956;Over500_2026_P04_-_published:957;Over500_2026_P04_-_published:958;Over500_2026_P04_-_published:959;Over500_2026_P04_-_published:968;Over500_2026_P04_-_published:987
THE BETTER GROUP,The Better Group Ltd,588490.08,2353960.32,26,placement,placement=326636.83; general_procurement=261853.25,Adult Social Care; Adult Social Care - Transformation Projects; Children's Social Care; Education & SEND,none,,Over500_2026_P02_-_published:665;Over500_2026_P02_-_published:666;Over500_2026_P02_-_published:667;Over500_2026_P02_-_published:10;Over500_2026_P02_-_published:11;Over500_2026_P02_-_published:9;Over500_2026_P03_-_published:13;Over500_2026_P03_-_published:16;Over500_2026_P03_-_published:18;Over500_2026_P03_-_published:19;Over500_2026_P03_-_published:20;Over500_2026_P03_-_published:2396;Over500_2026_P03_-_published:2397;Over500_2026_P03_-_published:26;Over500_2026_P03_-_published:670;Over500_2026_P03_-_published:379;Over500_2026_P03_-_published:394;Over500_2026_P03_-_published:395;Over500_2026_P03_-_published:15;Over500_2026_P03_-_published:27;Over500_2026_P04_-_published:490;Over500_2026_P04_-_published:495;Over500_2026_P04_-_published:911;Over500_2026_P04_-_published:912;Over500_2026_P04_-_published:1281;Over500_2026_P04_-_published:783
PHOENIX CHILD CARE THE GRANGE SCHOOL,Phoenix Child Care Limited -The Grange School,567708.85,2270835.4,25,placement,placement=567708.85,Education (DSG Funded) & Other Education Grants,none,,Over500_2026_P02_-_published:2242;Over500_2026_P02_-_published:2243;Over500_2026_P02_-_published:2244;Over500_2026_P02_-_published:2245;Over500_2026_P02_-_published:2246;Over500_2026_P02_-_published:2247;Over500_2026_P02_-_published:2248;Over500_2026_P02_-_published:2249;Over500_2026_P02_-_published:2250;Over500_2026_P02_-_published:2251;Over500_2026_P02_-_published:2252;Over500_2026_P02_-_published:2253;Over500_2026_P02_-_published:2254;Over500_2026_P02_-_published:2255;Over500_2026_P02_-_published:2256;Over500_2026_P02_-_published:2257;Over500_2026_P02_-_published:2258;Over500_2026_P02_-_published:2259;Over500_2026_P02_-_published:2260;Over500_2026_P02_-_published:2262;Over500_2026_P02_-_published:2263;Over500_2026_P03_-_published:2179;Over500_2026_P03_-_published:2229;Over500_2026_P04_-_published:3329;Over500_2026_P04_-_published:3809
VOYAGE CARE,VOYAGE CARE,554678.88,2218715.52,80,placement,placement=554678.88,Adult Social Care,none,,Over500_2026_P02_-_published:1638;Over500_2026_P02_-_published:1639;Over500_2026_P02_-_published:1640;Over500_2026_P02_-_published:1641;Over500_2026_P02_-_published:1642;Over500_2026_P02_-_published:1643;Over500_2026_P02_-_published:1644;Over500_2026_P02_-_published:1645;Over500_2026_P02_-_published:1646;Over500_2026_P02_-_published:1835;Over500_2026_P02_-_published:1836;Over500_2026_P02_-_published:1837;Over500_2026_P02_-_published:1838;Over500_2026_P02_-_published:1839;Over500_2026_P02_-_published:1840;Over500_2026_P02_-_published:1841;Over500_2026_P02_-_published:1842;Over500_2026_P02_-_published:1843;Over500_2026_P02_-_published:1695;Over500_2026_P02_-_published:1791;Over500_2026_P02_-_published:1855;Over500_2026_P02_-_published:1944;Over500_2026_P02_-_published:1805;Over500_2026_P02_-_published:1814;Over500_2026_P03_-_published:1607;Over500_2026_P03_-_published:2918;Over500_2026_P03_-_published:1405;Over500_2026_P03_-_published:1433;Over500_2026_P03_-_published:1465;Over500_2026_P03_-_published:1466;Over500_2026_P03_-_published:1467;Over500_2026_P03_-_published:1572;Over500_2026_P03_-_published:1573;Over500_2026_P03_-_published:1735;Over500_2026_P03_-_published:1736;Over500_2026_P03_-_published:1758;Over500_2026_P03_-_published:1825;Over500_2026_P03_-_published:1847;Over500_2026_P03_-_published:1848;Over500_2026_P03_-_published:1849;Over500_2026_P03_-_published:1850;Over500_2026_P03_-_published:2893;Over500_2026_P03_-_published:2894;Over500_2026_P03_-_published:2974;Over500_2026_P03_-_published:1515;Over500_2026_P03_-_published:1679;Over500_2026_P03_-_published:1680;Over500_2026_P03_-_published:1707;Over500_2026_P03_-_published:1760;Over500_2026_P03_-_published:2946;Over500_2026_P04_-_published:2754;Over500_2026_P04_-_published:2159;Over500_2026_P04_-_published:2160;Over500_2026_P04_-_published:2161;Over500_2026_P04_-_published:2180;Over500_2026_P04_-_published:2181;Over500_2026_P04_-_published:2182;Over500_2026_P04_-_published:2696;Over500_2026_P04_-_published:2697;Over500_2026_P04_-_published:2714;Over500_2026_P04_-_published:2732;Over500_2026_P04_-_published:2733;Over500_2026_P04_-_published:2734;Over500_2026_P04_-_published:2935;Over500_2026_P04_-_published:2936;Over500_2026_P04_-_published:2937;Over500_2026_P04_-_published:3573;Over500_2026_P04_-_published:3574;Over500_2026_P04_-_published:3575;Over500_2026_P04_-_published:2174;Over500_2026_P04_-_published:2403;Over500_2026_P04_-_published:2404;Over500_2026_P04_-_published:2417;Over500_2026_P04_-_published:3027;Over500_2026_P04_-_published:3579;Over500_2026_P04_-_published:3681;Over500_2026_P04_-_published:2200;Over500_2026_P04_-_published:2736;Over500_2026_P04_-_published:2488;Over500_2026_P04_-_published:3367
GCH ALDER TA HUNGERFORD CARE HOME,GCH (Alder) Ltd t/a Hungerford Care Home,545531.64,2182126.56,104,placement,placement=545531.64,Adult Social Care,none,,Over500_2026_P02_-_published:1454;Over500_2026_P02_-_published:955;Over500_2026_P02_-_published:956;Over500_2026_P02_-_published:1427;Over500_2026_P02_-_published:2006;Over500_2026_P02_-_published:2009;Over500_2026_P02_-_published:1008;Over500_2026_P02_-_published:1009;Over500_2026_P02_-_published:1010;Over500_2026_P02_-_published:1011;Over500_2026_P02_-_published:1012;Over500_2026_P02_-_published:1013;Over500_2026_P02_-_published:1014;Over500_2026_P02_-_published:1015;Over500_2026_P02_-_published:1016;Over500_2026_P02_-_published:1017;Over500_2026_P02_-_published:1018;Over500_2026_P02_-_published:1019;Over500_2026_P02_-_published:1020;Over500_2026_P02_-_published:1021;Over500_2026_P02_-_published:1022;Over500_2026_P02_-_published:1065;Over500_2026_P02_-_published:1066;Over500_2026_P02_-_published:1067;Over500_2026_P02_-_published:1068;Over500_2026_P02_-_published:1500;Over500_2026_P02_-_published:1501;Over500_2026_P02_-_published:1502;Over500_2026_P02_-_published:1503;Over500_2026_P02_-_published:1504;Over500_2026_P02_-_published:1505;Over500_2026_P02_-_published:1506;Over500_2026_P02_-_published:1507;Over500_2026_P02_-_published:1508;Over500_2026_P02_-_published:1570;Over500_2026_P02_-_published:1571;Over500_2026_P02_-_published:1572;Over500_2026_P02_-_published:1573;Over500_2026_P02_-_published:1574;Over500_2026_P02_-_published:1575;Over500_2026_P02_-_published:1990;Over500_2026_P03_-_published:1013;Over500_2026_P03_-_published:1014;Over500_2026_P03_-_published:1015;Over500_2026_P03_-_published:1016;Over500_2026_P03_-_published:1017;Over500_2026_P03_-_published:1337;Over500_2026_P03_-_published:1383;Over500_2026_P03_-_published:1384;Over500_2026_P03_-_published:1406;Over500_2026_P03_-_published:1424;Over500_2026_P03_-_published:1425;Over500_2026_P03_-_published:1478;Over500_2026_P03_-_published:1479;Over500_2026_P03_-_published:1480;Over500_2026_P03_-_published:1495;Over500_2026_P03_-_published:1496;Over500_2026_P03_-_published:1497;Over500_2026_P03_-_published:2711;Over500_2026_P03_-_published:2712;Over500_2026_P03_-_published:2713;Over500_2026_P03_-_published:2714;Over500_2026_P03_-_published:2719;Over500_2026_P03_-_published:2858;Over500_2026_P03_-_published:905;Over500_2026_P03_-_published:906;Over500_2026_P03_-_published:948;Over500_2026_P03_-_published:949;Over500_2026_P03_-_published:950;Over500_2026_P03_-_published:963;Over500_2026_P03_-_published:964;Over500_2026_P03_-_published:988;Over500_2026_P04_-_published:1048;Over500_2026_P04_-_published:1049;Over500_2026_P04_-_published:1050;Over500_2026_P04_-_published:1097;Over500_2026_P04_-_published:1098;Over500_2026_P04_-_published:1099;Over500_2026_P04_-_published:1114;Over500_2026_P04_-_published:1126;Over500_2026_P04_-_published:1127;Over500_2026_P04_-_published:1128;Over500_2026_P04_-_published:1129;Over500_2026_P04_-_published:1130;Over500_2026_P04_-_published:1146;Over500_2026_P04_-_published:1241;Over500_2026_P04_-_published:1839;Over500_2026_P04_-_published:1840;Over500_2026_P04_-_published:1854;Over500_2026_P04_-_published:1917;Over500_2026_P04_-_published:1941;Over500_2026_P04_-_published:1942;Over500_2026_P04_-_published:1943;Over500_2026_P04_-_published:1973;Over500_2026_P04_-_published:1974;Over500_2026_P04_-_published:1996;Over500_2026_P04_-_published:2014;Over500_2026_P04_-_published:2023;Over500_2026_P04_-_published:2024;Over500_2026_P04_-_published:2670;Over500_2026_P04_-_published:2671;Over500_2026_P04_-_published:3727;Over500_2026_P04_-_published:1131;Over500_2026_P04_-_published:3709
SOFTWAREONE UK,SoftwareONE UK Ltd,522978.62,2091914.48,4,general_procurement,general_procurement=522978.62,"Transformation, Customer & ICT",none,,Over500_2026_P02_-_published:473;Over500_2026_P02_-_published:474;Over500_2026_P02_-_published:653;Over500_2026_P02_-_published:654
LIVITY LIFE,Livity Life Ltd,513074.85,2052299.4,9,general_procurement,general_procurement=513074.85,"Finance, Property & Procurement",none,,Over500_2026_P02_-_published:2199;Over500_2026_P02_-_published:2200;Over500_2026_P03_-_published:3087;Over500_2026_P03_-_published:3088;Over500_2026_P03_-_published:2218;Over500_2026_P04_-_published:3196;Over500_2026_P04_-_published:3197;Over500_2026_P04_-_published:3215;Over500_2026_P04_-_published:3310
WEST BERKSHIRE MENCAP,WEST BERKSHIRE MENCAP,505286.21,2021144.84,115,grant,grant=504714.71; placement=571.5,Adult Social Care; Children's Social Care; Education & SEND,none,,Over500_2026_P02_-_published:787;Over500_2026_P02_-_published:788;Over500_2026_P02_-_published:789;Over500_2026_P02_-_published:790;Over500_2026_P02_-_published:809;Over500_2026_P02_-_published:810;Over500_2026_P02_-_published:811;Over500_2026_P02_-_published:812;Over500_2026_P02_-_published:813;Over500_2026_P02_-_published:814;Over500_2026_P02_-_published:815;Over500_2026_P02_-_published:816;Over500_2026_P02_-_published:817;Over500_2026_P02_-_published:818;Over500_2026_P02_-_published:819;Over500_2026_P02_-_published:820;Over500_2026_P02_-_published:821;Over500_2026_P02_-_published:822;Over500_2026_P02_-_published:628;Over500_2026_P02_-_published:856;Over500_2026_P03_-_published:2673;Over500_2026_P03_-_published:2674;Over500_2026_P03_-_published:2675;Over500_2026_P03_-_published:758;Over500_2026_P03_-_published:759;Over500_2026_P03_-_published:775;Over500_2026_P03_-_published:776;Over500_2026_P03_-_published:777;Over500_2026_P03_-_published:780;Over500_2026_P03_-_published:781;Over500_2026_P03_-_published:782;Over500_2026_P03_-_published:783;Over500_2026_P03_-_published:784;Over500_2026_P03_-_published:795;Over500_2026_P03_-_published:796;Over500_2026_P03_-_published:2684;Over500_2026_P03_-_published:2685;Over500_2026_P03_-_published:792;Over500_2026_P03_-_published:793;Over500_2026_P03_-_published:794;Over500_2026_P03_-_published:832;Over500_2026_P03_-_published:868;Over500_2026_P03_-_published:760;Over500_2026_P03_-_published:761;Over500_2026_P03_-_published:762;Over500_2026_P03_-_published:763;Over500_2026_P03_-_published:785;Over500_2026_P03_-_published:797;Over500_2026_P03_-_published:798;Over500_2026_P03_-_published:810;Over500_2026_P03_-_published:833;Over500_2026_P04_-_published:1427;Over500_2026_P04_-_published:1428;Over500_2026_P04_-_published:1429;Over500_2026_P04_-_published:1430;Over500_2026_P04_-_published:683;Over500_2026_P04_-_published:684;Over500_2026_P04_-_published:685;Over500_2026_P04_-_published:686;Over500_2026_P04_-_published:817;Over500_2026_P04_-_published:818;Over500_2026_P04_-_published:848;Over500_2026_P04_-_published:849;Over500_2026_P04_-_published:875;Over500_2026_P04_-_published:876;Over500_2026_P04_-_published:722;Over500_2026_P04_-_published:886;Over500_2026_P04_-_published:1411;Over500_2026_P04_-_published:1412;Over500_2026_P04_-_published:1413;Over500_2026_P04_-_published:1414;Over500_2026_P04_-_published:1415;Over500_2026_P04_-_published:1416;Over500_2026_P04_-_published:1417;Over500_2026_P04_-_published:1418;Over500_2026_P04_-_published:658;Over500_2026_P04_-_published:659;Over500_2026_P04_-_published:660;Over500_2026_P04_-_published:661;Over500_2026_P04_-_published:662;Over500_2026_P04_-_published:663;Over500_2026_P04_-_published:810;Over500_2026_P04_-_published:811;Over500_2026_P04_-_published:862;Over500_2026_P04_-_published:863;Over500_2026_P04_-_published:864;Over500_2026_P04_-_published:865;Over500_2026_P04_-_published:866;Over500_2026_P04_-_published:867;Over500_2026_P04_-_published:868;Over500_2026_P04_-_published:869;Over500_2026_P04_-_published:1561;Over500_2026_P04_-_published:1419;Over500_2026_P04_-_published:2432;Over500_2026_P04_-_published:854;Over500_2026_P04_-_published:1420;Over500_2026_P04_-_published:1421;Over500_2026_P04_-_published:1422;Over500_2026_P04_-_published:1423;Over500_2026_P04_-_published:1559;Over500_2026_P04_-_published:1560;Over500_2026_P04_-_published:679;Over500_2026_P04_-_published:680;Over500_2026_P04_-_published:681;Over500_2026_P04_-_published:682;Over500_2026_P04_-_published:812;Over500_2026_P04_-_published:813;Over500_2026_P04_-_published:814;Over500_2026_P04_-_published:815;Over500_2026_P04_-_published:816;Over500_2026_P04_-_published:871;Over500_2026_P04_-_published:872;Over500_2026_P04_-_published:873;Over500_2026_P04_-_published:913;Over500_2026_P04_-_published:723
PURLEY PARK TRUST,PURLEY PARK TRUST LTD,471283.82,1885135.28,94,grant,grant=333888.82; placement=137395.0,Adult Social Care,none,,Over500_2026_P02_-_published:768;Over500_2026_P02_-_published:774;Over500_2026_P02_-_published:775;Over500_2026_P02_-_published:776;Over500_2026_P02_-_published:777;Over500_2026_P02_-_published:778;Over500_2026_P02_-_published:779;Over500_2026_P02_-_published:780;Over500_2026_P02_-_published:781;Over500_2026_P02_-_published:824;Over500_2026_P02_-_published:825;Over500_2026_P02_-_published:826;Over500_2026_P02_-_published:827;Over500_2026_P02_-_published:828;Over500_2026_P03_-_published:2667;Over500_2026_P03_-_published:2670;Over500_2026_P03_-_published:2671;Over500_2026_P03_-_published:2677;Over500_2026_P03_-_published:752;Over500_2026_P03_-_published:753;Over500_2026_P03_-_published:754;Over500_2026_P03_-_published:772;Over500_2026_P03_-_published:773;Over500_2026_P03_-_published:779;Over500_2026_P03_-_published:786;Over500_2026_P03_-_published:787;Over500_2026_P03_-_published:803;Over500_2026_P03_-_published:804;Over500_2026_P03_-_published:1537;Over500_2026_P03_-_published:1586;Over500_2026_P03_-_published:1631;Over500_2026_P03_-_published:1632;Over500_2026_P03_-_published:1658;Over500_2026_P03_-_published:1767;Over500_2026_P03_-_published:2934;Over500_2026_P03_-_published:2935;Over500_2026_P03_-_published:2936;Over500_2026_P03_-_published:2950;Over500_2026_P03_-_published:2953;Over500_2026_P03_-_published:799;Over500_2026_P04_-_published:1408;Over500_2026_P04_-_published:1409;Over500_2026_P04_-_published:1410;Over500_2026_P04_-_published:2232;Over500_2026_P04_-_published:2233;Over500_2026_P04_-_published:2245;Over500_2026_P04_-_published:2247;Over500_2026_P04_-_published:2248;Over500_2026_P04_-_published:2255;Over500_2026_P04_-_published:2264;Over500_2026_P04_-_published:2964;Over500_2026_P04_-_published:2965;Over500_2026_P04_-_published:654;Over500_2026_P04_-_published:655;Over500_2026_P04_-_published:808;Over500_2026_P04_-_published:809;Over500_2026_P04_-_published:859;Over500_2026_P04_-_published:860;Over500_2026_P04_-_published:861;Over500_2026_P04_-_published:1405;Over500_2026_P04_-_published:1406;Over500_2026_P04_-_published:1513;Over500_2026_P04_-_published:649;Over500_2026_P04_-_published:650;Over500_2026_P04_-_published:687;Over500_2026_P04_-_published:688;Over500_2026_P04_-_published:802;Over500_2026_P04_-_published:805;Over500_2026_P04_-_published:806;Over500_2026_P04_-_published:807;Over500_2026_P04_-_published:847;Over500_2026_P04_-_published:850;Over500_2026_P04_-_published:878;Over500_2026_P04_-_published:2400;Over500_2026_P04_-_published:2410;Over500_2026_P04_-_published:2599;Over500_2026_P04_-_published:2645;Over500_2026_P04_-_published:3560;Over500_2026_P04_-_published:3561;Over500_2026_P04_-_published:1424;Over500_2026_P04_-_published:2489;Over500_2026_P04_-_published:2490;Over500_2026_P04_-_published:2527;Over500_2026_P04_-_published:2576;Over500_2026_P04_-_published:2577;Over500_2026_P04_-_published:2600;Over500_2026_P04_-_published:2601;Over500_2026_P04_-_published:2602;Over500_2026_P04_-_published:2611;Over500_2026_P04_-_published:2690;Over500_2026_P04_-_published:2691;Over500_2026_P04_-_published:3368;Over500_2026_P04_-_published:3369;Over500_2026_P04_-_published:3370
ACORN CARE AND EDUCATION,ACORN CARE & EDUCATION LTD,462897.76,1851591.04,19,placement,placement=462897.76,Education (DSG Funded) & Other Education Grants,none,,Over500_2026_P02_-_published:2265;Over500_2026_P02_-_published:2271;Over500_2026_P02_-_published:2272;Over500_2026_P02_-_published:2273;Over500_2026_P02_-_published:2274;Over500_2026_P02_-_published:2275;Over500_2026_P02_-_published:2276;Over500_2026_P02_-_published:2277;Over500_2026_P02_-_published:2278;Over500_2026_P02_-_published:2279;Over500_2026_P02_-_published:2280;Over500_2026_P03_-_published:2180;Over500_2026_P03_-_published:2206;Over500_2026_P03_-_published:2228;Over500_2026_P03_-_published:2326;Over500_2026_P03_-_published:2327;Over500_2026_P03_-_published:2328;Over500_2026_P03_-_published:3117;Over500_2026_P03_-_published:3118
JUBILEE DAY NURSERY,JUBILEE DAY NURSERY,408594.55,1634378.2,3,grant,grant=408594.55,Education (DSG Funded) & Other Education Grants,none,,Over500_2026_P03_-_published:511;Over500_2026_P03_-_published:623;Over500_2026_P04_-_published:703
NEWBURY AND DISTRICT,Newbury & District Ltd,388779.88,1555119.52,23,general_procurement,general_procurement=388779.88,Education & SEND; Environment,name,IT-402-1044-P00001044 - AWARD;P00000342;P00001214;P00001230,Over500_2026_P02_-_published:434;Over500_2026_P02_-_published:440;Over500_2026_P02_-_published:437;Over500_2026_P03_-_published:267;Over500_2026_P03_-_published:268;Over500_2026_P03_-_published:357;Over500_2026_P03_-_published:171;Over500_2026_P03_-_published:336;Over500_2026_P03_-_published:341;Over500_2026_P03_-_published:264;Over500_2026_P03_-_published:269;Over500_2026_P03_-_published:176;Over500_2026_P03_-_published:213;Over500_2026_P03_-_published:251;Over500_2026_P03_-_published:270;Over500_2026_P03_-_published:274;Over500_2026_P03_-_published:359;Over500_2026_P03_-_published:360;Over500_2026_P04_-_published:358;Over500_2026_P04_-_published:361;Over500_2026_P04_-_published:363;Over500_2026_P04_-_published:194;Over500_2026_P04_-_published:251
EW BEARD,E W BEARD LTD,382652.7,1530610.8,20,placement,placement=376356.95; premises=6295.75,Community Services; Development & Housing; Education & SEND,none,,Over500_2026_P02_-_published:673;Over500_2026_P02_-_published:671;Over500_2026_P02_-_published:672;Over500_2026_P02_-_published:674;Over500_2026_P02_-_published:675;Over500_2026_P02_-_published:43;Over500_2026_P02_-_published:47;Over500_2026_P03_-_published:2399;Over500_2026_P03_-_published:664;Over500_2026_P03_-_published:671;Over500_2026_P03_-_published:665;Over500_2026_P04_-_published:79;Over500_2026_P04_-_published:53;Over500_2026_P04_-_published:594;Over500_2026_P04_-_published:42;Over500_2026_P04_-_published:784;Over500_2026_P04_-_published:730;Over500_2026_P04_-_published:1284;Over500_2026_P04_-_published:595;Over500_2026_P04_-_published:729
CAMINO CARE,Camino Care,370095.54,1480382.16,4,placement,placement=370095.54,Children's Social Care,none,,Over500_2026_P02_-_published:2123;Over500_2026_P02_-_published:2124;Over500_2026_P03_-_published:2049;Over500_2026_P04_-_published:3769
SM VOICE ADVOCACY,SM Voice Advocacy Limited,347137.12,1388548.48,62,placement,placement=347137.12,Adult Social Care,none,,Over500_2026_P02_-_published:1703;Over500_2026_P02_-_published:1707;Over500_2026_P02_-_published:1708;Over500_2026_P02_-_published:1709;Over500_2026_P02_-_published:1710;Over500_2026_P02_-_published:1711;Over500_2026_P02_-_published:1712;Over500_2026_P02_-_published:1713;Over500_2026_P02_-_published:1861;Over500_2026_P02_-_published:1866;Over500_2026_P02_-_published:1883;Over500_2026_P02_-_published:1884;Over500_2026_P02_-_published:1885;Over500_2026_P02_-_published:1886;Over500_2026_P02_-_published:1887;Over500_2026_P03_-_published:1625;Over500_2026_P03_-_published:1888;Over500_2026_P03_-_published:2930;Over500_2026_P03_-_published:1653;Over500_2026_P03_-_published:1654;Over500_2026_P03_-_published:1681;Over500_2026_P03_-_published:1706;Over500_2026_P03_-_published:1814;Over500_2026_P03_-_published:1815;Over500_2026_P03_-_published:1834;Over500_2026_P03_-_published:1949;Over500_2026_P03_-_published:1950;Over500_2026_P03_-_published:2947;Over500_2026_P03_-_published:2987;Over500_2026_P03_-_published:3015;Over500_2026_P04_-_published:2306;Over500_2026_P04_-_published:2327;Over500_2026_P04_-_published:2328;Over500_2026_P04_-_published:2329;Over500_2026_P04_-_published:2720;Over500_2026_P04_-_published:2757;Over500_2026_P04_-_published:2783;Over500_2026_P04_-_published:2784;Over500_2026_P04_-_published:2826;Over500_2026_P04_-_published:3011;Over500_2026_P04_-_published:3012;Over500_2026_P04_-_published:3013;Over500_2026_P04_-_published:3637;Over500_2026_P04_-_published:3672;Over500_2026_P04_-_published:3673;Over500_2026_P04_-_published:2419;Over500_2026_P04_-_published:2762;Over500_2026_P04_-_published:2528;Over500_2026_P04_-_published:2529;Over500_2026_P04_-_published:2530;Over500_2026_P04_-_published:2549;Over500_2026_P04_-_published:2550;Over500_2026_P04_-_published:2551;Over500_2026_P04_-_published:2579;Over500_2026_P04_-_published:2725;Over500_2026_P04_-_published:2877;Over500_2026_P04_-_published:2878;Over500_2026_P04_-_published:2896;Over500_2026_P04_-_published:2897;Over500_2026_P04_-_published:3371;Over500_2026_P04_-_published:3692;Over500_2026_P04_-_published:3693
ABI SUPPORT,Abi-support Ltd,343415.59,1373662.36,147,placement,placement=343415.59,Adult Social Care,none,,Over500_2026_P02_-_published:1425;Over500_2026_P02_-_published:1094;Over500_2026_P02_-_published:1100;Over500_2026_P02_-_published:1101;Over500_2026_P02_-_published:1102;Over500_2026_P02_-_published:1103;Over500_2026_P02_-_published:1364;Over500_2026_P02_-_published:1365;Over500_2026_P02_-_published:1426;Over500_2026_P02_-_published:1580;Over500_2026_P02_-_published:1699;Over500_2026_P02_-_published:1718;Over500_2026_P02_-_published:1205;Over500_2026_P02_-_published:1206;Over500_2026_P02_-_published:1207;Over500_2026_P02_-_published:1208;Over500_2026_P02_-_published:1209;Over500_2026_P02_-_published:1210;Over500_2026_P02_-_published:1211;Over500_2026_P02_-_published:1212;Over500_2026_P02_-_published:1213;Over500_2026_P02_-_published:1214;Over500_2026_P02_-_published:1215;Over500_2026_P02_-_published:1216;Over500_2026_P02_-_published:1217;Over500_2026_P02_-_published:1218;Over500_2026_P02_-_published:1219;Over500_2026_P02_-_published:1220;Over500_2026_P02_-_published:1433;Over500_2026_P02_-_published:1596;Over500_2026_P02_-_published:1597;Over500_2026_P02_-_published:1598;Over500_2026_P02_-_published:1599;Over500_2026_P02_-_published:1600;Over500_2026_P02_-_published:1601;Over500_2026_P02_-_published:1602;Over500_2026_P02_-_published:893;Over500_2026_P02_-_published:894;Over500_2026_P02_-_published:908;Over500_2026_P03_-_published:1357;Over500_2026_P03_-_published:1427;Over500_2026_P03_-_published:1565;Over500_2026_P03_-_published:2861;Over500_2026_P03_-_published:993;Over500_2026_P03_-_published:994;Over500_2026_P03_-_published:1083;Over500_2026_P03_-_published:1084;Over500_2026_P03_-_published:1085;Over500_2026_P03_-_published:1123;Over500_2026_P03_-_published:1124;Over500_2026_P03_-_published:1125;Over500_2026_P03_-_published:1126;Over500_2026_P03_-_published:1165;Over500_2026_P03_-_published:1385;Over500_2026_P03_-_published:1429;Over500_2026_P03_-_published:1430;Over500_2026_P03_-_published:2694;Over500_2026_P03_-_published:2755;Over500_2026_P03_-_published:2756;Over500_2026_P03_-_published:2868;Over500_2026_P03_-_published:839;Over500_2026_P03_-_published:881;Over500_2026_P03_-_published:1141;Over500_2026_P03_-_published:1149;Over500_2026_P03_-_published:1556;Over500_2026_P03_-_published:2779;Over500_2026_P03_-_published:2780;Over500_2026_P03_-_published:2876;Over500_2026_P03_-_published:864;Over500_2026_P03_-_published:1153;Over500_2026_P03_-_published:1181;Over500_2026_P03_-_published:1188;Over500_2026_P03_-_published:1236;Over500_2026_P03_-_published:1242;Over500_2026_P03_-_published:1243;Over500_2026_P03_-_published:1257;Over500_2026_P03_-_published:1280;Over500_2026_P03_-_published:1302;Over500_2026_P03_-_published:1306;Over500_2026_P03_-_published:1307;Over500_2026_P03_-_published:1313;Over500_2026_P03_-_published:1397;Over500_2026_P03_-_published:1517;Over500_2026_P03_-_published:1604;Over500_2026_P03_-_published:1668;Over500_2026_P03_-_published:2885;Over500_2026_P03_-_published:2889;Over500_2026_P03_-_published:2937;Over500_2026_P04_-_published:1176;Over500_2026_P04_-_published:1177;Over500_2026_P04_-_published:1247;Over500_2026_P04_-_published:1856;Over500_2026_P04_-_published:1869;Over500_2026_P04_-_published:1978;Over500_2026_P04_-_published:2025;Over500_2026_P04_-_published:1343;Over500_2026_P04_-_published:1344;Over500_2026_P04_-_published:1345;Over500_2026_P04_-_published:1346;Over500_2026_P04_-_published:1347;Over500_2026_P04_-_published:1383;Over500_2026_P04_-_published:1384;Over500_2026_P04_-_published:1385;Over500_2026_P04_-_published:1386;Over500_2026_P04_-_published:1447;Over500_2026_P04_-_published:1448;Over500_2026_P04_-_published:1449;Over500_2026_P04_-_published:1450;Over500_2026_P04_-_published:1569;Over500_2026_P04_-_published:1806;Over500_2026_P04_-_published:1807;Over500_2026_P04_-_published:1883;Over500_2026_P04_-_published:1987;Over500_2026_P04_-_published:1988;Over500_2026_P04_-_published:1989;Over500_2026_P04_-_published:2021;Over500_2026_P04_-_published:2079;Over500_2026_P04_-_published:2080;Over500_2026_P04_-_published:2081;Over500_2026_P04_-_published:2082;Over500_2026_P04_-_published:2653;Over500_2026_P04_-_published:2805;Over500_2026_P04_-_published:2806;Over500_2026_P04_-_published:924;Over500_2026_P04_-_published:935;Over500_2026_P04_-_published:1441;Over500_2026_P04_-_published:1452;Over500_2026_P04_-_published:1453;Over500_2026_P04_-_published:1810;Over500_2026_P04_-_published:2035;Over500_2026_P04_-_published:2036;Over500_2026_P04_-_published:2150;Over500_2026_P04_-_published:2208;Over500_2026_P04_-_published:2426;Over500_2026_P04_-_published:2524;Over500_2026_P04_-_published:2809;Over500_2026_P04_-_published:2810;Over500_2026_P04_-_published:2822;Over500_2026_P04_-_published:1545;Over500_2026_P04_-_published:1585;Over500_2026_P04_-_published:1762;Over500_2026_P04_-_published:1549;Over500_2026_P04_-_published:1627;Over500_2026_P04_-_published:1696;Over500_2026_P04_-_published:1727;Over500_2026_P04_-_published:2123;Over500_2026_P04_-_published:2282
CARE SERVICES TO YOU,Care Services To You,335856.78,1343427.12,14,placement,placement=335856.78,Children's Social Care,none,,Over500_2026_P02_-_published:2021;Over500_2026_P02_-_published:2033;Over500_2026_P02_-_published:2037;Over500_2026_P02_-_published:2096;Over500_2026_P03_-_published:2004;Over500_2026_P03_-_published:1931;Over500_2026_P03_-_published:2008;Over500_2026_P03_-_published:3044;Over500_2026_P04_-_published:3743;Over500_2026_P04_-_published:3154;Over500_2026_P04_-_published:3750;Over500_2026_P04_-_published:3092;Over500_2026_P04_-_published:3161;Over500_2026_P04_-_published:3165
JOHAV CARE SUPPORT HEALTHCARE,Johav Care support Healthcare Limited,332659.28,1330637.12,54,placement,placement=332659.28,Adult Social Care; Children's Social Care,none,,Over500_2026_P02_-_published:1752;Over500_2026_P02_-_published:1920;Over500_2026_P02_-_published:1788;Over500_2026_P02_-_published:1830;Over500_2026_P02_-_published:1831;Over500_2026_P03_-_published:1526;Over500_2026_P03_-_published:1616;Over500_2026_P03_-_published:1617;Over500_2026_P03_-_published:1618;Over500_2026_P03_-_published:1753;Over500_2026_P03_-_published:1793;Over500_2026_P03_-_published:1874;Over500_2026_P03_-_published:2105;Over500_2026_P03_-_published:2912;Over500_2026_P03_-_published:2924;Over500_2026_P03_-_published:2995;Over500_2026_P03_-_published:1626;Over500_2026_P03_-_published:1731;Over500_2026_P03_-_published:1732;Over500_2026_P03_-_published:1982;Over500_2026_P03_-_published:2929;Over500_2026_P03_-_published:1446;Over500_2026_P03_-_published:1587;Over500_2026_P03_-_published:1686;Over500_2026_P03_-_published:1712;Over500_2026_P03_-_published:1752;Over500_2026_P03_-_published:1755;Over500_2026_P03_-_published:1818;Over500_2026_P03_-_published:2973;Over500_2026_P04_-_published:2231;Over500_2026_P04_-_published:2246;Over500_2026_P04_-_published:3009;Over500_2026_P04_-_published:2151;Over500_2026_P04_-_published:2457;Over500_2026_P04_-_published:2458;Over500_2026_P04_-_published:2622;Over500_2026_P04_-_published:2730;Over500_2026_P04_-_published:2840;Over500_2026_P04_-_published:3036;Over500_2026_P04_-_published:3037;Over500_2026_P04_-_published:3052;Over500_2026_P04_-_published:2492;Over500_2026_P04_-_published:3140;Over500_2026_P04_-_published:2221;Over500_2026_P04_-_published:2563;Over500_2026_P04_-_published:2625;Over500_2026_P04_-_published:2626;Over500_2026_P04_-_published:2627;Over500_2026_P04_-_published:2875;Over500_2026_P04_-_published:2880;Over500_2026_P04_-_published:3471;Over500_2026_P04_-_published:3563;Over500_2026_P04_-_published:3570;Over500_2026_P04_-_published:3734
ASCIA CONSTRUCTION,ASCIA CONSTRUCTION LIMITED,332579.29,1330317.16,1,placement,placement=332579.29,Education & SEND,name,IT-402-1549-P00001549 - AWARD,Over500_2026_P02_-_published:669
DIMENSIONS NSO,DIMENSIONS (NSO) LTD,332203.21,1328812.84,66,placement,placement=323357.59; premises=8845.62,Adult Social Care,none,,Over500_2026_P02_-_published:1657;Over500_2026_P02_-_published:1845;Over500_2026_P02_-_published:1846;Over500_2026_P02_-_published:1847;Over500_2026_P03_-_published:68;Over500_2026_P03_-_published:85;Over500_2026_P03_-_published:1737;Over500_2026_P03_-_published:1738;Over500_2026_P03_-_published:2895;Over500_2026_P03_-_published:2975;Over500_2026_P04_-_published:2164;Over500_2026_P04_-_published:2698;Over500_2026_P04_-_published:3576;Over500_2026_P04_-_published:3577;Over500_2026_P04_-_published:103;Over500_2026_P04_-_published:2196;Over500_2026_P04_-_published:2197;Over500_2026_P04_-_published:2393;Over500_2026_P04_-_published:2394;Over500_2026_P04_-_published:2396;Over500_2026_P04_-_published:2408;Over500_2026_P04_-_published:2409;Over500_2026_P04_-_published:2411;Over500_2026_P04_-_published:2413;Over500_2026_P04_-_published:2427;Over500_2026_P04_-_published:2434;Over500_2026_P04_-_published:2437;Over500_2026_P04_-_published:2951;Over500_2026_P04_-_published:3019;Over500_2026_P04_-_published:3020;Over500_2026_P04_-_published:3021;Over500_2026_P04_-_published:3023;Over500_2026_P04_-_published:3032;Over500_2026_P04_-_published:2217;Over500_2026_P04_-_published:2449;Over500_2026_P04_-_published:2450;Over500_2026_P04_-_published:2462;Over500_2026_P04_-_published:2463;Over500_2026_P04_-_published:2464;Over500_2026_P04_-_published:2465;Over500_2026_P04_-_published:2466;Over500_2026_P04_-_published:2469;Over500_2026_P04_-_published:2470;Over500_2026_P04_-_published:2471;Over500_2026_P04_-_published:2475;Over500_2026_P04_-_published:2476;Over500_2026_P04_-_published:2477;Over500_2026_P04_-_published:2493;Over500_2026_P04_-_published:2494;Over500_2026_P04_-_published:2495;Over500_2026_P04_-_published:2496;Over500_2026_P04_-_published:2497;Over500_2026_P04_-_published:2498;Over500_2026_P04_-_published:2500;Over500_2026_P04_-_published:2501;Over500_2026_P04_-_published:2504;Over500_2026_P04_-_published:2505;Over500_2026_P04_-_published:2506;Over500_2026_P04_-_published:3040;Over500_2026_P04_-_published:3041;Over500_2026_P04_-_published:3042;Over500_2026_P04_-_published:3043;Over500_2026_P04_-_published:3046;Over500_2026_P04_-_published:3047;Over500_2026_P04_-_published:3048;Over500_2026_P04_-_published:3049
CHANGING LIVES CARE GROUP,Changing Lives Care Group Ltd,331599.99,1326399.96,6,placement,placement=331599.99,Children's Social Care,none,,Over500_2026_P02_-_published:2031;Over500_2026_P03_-_published:1930;Over500_2026_P04_-_published:3746;Over500_2026_P04_-_published:3159;Over500_2026_P04_-_published:3160;Over500_2026_P04_-_published:3093
ACRES OF FUN DAY NURSERY AND PRE SCHOOL,ACRES OF FUN DAY NURSERY AND PRE SCHOOL,323872.96,1295491.84,1,grant,grant=323872.96,Education (DSG Funded) & Other Education Grants,none,,Over500_2026_P03_-_published:2075
ROCKING HORSE DAY NURSERY NEWBURY RACECOURSE,ROCKING HORSE DAY NURSERY - NEWBURY RACECOURSE PLC,320463.5,1281854.0,2,grant,grant=320463.5,Education (DSG Funded) & Other Education Grants,none,,Over500_2026_P03_-_published:525;Over500_2026_P03_-_published:620
NEC SOFTWARE SOLUTIONS UK,NEC SOFTWARE SOLUTIONS UK LIMITED,314383.57,1257534.28,10,general_procurement,general_procurement=314383.57,"Finance, Property & Procurement",name,RM6259/CL766,Over500_2026_P04_-_published:427;Over500_2026_P04_-_published:487;Over500_2026_P04_-_published:488;Over500_2026_P04_-_published:489;Over500_2026_P04_-_published:492;Over500_2026_P04_-_published:493;Over500_2026_P04_-_published:904;Over500_2026_P04_-_published:905;Over500_2026_P04_-_published:494;Over500_2026_P04_-_published:906
CAMBIAN AUTISM SERVICES,CAMBIAN AUTISM SERVICES LIMITED,310109.53,1240438.12,15,placement,placement=310109.53,Children's Social Care; Education (DSG Funded) & Other Education Grants,none,,Over500_2026_P03_-_published:2155;Over500_2026_P03_-_published:2186;Over500_2026_P03_-_published:2187;Over500_2026_P03_-_published:3105;Over500_2026_P03_-_published:2231;Over500_2026_P03_-_published:3065;Over500_2026_P03_-_published:3119;Over500_2026_P03_-_published:3120;Over500_2026_P04_-_published:3136;Over500_2026_P04_-_published:3283;Over500_2026_P04_-_published:3770;Over500_2026_P04_-_published:3177;Over500_2026_P04_-_published:3248;Over500_2026_P04_-_published:3249;Over500_2026_P04_-_published:3284
FOCUS SUPPORT,FOCUS SUPPORT LTD,302627.43,1210509.72,30,placement,placement=302627.43,Adult Social Care,none,,Over500_2026_P02_-_published:1766;Over500_2026_P02_-_published:1767;Over500_2026_P02_-_published:1768;Over500_2026_P02_-_published:1857;Over500_2026_P02_-_published:1858;Over500_2026_P02_-_published:1863;Over500_2026_P02_-_published:1878;Over500_2026_P03_-_published:1776;Over500_2026_P03_-_published:1854;Over500_2026_P03_-_published:2985;Over500_2026_P03_-_published:1660;Over500_2026_P03_-_published:1687;Over500_2026_P03_-_published:1688;Over500_2026_P03_-_published:1713;Over500_2026_P03_-_published:1833;Over500_2026_P03_-_published:2981;Over500_2026_P03_-_published:3017;Over500_2026_P04_-_published:2424;Over500_2026_P04_-_published:2705;Over500_2026_P04_-_published:2743;Over500_2026_P04_-_published:2764;Over500_2026_P04_-_published:3030;Over500_2026_P04_-_published:3631;Over500_2026_P04_-_published:3632;Over500_2026_P04_-_published:3039;Over500_2026_P04_-_published:2569;Over500_2026_P04_-_published:2610;Over500_2026_P04_-_published:2636;Over500_2026_P04_-_published:2706;Over500_2026_P04_-_published:2866
TRANSPARENT CARE,Transparent Care Ltd,300764.85,1203059.4,50,placement,placement=300764.85,Adult Social Care,none,,Over500_2026_P02_-_published:1704;Over500_2026_P02_-_published:1700;Over500_2026_P02_-_published:1727;Over500_2026_P02_-_published:1793;Over500_2026_P02_-_published:1794;Over500_2026_P02_-_published:1795;Over500_2026_P02_-_published:1796;Over500_2026_P02_-_published:1797;Over500_2026_P02_-_published:1798;Over500_2026_P02_-_published:1799;Over500_2026_P02_-_published:1800;Over500_2026_P02_-_published:1801;Over500_2026_P02_-_published:1819;Over500_2026_P02_-_published:931;Over500_2026_P03_-_published:1516;Over500_2026_P03_-_published:1535;Over500_2026_P03_-_published:1649;Over500_2026_P03_-_published:1675;Over500_2026_P03_-_published:1676;Over500_2026_P03_-_published:1677;Over500_2026_P03_-_published:2945;Over500_2026_P03_-_published:2960;Over500_2026_P03_-_published:912;Over500_2026_P04_-_published:2148;Over500_2026_P04_-_published:2307;Over500_2026_P04_-_published:2308;Over500_2026_P04_-_published:2309;Over500_2026_P04_-_published:2323;Over500_2026_P04_-_published:2324;Over500_2026_P04_-_published:2330;Over500_2026_P04_-_published:2331;Over500_2026_P04_-_published:2352;Over500_2026_P04_-_published:2389;Over500_2026_P04_-_published:2390;Over500_2026_P04_-_published:2613;Over500_2026_P04_-_published:2614;Over500_2026_P04_-_published:3014;Over500_2026_P04_-_published:3015;Over500_2026_P04_-_published:3016;Over500_2026_P04_-_published:997;Over500_2026_P04_-_published:1752;Over500_2026_P04_-_published:2472;Over500_2026_P04_-_published:2478;Over500_2026_P04_-_published:2479;Over500_2026_P04_-_published:2480;Over500_2026_P04_-_published:2508;Over500_2026_P04_-_published:2958;Over500_2026_P04_-_published:3354;Over500_2026_P04_-_published:3355;Over500_2026_P04_-_published:3356
CARE UK COMMUNITY PARTNERSHIPS,CARE UK Community Partnerships Ltd,293507.99,1174031.96,53,placement,placement=293507.99,Adult Social Care,none,,Over500_2026_P02_-_published:1030;Over500_2026_P02_-_published:1031;Over500_2026_P02_-_published:1032;Over500_2026_P02_-_published:1033;Over500_2026_P02_-_published:1430;Over500_2026_P02_-_published:1515;Over500_2026_P02_-_published:1516;Over500_2026_P02_-_published:1517;Over500_2026_P02_-_published:1518;Over500_2026_P02_-_published:1519;Over500_2026_P02_-_published:1520;Over500_2026_P02_-_published:1521;Over500_2026_P02_-_published:1522;Over500_2026_P02_-_published:1523;Over500_2026_P03_-_published:1019;Over500_2026_P03_-_published:1309;Over500_2026_P03_-_published:1339;Over500_2026_P03_-_published:1340;Over500_2026_P03_-_published:1366;Over500_2026_P03_-_published:1407;Over500_2026_P03_-_published:1408;Over500_2026_P03_-_published:1409;Over500_2026_P03_-_published:1481;Over500_2026_P03_-_published:1482;Over500_2026_P03_-_published:1483;Over500_2026_P03_-_published:1912;Over500_2026_P03_-_published:1973;Over500_2026_P03_-_published:1974;Over500_2026_P03_-_published:1976;Over500_2026_P03_-_published:2715;Over500_2026_P03_-_published:2823;Over500_2026_P03_-_published:2827;Over500_2026_P03_-_published:2846;Over500_2026_P03_-_published:2847;Over500_2026_P03_-_published:907;Over500_2026_P03_-_published:952;Over500_2026_P04_-_published:1102;Over500_2026_P04_-_published:1134;Over500_2026_P04_-_published:1152;Over500_2026_P04_-_published:1790;Over500_2026_P04_-_published:1844;Over500_2026_P04_-_published:1920;Over500_2026_P04_-_published:1921;Over500_2026_P04_-_published:1945;Over500_2026_P04_-_published:1946;Over500_2026_P04_-_published:1947;Over500_2026_P04_-_published:1999;Over500_2026_P04_-_published:2000;Over500_2026_P04_-_published:2001;Over500_2026_P04_-_published:2002;Over500_2026_P04_-_published:2674;Over500_2026_P04_-_published:2675;Over500_2026_P04_-_published:3005
SPRING VALLEY CHILDRENS CARE HOMES,Spring Valley Children's Care Homes ltd,293202.85,1172811.4,10,placement,placement=293202.85,Children's Social Care,none,,Over500_2026_P02_-_published:2024;Over500_2026_P02_-_published:2030;Over500_2026_P02_-_published:2104;Over500_2026_P03_-_published:1927;Over500_2026_P03_-_published:3042;Over500_2026_P04_-_published:3744;Over500_2026_P04_-_published:3079;Over500_2026_P04_-_published:3157;Over500_2026_P04_-_published:3096;Over500_2026_P04_-_published:3119
ENGAGING POTENTIAL,Engaging Potential Ltd,272549.17,1090196.68,1,placement,placement=272549.17,Education (DSG Funded) & Other Education Grants,none,,Over500_2026_P04_-_published:3242
CREATIVE SUPPORT,CREATIVE SUPPORT,265867.7,1063470.8,63,placement,placement=265867.7,Adult Social Care,none,,Over500_2026_P02_-_published:1772;Over500_2026_P02_-_published:1773;Over500_2026_P02_-_published:1774;Over500_2026_P02_-_published:1775;Over500_2026_P02_-_published:1776;Over500_2026_P02_-_published:1777;Over500_2026_P02_-_published:1778;Over500_2026_P02_-_published:1779;Over500_2026_P02_-_published:1780;Over500_2026_P02_-_published:1781;Over500_2026_P02_-_published:1782;Over500_2026_P02_-_published:1864;Over500_2026_P02_-_published:1865;Over500_2026_P02_-_published:1940;Over500_2026_P02_-_published:1815;Over500_2026_P03_-_published:1529;Over500_2026_P03_-_published:1581;Over500_2026_P03_-_published:1582;Over500_2026_P03_-_published:1583;Over500_2026_P03_-_published:1620;Over500_2026_P03_-_published:1621;Over500_2026_P03_-_published:1622;Over500_2026_P03_-_published:1623;Over500_2026_P03_-_published:1624;Over500_2026_P03_-_published:1765;Over500_2026_P03_-_published:1881;Over500_2026_P03_-_published:2927;Over500_2026_P03_-_published:2928;Over500_2026_P03_-_published:2984;Over500_2026_P03_-_published:2149;Over500_2026_P03_-_published:2219;Over500_2026_P03_-_published:2220;Over500_2026_P03_-_published:2147;Over500_2026_P03_-_published:2150;Over500_2026_P03_-_published:3090;Over500_2026_P04_-_published:2263;Over500_2026_P04_-_published:2429;Over500_2026_P04_-_published:2430;Over500_2026_P04_-_published:2443;Over500_2026_P04_-_published:2444;Over500_2026_P04_-_published:2454;Over500_2026_P04_-_published:2455;Over500_2026_P04_-_published:2456;Over500_2026_P04_-_published:2849;Over500_2026_P04_-_published:3033;Over500_2026_P04_-_published:3034;Over500_2026_P04_-_published:3035;Over500_2026_P04_-_published:3633;Over500_2026_P04_-_published:2467;Over500_2026_P04_-_published:2568;Over500_2026_P04_-_published:2604;Over500_2026_P04_-_published:2605;Over500_2026_P04_-_published:2606;Over500_2026_P04_-_published:2607;Over500_2026_P04_-_published:2608;Over500_2026_P04_-_published:2609;Over500_2026_P04_-_published:2632;Over500_2026_P04_-_published:2633;Over500_2026_P04_-_published:2634;Over500_2026_P04_-_published:3478;Over500_2026_P04_-_published:3479;Over500_2026_P04_-_published:3635;Over500_2026_P04_-_published:3697
TIGERS DAY NURSERY,TIGERS DAY NURSERY,244339.25,977357.0,4,grant,grant=243541.71; placement=797.54,Education (DSG Funded) & Other Education Grants,none,,Over500_2026_P03_-_published:579;Over500_2026_P04_-_published:3255;Over500_2026_P04_-_published:578;Over500_2026_P04_-_published:704
CHOICE,Choice LTD,242457.06,969828.24,21,placement,placement=242457.06,Adult Social Care,none,,Over500_2026_P02_-_published:1664;Over500_2026_P02_-_published:1665;Over500_2026_P02_-_published:1666;Over500_2026_P02_-_published:1667;Over500_2026_P02_-_published:1668;Over500_2026_P02_-_published:1849;Over500_2026_P03_-_published:1435;Over500_2026_P03_-_published:1436;Over500_2026_P03_-_published:1506;Over500_2026_P03_-_published:1852;Over500_2026_P03_-_published:2898;Over500_2026_P03_-_published:2899;Over500_2026_P04_-_published:2166;Over500_2026_P04_-_published:2167;Over500_2026_P04_-_published:2188;Over500_2026_P04_-_published:2699;Over500_2026_P04_-_published:2943;Over500_2026_P04_-_published:2944;Over500_2026_P04_-_published:2199;Over500_2026_P04_-_published:2175;Over500_2026_P04_-_published:2573
TIGERS AT THEALE DAY NURSERY,Tigers at Theale Day Nursery,240745.51,962982.04,2,grant,grant=240745.51,Education (DSG Funded) & Other Education Grants,none,,Over500_2026_P03_-_published:2081;Over500_2026_P03_-_published:634
BROOKFIELDS SCHOOL,BROOKFIELDS SCHOOL,236744.0,946976.0,1,grant,grant=236744.0,Education (DSG Funded) & Other Education Grants,none,,Over500_2026_P04_-_published:767
THINKEMPATHY,Thinkempathy,230324.68,921298.72,31,placement,placement=230324.68,Adult Social Care,none,,Over500_2026_P02_-_published:1806;Over500_2026_P02_-_published:1807;Over500_2026_P02_-_published:1808;Over500_2026_P02_-_published:1809;Over500_2026_P02_-_published:1810;Over500_2026_P02_-_published:1811;Over500_2026_P02_-_published:1948;Over500_2026_P02_-_published:1949;Over500_2026_P02_-_published:933;Over500_2026_P03_-_published:1555;Over500_2026_P03_-_published:1637;Over500_2026_P03_-_published:1638;Over500_2026_P03_-_published:1639;Over500_2026_P03_-_published:1697;Over500_2026_P03_-_published:1893;Over500_2026_P03_-_published:932;Over500_2026_P04_-_published:2223;Over500_2026_P04_-_published:2753;Over500_2026_P04_-_published:2303;Over500_2026_P04_-_published:2304;Over500_2026_P04_-_published:2326;Over500_2026_P04_-_published:2353;Over500_2026_P04_-_published:2354;Over500_2026_P04_-_published:2355;Over500_2026_P04_-_published:996;Over500_2026_P04_-_published:1062;Over500_2026_P04_-_published:2487;Over500_2026_P04_-_published:2518;Over500_2026_P04_-_published:3364;Over500_2026_P04_-_published:3365;Over500_2026_P04_-_published:3366
WOODLANDS DAY NURSERY,WOODLANDS DAY NURSERY,221334.09,885336.36,2,grant,grant=221334.09,Education (DSG Funded) & Other Education Grants,none,,Over500_2026_P03_-_published:539;Over500_2026_P03_-_published:626
SUPERCARE RESIDENTIAL,Supercare Residential Ltd,217857.14,871428.56,4,placement,placement=217857.14,Children's Social Care,none,,Over500_2026_P02_-_published:2121;Over500_2026_P02_-_published:2122;Over500_2026_P03_-_published:2048;Over500_2026_P04_-_published:3139
BLEEP 360 CARE,Bleep 360 Care Limited,214048.92,856195.68,9,placement,placement=214048.92,Adult Social Care,none,,Over500_2026_P02_-_published:1714;Over500_2026_P02_-_published:1715;Over500_2026_P02_-_published:1888;Over500_2026_P02_-_published:1889;Over500_2026_P02_-_published:1890;Over500_2026_P02_-_published:1789;Over500_2026_P02_-_published:1790;Over500_2026_P04_-_published:2244;Over500_2026_P04_-_published:2262
TWO SAINTS,TWO SAINTS LTD,213288.45,853153.8,7,general_procurement,general_procurement=213288.45,Development & Housing,name,IT-402-1432-P00001432 - AWARD,Over500_2026_P02_-_published:2160;Over500_2026_P02_-_published:2161;Over500_2026_P02_-_published:2162;Over500_2026_P03_-_published:2130;Over500_2026_P03_-_published:3080;Over500_2026_P04_-_published:3781;Over500_2026_P04_-_published:3181
UNITED DOMCILIARY AND SUPPORT SERVICES,UNITED DOMCILIARY AND SUPPORT SERVICES,210194.24,840776.96,38,placement,placement=210194.24,Adult Social Care,none,,Over500_2026_P02_-_published:1706;Over500_2026_P03_-_published:1449;Over500_2026_P03_-_published:1610;Over500_2026_P03_-_published:1453;Over500_2026_P03_-_published:1579;Over500_2026_P03_-_published:1619;Over500_2026_P03_-_published:1806;Over500_2026_P03_-_published:3000;Over500_2026_P03_-_published:1530;Over500_2026_P03_-_published:3007;Over500_2026_P03_-_published:3008;Over500_2026_P03_-_published:3009;Over500_2026_P03_-_published:1662;Over500_2026_P03_-_published:1734;Over500_2026_P03_-_published:1772;Over500_2026_P03_-_published:1957;Over500_2026_P03_-_published:3018;Over500_2026_P04_-_published:2256;Over500_2026_P04_-_published:2692;Over500_2026_P04_-_published:2962;Over500_2026_P04_-_published:2963;Over500_2026_P04_-_published:2998;Over500_2026_P04_-_published:2414;Over500_2026_P04_-_published:2415;Over500_2026_P04_-_published:2438;Over500_2026_P04_-_published:2445;Over500_2026_P04_-_published:2711;Over500_2026_P04_-_published:2833;Over500_2026_P04_-_published:2834;Over500_2026_P04_-_published:3685;Over500_2026_P04_-_published:2544;Over500_2026_P04_-_published:2628;Over500_2026_P04_-_published:2629;Over500_2026_P04_-_published:2630;Over500_2026_P04_-_published:2864;Over500_2026_P04_-_published:2901;Over500_2026_P04_-_published:3571;Over500_2026_P04_-_published:3694
ADDRESS ENTERPRISE,Address Enterprise Ltd,204775.82,819103.28,113,placement,placement=204775.82,Adult Social Care,none,,Over500_2026_P02_-_published:876;Over500_2026_P02_-_published:880;Over500_2026_P02_-_published:1161;Over500_2026_P02_-_published:1162;Over500_2026_P02_-_published:1188;Over500_2026_P02_-_published:1189;Over500_2026_P02_-_published:1190;Over500_2026_P02_-_published:1191;Over500_2026_P02_-_published:1252;Over500_2026_P02_-_published:1253;Over500_2026_P02_-_published:1254;Over500_2026_P02_-_published:1299;Over500_2026_P02_-_published:1300;Over500_2026_P02_-_published:1301;Over500_2026_P02_-_published:1302;Over500_2026_P02_-_published:1437;Over500_2026_P02_-_published:900;Over500_2026_P02_-_published:905;Over500_2026_P02_-_published:906;Over500_2026_P02_-_published:907;Over500_2026_P02_-_published:1341;Over500_2026_P02_-_published:1342;Over500_2026_P02_-_published:913;Over500_2026_P02_-_published:1813;Over500_2026_P02_-_published:921;Over500_2026_P03_-_published:1030;Over500_2026_P03_-_published:2859;Over500_2026_P03_-_published:854;Over500_2026_P03_-_published:972;Over500_2026_P03_-_published:1047;Over500_2026_P03_-_published:1100;Over500_2026_P03_-_published:1981;Over500_2026_P03_-_published:860;Over500_2026_P03_-_published:1150;Over500_2026_P03_-_published:1151;Over500_2026_P03_-_published:1180;Over500_2026_P03_-_published:1187;Over500_2026_P03_-_published:2781;Over500_2026_P03_-_published:841;Over500_2026_P03_-_published:1218;Over500_2026_P03_-_published:1245;Over500_2026_P03_-_published:1246;Over500_2026_P03_-_published:1247;Over500_2026_P03_-_published:1710;Over500_2026_P03_-_published:2801;Over500_2026_P03_-_published:2802;Over500_2026_P03_-_published:2803;Over500_2026_P03_-_published:908;Over500_2026_P03_-_published:909;Over500_2026_P03_-_published:930;Over500_2026_P03_-_published:931;Over500_2026_P04_-_published:1178;Over500_2026_P04_-_published:1200;Over500_2026_P04_-_published:1201;Over500_2026_P04_-_published:1202;Over500_2026_P04_-_published:1248;Over500_2026_P04_-_published:2015;Over500_2026_P04_-_published:917;Over500_2026_P04_-_published:928;Over500_2026_P04_-_published:3732;Over500_2026_P04_-_published:1435;Over500_2026_P04_-_published:1455;Over500_2026_P04_-_published:1488;Over500_2026_P04_-_published:1489;Over500_2026_P04_-_published:1490;Over500_2026_P04_-_published:1491;Over500_2026_P04_-_published:1492;Over500_2026_P04_-_published:1496;Over500_2026_P04_-_published:1497;Over500_2026_P04_-_published:1498;Over500_2026_P04_-_published:1499;Over500_2026_P04_-_published:1500;Over500_2026_P04_-_published:1502;Over500_2026_P04_-_published:1570;Over500_2026_P04_-_published:2034;Over500_2026_P04_-_published:2108;Over500_2026_P04_-_published:2203;Over500_2026_P04_-_published:2204;Over500_2026_P04_-_published:2205;Over500_2026_P04_-_published:2206;Over500_2026_P04_-_published:2406;Over500_2026_P04_-_published:3051;Over500_2026_P04_-_published:926;Over500_2026_P04_-_published:939;Over500_2026_P04_-_published:940;Over500_2026_P04_-_published:941;Over500_2026_P04_-_published:947;Over500_2026_P04_-_published:948;Over500_2026_P04_-_published:1653;Over500_2026_P04_-_published:1654;Over500_2026_P04_-_published:1655;Over500_2026_P04_-_published:1695;Over500_2026_P04_-_published:1705;Over500_2026_P04_-_published:1706;Over500_2026_P04_-_published:1707;Over500_2026_P04_-_published:1708;Over500_2026_P04_-_published:1709;Over500_2026_P04_-_published:1725;Over500_2026_P04_-_published:1726;Over500_2026_P04_-_published:1748;Over500_2026_P04_-_published:2105;Over500_2026_P04_-_published:2383;Over500_2026_P04_-_published:2384;Over500_2026_P04_-_published:2385;Over500_2026_P04_-_published:2817;Over500_2026_P04_-_published:3053;Over500_2026_P04_-_published:3477;Over500_2026_P04_-_published:961;Over500_2026_P04_-_published:962;Over500_2026_P04_-_published:970;Over500_2026_P04_-_published:971;Over500_2026_P04_-_published:988;Over500_2026_P04_-_published:989
CYGNET CARE SERVICES,Cygnet Care Services Ltd,204622.43,818489.72,24,placement,placement=204622.43,Adult Social Care,none,,Over500_2026_P02_-_published:1681;Over500_2026_P02_-_published:1682;Over500_2026_P02_-_published:1683;Over500_2026_P02_-_published:1684;Over500_2026_P02_-_published:1685;Over500_2026_P02_-_published:1686;Over500_2026_P02_-_published:1687;Over500_2026_P02_-_published:1854;Over500_2026_P03_-_published:1439;Over500_2026_P03_-_published:1511;Over500_2026_P03_-_published:1597;Over500_2026_P03_-_published:1598;Over500_2026_P03_-_published:1599;Over500_2026_P03_-_published:2903;Over500_2026_P03_-_published:2904;Over500_2026_P03_-_published:2977;Over500_2026_P04_-_published:2139;Over500_2026_P04_-_published:2140;Over500_2026_P04_-_published:2171;Over500_2026_P04_-_published:2193;Over500_2026_P04_-_published:2194;Over500_2026_P04_-_published:2700;Over500_2026_P04_-_published:2948;Over500_2026_P04_-_published:2949
JUBILEE GEMS,JUBILEE GEMS,204360.24,817440.96,1,grant,grant=204360.24,Education (DSG Funded) & Other Education Grants,none,,Over500_2026_P03_-_published:540
PURESOUL CARE,PureSoul Care Ltd,203589.24,814356.96,142,placement,placement=203589.24,Adult Social Care,none,,Over500_2026_P02_-_published:1081;Over500_2026_P02_-_published:1082;Over500_2026_P02_-_published:1414;Over500_2026_P02_-_published:1256;Over500_2026_P02_-_published:1257;Over500_2026_P02_-_published:1258;Over500_2026_P02_-_published:1259;Over500_2026_P02_-_published:1260;Over500_2026_P02_-_published:1261;Over500_2026_P02_-_published:1262;Over500_2026_P02_-_published:1263;Over500_2026_P02_-_published:1264;Over500_2026_P02_-_published:1265;Over500_2026_P02_-_published:1266;Over500_2026_P02_-_published:1267;Over500_2026_P02_-_published:1268;Over500_2026_P02_-_published:1269;Over500_2026_P02_-_published:1270;Over500_2026_P02_-_published:1271;Over500_2026_P02_-_published:1272;Over500_2026_P02_-_published:1273;Over500_2026_P02_-_published:1274;Over500_2026_P02_-_published:1275;Over500_2026_P02_-_published:1276;Over500_2026_P02_-_published:1277;Over500_2026_P02_-_published:1278;Over500_2026_P02_-_published:1279;Over500_2026_P02_-_published:1280;Over500_2026_P02_-_published:1281;Over500_2026_P02_-_published:1282;Over500_2026_P02_-_published:1314;Over500_2026_P02_-_published:1421;Over500_2026_P02_-_published:1434;Over500_2026_P02_-_published:1435;Over500_2026_P02_-_published:1609;Over500_2026_P02_-_published:1610;Over500_2026_P02_-_published:1628;Over500_2026_P02_-_published:1702;Over500_2026_P02_-_published:1934;Over500_2026_P02_-_published:1995;Over500_2026_P02_-_published:1996;Over500_2026_P02_-_published:901;Over500_2026_P02_-_published:902;Over500_2026_P02_-_published:927;Over500_2026_P02_-_published:1330;Over500_2026_P02_-_published:1331;Over500_2026_P02_-_published:1332;Over500_2026_P02_-_published:909;Over500_2026_P02_-_published:1442;Over500_2026_P03_-_published:1137;Over500_2026_P03_-_published:1138;Over500_2026_P03_-_published:1139;Over500_2026_P03_-_published:1140;Over500_2026_P03_-_published:1144;Over500_2026_P03_-_published:1145;Over500_2026_P03_-_published:1146;Over500_2026_P03_-_published:1147;Over500_2026_P03_-_published:1148;Over500_2026_P03_-_published:1176;Over500_2026_P03_-_published:1177;Over500_2026_P03_-_published:1178;Over500_2026_P03_-_published:1179;Over500_2026_P03_-_published:1305;Over500_2026_P03_-_published:1317;Over500_2026_P03_-_published:1368;Over500_2026_P03_-_published:1443;Over500_2026_P03_-_published:1812;Over500_2026_P03_-_published:2696;Over500_2026_P03_-_published:2772;Over500_2026_P03_-_published:2773;Over500_2026_P03_-_published:2774;Over500_2026_P03_-_published:2775;Over500_2026_P03_-_published:2776;Over500_2026_P03_-_published:2777;Over500_2026_P03_-_published:2778;Over500_2026_P03_-_published:2808;Over500_2026_P03_-_published:2874;Over500_2026_P03_-_published:2875;Over500_2026_P03_-_published:3026;Over500_2026_P03_-_published:862;Over500_2026_P03_-_published:883;Over500_2026_P03_-_published:1164;Over500_2026_P03_-_published:1197;Over500_2026_P03_-_published:1198;Over500_2026_P03_-_published:1207;Over500_2026_P03_-_published:1208;Over500_2026_P03_-_published:1226;Over500_2026_P03_-_published:1227;Over500_2026_P03_-_published:2791;Over500_2026_P03_-_published:2792;Over500_2026_P04_-_published:1172;Over500_2026_P04_-_published:1173;Over500_2026_P04_-_published:1174;Over500_2026_P04_-_published:1197;Over500_2026_P04_-_published:1245;Over500_2026_P04_-_published:1246;Over500_2026_P04_-_published:1801;Over500_2026_P04_-_published:2800;Over500_2026_P04_-_published:1236;Over500_2026_P04_-_published:1320;Over500_2026_P04_-_published:1365;Over500_2026_P04_-_published:1366;Over500_2026_P04_-_published:1367;Over500_2026_P04_-_published:1368;Over500_2026_P04_-_published:2052;Over500_2026_P04_-_published:2053;Over500_2026_P04_-_published:2828;Over500_2026_P04_-_published:920;Over500_2026_P04_-_published:1395;Over500_2026_P04_-_published:1396;Over500_2026_P04_-_published:1397;Over500_2026_P04_-_published:1398;Over500_2026_P04_-_published:1399;Over500_2026_P04_-_published:1400;Over500_2026_P04_-_published:1460;Over500_2026_P04_-_published:1461;Over500_2026_P04_-_published:1462;Over500_2026_P04_-_published:1470;Over500_2026_P04_-_published:1471;Over500_2026_P04_-_published:1472;Over500_2026_P04_-_published:1473;Over500_2026_P04_-_published:1474;Over500_2026_P04_-_published:1475;Over500_2026_P04_-_published:1476;Over500_2026_P04_-_published:1477;Over500_2026_P04_-_published:1478;Over500_2026_P04_-_published:1479;Over500_2026_P04_-_published:1480;Over500_2026_P04_-_published:1571;Over500_2026_P04_-_published:1787;Over500_2026_P04_-_published:1809;Over500_2026_P04_-_published:2031;Over500_2026_P04_-_published:2033;Over500_2026_P04_-_published:2088;Over500_2026_P04_-_published:2089;Over500_2026_P04_-_published:2090;Over500_2026_P04_-_published:2091;Over500_2026_P04_-_published:2917;Over500_2026_P04_-_published:2039;Over500_2026_P04_-_published:2096;Over500_2026_P04_-_published:2276;Over500_2026_P04_-_published:2237
MARY HARE SCHOOL,MARY HARE SCHOOL,201697.0,806788.0,14,placement,placement=201697.0,Education (DSG Funded) & Other Education Grants,none,,Over500_2026_P02_-_published:2216;Over500_2026_P02_-_published:2217;Over500_2026_P02_-_published:2218;Over500_2026_P02_-_published:2219;Over500_2026_P02_-_published:2220;Over500_2026_P02_-_published:2221;Over500_2026_P02_-_published:2222;Over500_2026_P02_-_published:2223;Over500_2026_P02_-_published:2224;Over500_2026_P02_-_published:2225;Over500_2026_P02_-_published:2226;Over500_2026_P02_-_published:2227;Over500_2026_P03_-_published:2304;Over500_2026_P04_-_published:3806
LIAISE LODDON,LIAISE LODDON LTD,200171.96,800687.84,17,placement,placement=200171.96,Adult Social Care,none,,Over500_2026_P02_-_published:1647;Over500_2026_P02_-_published:1648;Over500_2026_P02_-_published:1696;Over500_2026_P02_-_published:1697;Over500_2026_P03_-_published:1434;Over500_2026_P03_-_published:1468;Over500_2026_P03_-_published:1440;Over500_2026_P03_-_published:1441;Over500_2026_P03_-_published:1514;Over500_2026_P03_-_published:1602;Over500_2026_P04_-_published:2133;Over500_2026_P04_-_published:2179;Over500_2026_P04_-_published:2823;Over500_2026_P04_-_published:2162;Over500_2026_P04_-_published:2183;Over500_2026_P04_-_published:2146;Over500_2026_P04_-_published:2952
ENIRO CARE,Eniro Care Ltd,195609.88,782439.52,115,placement,placement=195609.88,Adult Social Care,none,,Over500_2026_P03_-_published:1000;Over500_2026_P03_-_published:1001;Over500_2026_P03_-_published:1042;Over500_2026_P03_-_published:1043;Over500_2026_P03_-_published:1044;Over500_2026_P03_-_published:1045;Over500_2026_P03_-_published:1089;Over500_2026_P03_-_published:1090;Over500_2026_P03_-_published:1091;Over500_2026_P03_-_published:1092;Over500_2026_P03_-_published:1093;Over500_2026_P03_-_published:1094;Over500_2026_P03_-_published:1267;Over500_2026_P03_-_published:1428;Over500_2026_P03_-_published:2724;Over500_2026_P03_-_published:2725;Over500_2026_P03_-_published:2726;Over500_2026_P03_-_published:2727;Over500_2026_P03_-_published:2822;Over500_2026_P03_-_published:856;Over500_2026_P03_-_published:914;Over500_2026_P03_-_published:996;Over500_2026_P03_-_published:997;Over500_2026_P03_-_published:998;Over500_2026_P03_-_published:999;Over500_2026_P03_-_published:1086;Over500_2026_P03_-_published:1087;Over500_2026_P03_-_published:1088;Over500_2026_P03_-_published:1122;Over500_2026_P03_-_published:1127;Over500_2026_P03_-_published:1128;Over500_2026_P03_-_published:1129;Over500_2026_P03_-_published:1130;Over500_2026_P03_-_published:1131;Over500_2026_P03_-_published:1132;Over500_2026_P03_-_published:1142;Over500_2026_P03_-_published:1166;Over500_2026_P03_-_published:1167;Over500_2026_P03_-_published:1168;Over500_2026_P03_-_published:1169;Over500_2026_P03_-_published:1170;Over500_2026_P03_-_published:1171;Over500_2026_P03_-_published:1172;Over500_2026_P03_-_published:1268;Over500_2026_P03_-_published:1363;Over500_2026_P03_-_published:1367;Over500_2026_P03_-_published:1501;Over500_2026_P03_-_published:1502;Over500_2026_P03_-_published:2695;Over500_2026_P03_-_published:2753;Over500_2026_P03_-_published:2757;Over500_2026_P03_-_published:2758;Over500_2026_P03_-_published:2759;Over500_2026_P03_-_published:2760;Over500_2026_P03_-_published:2761;Over500_2026_P03_-_published:2826;Over500_2026_P03_-_published:2869;Over500_2026_P03_-_published:1219;Over500_2026_P03_-_published:1237;Over500_2026_P03_-_published:1244;Over500_2026_P03_-_published:1561;Over500_2026_P03_-_published:2877;Over500_2026_P04_-_published:1340;Over500_2026_P04_-_published:1341;Over500_2026_P04_-_published:1342;Over500_2026_P04_-_published:1380;Over500_2026_P04_-_published:1381;Over500_2026_P04_-_published:1382;Over500_2026_P04_-_published:1444;Over500_2026_P04_-_published:1445;Over500_2026_P04_-_published:1446;Over500_2026_P04_-_published:1985;Over500_2026_P04_-_published:1986;Over500_2026_P04_-_published:2029;Over500_2026_P04_-_published:2030;Over500_2026_P04_-_published:2077;Over500_2026_P04_-_published:2078;Over500_2026_P04_-_published:925;Over500_2026_P04_-_published:930;Over500_2026_P04_-_published:934;Over500_2026_P04_-_published:1524;Over500_2026_P04_-_published:2111;Over500_2026_P04_-_published:2523;Over500_2026_P04_-_published:1529;Over500_2026_P04_-_published:1533;Over500_2026_P04_-_published:1580;Over500_2026_P04_-_published:1581;Over500_2026_P04_-_published:2774;Over500_2026_P04_-_published:1536;Over500_2026_P04_-_published:1550;Over500_2026_P04_-_published:1551;Over500_2026_P04_-_published:1613;Over500_2026_P04_-_published:1628;Over500_2026_P04_-_published:1629;Over500_2026_P04_-_published:1630;Over500_2026_P04_-_published:1657;Over500_2026_P04_-_published:1697;Over500_2026_P04_-_published:1712;Over500_2026_P04_-_published:1713;Over500_2026_P04_-_published:1714;Over500_2026_P04_-_published:1715;Over500_2026_P04_-_published:1716;Over500_2026_P04_-_published:1717;Over500_2026_P04_-_published:1728;Over500_2026_P04_-_published:1729;Over500_2026_P04_-_published:1730;Over500_2026_P04_-_published:1778;Over500_2026_P04_-_published:1797;Over500_2026_P04_-_published:1812;Over500_2026_P04_-_published:2071;Over500_2026_P04_-_published:2283;Over500_2026_P04_-_published:2386;Over500_2026_P04_-_published:2387;Over500_2026_P04_-_published:990;Over500_2026_P04_-_published:991
HEART AND HOME LIVING,Heart and Home Living Ltd.,194740.0,778960.0,3,placement,placement=194740.0,Children's Social Care,none,,Over500_2026_P03_-_published:2047;Over500_2026_P04_-_published:3766;Over500_2026_P04_-_published:3767
LITTLE ME DAY NURSERY,LITTLE ME DAY NURSERY,190678.01,762712.04,1,grant,grant=190678.01,Education (DSG Funded) & Other Education Grants,none,,Over500_2026_P03_-_published:2061
SIKANDAR HAYAT TA PROMPT CARS,Sikandar Hayat t/a Prompt Cars,187250.5,749002.0,40,general_procurement,general_procurement=187250.5,Children's Social Care; Education & SEND,alias,P00000342 Oct-Dec 2024;West Berkshire Council Transport - Dynamic Purchasing System (DPS) ongoing awards Jan-Mar 2026;West Berkshire Council Transport - Dynamic Purchasing System (DPS) ongoing awards Oct-Dec 2025;West Berkshire Council Transport Dynamic Purchasing System (DPS) Ongoing awards July-Sept 2025,Over500_2026_P02_-_published:235;Over500_2026_P02_-_published:236;Over500_2026_P02_-_published:311;Over500_2026_P02_-_published:356;Over500_2026_P02_-_published:398;Over500_2026_P02_-_published:269;Over500_2026_P02_-_published:222;Over500_2026_P02_-_published:223;Over500_2026_P02_-_published:224;Over500_2026_P03_-_published:157;Over500_2026_P03_-_published:162;Over500_2026_P03_-_published:183;Over500_2026_P03_-_published:203;Over500_2026_P03_-_published:208;Over500_2026_P03_-_published:209;Over500_2026_P03_-_published:239;Over500_2026_P03_-_published:254;Over500_2026_P03_-_published:345;Over500_2026_P03_-_published:325;Over500_2026_P03_-_published:261;Over500_2026_P04_-_published:159;Over500_2026_P04_-_published:463;Over500_2026_P04_-_published:433;Over500_2026_P04_-_published:466;Over500_2026_P04_-_published:189;Over500_2026_P04_-_published:206;Over500_2026_P04_-_published:220;Over500_2026_P04_-_published:221;Over500_2026_P04_-_published:226;Over500_2026_P04_-_published:271;Over500_2026_P04_-_published:272;Over500_2026_P04_-_published:273;Over500_2026_P04_-_published:324;Over500_2026_P04_-_published:274;Over500_2026_P04_-_published:276;Over500_2026_P04_-_published:292;Over500_2026_P04_-_published:455;Over500_2026_P04_-_published:435;Over500_2026_P04_-_published:481;Over500_2026_P04_-_published:222
ARCH FUTURES,Arch Futures,177849.6,711398.4,6,placement,placement=177849.6,Adult Social Care,none,,Over500_2026_P03_-_published:1781;Over500_2026_P03_-_published:3010;Over500_2026_P04_-_published:2841;Over500_2026_P04_-_published:2483;Over500_2026_P04_-_published:2512;Over500_2026_P04_-_published:2572
POSITIVE FOOTSTEPS,POSITIVE FOOTSTEPS,173220.0,692880.0,6,placement,placement=173220.0,Children's Social Care,none,,Over500_2026_P02_-_published:2098;Over500_2026_P02_-_published:2102;Over500_2026_P03_-_published:2009;Over500_2026_P03_-_published:3046;Over500_2026_P04_-_published:3065;Over500_2026_P04_-_published:3085
ACHIEVE TOGETHER,Achieve Together Limited,172385.16,689540.64,18,placement,placement=121205.12; grant=51180.04,Adult Social Care,none,,Over500_2026_P02_-_published:1661;Over500_2026_P02_-_published:1662;Over500_2026_P02_-_published:1663;Over500_2026_P02_-_published:782;Over500_2026_P02_-_published:783;Over500_2026_P02_-_published:874;Over500_2026_P03_-_published:1504;Over500_2026_P03_-_published:1505;Over500_2026_P03_-_published:2672;Over500_2026_P03_-_published:2897;Over500_2026_P03_-_published:755;Over500_2026_P03_-_published:853;Over500_2026_P04_-_published:1564;Over500_2026_P04_-_published:2187;Over500_2026_P04_-_published:2941;Over500_2026_P04_-_published:2942;Over500_2026_P04_-_published:651;Over500_2026_P04_-_published:857
FIDELITY HEALTHCARE TA MARLBOROUGH LODGE CARE HOME,Fidelity Healthcare Ltd t/a Marlborough Lodge Care Home,172168.19,688672.76,39,placement,placement=172168.19,Adult Social Care,none,,Over500_2026_P02_-_published:1058;Over500_2026_P02_-_published:1059;Over500_2026_P02_-_published:1549;Over500_2026_P02_-_published:1550;Over500_2026_P02_-_published:1551;Over500_2026_P02_-_published:1552;Over500_2026_P02_-_published:1553;Over500_2026_P02_-_published:1554;Over500_2026_P02_-_published:1555;Over500_2026_P02_-_published:1556;Over500_2026_P02_-_published:1979;Over500_2026_P02_-_published:1980;Over500_2026_P02_-_published:1981;Over500_2026_P03_-_published:1025;Over500_2026_P03_-_published:1351;Over500_2026_P03_-_published:1418;Over500_2026_P03_-_published:1419;Over500_2026_P03_-_published:1491;Over500_2026_P03_-_published:1492;Over500_2026_P03_-_published:1864;Over500_2026_P03_-_published:1962;Over500_2026_P03_-_published:2852;Over500_2026_P03_-_published:2853;Over500_2026_P03_-_published:2854;Over500_2026_P03_-_published:3024;Over500_2026_P03_-_published:984;Over500_2026_P04_-_published:1143;Over500_2026_P04_-_published:1162;Over500_2026_P04_-_published:1955;Over500_2026_P04_-_published:1956;Over500_2026_P04_-_published:1957;Over500_2026_P04_-_published:1967;Over500_2026_P04_-_published:1968;Over500_2026_P04_-_published:2011;Over500_2026_P04_-_published:2682;Over500_2026_P04_-_published:2683;Over500_2026_P04_-_published:2871;Over500_2026_P04_-_published:2912;Over500_2026_P04_-_published:3705
CEDAR HOPE CARE SERVICES,Cedar Hope Care Services Ltd,171656.19,686624.76,30,placement,placement=171656.19,Adult Social Care; Children's Social Care,none,,Over500_2026_P02_-_published:1882;Over500_2026_P02_-_published:1761;Over500_2026_P02_-_published:2146;Over500_2026_P02_-_published:1783;Over500_2026_P02_-_published:1784;Over500_2026_P02_-_published:1785;Over500_2026_P02_-_published:1786;Over500_2026_P02_-_published:1787;Over500_2026_P02_-_published:1826;Over500_2026_P02_-_published:1827;Over500_2026_P02_-_published:1828;Over500_2026_P02_-_published:1829;Over500_2026_P03_-_published:1988;Over500_2026_P03_-_published:1994;Over500_2026_P03_-_published:1995;Over500_2026_P03_-_published:1925;Over500_2026_P03_-_published:1554;Over500_2026_P04_-_published:2776;Over500_2026_P04_-_published:3772;Over500_2026_P04_-_published:3220;Over500_2026_P04_-_published:2433;Over500_2026_P04_-_published:2491;Over500_2026_P04_-_published:2843;Over500_2026_P04_-_published:2874;Over500_2026_P04_-_published:3778;Over500_2026_P04_-_published:3044;Over500_2026_P04_-_published:3690;Over500_2026_P04_-_published:3741;Over500_2026_P04_-_published:2517;Over500_2026_P04_-_published:3230
ANDY AND ES,ANDY AND ES LIMITED,171158.85,684635.4,3,placement,placement=171158.85,Education & SEND,none,,Over500_2026_P02_-_published:670;Over500_2026_P03_-_published:661;Over500_2026_P04_-_published:1283
GRACEWELL HEALTHCARE,Gracewell Healthcare Ltd,170962.33,683849.32,26,placement,placement=170962.33,Adult Social Care,none,,Over500_2026_P02_-_published:1053;Over500_2026_P02_-_published:1054;Over500_2026_P02_-_published:1055;Over500_2026_P02_-_published:1483;Over500_2026_P02_-_published:1484;Over500_2026_P02_-_published:994;Over500_2026_P02_-_published:995;Over500_2026_P02_-_published:996;Over500_2026_P03_-_published:1023;Over500_2026_P03_-_published:1473;Over500_2026_P03_-_published:2706;Over500_2026_P03_-_published:2839;Over500_2026_P03_-_published:925;Over500_2026_P03_-_published:956;Over500_2026_P03_-_published:983;Over500_2026_P04_-_published:1094;Over500_2026_P04_-_published:1110;Over500_2026_P04_-_published:1123;Over500_2026_P04_-_published:1160;Over500_2026_P04_-_published:1161;Over500_2026_P04_-_published:1832;Over500_2026_P04_-_published:1897;Over500_2026_P04_-_published:1898;Over500_2026_P04_-_published:1911;Over500_2026_P04_-_published:1935;Over500_2026_P04_-_published:2155
JUST LEARNING TA BUSY BEES NEWBURY,JUST LEARNING LTD/TA BUSY BEES@NEWBURY,169624.35,678497.4,2,grant,grant=169624.35,Education (DSG Funded) & Other Education Grants,none,,Over500_2026_P03_-_published:494;Over500_2026_P03_-_published:588
WEAVAWAY TRAVEL,WEAVAWAY TRAVEL LTD,169351.6,677406.4,45,general_procurement,general_procurement=169351.6,Education & SEND,name,P00000342,Over500_2026_P02_-_published:305;Over500_2026_P02_-_published:306;Over500_2026_P02_-_published:307;Over500_2026_P02_-_published:308;Over500_2026_P02_-_published:310;Over500_2026_P02_-_published:331;Over500_2026_P02_-_published:332;Over500_2026_P02_-_published:333;Over500_2026_P02_-_published:334;Over500_2026_P02_-_published:335;Over500_2026_P03_-_published:170;Over500_2026_P03_-_published:177;Over500_2026_P03_-_published:178;Over500_2026_P03_-_published:206;Over500_2026_P03_-_published:207;Over500_2026_P03_-_published:214;Over500_2026_P03_-_published:215;Over500_2026_P03_-_published:245;Over500_2026_P03_-_published:337;Over500_2026_P03_-_published:340;Over500_2026_P04_-_published:181;Over500_2026_P04_-_published:183;Over500_2026_P04_-_published:195;Over500_2026_P04_-_published:196;Over500_2026_P04_-_published:245;Over500_2026_P04_-_published:246;Over500_2026_P04_-_published:253;Over500_2026_P04_-_published:300;Over500_2026_P04_-_published:301;Over500_2026_P04_-_published:302;Over500_2026_P04_-_published:309;Over500_2026_P04_-_published:450;Over500_2026_P04_-_published:451;Over500_2026_P04_-_published:452;Over500_2026_P04_-_published:459;Over500_2026_P04_-_published:192;Over500_2026_P04_-_published:197;Over500_2026_P04_-_published:198;Over500_2026_P04_-_published:249;Over500_2026_P04_-_published:250;Over500_2026_P04_-_published:305;Over500_2026_P04_-_published:310;Over500_2026_P04_-_published:311;Over500_2026_P04_-_published:456;Over500_2026_P04_-_published:460
FD TRAVELS TA SCHOOL EXPRESS,FD TRAVELS LIMITED T/A SCHOOL EXPRESS,165324.47,661297.88,70,general_procurement,general_procurement=165324.47,Education & SEND,name,IT-402-1471-P00001471 - AWARD;P00000342;P00000342 Oct-Dec 2022;West Berkshire Council Transport - Dynamic Purchasing System (DPS) ongoing awards Oct-Dec 2025;West Berkshire Council Transport Dynamic Purchasing System (DPS) Ongoing awards July-Sept 2025,Over500_2026_P02_-_published:344;Over500_2026_P02_-_published:345;Over500_2026_P02_-_published:346;Over500_2026_P02_-_published:347;Over500_2026_P02_-_published:265;Over500_2026_P02_-_published:380;Over500_2026_P02_-_published:381;Over500_2026_P02_-_published:382;Over500_2026_P02_-_published:383;Over500_2026_P02_-_published:384;Over500_2026_P02_-_published:385;Over500_2026_P02_-_published:241;Over500_2026_P02_-_published:242;Over500_2026_P02_-_published:266;Over500_2026_P02_-_published:289;Over500_2026_P02_-_published:290;Over500_2026_P02_-_published:387;Over500_2026_P02_-_published:388;Over500_2026_P02_-_published:389;Over500_2026_P02_-_published:390;Over500_2026_P02_-_published:251;Over500_2026_P02_-_published:283;Over500_2026_P02_-_published:284;Over500_2026_P02_-_published:294;Over500_2026_P02_-_published:422;Over500_2026_P02_-_published:423;Over500_2026_P02_-_published:424;Over500_2026_P02_-_published:425;Over500_2026_P02_-_published:426;Over500_2026_P02_-_published:427;Over500_2026_P02_-_published:428;Over500_2026_P02_-_published:429;Over500_2026_P02_-_published:430;Over500_2026_P03_-_published:164;Over500_2026_P03_-_published:184;Over500_2026_P03_-_published:228;Over500_2026_P03_-_published:229;Over500_2026_P03_-_published:255;Over500_2026_P03_-_published:333;Over500_2026_P03_-_published:346;Over500_2026_P04_-_published:202;Over500_2026_P04_-_published:223;Over500_2026_P04_-_published:258;Over500_2026_P04_-_published:316;Over500_2026_P04_-_published:438;Over500_2026_P04_-_published:467;Over500_2026_P04_-_published:261;Over500_2026_P04_-_published:434;Over500_2026_P04_-_published:443;Over500_2026_P04_-_published:160;Over500_2026_P04_-_published:175;Over500_2026_P04_-_published:203;Over500_2026_P04_-_published:204;Over500_2026_P04_-_published:225;Over500_2026_P04_-_published:233;Over500_2026_P04_-_published:265;Over500_2026_P04_-_published:266;Over500_2026_P04_-_published:267;Over500_2026_P04_-_published:268;Over500_2026_P04_-_published:319;Over500_2026_P04_-_published:320;Over500_2026_P04_-_published:321;Over500_2026_P04_-_published:444;Over500_2026_P04_-_published:448;Over500_2026_P04_-_published:475;Over500_2026_P04_-_published:476;Over500_2026_P04_-_published:326;Over500_2026_P04_-_published:327;Over500_2026_P04_-_published:336;Over500_2026_P04_-_published:345
PARKVIEW CARE BROADSTAIRS,Parkview Care (Broadstairs) Limited,164912.12,659648.48,4,placement,placement=164912.12,Children's Social Care,none,,Over500_2026_P03_-_published:2005;Over500_2026_P03_-_published:2006;Over500_2026_P04_-_published:3747;Over500_2026_P04_-_published:3756
ENRICHED CARE SUPPORT SERVICES,Enriched Care Support Services Ltd,163424.21,653696.84,41,placement,placement=163424.21,Adult Social Care,none,,Over500_2026_P02_-_published:1891;Over500_2026_P02_-_published:1892;Over500_2026_P02_-_published:1895;Over500_2026_P02_-_published:1896;Over500_2026_P02_-_published:1897;Over500_2026_P02_-_published:1898;Over500_2026_P02_-_published:1899;Over500_2026_P02_-_published:1900;Over500_2026_P02_-_published:1901;Over500_2026_P02_-_published:1998;Over500_2026_P02_-_published:2007;Over500_2026_P03_-_published:1520;Over500_2026_P03_-_published:1777;Over500_2026_P03_-_published:1778;Over500_2026_P03_-_published:1836;Over500_2026_P03_-_published:1837;Over500_2026_P03_-_published:1877;Over500_2026_P03_-_published:1966;Over500_2026_P03_-_published:1972;Over500_2026_P03_-_published:2993;Over500_2026_P03_-_published:2994;Over500_2026_P03_-_published:2999;Over500_2026_P03_-_published:1816;Over500_2026_P03_-_published:1817;Over500_2026_P03_-_published:1870;Over500_2026_P03_-_published:1909;Over500_2026_P03_-_published:1953;Over500_2026_P03_-_published:1954;Over500_2026_P03_-_published:1955;Over500_2026_P03_-_published:2952;Over500_2026_P03_-_published:3029;Over500_2026_P04_-_published:2447;Over500_2026_P04_-_published:2798;Over500_2026_P04_-_published:2799;Over500_2026_P04_-_published:2851;Over500_2026_P04_-_published:2852;Over500_2026_P04_-_published:2853;Over500_2026_P04_-_published:2854;Over500_2026_P04_-_published:2994;Over500_2026_P04_-_published:2995;Over500_2026_P04_-_published:3686
ELIOR UK,Elior UK PLC,161415.59,645662.36,9,general_procurement,general_procurement=161415.59,Adult Social Care,none,,Over500_2026_P02_-_published:525;Over500_2026_P02_-_published:526;Over500_2026_P02_-_published:530;Over500_2026_P03_-_published:434;Over500_2026_P03_-_published:440;Over500_2026_P03_-_published:433;Over500_2026_P04_-_published:532;Over500_2026_P04_-_published:983;Over500_2026_P04_-_published:533
BROADMEAD RESTHOME,BROADMEAD RESTHOME LTD,161353.42,645413.68,24,placement,placement=161353.42,Adult Social Care,none,,Over500_2026_P02_-_published:1027;Over500_2026_P02_-_published:1028;Over500_2026_P02_-_published:1029;Over500_2026_P02_-_published:1452;Over500_2026_P02_-_published:1512;Over500_2026_P02_-_published:1513;Over500_2026_P02_-_published:1514;Over500_2026_P02_-_published:1969;Over500_2026_P02_-_published:1970;Over500_2026_P02_-_published:1971;Over500_2026_P02_-_published:1972;Over500_2026_P02_-_published:2010;Over500_2026_P04_-_published:1101;Over500_2026_P04_-_published:1842;Over500_2026_P04_-_published:1843;Over500_2026_P04_-_published:1903;Over500_2026_P04_-_published:1919;Over500_2026_P04_-_published:1998;Over500_2026_P04_-_published:2673;Over500_2026_P04_-_published:2870;Over500_2026_P04_-_published:2887;Over500_2026_P04_-_published:2910;Over500_2026_P04_-_published:3004;Over500_2026_P04_-_published:3702
COMFORT HARMONY CARE,Comfort Harmony Care Ltd,159139.72,636558.88,89,placement,placement=159139.72,Adult Social Care,none,,Over500_2026_P02_-_published:1167;Over500_2026_P02_-_published:1168;Over500_2026_P02_-_published:1169;Over500_2026_P02_-_published:1170;Over500_2026_P02_-_published:1171;Over500_2026_P02_-_published:1172;Over500_2026_P02_-_published:1589;Over500_2026_P02_-_published:1590;Over500_2026_P02_-_published:1621;Over500_2026_P02_-_published:1992;Over500_2026_P02_-_published:884;Over500_2026_P02_-_published:885;Over500_2026_P02_-_published:922;Over500_2026_P02_-_published:1245;Over500_2026_P02_-_published:1605;Over500_2026_P02_-_published:1876;Over500_2026_P03_-_published:1002;Over500_2026_P03_-_published:1046;Over500_2026_P03_-_published:1063;Over500_2026_P03_-_published:1096;Over500_2026_P03_-_published:2730;Over500_2026_P03_-_published:2740;Over500_2026_P03_-_published:875;Over500_2026_P03_-_published:910;Over500_2026_P03_-_published:1503;Over500_2026_P03_-_published:2871;Over500_2026_P03_-_published:2872;Over500_2026_P03_-_published:2873;Over500_2026_P03_-_published:2913;Over500_2026_P03_-_published:840;Over500_2026_P03_-_published:1157;Over500_2026_P03_-_published:1158;Over500_2026_P03_-_published:1184;Over500_2026_P03_-_published:1185;Over500_2026_P03_-_published:1190;Over500_2026_P03_-_published:1191;Over500_2026_P03_-_published:1391;Over500_2026_P03_-_published:1399;Over500_2026_P03_-_published:1431;Over500_2026_P03_-_published:1558;Over500_2026_P03_-_published:1965;Over500_2026_P03_-_published:2783;Over500_2026_P03_-_published:2878;Over500_2026_P03_-_published:2879;Over500_2026_P03_-_published:2992;Over500_2026_P03_-_published:866;Over500_2026_P04_-_published:2955;Over500_2026_P04_-_published:889;Over500_2026_P04_-_published:1231;Over500_2026_P04_-_published:1232;Over500_2026_P04_-_published:1311;Over500_2026_P04_-_published:1312;Over500_2026_P04_-_published:1313;Over500_2026_P04_-_published:1358;Over500_2026_P04_-_published:1359;Over500_2026_P04_-_published:1360;Over500_2026_P04_-_published:2016;Over500_2026_P04_-_published:2017;Over500_2026_P04_-_published:2018;Over500_2026_P04_-_published:2019;Over500_2026_P04_-_published:2044;Over500_2026_P04_-_published:2107;Over500_2026_P04_-_published:2147;Over500_2026_P04_-_published:2773;Over500_2026_P04_-_published:2802;Over500_2026_P04_-_published:2894;Over500_2026_P04_-_published:919;Over500_2026_P04_-_published:932;Over500_2026_P04_-_published:995;Over500_2026_P04_-_published:1061;Over500_2026_P04_-_published:1556;Over500_2026_P04_-_published:1557;Over500_2026_P04_-_published:1558;Over500_2026_P04_-_published:1591;Over500_2026_P04_-_published:1617;Over500_2026_P04_-_published:1636;Over500_2026_P04_-_published:1637;Over500_2026_P04_-_published:2074;Over500_2026_P04_-_published:2098;Over500_2026_P04_-_published:2099;Over500_2026_P04_-_published:2116;Over500_2026_P04_-_published:2117;Over500_2026_P04_-_published:2118;Over500_2026_P04_-_published:2238;Over500_2026_P04_-_published:2289;Over500_2026_P04_-_published:2775;Over500_2026_P04_-_published:2919;Over500_2026_P04_-_published:953;Over500_2026_P04_-_published:985
BRIGHTER BEGINNINGS,Brighter Beginnings Ltd.,158108.59,632434.36,3,placement,placement=158108.59,Children's Social Care,none,,Over500_2026_P02_-_published:2103;Over500_2026_P04_-_published:3058;Over500_2026_P04_-_published:3061
NOUBLES HEALTHCARE,Noubles Healthcare Ltd,156580.61,626322.44,109,placement,placement=156580.61,Adult Social Care,none,,Over500_2026_P02_-_published:1078;Over500_2026_P02_-_published:1079;Over500_2026_P02_-_published:1080;Over500_2026_P02_-_published:1093;Over500_2026_P02_-_published:1095;Over500_2026_P02_-_published:1096;Over500_2026_P02_-_published:1097;Over500_2026_P02_-_published:1416;Over500_2026_P02_-_published:1991;Over500_2026_P02_-_published:1221;Over500_2026_P02_-_published:1224;Over500_2026_P02_-_published:1225;Over500_2026_P02_-_published:1226;Over500_2026_P02_-_published:1227;Over500_2026_P02_-_published:1228;Over500_2026_P02_-_published:1229;Over500_2026_P02_-_published:1230;Over500_2026_P02_-_published:1231;Over500_2026_P02_-_published:1232;Over500_2026_P02_-_published:1233;Over500_2026_P02_-_published:1234;Over500_2026_P02_-_published:1235;Over500_2026_P02_-_published:1236;Over500_2026_P02_-_published:1237;Over500_2026_P02_-_published:1238;Over500_2026_P02_-_published:1239;Over500_2026_P02_-_published:1240;Over500_2026_P02_-_published:1241;Over500_2026_P02_-_published:1242;Over500_2026_P02_-_published:1243;Over500_2026_P02_-_published:1244;Over500_2026_P02_-_published:1313;Over500_2026_P02_-_published:1615;Over500_2026_P02_-_published:1994;Over500_2026_P02_-_published:896;Over500_2026_P02_-_published:897;Over500_2026_P02_-_published:926;Over500_2026_P02_-_published:1318;Over500_2026_P02_-_published:1325;Over500_2026_P02_-_published:1326;Over500_2026_P02_-_published:1327;Over500_2026_P03_-_published:1050;Over500_2026_P03_-_published:1051;Over500_2026_P03_-_published:1052;Over500_2026_P03_-_published:1053;Over500_2026_P03_-_published:1062;Over500_2026_P03_-_published:1101;Over500_2026_P03_-_published:1102;Over500_2026_P03_-_published:1103;Over500_2026_P03_-_published:1116;Over500_2026_P03_-_published:1117;Over500_2026_P03_-_published:1121;Over500_2026_P03_-_published:1964;Over500_2026_P03_-_published:2734;Over500_2026_P03_-_published:2735;Over500_2026_P03_-_published:2736;Over500_2026_P03_-_published:2737;Over500_2026_P03_-_published:2738;Over500_2026_P03_-_published:2752;Over500_2026_P03_-_published:849;Over500_2026_P03_-_published:876;Over500_2026_P03_-_published:880;Over500_2026_P03_-_published:1174;Over500_2026_P03_-_published:1395;Over500_2026_P04_-_published:1214;Over500_2026_P04_-_published:1217;Over500_2026_P04_-_published:1230;Over500_2026_P04_-_published:1255;Over500_2026_P04_-_published:1256;Over500_2026_P04_-_published:1257;Over500_2026_P04_-_published:1258;Over500_2026_P04_-_published:1259;Over500_2026_P04_-_published:1260;Over500_2026_P04_-_published:1353;Over500_2026_P04_-_published:1354;Over500_2026_P04_-_published:1355;Over500_2026_P04_-_published:1356;Over500_2026_P04_-_published:1357;Over500_2026_P04_-_published:1566;Over500_2026_P04_-_published:1982;Over500_2026_P04_-_published:2041;Over500_2026_P04_-_published:2042;Over500_2026_P04_-_published:2043;Over500_2026_P04_-_published:2652;Over500_2026_P04_-_published:3710;Over500_2026_P04_-_published:999;Over500_2026_P04_-_published:1351;Over500_2026_P04_-_published:2085;Over500_2026_P04_-_published:2750;Over500_2026_P04_-_published:3712;Over500_2026_P04_-_published:1060;Over500_2026_P04_-_published:1553;Over500_2026_P04_-_published:1554;Over500_2026_P04_-_published:1555;Over500_2026_P04_-_published:1614;Over500_2026_P04_-_published:1615;Over500_2026_P04_-_published:1616;Over500_2026_P04_-_published:1632;Over500_2026_P04_-_published:1633;Over500_2026_P04_-_published:1634;Over500_2026_P04_-_published:1635;Over500_2026_P04_-_published:1798;Over500_2026_P04_-_published:2115;Over500_2026_P04_-_published:2284;Over500_2026_P04_-_published:2285;Over500_2026_P04_-_published:2286;Over500_2026_P04_-_published:2749;Over500_2026_P04_-_published:3713;Over500_2026_P04_-_published:945
ALL CARE GB,All-Care (GB) Ltd,156050.59,624202.36,166,placement,placement=156050.59,Adult Social Care,none,,Over500_2026_P02_-_published:1222;Over500_2026_P02_-_published:1288;Over500_2026_P02_-_published:1289;Over500_2026_P02_-_published:1290;Over500_2026_P02_-_published:1291;Over500_2026_P02_-_published:1292;Over500_2026_P02_-_published:1293;Over500_2026_P02_-_published:1294;Over500_2026_P02_-_published:1295;Over500_2026_P02_-_published:1296;Over500_2026_P02_-_published:1297;Over500_2026_P02_-_published:1298;Over500_2026_P02_-_published:1409;Over500_2026_P02_-_published:1410;Over500_2026_P02_-_published:1411;Over500_2026_P02_-_published:1412;Over500_2026_P02_-_published:1420;Over500_2026_P02_-_published:1440;Over500_2026_P02_-_published:1611;Over500_2026_P02_-_published:1612;Over500_2026_P02_-_published:1613;Over500_2026_P02_-_published:1614;Over500_2026_P02_-_published:1626;Over500_2026_P02_-_published:1816;Over500_2026_P02_-_published:1817;Over500_2026_P02_-_published:1818;Over500_2026_P02_-_published:1936;Over500_2026_P02_-_published:895;Over500_2026_P02_-_published:903;Over500_2026_P02_-_published:904;Over500_2026_P02_-_published:935;Over500_2026_P02_-_published:936;Over500_2026_P02_-_published:937;Over500_2026_P02_-_published:938;Over500_2026_P02_-_published:939;Over500_2026_P02_-_published:940;Over500_2026_P02_-_published:941;Over500_2026_P02_-_published:1399;Over500_2026_P02_-_published:1400;Over500_2026_P02_-_published:1413;Over500_2026_P02_-_published:1451;Over500_2026_P02_-_published:1942;Over500_2026_P02_-_published:943;Over500_2026_P02_-_published:944;Over500_2026_P02_-_published:945;Over500_2026_P02_-_published:946;Over500_2026_P02_-_published:947;Over500_2026_P02_-_published:920;Over500_2026_P02_-_published:948;Over500_2026_P02_-_published:949;Over500_2026_P02_-_published:950;Over500_2026_P02_-_published:951;Over500_2026_P02_-_published:952;Over500_2026_P03_-_published:1033;Over500_2026_P03_-_published:1265;Over500_2026_P03_-_published:1296;Over500_2026_P03_-_published:1311;Over500_2026_P03_-_published:2829;Over500_2026_P03_-_published:889;Over500_2026_P03_-_published:913;Over500_2026_P03_-_published:971;Over500_2026_P03_-_published:1133;Over500_2026_P03_-_published:1134;Over500_2026_P03_-_published:1143;Over500_2026_P03_-_published:2870;Over500_2026_P03_-_published:2998;Over500_2026_P03_-_published:861;Over500_2026_P03_-_published:1220;Over500_2026_P03_-_published:1221;Over500_2026_P03_-_published:1238;Over500_2026_P03_-_published:1249;Over500_2026_P03_-_published:1250;Over500_2026_P03_-_published:1270;Over500_2026_P03_-_published:1271;Over500_2026_P03_-_published:1272;Over500_2026_P03_-_published:1273;Over500_2026_P03_-_published:1308;Over500_2026_P03_-_published:1310;Over500_2026_P03_-_published:1315;Over500_2026_P03_-_published:1396;Over500_2026_P03_-_published:2806;Over500_2026_P03_-_published:2821;Over500_2026_P03_-_published:2882;Over500_2026_P03_-_published:846;Over500_2026_P03_-_published:847;Over500_2026_P04_-_published:1022;Over500_2026_P04_-_published:1023;Over500_2026_P04_-_published:1053;Over500_2026_P04_-_published:1054;Over500_2026_P04_-_published:1063;Over500_2026_P04_-_published:1064;Over500_2026_P04_-_published:1065;Over500_2026_P04_-_published:1147;Over500_2026_P04_-_published:1163;Over500_2026_P04_-_published:1164;Over500_2026_P04_-_published:1203;Over500_2026_P04_-_published:1242;Over500_2026_P04_-_published:1244;Over500_2026_P04_-_published:1699;Over500_2026_P04_-_published:1733;Over500_2026_P04_-_published:1753;Over500_2026_P04_-_published:1754;Over500_2026_P04_-_published:1802;Over500_2026_P04_-_published:1803;Over500_2026_P04_-_published:1804;Over500_2026_P04_-_published:1901;Over500_2026_P04_-_published:1975;Over500_2026_P04_-_published:2592;Over500_2026_P04_-_published:2612;Over500_2026_P04_-_published:2637;Over500_2026_P04_-_published:2646;Over500_2026_P04_-_published:2648;Over500_2026_P04_-_published:2658;Over500_2026_P04_-_published:891;Over500_2026_P04_-_published:1024;Over500_2026_P04_-_published:1055;Over500_2026_P04_-_published:1056;Over500_2026_P04_-_published:1755;Over500_2026_P04_-_published:1756;Over500_2026_P04_-_published:1780;Over500_2026_P04_-_published:2662;Over500_2026_P04_-_published:3148;Over500_2026_P04_-_published:1431;Over500_2026_P04_-_published:1466;Over500_2026_P04_-_published:1482;Over500_2026_P04_-_published:1483;Over500_2026_P04_-_published:1484;Over500_2026_P04_-_published:1485;Over500_2026_P04_-_published:1486;Over500_2026_P04_-_published:1493;Over500_2026_P04_-_published:1494;Over500_2026_P04_-_published:1740;Over500_2026_P04_-_published:1873;Over500_2026_P04_-_published:1899;Over500_2026_P04_-_published:2093;Over500_2026_P04_-_published:2094;Over500_2026_P04_-_published:2109;Over500_2026_P04_-_published:2110;Over500_2026_P04_-_published:2201;Over500_2026_P04_-_published:2763;Over500_2026_P04_-_published:938;Over500_2026_P04_-_published:1589;Over500_2026_P04_-_published:1887;Over500_2026_P04_-_published:2278;Over500_2026_P04_-_published:1641;Over500_2026_P04_-_published:1650;Over500_2026_P04_-_published:1651;Over500_2026_P04_-_published:1652;Over500_2026_P04_-_published:1693;Over500_2026_P04_-_published:1694;Over500_2026_P04_-_published:1747;Over500_2026_P04_-_published:1775;Over500_2026_P04_-_published:1880;Over500_2026_P04_-_published:1900;Over500_2026_P04_-_published:2067;Over500_2026_P04_-_published:2103;Over500_2026_P04_-_published:2104;Over500_2026_P04_-_published:2122;Over500_2026_P04_-_published:2279;Over500_2026_P04_-_published:2378;Over500_2026_P04_-_published:2379;Over500_2026_P04_-_published:2380;Over500_2026_P04_-_published:2381;Over500_2026_P04_-_published:2382;Over500_2026_P04_-_published:2882;Over500_2026_P04_-_published:960
DOWNVIEW RESIDENTIAL HOME,DOWNVIEW RESIDENTIAL HOME LIMITED,155202.92,620811.68,27,placement,placement=155202.92,Adult Social Care,none,,Over500_2026_P02_-_published:1649;Over500_2026_P02_-_published:1650;Over500_2026_P02_-_published:1651;Over500_2026_P02_-_published:1652;Over500_2026_P02_-_published:1653;Over500_2026_P02_-_published:1654;Over500_2026_P02_-_published:1655;Over500_2026_P02_-_published:1656;Over500_2026_P02_-_published:1844;Over500_2026_P03_-_published:1403;Over500_2026_P03_-_published:1404;Over500_2026_P03_-_published:1461;Over500_2026_P03_-_published:1462;Over500_2026_P03_-_published:1568;Over500_2026_P03_-_published:1569;Over500_2026_P03_-_published:1757;Over500_2026_P03_-_published:2891;Over500_2026_P03_-_published:2892;Over500_2026_P04_-_published:2134;Over500_2026_P04_-_published:2135;Over500_2026_P04_-_published:2136;Over500_2026_P04_-_published:2163;Over500_2026_P04_-_published:2184;Over500_2026_P04_-_published:2185;Over500_2026_P04_-_published:2715;Over500_2026_P04_-_published:2938;Over500_2026_P04_-_published:2939
NEXT STEP SERVICES,Next Step Services,151581.82,606327.28,44,placement,placement=151581.82,Children's Social Care,none,,Over500_2026_P02_-_published:2049;Over500_2026_P02_-_published:2050;Over500_2026_P02_-_published:2150;Over500_2026_P02_-_published:2151;Over500_2026_P02_-_published:2152;Over500_2026_P02_-_published:2153;Over500_2026_P02_-_published:2154;Over500_2026_P02_-_published:2155;Over500_2026_P02_-_published:2133;Over500_2026_P02_-_published:2134;Over500_2026_P02_-_published:2135;Over500_2026_P02_-_published:2136;Over500_2026_P02_-_published:2137;Over500_2026_P02_-_published:2138;Over500_2026_P02_-_published:2139;Over500_2026_P02_-_published:2140;Over500_2026_P02_-_published:2156;Over500_2026_P02_-_published:2157;Over500_2026_P03_-_published:2051;Over500_2026_P03_-_published:3068;Over500_2026_P03_-_published:2122;Over500_2026_P03_-_published:3070;Over500_2026_P04_-_published:3145;Over500_2026_P04_-_published:3225;Over500_2026_P04_-_published:3108;Over500_2026_P04_-_published:3109;Over500_2026_P04_-_published:3141;Over500_2026_P04_-_published:3146;Over500_2026_P04_-_published:3178;Over500_2026_P04_-_published:3226;Over500_2026_P04_-_published:3771;Over500_2026_P04_-_published:3775;Over500_2026_P04_-_published:3217;Over500_2026_P04_-_published:3218;Over500_2026_P04_-_published:3110;Over500_2026_P04_-_published:3111;Over500_2026_P04_-_published:3219;Over500_2026_P04_-_published:3142;Over500_2026_P04_-_published:3147;Over500_2026_P04_-_published:3221;Over500_2026_P04_-_published:3227;Over500_2026_P04_-_published:3113;Over500_2026_P04_-_published:3114;Over500_2026_P04_-_published:3777
QUACKERS DAY NURSERY,QUACKERS DAY NURSERY,149005.08,596020.32,1,grant,grant=149005.08,Education (DSG Funded) & Other Education Grants,none,,Over500_2026_P03_-_published:605
VALUED CARE SUPPORTED LIVING,Valued Care Supported Living,145597.89,582391.56,34,placement,placement=145597.89,Adult Social Care,none,,Over500_2026_P02_-_published:1919;Over500_2026_P02_-_published:1924;Over500_2026_P02_-_published:1925;Over500_2026_P02_-_published:1926;Over500_2026_P02_-_published:1927;Over500_2026_P02_-_published:1928;Over500_2026_P02_-_published:1929;Over500_2026_P02_-_published:1930;Over500_2026_P02_-_published:1931;Over500_2026_P02_-_published:1953;Over500_2026_P02_-_published:1955;Over500_2026_P02_-_published:1956;Over500_2026_P02_-_published:1999;Over500_2026_P02_-_published:2000;Over500_2026_P02_-_published:2001;Over500_2026_P03_-_published:1807;Over500_2026_P03_-_published:1810;Over500_2026_P03_-_published:1811;Over500_2026_P03_-_published:1882;Over500_2026_P03_-_published:1883;Over500_2026_P03_-_published:1884;Over500_2026_P03_-_published:1887;Over500_2026_P03_-_published:1895;Over500_2026_P03_-_published:1899;Over500_2026_P03_-_published:1958;Over500_2026_P03_-_published:1971;Over500_2026_P03_-_published:3002;Over500_2026_P03_-_published:3003;Over500_2026_P03_-_published:3004;Over500_2026_P03_-_published:3011;Over500_2026_P03_-_published:3012;Over500_2026_P03_-_published:3019;Over500_2026_P03_-_published:1820;Over500_2026_P03_-_published:1869
BBOWT,BBOWT,144317.43,577269.72,3,general_procurement,general_procurement=144317.43,Environment,none,,Over500_2026_P02_-_published:641;Over500_2026_P04_-_published:589;Over500_2026_P04_-_published:623
HUCKLEBERRY HOUSE,Huckleberry House,144118.39,576473.56,5,placement,placement=144118.39,Education (DSG Funded) & Other Education Grants,none,,Over500_2026_P02_-_published:2266;Over500_2026_P02_-_published:2267;Over500_2026_P02_-_published:2268;Over500_2026_P02_-_published:2269;Over500_2026_P02_-_published:2270
CARE OUTLOOK,Care Outlook Ltd,141432.71,565730.84,97,placement,placement=141432.71,Adult Social Care,name,IT-402-978-P00000978 - AWARD,Over500_2026_P02_-_published:1389;Over500_2026_P02_-_published:1390;Over500_2026_P02_-_published:1392;Over500_2026_P02_-_published:1393;Over500_2026_P02_-_published:1394;Over500_2026_P02_-_published:1395;Over500_2026_P02_-_published:1396;Over500_2026_P02_-_published:1397;Over500_2026_P02_-_published:1398;Over500_2026_P02_-_published:1439;Over500_2026_P02_-_published:1449;Over500_2026_P02_-_published:1622;Over500_2026_P02_-_published:1623;Over500_2026_P02_-_published:1624;Over500_2026_P02_-_published:928;Over500_2026_P02_-_published:929;Over500_2026_P02_-_published:930;Over500_2026_P02_-_published:1402;Over500_2026_P02_-_published:1403;Over500_2026_P02_-_published:1450;Over500_2026_P02_-_published:1625;Over500_2026_P02_-_published:932;Over500_2026_P02_-_published:1404;Over500_2026_P02_-_published:1405;Over500_2026_P02_-_published:1406;Over500_2026_P02_-_published:1407;Over500_2026_P02_-_published:1860;Over500_2026_P03_-_published:1266;Over500_2026_P03_-_published:1282;Over500_2026_P03_-_published:848;Over500_2026_P03_-_published:1763;Over500_2026_P03_-_published:1269;Over500_2026_P03_-_published:1291;Over500_2026_P03_-_published:1584;Over500_2026_P03_-_published:2886;Over500_2026_P03_-_published:1293;Over500_2026_P03_-_published:1294;Over500_2026_P03_-_published:1295;Over500_2026_P03_-_published:1297;Over500_2026_P03_-_published:1298;Over500_2026_P03_-_published:1299;Over500_2026_P03_-_published:1300;Over500_2026_P03_-_published:1301;Over500_2026_P03_-_published:1314;Over500_2026_P03_-_published:1321;Over500_2026_P03_-_published:1370;Over500_2026_P03_-_published:1458;Over500_2026_P03_-_published:2698;Over500_2026_P03_-_published:2811;Over500_2026_P03_-_published:2812;Over500_2026_P03_-_published:2813;Over500_2026_P03_-_published:2814;Over500_2026_P03_-_published:2815;Over500_2026_P03_-_published:2816;Over500_2026_P03_-_published:2817;Over500_2026_P03_-_published:2887;Over500_2026_P03_-_published:2888;Over500_2026_P03_-_published:2979;Over500_2026_P03_-_published:888;Over500_2026_P03_-_published:933;Over500_2026_P03_-_published:934;Over500_2026_P04_-_published:1700;Over500_2026_P04_-_published:1701;Over500_2026_P04_-_published:1702;Over500_2026_P04_-_published:1703;Over500_2026_P04_-_published:1720;Over500_2026_P04_-_published:1721;Over500_2026_P04_-_published:1722;Over500_2026_P04_-_published:1723;Over500_2026_P04_-_published:1724;Over500_2026_P04_-_published:1734;Over500_2026_P04_-_published:1735;Over500_2026_P04_-_published:1736;Over500_2026_P04_-_published:1737;Over500_2026_P04_-_published:1738;Over500_2026_P04_-_published:1750;Over500_2026_P04_-_published:1878;Over500_2026_P04_-_published:2072;Over500_2026_P04_-_published:2124;Over500_2026_P04_-_published:2125;Over500_2026_P04_-_published:2126;Over500_2026_P04_-_published:2296;Over500_2026_P04_-_published:2519;Over500_2026_P04_-_published:2520;Over500_2026_P04_-_published:2659;Over500_2026_P04_-_published:973;Over500_2026_P04_-_published:992;Over500_2026_P04_-_published:998;Over500_2026_P04_-_published:1704;Over500_2026_P04_-_published:1739;Over500_2026_P04_-_published:1757;Over500_2026_P04_-_published:1760;Over500_2026_P04_-_published:1761;Over500_2026_P04_-_published:2703;Over500_2026_P04_-_published:2037;Over500_2026_P04_-_published:1785;Over500_2026_P04_-_published:2073
PASKAY,PASKAY LIMITED,140375.08,561500.32,3,grant,grant=140375.08,Education (DSG Funded) & Other Education Grants,none,,Over500_2026_P03_-_published:607;Over500_2026_P03_-_published:558;Over500_2026_P04_-_published:1265
UTOPIA SUPPORTED HOUSING,Utopia Supported Housing Ltd,140196.02,560784.08,10,placement,placement=140196.02,Children's Social Care,none,,Over500_2026_P02_-_published:2101;Over500_2026_P03_-_published:1922;Over500_2026_P03_-_published:1934;Over500_2026_P03_-_published:3041;Over500_2026_P03_-_published:1992;Over500_2026_P03_-_published:3037;Over500_2026_P03_-_published:1937;Over500_2026_P04_-_published:3059;Over500_2026_P04_-_published:3751;Over500_2026_P04_-_published:3073
A2 DOMINION,A2 Dominion,136612.06,546448.24,2,premises,premises=136612.06,Adult Social Care,none,,Over500_2026_P04_-_published:153;Over500_2026_P04_-_published:382
RADIANT CARE HOMES,Radiant Care Homes Ltd.,135372.14,541488.56,12,placement,placement=135372.14,Children's Social Care,none,,Over500_2026_P02_-_published:2020;Over500_2026_P02_-_published:2032;Over500_2026_P02_-_published:2040;Over500_2026_P02_-_published:2106;Over500_2026_P02_-_published:2107;Over500_2026_P03_-_published:2030;Over500_2026_P03_-_published:1939;Over500_2026_P04_-_published:3078;Over500_2026_P04_-_published:3062;Over500_2026_P04_-_published:3082;Over500_2026_P04_-_published:3090;Over500_2026_P04_-_published:3755
FLEDGLINGS DAY NURSERY TA FLEDGLINGS LODGE,FLEDGLINGS DAY NURSERY T/A FLEDGLINGS LODGE,134007.39,536029.56,3,grant,grant=134007.39,Education (DSG Funded) & Other Education Grants,none,,Over500_2026_P02_-_published:622;Over500_2026_P03_-_published:619;Over500_2026_P04_-_published:1192
BRAMLEY CARE,Bramley Care Ltd,133672.24,534688.96,6,placement,placement=133672.24,Children's Social Care,none,,Over500_2026_P02_-_published:2027;Over500_2026_P02_-_published:2090;Over500_2026_P03_-_published:2027;Over500_2026_P04_-_published:3075;Over500_2026_P04_-_published:3155;Over500_2026_P04_-_published:3060
MYRTLE TREE HOLDINGS TA AUDLEN HOUSE DAY NURSERY THATCHAM,MYRTLE TREE HOLDINGS LTD T/A AUDLEN HOUSE DAY NURSERY (THATCHAM),133517.82,534071.28,2,grant,grant=133517.82,Education (DSG Funded) & Other Education Grants,none,,Over500_2026_P03_-_published:2073;Over500_2026_P03_-_published:556
FIVE RIVERS CHILD CARE,five rivers child care ltd,132695.29,530781.16,3,placement,placement=132695.29,Children's Social Care,none,,Over500_2026_P02_-_published:2025;Over500_2026_P03_-_published:2007;Over500_2026_P04_-_published:3745
BROADWAY CARS,BROADWAY CARS,131938.93,527755.72,46,general_procurement,general_procurement=131938.93,Education & SEND,alias,West Berkshire Council Transport Dynamic Purchasing System (DPS) Ongoing awards July-Sept 2025,Over500_2026_P02_-_published:240;Over500_2026_P02_-_published:288;Over500_2026_P02_-_published:364;Over500_2026_P02_-_published:367;Over500_2026_P02_-_published:368;Over500_2026_P02_-_published:369;Over500_2026_P02_-_published:371;Over500_2026_P02_-_published:372;Over500_2026_P02_-_published:245;Over500_2026_P02_-_published:297;Over500_2026_P02_-_published:314;Over500_2026_P02_-_published:391;Over500_2026_P02_-_published:394;Over500_2026_P02_-_published:395;Over500_2026_P02_-_published:396;Over500_2026_P02_-_published:403;Over500_2026_P02_-_published:404;Over500_2026_P02_-_published:249;Over500_2026_P02_-_published:250;Over500_2026_P02_-_published:292;Over500_2026_P02_-_published:299;Over500_2026_P02_-_published:326;Over500_2026_P02_-_published:410;Over500_2026_P02_-_published:411;Over500_2026_P02_-_published:412;Over500_2026_P02_-_published:414;Over500_2026_P02_-_published:415;Over500_2026_P02_-_published:416;Over500_2026_P02_-_published:418;Over500_2026_P02_-_published:419;Over500_2026_P04_-_published:184;Over500_2026_P04_-_published:468;Over500_2026_P04_-_published:174;Over500_2026_P04_-_published:177;Over500_2026_P04_-_published:224;Over500_2026_P04_-_published:259;Over500_2026_P04_-_published:260;Over500_2026_P04_-_published:262;Over500_2026_P04_-_published:263;Over500_2026_P04_-_published:264;Over500_2026_P04_-_published:287;Over500_2026_P04_-_published:318;Over500_2026_P04_-_published:447;Over500_2026_P04_-_published:471;Over500_2026_P04_-_published:472;Over500_2026_P04_-_published:474
SPRINGBURN CHILDCARE,SPRINGBURN CHILDCARE LTD,131272.82,525091.28,1,grant,grant=131272.82,Education (DSG Funded) & Other Education Grants,none,,Over500_2026_P03_-_published:2072
OPTALIS,OPTALIS LTD,130591.76,522367.04,23,placement,placement=130591.76,Adult Social Care,none,,Over500_2026_P02_-_published:1048;Over500_2026_P02_-_published:1477;Over500_2026_P02_-_published:1478;Over500_2026_P02_-_published:1479;Over500_2026_P02_-_published:1480;Over500_2026_P02_-_published:1481;Over500_2026_P02_-_published:993;Over500_2026_P02_-_published:1693;Over500_2026_P02_-_published:1823;Over500_2026_P03_-_published:1021;Over500_2026_P03_-_published:1381;Over500_2026_P03_-_published:1471;Over500_2026_P03_-_published:1472;Over500_2026_P03_-_published:2836;Over500_2026_P03_-_published:2837;Over500_2026_P03_-_published:901;Over500_2026_P04_-_published:1044;Over500_2026_P04_-_published:1139;Over500_2026_P04_-_published:1909;Over500_2026_P04_-_published:1933;Over500_2026_P04_-_published:1934;Over500_2026_P04_-_published:2667;Over500_2026_P04_-_published:2668
PLATFORM CARE SERVICES,Platform Care Services Ltd,129431.36,517725.44,53,placement,placement=129431.36,Adult Social Care,none,,Over500_2026_P02_-_published:1447;Over500_2026_P02_-_published:1448;Over500_2026_P02_-_published:1701;Over500_2026_P02_-_published:1754;Over500_2026_P02_-_published:1755;Over500_2026_P02_-_published:1756;Over500_2026_P02_-_published:1757;Over500_2026_P02_-_published:1758;Over500_2026_P02_-_published:1759;Over500_2026_P02_-_published:1921;Over500_2026_P02_-_published:1922;Over500_2026_P02_-_published:1923;Over500_2026_P02_-_published:1954;Over500_2026_P02_-_published:1958;Over500_2026_P02_-_published:2008;Over500_2026_P02_-_published:954;Over500_2026_P03_-_published:1375;Over500_2026_P03_-_published:1552;Over500_2026_P03_-_published:1553;Over500_2026_P03_-_published:1636;Over500_2026_P03_-_published:1872;Over500_2026_P03_-_published:1901;Over500_2026_P03_-_published:1902;Over500_2026_P03_-_published:1910;Over500_2026_P03_-_published:2915;Over500_2026_P04_-_published:2225;Over500_2026_P04_-_published:2242;Over500_2026_P04_-_published:2243;Over500_2026_P04_-_published:2149;Over500_2026_P04_-_published:2398;Over500_2026_P04_-_published:2416;Over500_2026_P04_-_published:2439;Over500_2026_P04_-_published:2440;Over500_2026_P04_-_published:2660;Over500_2026_P04_-_published:2761;Over500_2026_P04_-_published:2835;Over500_2026_P04_-_published:2906;Over500_2026_P04_-_published:3024;Over500_2026_P04_-_published:3025;Over500_2026_P04_-_published:3728;Over500_2026_P04_-_published:2254;Over500_2026_P04_-_published:2485;Over500_2026_P04_-_published:2486;Over500_2026_P04_-_published:2516;Over500_2026_P04_-_published:2574;Over500_2026_P04_-_published:2661;Over500_2026_P04_-_published:2713;Over500_2026_P04_-_published:2861;Over500_2026_P04_-_published:2876;Over500_2026_P04_-_published:2907;Over500_2026_P04_-_published:2930;Over500_2026_P04_-_published:3362;Over500_2026_P04_-_published:3363
HARMONIA HOUSE,Harmonia House Ltd.,129072.0,516288.0,3,placement,placement=129072.0,Children's Social Care,none,,Over500_2026_P02_-_published:2039;Over500_2026_P03_-_published:2031;Over500_2026_P04_-_published:3088
ST GABRIELS SCHOOL,ST GABRIELS SCHOOL,127948.37,511793.48,7,grant,grant=103125.71; placement=24822.66,Education (DSG Funded) & Other Education Grants,none,,Over500_2026_P03_-_published:577;Over500_2026_P03_-_published:590;Over500_2026_P04_-_published:3245;Over500_2026_P04_-_published:3324;Over500_2026_P04_-_published:3246;Over500_2026_P04_-_published:3247;Over500_2026_P04_-_published:3330
ANCHOR PIPEWORK,ANCHOR PIPEWORK LIMITED,127841.41,511365.64,36,general_procurement,general_procurement=82914.07; premises=36870.34; placement=8057.0,"Adult Social Care; Capital Financing and Income Investment; Children's Social Care; Community Services; Education & SEND; Environment; Finance, Property & Procurement",none,,Over500_2026_P02_-_published:28;Over500_2026_P02_-_published:53;Over500_2026_P02_-_published:738;Over500_2026_P02_-_published:15;Over500_2026_P02_-_published:16;Over500_2026_P02_-_published:23;Over500_2026_P02_-_published:24;Over500_2026_P02_-_published:52;Over500_2026_P02_-_published:56;Over500_2026_P03_-_published:56;Over500_2026_P03_-_published:660;Over500_2026_P03_-_published:63;Over500_2026_P03_-_published:48;Over500_2026_P03_-_published:57;Over500_2026_P03_-_published:2406;Over500_2026_P04_-_published:38;Over500_2026_P04_-_published:39;Over500_2026_P04_-_published:85;Over500_2026_P04_-_published:25;Over500_2026_P04_-_published:33;Over500_2026_P04_-_published:743;Over500_2026_P04_-_published:823;Over500_2026_P04_-_published:824;Over500_2026_P04_-_published:30;Over500_2026_P04_-_published:55;Over500_2026_P04_-_published:366;Over500_2026_P04_-_published:23;Over500_2026_P04_-_published:40;Over500_2026_P04_-_published:37;Over500_2026_P04_-_published:47;Over500_2026_P04_-_published:63;Over500_2026_P04_-_published:71;Over500_2026_P04_-_published:32;Over500_2026_P04_-_published:64;Over500_2026_P04_-_published:367;Over500_2026_P04_-_published:378
SILVER BIRCH CARE HOLDINGS,Silver Birch Care Holdings,127014.56,508058.24,8,placement,placement=127014.56,Children's Social Care,none,,Over500_2026_P02_-_published:2019;Over500_2026_P02_-_published:2023;Over500_2026_P02_-_published:2093;Over500_2026_P02_-_published:2094;Over500_2026_P03_-_published:2012;Over500_2026_P03_-_published:2034;Over500_2026_P04_-_published:3083;Over500_2026_P04_-_published:3753
JACARANDA SUPPORTED LIVING,Jacaranda Supported Living,126918.38,507673.52,30,placement,placement=126918.38,Adult Social Care,none,,Over500_2026_P03_-_published:1782;Over500_2026_P03_-_published:1878;Over500_2026_P03_-_published:1891;Over500_2026_P03_-_published:1956;Over500_2026_P04_-_published:2752;Over500_2026_P04_-_published:2927;Over500_2026_P04_-_published:3642;Over500_2026_P04_-_published:3715;Over500_2026_P04_-_published:2756;Over500_2026_P04_-_published:2759;Over500_2026_P04_-_published:2760;Over500_2026_P04_-_published:2795;Over500_2026_P04_-_published:2796;Over500_2026_P04_-_published:2831;Over500_2026_P04_-_published:2832;Over500_2026_P04_-_published:2847;Over500_2026_P04_-_published:2848;Over500_2026_P04_-_published:2921;Over500_2026_P04_-_published:2929;Over500_2026_P04_-_published:2990;Over500_2026_P04_-_published:3676;Over500_2026_P04_-_published:3678;Over500_2026_P04_-_published:3679;Over500_2026_P04_-_published:3684;Over500_2026_P04_-_published:3726;Over500_2026_P04_-_published:2842;Over500_2026_P04_-_published:2855;Over500_2026_P04_-_published:3687;Over500_2026_P04_-_published:3688;Over500_2026_P04_-_published:2860
FORBURY GARDENS DAY NURSERY,FORBURY GARDENS DAY NURSERY LTD,126637.46,506549.84,2,grant,grant=126637.46,Education (DSG Funded) & Other Education Grants,none,,Over500_2026_P03_-_published:541;Over500_2026_P03_-_published:2096
EARLY RISE CARE,Early Rise Care Ltd.,126091.62,504366.48,1,placement,placement=126091.62,Children's Social Care,none,,Over500_2026_P04_-_published:3077
RESICARE ALLIANCE,Resicare Alliance Limited,121571.44,486285.76,3,placement,placement=121571.44,Children's Social Care,none,,Over500_2026_P02_-_published:2029;Over500_2026_P03_-_published:3039;Over500_2026_P04_-_published:3086
KPMG,KPMG,119155.0,476620.0,3,general_procurement,general_procurement=119155.0,"Executive Director - Resources; Finance, Property & Procurement",none,,Over500_2026_P02_-_published:655;Over500_2026_P02_-_published:568;Over500_2026_P03_-_published:479
RESPONSE ORGANISATION,RESPONSE ORGANISATION,117254.17,469016.68,44,grant,grant=89479.36; placement=27774.81,Adult Social Care,none,,Over500_2026_P02_-_published:833;Over500_2026_P02_-_published:834;Over500_2026_P02_-_published:835;Over500_2026_P02_-_published:836;Over500_2026_P02_-_published:837;Over500_2026_P02_-_published:838;Over500_2026_P02_-_published:839;Over500_2026_P02_-_published:844;Over500_2026_P02_-_published:845;Over500_2026_P02_-_published:846;Over500_2026_P02_-_published:847;Over500_2026_P02_-_published:848;Over500_2026_P02_-_published:849;Over500_2026_P02_-_published:840;Over500_2026_P02_-_published:850;Over500_2026_P02_-_published:1950;Over500_2026_P02_-_published:1951;Over500_2026_P03_-_published:2997;Over500_2026_P03_-_published:789;Over500_2026_P03_-_published:813;Over500_2026_P03_-_published:1889;Over500_2026_P03_-_published:2681;Over500_2026_P03_-_published:807;Over500_2026_P03_-_published:2682;Over500_2026_P03_-_published:808;Over500_2026_P03_-_published:814;Over500_2026_P03_-_published:816;Over500_2026_P04_-_published:1514;Over500_2026_P04_-_published:1515;Over500_2026_P04_-_published:1516;Over500_2026_P04_-_published:1519;Over500_2026_P04_-_published:2839;Over500_2026_P04_-_published:3682;Over500_2026_P04_-_published:717;Over500_2026_P04_-_published:718;Over500_2026_P04_-_published:852;Over500_2026_P04_-_published:880;Over500_2026_P04_-_published:881;Over500_2026_P04_-_published:1517;Over500_2026_P04_-_published:882;Over500_2026_P04_-_published:1518;Over500_2026_P04_-_published:2867;Over500_2026_P04_-_published:2905;Over500_2026_P04_-_published:883
THE UNICORN SCHOOL,The Unicorn School,116380.77,465523.08,10,placement,placement=116380.77,Education (DSG Funded) & Other Education Grants,none,,Over500_2026_P02_-_published:2229;Over500_2026_P02_-_published:2230;Over500_2026_P02_-_published:2231;Over500_2026_P02_-_published:2232;Over500_2026_P02_-_published:2233;Over500_2026_P02_-_published:2234;Over500_2026_P02_-_published:2235;Over500_2026_P02_-_published:2236;Over500_2026_P02_-_published:2237;Over500_2026_P04_-_published:3322
AMMA CHILDCARE SERVICES,AMMA Childcare Services Ltd.,116000.0,464000.0,4,placement,placement=116000.0,Children's Social Care,none,,Over500_2026_P02_-_published:2038;Over500_2026_P03_-_published:3040;Over500_2026_P04_-_published:3089;Over500_2026_P04_-_published:3164
IV CARE TA GOOD OAKS HOME CARE READING,I.V Care Limited t/a Good Oaks Home Care (Reading),113551.91,454207.64,72,placement,placement=113551.91,Adult Social Care,none,,Over500_2026_P02_-_published:1107;Over500_2026_P02_-_published:1108;Over500_2026_P02_-_published:1109;Over500_2026_P02_-_published:1110;Over500_2026_P02_-_published:1111;Over500_2026_P02_-_published:1112;Over500_2026_P02_-_published:1582;Over500_2026_P02_-_published:1181;Over500_2026_P02_-_published:1182;Over500_2026_P02_-_published:1418;Over500_2026_P02_-_published:1591;Over500_2026_P02_-_published:1251;Over500_2026_P02_-_published:1618;Over500_2026_P03_-_published:1498;Over500_2026_P03_-_published:1871;Over500_2026_P03_-_published:873;Over500_2026_P03_-_published:966;Over500_2026_P03_-_published:967;Over500_2026_P03_-_published:989;Over500_2026_P03_-_published:2731;Over500_2026_P03_-_published:857;Over500_2026_P03_-_published:1136;Over500_2026_P03_-_published:1969;Over500_2026_P03_-_published:1161;Over500_2026_P03_-_published:1193;Over500_2026_P03_-_published:1194;Over500_2026_P03_-_published:1258;Over500_2026_P03_-_published:1263;Over500_2026_P03_-_published:1279;Over500_2026_P03_-_published:1304;Over500_2026_P03_-_published:1365;Over500_2026_P03_-_published:1392;Over500_2026_P03_-_published:1432;Over500_2026_P03_-_published:1562;Over500_2026_P03_-_published:2785;Over500_2026_P03_-_published:2786;Over500_2026_P04_-_published:1195;Over500_2026_P04_-_published:1205;Over500_2026_P04_-_published:1206;Over500_2026_P04_-_published:1207;Over500_2026_P04_-_published:1208;Over500_2026_P04_-_published:1221;Over500_2026_P04_-_published:1250;Over500_2026_P04_-_published:1770;Over500_2026_P04_-_published:1863;Over500_2026_P04_-_published:1977;Over500_2026_P04_-_published:1979;Over500_2026_P04_-_published:1980;Over500_2026_P04_-_published:2801;Over500_2026_P04_-_published:2996;Over500_2026_P04_-_published:918;Over500_2026_P04_-_published:1316;Over500_2026_P04_-_published:1317;Over500_2026_P04_-_published:1074;Over500_2026_P04_-_published:1596;Over500_2026_P04_-_published:1597;Over500_2026_P04_-_published:1598;Over500_2026_P04_-_published:1599;Over500_2026_P04_-_published:1620;Over500_2026_P04_-_published:1642;Over500_2026_P04_-_published:1643;Over500_2026_P04_-_published:1644;Over500_2026_P04_-_published:1877;Over500_2026_P04_-_published:2064;Over500_2026_P04_-_published:2100;Over500_2026_P04_-_published:2119;Over500_2026_P04_-_published:2120;Over500_2026_P04_-_published:2121;Over500_2026_P04_-_published:2292;Over500_2026_P04_-_published:2293;Over500_2026_P04_-_published:2997;Over500_2026_P04_-_published:967
GOLDCREST CARE SERVICES,Goldcrest Care Services,113416.91,453667.64,76,placement,placement=113416.91,Adult Social Care,none,,Over500_2026_P02_-_published:1090;Over500_2026_P02_-_published:1091;Over500_2026_P02_-_published:1578;Over500_2026_P02_-_published:1579;Over500_2026_P02_-_published:1105;Over500_2026_P02_-_published:1106;Over500_2026_P02_-_published:1875;Over500_2026_P02_-_published:1345;Over500_2026_P02_-_published:1617;Over500_2026_P02_-_published:914;Over500_2026_P02_-_published:1362;Over500_2026_P02_-_published:1363;Over500_2026_P02_-_published:1880;Over500_2026_P03_-_published:1038;Over500_2026_P03_-_published:1039;Over500_2026_P03_-_published:1040;Over500_2026_P03_-_published:1041;Over500_2026_P03_-_published:1362;Over500_2026_P03_-_published:1402;Over500_2026_P03_-_published:1566;Over500_2026_P03_-_published:2722;Over500_2026_P03_-_published:2723;Over500_2026_P03_-_published:2862;Over500_2026_P03_-_published:974;Over500_2026_P03_-_published:995;Over500_2026_P03_-_published:1222;Over500_2026_P03_-_published:1252;Over500_2026_P03_-_published:1253;Over500_2026_P03_-_published:1254;Over500_2026_P03_-_published:1255;Over500_2026_P03_-_published:1256;Over500_2026_P03_-_published:1262;Over500_2026_P03_-_published:1275;Over500_2026_P03_-_published:1276;Over500_2026_P03_-_published:1277;Over500_2026_P03_-_published:1278;Over500_2026_P03_-_published:1316;Over500_2026_P03_-_published:1456;Over500_2026_P03_-_published:1861;Over500_2026_P03_-_published:2697;Over500_2026_P03_-_published:2805;Over500_2026_P03_-_published:2883;Over500_2026_P03_-_published:2884;Over500_2026_P04_-_published:1220;Over500_2026_P04_-_published:1781;Over500_2026_P04_-_published:1870;Over500_2026_P04_-_published:1504;Over500_2026_P04_-_published:1505;Over500_2026_P04_-_published:1506;Over500_2026_P04_-_published:1507;Over500_2026_P04_-_published:1508;Over500_2026_P04_-_published:1528;Over500_2026_P04_-_published:1574;Over500_2026_P04_-_published:1575;Over500_2026_P04_-_published:1576;Over500_2026_P04_-_published:1577;Over500_2026_P04_-_published:1578;Over500_2026_P04_-_published:1579;Over500_2026_P04_-_published:1773;Over500_2026_P04_-_published:1788;Over500_2026_P04_-_published:1795;Over500_2026_P04_-_published:1811;Over500_2026_P04_-_published:2038;Over500_2026_P04_-_published:2211;Over500_2026_P04_-_published:2212;Over500_2026_P04_-_published:2213;Over500_2026_P04_-_published:2214;Over500_2026_P04_-_published:3641;Over500_2026_P04_-_published:951;Over500_2026_P04_-_published:1066;Over500_2026_P04_-_published:1509;Over500_2026_P04_-_published:1540;Over500_2026_P04_-_published:2215;Over500_2026_P04_-_published:2274;Over500_2026_P04_-_published:2275;Over500_2026_P04_-_published:2654
POTENSIAL,Potensial Limited,111914.99,447659.96,23,placement,placement=111914.99,Adult Social Care,none,,Over500_2026_P02_-_published:1769;Over500_2026_P02_-_published:1770;Over500_2026_P02_-_published:1771;Over500_2026_P02_-_published:1937;Over500_2026_P02_-_published:1941;Over500_2026_P03_-_published:1808;Over500_2026_P03_-_published:1809;Over500_2026_P03_-_published:1886;Over500_2026_P03_-_published:3005;Over500_2026_P03_-_published:3006;Over500_2026_P03_-_published:1819;Over500_2026_P04_-_published:2311;Over500_2026_P04_-_published:2312;Over500_2026_P04_-_published:2349;Over500_2026_P04_-_published:2788;Over500_2026_P04_-_published:2829;Over500_2026_P04_-_published:2987;Over500_2026_P04_-_published:2425;Over500_2026_P04_-_published:2481;Over500_2026_P04_-_published:2510;Over500_2026_P04_-_published:2844;Over500_2026_P04_-_published:2859;Over500_2026_P04_-_published:3358
CAMBIAN SIGN POST,Cambian Sign Post Ltd,111739.04,446956.16,6,placement,placement=111739.04,Adult Social Care,none,,Over500_2026_P02_-_published:1438;Over500_2026_P02_-_published:1670;Over500_2026_P03_-_published:1320;Over500_2026_P03_-_published:1437;Over500_2026_P04_-_published:1885;Over500_2026_P04_-_published:2137
BERKS FOODBANK,BERKS FOODBANK,111340.0,445360.0,3,grant,grant=111340.0,Development & Housing,none,,Over500_2026_P02_-_published:637;Over500_2026_P03_-_published:2099;Over500_2026_P03_-_published:2100
TOP CLASS QUALITY SERVICES,Top Class Quality Services Ltd,110806.8,443227.2,22,placement,placement=110806.8,Adult Social Care,none,,Over500_2026_P02_-_published:1577;Over500_2026_P02_-_published:1820;Over500_2026_P02_-_published:1248;Over500_2026_P02_-_published:1249;Over500_2026_P02_-_published:1606;Over500_2026_P02_-_published:1607;Over500_2026_P02_-_published:1608;Over500_2026_P03_-_published:1115;Over500_2026_P03_-_published:1203;Over500_2026_P03_-_published:1559;Over500_2026_P03_-_published:1560;Over500_2026_P03_-_published:2880;Over500_2026_P04_-_published:1315;Over500_2026_P04_-_published:1362;Over500_2026_P04_-_published:1983;Over500_2026_P04_-_published:1984;Over500_2026_P04_-_published:2020;Over500_2026_P04_-_published:1710;Over500_2026_P04_-_published:1711;Over500_2026_P04_-_published:2069;Over500_2026_P04_-_published:2070;Over500_2026_P04_-_published:2106
SCOTTISH AND SOUTHERN,SCOTTISH & SOUTHERN,110760.98,443043.92,2,general_procurement,general_procurement=101258.24; placement=9502.74,Education & SEND; Environment,none,,Over500_2026_P03_-_published:730;Over500_2026_P04_-_published:1282
EDUCATION SOFTWARE SOLUTIONS,Education Software Solutions Limited,110330.35,441321.4,2,general_procurement,general_procurement=110330.35,"Transformation, Customer & ICT",none,,Over500_2026_P02_-_published:478;Over500_2026_P02_-_published:479
PBT SOCIAL CARE,PBT SOCIAL CARE LTD,109511.86,438047.44,4,placement,placement=109511.86,Adult Social Care,none,,Over500_2026_P02_-_published:1873;Over500_2026_P03_-_published:1860;Over500_2026_P04_-_published:2748;Over500_2026_P04_-_published:2729
TOPLINE CARE SOLUTIONS,Topline Care Solutions Ltd,108455.31,433821.24,60,placement,placement=108455.31,Adult Social Care,none,,Over500_2026_P02_-_published:1192;Over500_2026_P02_-_published:1193;Over500_2026_P02_-_published:1194;Over500_2026_P02_-_published:1195;Over500_2026_P02_-_published:1196;Over500_2026_P02_-_published:1197;Over500_2026_P02_-_published:1198;Over500_2026_P02_-_published:1592;Over500_2026_P02_-_published:1867;Over500_2026_P02_-_published:953;Over500_2026_P02_-_published:1255;Over500_2026_P02_-_published:1419;Over500_2026_P02_-_published:1868;Over500_2026_P03_-_published:1061;Over500_2026_P03_-_published:1303;Over500_2026_P03_-_published:2864;Over500_2026_P03_-_published:1162;Over500_2026_P03_-_published:1195;Over500_2026_P03_-_published:1223;Over500_2026_P03_-_published:1224;Over500_2026_P03_-_published:1248;Over500_2026_P03_-_published:2699;Over500_2026_P03_-_published:2787;Over500_2026_P03_-_published:2788;Over500_2026_P03_-_published:2789;Over500_2026_P03_-_published:2804;Over500_2026_P03_-_published:2989;Over500_2026_P04_-_published:1196;Over500_2026_P04_-_published:1209;Over500_2026_P04_-_published:1218;Over500_2026_P04_-_published:1769;Over500_2026_P04_-_published:3636;Over500_2026_P04_-_published:1233;Over500_2026_P04_-_published:1234;Over500_2026_P04_-_published:1235;Over500_2026_P04_-_published:1318;Over500_2026_P04_-_published:1319;Over500_2026_P04_-_published:1363;Over500_2026_P04_-_published:1364;Over500_2026_P04_-_published:2048;Over500_2026_P04_-_published:2049;Over500_2026_P04_-_published:2050;Over500_2026_P04_-_published:2051;Over500_2026_P04_-_published:2649;Over500_2026_P04_-_published:2746;Over500_2026_P04_-_published:2727;Over500_2026_P04_-_published:1602;Over500_2026_P04_-_published:1603;Over500_2026_P04_-_published:1623;Over500_2026_P04_-_published:1624;Over500_2026_P04_-_published:1631;Over500_2026_P04_-_published:1660;Over500_2026_P04_-_published:1661;Over500_2026_P04_-_published:1662;Over500_2026_P04_-_published:1663;Over500_2026_P04_-_published:1679;Over500_2026_P04_-_published:2359;Over500_2026_P04_-_published:2360;Over500_2026_P04_-_published:2361;Over500_2026_P04_-_published:2651
CONTINENTAL LANDSCAPES,Continental Landscapes Ltd,108423.39,433693.56,8,premises,premises=108423.39,Environment,none,,Over500_2026_P02_-_published:177;Over500_2026_P02_-_published:178;Over500_2026_P02_-_published:179;Over500_2026_P02_-_published:180;Over500_2026_P02_-_published:181;Over500_2026_P02_-_published:182;Over500_2026_P02_-_published:183;Over500_2026_P02_-_published:198
ESLAND NORTH,Esland North Ltd,108129.98,432519.92,4,placement,placement=108129.98,Children's Social Care,none,,Over500_2026_P02_-_published:2036;Over500_2026_P02_-_published:2097;Over500_2026_P03_-_published:3047;Over500_2026_P04_-_published:3163
CANARY CARE SERVICES,Canary Care Services Ltd,107576.16,430304.64,24,placement,placement=107576.16,Adult Social Care,none,,Over500_2026_P02_-_published:1223;Over500_2026_P02_-_published:1391;Over500_2026_P02_-_published:1603;Over500_2026_P02_-_published:1604;Over500_2026_P02_-_published:1324;Over500_2026_P03_-_published:1029;Over500_2026_P03_-_published:1426;Over500_2026_P03_-_published:965;Over500_2026_P03_-_published:1173;Over500_2026_P03_-_published:1155;Over500_2026_P03_-_published:1182;Over500_2026_P03_-_published:1235;Over500_2026_P03_-_published:1387;Over500_2026_P03_-_published:1388;Over500_2026_P03_-_published:1455;Over500_2026_P03_-_published:2809;Over500_2026_P04_-_published:1349;Over500_2026_P04_-_published:1350;Over500_2026_P04_-_published:1456;Over500_2026_P04_-_published:1991;Over500_2026_P04_-_published:2022;Over500_2026_P04_-_published:2084;Over500_2026_P04_-_published:2808;Over500_2026_P04_-_published:2525
KB REAL ESTATE MANAGEMENT,KB Real Estate Management Ltd,105375.0,421500.0,67,premises,premises=105375.0,Development & Housing,none,,Over500_2026_P02_-_published:117;Over500_2026_P02_-_published:118;Over500_2026_P02_-_published:119;Over500_2026_P02_-_published:120;Over500_2026_P02_-_published:121;Over500_2026_P02_-_published:122;Over500_2026_P02_-_published:123;Over500_2026_P02_-_published:124;Over500_2026_P02_-_published:125;Over500_2026_P02_-_published:126;Over500_2026_P02_-_published:127;Over500_2026_P02_-_published:128;Over500_2026_P02_-_published:129;Over500_2026_P02_-_published:130;Over500_2026_P02_-_published:131;Over500_2026_P02_-_published:132;Over500_2026_P02_-_published:133;Over500_2026_P02_-_published:134;Over500_2026_P02_-_published:135;Over500_2026_P02_-_published:136;Over500_2026_P02_-_published:139;Over500_2026_P02_-_published:140;Over500_2026_P03_-_published:106;Over500_2026_P03_-_published:107;Over500_2026_P03_-_published:122;Over500_2026_P03_-_published:123;Over500_2026_P03_-_published:124;Over500_2026_P03_-_published:296;Over500_2026_P03_-_published:90;Over500_2026_P03_-_published:91;Over500_2026_P03_-_published:108;Over500_2026_P03_-_published:109;Over500_2026_P03_-_published:110;Over500_2026_P03_-_published:111;Over500_2026_P03_-_published:112;Over500_2026_P03_-_published:113;Over500_2026_P03_-_published:114;Over500_2026_P03_-_published:115;Over500_2026_P03_-_published:125;Over500_2026_P03_-_published:126;Over500_2026_P03_-_published:127;Over500_2026_P03_-_published:298;Over500_2026_P03_-_published:299;Over500_2026_P03_-_published:300;Over500_2026_P03_-_published:301;Over500_2026_P03_-_published:92;Over500_2026_P04_-_published:110;Over500_2026_P04_-_published:111;Over500_2026_P04_-_published:112;Over500_2026_P04_-_published:119;Over500_2026_P04_-_published:390;Over500_2026_P04_-_published:391;Over500_2026_P04_-_published:95;Over500_2026_P04_-_published:96;Over500_2026_P04_-_published:97;Over500_2026_P04_-_published:100;Over500_2026_P04_-_published:101;Over500_2026_P04_-_published:113;Over500_2026_P04_-_published:114;Over500_2026_P04_-_published:120;Over500_2026_P04_-_published:121;Over500_2026_P04_-_published:122;Over500_2026_P04_-_published:123;Over500_2026_P04_-_published:392;Over500_2026_P04_-_published:393;Over500_2026_P04_-_published:98;Over500_2026_P04_-_published:99
CORNERWAYS HOMES,CORNERWAYS HOMES LTD,105142.2,420568.8,3,placement,placement=105142.2,Children's Social Care,none,,Over500_2026_P02_-_published:2028;Over500_2026_P03_-_published:2010;Over500_2026_P04_-_published:3057
ZENCARE CHILDRENS SERVICES,Zencare Childrens Services Ltd.,104928.0,419712.0,3,placement,placement=104928.0,Children's Social Care,none,,Over500_2026_P02_-_published:2041;Over500_2026_P03_-_published:1933;Over500_2026_P04_-_published:3162
WCL UK TRADING AS EVERYTHING ICT,WCL UK Ltd (Trading as Everything ICT),102882.78,411531.12,1,general_procurement,general_procurement=102882.78,Education & SEND,alias,P00001021,Over500_2026_P04_-_published:1276
HYGGE CHILDRENS SOCIAL CARE,Hygge Children's Social Care Ltd.,102845.23,411380.92,2,placement,placement=102845.23,Children's Social Care,none,,Over500_2026_P02_-_published:2099;Over500_2026_P03_-_published:1935
COMPASS EXECUTIVE CARS UK,COMPASS EXECUTIVE CARS (UK) LTD,101156.5,404626.0,55,general_procurement,general_procurement=100586.5; placement=570.0,Adult Social Care; Children's Social Care; Education & SEND; Education (DSG Funded) & Other Education Grants,name,P00000342;P00000342 Jan-Mar 2023;P00001318,Over500_2026_P02_-_published:209;Over500_2026_P02_-_published:210;Over500_2026_P02_-_published:216;Over500_2026_P02_-_published:230;Over500_2026_P02_-_published:243;Over500_2026_P02_-_published:244;Over500_2026_P02_-_published:254;Over500_2026_P02_-_published:267;Over500_2026_P02_-_published:268;Over500_2026_P02_-_published:392;Over500_2026_P02_-_published:393;Over500_2026_P02_-_published:397;Over500_2026_P02_-_published:431;Over500_2026_P02_-_published:247;Over500_2026_P02_-_published:293;Over500_2026_P03_-_published:163;Over500_2026_P03_-_published:247;Over500_2026_P03_-_published:154;Over500_2026_P03_-_published:172;Over500_2026_P03_-_published:194;Over500_2026_P03_-_published:205;Over500_2026_P03_-_published:321;Over500_2026_P03_-_published:192;Over500_2026_P03_-_published:196;Over500_2026_P03_-_published:224;Over500_2026_P03_-_published:241;Over500_2026_P03_-_published:326;Over500_2026_P03_-_published:351;Over500_2026_P03_-_published:195;Over500_2026_P03_-_published:202;Over500_2026_P03_-_published:327;Over500_2026_P03_-_published:331;Over500_2026_P03_-_published:352;Over500_2026_P04_-_published:155;Over500_2026_P04_-_published:161;Over500_2026_P04_-_published:170;Over500_2026_P04_-_published:188;Over500_2026_P04_-_published:235;Over500_2026_P04_-_published:429;Over500_2026_P04_-_published:431;Over500_2026_P04_-_published:477;Over500_2026_P04_-_published:162;Over500_2026_P04_-_published:171;Over500_2026_P04_-_published:341;Over500_2026_P04_-_published:478;Over500_2026_P04_-_published:1026;Over500_2026_P04_-_published:227;Over500_2026_P04_-_published:239;Over500_2026_P04_-_published:228;Over500_2026_P04_-_published:164;Over500_2026_P04_-_published:281;Over500_2026_P04_-_published:308;Over500_2026_P04_-_published:329;Over500_2026_P04_-_published:288;Over500_2026_P04_-_published:333
BLOOM PROCUREMENT SERVICES,Bloom Procurement Services Ltd,100210.53,400842.12,1,general_procurement,general_procurement=100210.53,"Transformation, Customer & ICT",none,,Over500_2026_P03_-_published:2148
FLORENCE CARE READING,Florence Care Reading Ltd,98945.79,395783.16,19,placement,placement=98945.79,Adult Social Care,none,,Over500_2026_P02_-_published:1005;Over500_2026_P02_-_published:1006;Over500_2026_P02_-_published:1491;Over500_2026_P02_-_published:1492;Over500_2026_P02_-_published:1560;Over500_2026_P02_-_published:2013;Over500_2026_P03_-_published:1004;Over500_2026_P03_-_published:1420;Over500_2026_P03_-_published:1980;Over500_2026_P03_-_published:2704;Over500_2026_P03_-_published:2835;Over500_2026_P03_-_published:899;Over500_2026_P04_-_published:1047;Over500_2026_P04_-_published:1125;Over500_2026_P04_-_published:1837;Over500_2026_P04_-_published:1872;Over500_2026_P04_-_published:1915;Over500_2026_P04_-_published:1971;Over500_2026_P04_-_published:3729
WITHERSLACK GROUP OF SCHOOLS CHILWORTH HOUSE SCHOOL,Witherslack Group of Schools - Chilworth House School,97431.43,389725.72,3,placement,placement=97431.43,Education (DSG Funded) & Other Education Grants,none,,Over500_2026_P03_-_published:2161;Over500_2026_P03_-_published:2188;Over500_2026_P03_-_published:2308
KIND2U LIVING,Kind2U Living Ltd,95701.75,382807.0,12,placement,placement=95701.75,Adult Social Care,none,,Over500_2026_P02_-_published:1765;Over500_2026_P02_-_published:1825;Over500_2026_P02_-_published:1935;Over500_2026_P03_-_published:1705;Over500_2026_P03_-_published:1733;Over500_2026_P03_-_published:3014;Over500_2026_P04_-_published:2758;Over500_2026_P04_-_published:3017;Over500_2026_P04_-_published:3567;Over500_2026_P04_-_published:2712;Over500_2026_P04_-_published:2858;Over500_2026_P04_-_published:3357
FLOURISHING FAMILIES ASSESSMENT SERVICE,Flourishing Families Assessment Service Ltd.,94667.85,378671.4,16,placement,placement=94667.85,Children's Social Care,none,,Over500_2026_P02_-_published:2047;Over500_2026_P02_-_published:2048;Over500_2026_P02_-_published:2109;Over500_2026_P03_-_published:1941;Over500_2026_P03_-_published:2013;Over500_2026_P03_-_published:2014;Over500_2026_P03_-_published:3049;Over500_2026_P03_-_published:3050;Over500_2026_P03_-_published:2036;Over500_2026_P03_-_published:3051;Over500_2026_P03_-_published:3052;Over500_2026_P04_-_published:3120;Over500_2026_P04_-_published:3097;Over500_2026_P04_-_published:3121;Over500_2026_P04_-_published:3166;Over500_2026_P04_-_published:3758
AMICUS RESIDENTIAL CARE,Amicus Residential Care Ltd.,94200.0,376800.0,3,placement,placement=94200.0,Children's Social Care,none,,Over500_2026_P02_-_published:2026;Over500_2026_P03_-_published:2028;Over500_2026_P04_-_published:3754
GLEN CLEANING COMPANY,Glen Cleaning Company Ltd,92393.12,369572.48,68,premises,premises=92393.12,"Adult Social Care; Capital Financing and Income Investment; Children's Social Care; Community Services; Development & Housing; Education (DSG Funded) & Other Education Grants; Environment; Finance, Property & Procurement",candidate only,,Over500_2026_P02_-_published:148;Over500_2026_P02_-_published:150;Over500_2026_P02_-_published:154;Over500_2026_P02_-_published:155;Over500_2026_P02_-_published:158;Over500_2026_P02_-_published:163;Over500_2026_P02_-_published:165;Over500_2026_P02_-_published:151;Over500_2026_P02_-_published:156;Over500_2026_P02_-_published:161;Over500_2026_P02_-_published:146;Over500_2026_P02_-_published:162;Over500_2026_P02_-_published:164;Over500_2026_P02_-_published:166;Over500_2026_P02_-_published:147;Over500_2026_P02_-_published:167;Over500_2026_P02_-_published:168;Over500_2026_P02_-_published:173;Over500_2026_P02_-_published:175;Over500_2026_P02_-_published:157;Over500_2026_P02_-_published:159;Over500_2026_P02_-_published:176;Over500_2026_P02_-_published:149;Over500_2026_P02_-_published:152;Over500_2026_P02_-_published:153;Over500_2026_P02_-_published:160;Over500_2026_P02_-_published:174;Over500_2026_P03_-_published:131;Over500_2026_P03_-_published:135;Over500_2026_P03_-_published:137;Over500_2026_P03_-_published:136;Over500_2026_P03_-_published:311;Over500_2026_P03_-_published:133;Over500_2026_P03_-_published:313;Over500_2026_P03_-_published:130;Over500_2026_P03_-_published:132;Over500_2026_P03_-_published:307;Over500_2026_P03_-_published:312;Over500_2026_P04_-_published:134;Over500_2026_P04_-_published:135;Over500_2026_P04_-_published:140;Over500_2026_P04_-_published:148;Over500_2026_P04_-_published:144;Over500_2026_P04_-_published:133;Over500_2026_P04_-_published:143;Over500_2026_P04_-_published:145;Over500_2026_P04_-_published:131;Over500_2026_P04_-_published:132;Over500_2026_P04_-_published:398;Over500_2026_P04_-_published:124;Over500_2026_P04_-_published:127;Over500_2026_P04_-_published:147;Over500_2026_P04_-_published:168;Over500_2026_P04_-_published:138;Over500_2026_P04_-_published:139;Over500_2026_P04_-_published:166;Over500_2026_P04_-_published:169;Over500_2026_P04_-_published:396;Over500_2026_P04_-_published:397;Over500_2026_P04_-_published:399;Over500_2026_P04_-_published:400;Over500_2026_P04_-_published:128;Over500_2026_P04_-_published:129;Over500_2026_P04_-_published:130;Over500_2026_P04_-_published:125;Over500_2026_P04_-_published:126;Over500_2026_P04_-_published:141;Over500_2026_P04_-_published:142
HOPE AND CLAY CONSTRUCTION,Hope & Clay (Construction) Ltd,91306.75,365227.0,1,general_procurement,general_procurement=91306.75,Environment,name,IT-402-1300-P00001300 - AWARD;IT-402-864-P00000864 - AWARD,Over500_2026_P03_-_published:704
R AND A HAINES BUILDING CONTRACTORS,R&A Haines Building Contractors,90357.78,361431.12,9,general_procurement,general_procurement=90357.78,Development & Housing,none,,Over500_2026_P02_-_published:743;Over500_2026_P02_-_published:751;Over500_2026_P03_-_published:688;Over500_2026_P03_-_published:733;Over500_2026_P03_-_published:709;Over500_2026_P03_-_published:740;Over500_2026_P03_-_published:742;Over500_2026_P04_-_published:628;Over500_2026_P04_-_published:833
THE NEWBURY COMMUNITY RESOURCE CENTRE,THE NEWBURY COMMUNITY RESOURCE CENTRE LTD,89247.65,356990.6,31,grant,grant=82220.3; general_procurement=7027.35,Adult Social Care; Development & Housing; Education & SEND; Environment,none,,Over500_2026_P02_-_published:791;Over500_2026_P02_-_published:792;Over500_2026_P02_-_published:793;Over500_2026_P02_-_published:794;Over500_2026_P02_-_published:795;Over500_2026_P02_-_published:796;Over500_2026_P02_-_published:797;Over500_2026_P02_-_published:798;Over500_2026_P02_-_published:799;Over500_2026_P02_-_published:800;Over500_2026_P02_-_published:801;Over500_2026_P02_-_published:802;Over500_2026_P02_-_published:803;Over500_2026_P02_-_published:804;Over500_2026_P02_-_published:805;Over500_2026_P02_-_published:806;Over500_2026_P02_-_published:807;Over500_2026_P02_-_published:808;Over500_2026_P02_-_published:831;Over500_2026_P02_-_published:832;Over500_2026_P02_-_published:638;Over500_2026_P03_-_published:2098;Over500_2026_P03_-_published:2097;Over500_2026_P04_-_published:1425;Over500_2026_P04_-_published:874;Over500_2026_P04_-_published:1273;Over500_2026_P04_-_published:3193;Over500_2026_P04_-_published:707;Over500_2026_P04_-_published:773;Over500_2026_P04_-_published:1510;Over500_2026_P04_-_published:1511
TEONFA,Teonfa Ltd,88726.89,354907.56,65,placement,placement=88726.89,Adult Social Care,none,,Over500_2026_P02_-_published:1075;Over500_2026_P02_-_published:1076;Over500_2026_P02_-_published:1581;Over500_2026_P02_-_published:1164;Over500_2026_P02_-_published:1165;Over500_2026_P02_-_published:1166;Over500_2026_P02_-_published:1183;Over500_2026_P02_-_published:1184;Over500_2026_P02_-_published:1185;Over500_2026_P02_-_published:1186;Over500_2026_P02_-_published:1187;Over500_2026_P02_-_published:1417;Over500_2026_P02_-_published:1429;Over500_2026_P02_-_published:1595;Over500_2026_P02_-_published:883;Over500_2026_P02_-_published:887;Over500_2026_P03_-_published:863;Over500_2026_P03_-_published:1204;Over500_2026_P03_-_published:1205;Over500_2026_P03_-_published:1206;Over500_2026_P03_-_published:1216;Over500_2026_P03_-_published:1217;Over500_2026_P03_-_published:1233;Over500_2026_P03_-_published:1234;Over500_2026_P03_-_published:1239;Over500_2026_P03_-_published:1394;Over500_2026_P03_-_published:2797;Over500_2026_P03_-_published:2798;Over500_2026_P03_-_published:845;Over500_2026_P04_-_published:1027;Over500_2026_P04_-_published:1148;Over500_2026_P04_-_published:1165;Over500_2026_P04_-_published:1243;Over500_2026_P04_-_published:1862;Over500_2026_P04_-_published:1976;Over500_2026_P04_-_published:2129;Over500_2026_P04_-_published:2130;Over500_2026_P04_-_published:2686;Over500_2026_P04_-_published:2687;Over500_2026_P04_-_published:1436;Over500_2026_P04_-_published:1437;Over500_2026_P04_-_published:1438;Over500_2026_P04_-_published:1439;Over500_2026_P04_-_published:1501;Over500_2026_P04_-_published:1522;Over500_2026_P04_-_published:1523;Over500_2026_P04_-_published:1990;Over500_2026_P04_-_published:2177;Over500_2026_P04_-_published:2207;Over500_2026_P04_-_published:2807;Over500_2026_P04_-_published:949;Over500_2026_P04_-_published:950;Over500_2026_P04_-_published:1600;Over500_2026_P04_-_published:1601;Over500_2026_P04_-_published:1621;Over500_2026_P04_-_published:1622;Over500_2026_P04_-_published:1658;Over500_2026_P04_-_published:1659;Over500_2026_P04_-_published:2114;Over500_2026_P04_-_published:2132;Over500_2026_P04_-_published:2356;Over500_2026_P04_-_published:2357;Over500_2026_P04_-_published:2358;Over500_2026_P04_-_published:954;Over500_2026_P04_-_published:955
BEST PINNACLE CARE,Best Pinnacle Care Ltd,85365.04,341460.16,44,placement,placement=85365.04,Adult Social Care,none,,Over500_2026_P02_-_published:898;Over500_2026_P02_-_published:915;Over500_2026_P03_-_published:1095;Over500_2026_P03_-_published:1359;Over500_2026_P03_-_published:1603;Over500_2026_P03_-_published:1761;Over500_2026_P03_-_published:1762;Over500_2026_P03_-_published:2728;Over500_2026_P03_-_published:2729;Over500_2026_P03_-_published:2863;Over500_2026_P03_-_published:2911;Over500_2026_P03_-_published:2982;Over500_2026_P03_-_published:2983;Over500_2026_P03_-_published:2988;Over500_2026_P03_-_published:1189;Over500_2026_P03_-_published:1389;Over500_2026_P03_-_published:1769;Over500_2026_P03_-_published:2916;Over500_2026_P03_-_published:2917;Over500_2026_P03_-_published:2980;Over500_2026_P03_-_published:865;Over500_2026_P04_-_published:1166;Over500_2026_P04_-_published:2702;Over500_2026_P04_-_published:2741;Over500_2026_P04_-_published:2769;Over500_2026_P04_-_published:1457;Over500_2026_P04_-_published:1458;Over500_2026_P04_-_published:2032;Over500_2026_P04_-_published:2218;Over500_2026_P04_-_published:2236;Over500_2026_P04_-_published:2719;Over500_2026_P04_-_published:2721;Over500_2026_P04_-_published:2722;Over500_2026_P04_-_published:3628;Over500_2026_P04_-_published:3638;Over500_2026_P04_-_published:936;Over500_2026_P04_-_published:1743;Over500_2026_P04_-_published:2219;Over500_2026_P04_-_published:2220;Over500_2026_P04_-_published:2287;Over500_2026_P04_-_published:2288;Over500_2026_P04_-_published:2739;Over500_2026_P04_-_published:2744;Over500_2026_P04_-_published:2812
ARDENT,ARDENT,85119.55,340478.2,10,general_procurement,general_procurement=85119.55,Environment,none,,Over500_2026_P02_-_published:2189;Over500_2026_P02_-_published:2190;Over500_2026_P02_-_published:2191;Over500_2026_P02_-_published:2192;Over500_2026_P02_-_published:761;Over500_2026_P03_-_published:696;Over500_2026_P04_-_published:3189;Over500_2026_P04_-_published:757;Over500_2026_P04_-_published:3190;Over500_2026_P04_-_published:3191
CARETECH COMMUNITY SERVICES L,CARETECH COMMUNITY SERVICES L,84154.62,336618.48,15,placement,placement=84154.62,Adult Social Care,none,,Over500_2026_P02_-_published:1690;Over500_2026_P02_-_published:1691;Over500_2026_P03_-_published:1512;Over500_2026_P03_-_published:2905;Over500_2026_P03_-_published:1585;Over500_2026_P03_-_published:1601;Over500_2026_P03_-_published:2909;Over500_2026_P04_-_published:2172;Over500_2026_P04_-_published:2195;Over500_2026_P04_-_published:2145;Over500_2026_P04_-_published:2397;Over500_2026_P04_-_published:2407;Over500_2026_P04_-_published:3031;Over500_2026_P04_-_published:2954;Over500_2026_P04_-_published:3361
ROADSIDE TECHNOLOGIES,Roadside Technologies Ltd,84070.16,336280.64,10,general_procurement,general_procurement=84070.16,Environment,none,,Over500_2026_P04_-_published:1287;Over500_2026_P04_-_published:1288;Over500_2026_P04_-_published:598;Over500_2026_P04_-_published:601;Over500_2026_P04_-_published:733;Over500_2026_P04_-_published:734;Over500_2026_P04_-_published:735;Over500_2026_P04_-_published:740;Over500_2026_P04_-_published:789;Over500_2026_P04_-_published:597
HOUSING CARE 21,HOUSING CARE 21,83251.76,333007.04,39,placement,placement=83251.76,Adult Social Care,none,,Over500_2026_P02_-_published:1366;Over500_2026_P02_-_published:1367;Over500_2026_P02_-_published:1368;Over500_2026_P02_-_published:1369;Over500_2026_P02_-_published:1370;Over500_2026_P02_-_published:1371;Over500_2026_P02_-_published:1372;Over500_2026_P02_-_published:1373;Over500_2026_P02_-_published:1374;Over500_2026_P02_-_published:1375;Over500_2026_P02_-_published:1378;Over500_2026_P02_-_published:1379;Over500_2026_P02_-_published:1380;Over500_2026_P02_-_published:1381;Over500_2026_P02_-_published:1382;Over500_2026_P02_-_published:1383;Over500_2026_P02_-_published:1384;Over500_2026_P02_-_published:1385;Over500_2026_P02_-_published:1386;Over500_2026_P02_-_published:1387;Over500_2026_P02_-_published:1388;Over500_2026_P03_-_published:1260;Over500_2026_P03_-_published:1290;Over500_2026_P03_-_published:2810;Over500_2026_P04_-_published:1719;Over500_2026_P04_-_published:1731;Over500_2026_P04_-_published:1732;Over500_2026_P04_-_published:1749;Over500_2026_P04_-_published:2388;Over500_2026_P04_-_published:994;Over500_2026_P04_-_published:2521;Over500_2026_P04_-_published:2522;Over500_2026_P04_-_published:1059;Over500_2026_P04_-_published:1763;Over500_2026_P04_-_published:1764;Over500_2026_P04_-_published:1765;Over500_2026_P04_-_published:1777;Over500_2026_P04_-_published:1784;Over500_2026_P04_-_published:1789
CRAEGMOOR EASTROP HOUSE PRIORY GROUP,Craegmoor Eastrop House - Priory Group,79460.64,317842.56,6,placement,placement=79460.64,Adult Social Care,none,,Over500_2026_P02_-_published:1672;Over500_2026_P02_-_published:1673;Over500_2026_P03_-_published:1508;Over500_2026_P03_-_published:1576;Over500_2026_P04_-_published:2138;Over500_2026_P04_-_published:2946
STEPPING STONES,STEPPING STONES,78600.52,314402.08,12,placement,placement=78600.52,Adult Social Care,none,,Over500_2026_P02_-_published:1658;Over500_2026_P02_-_published:1659;Over500_2026_P02_-_published:1660;Over500_2026_P02_-_published:1848;Over500_2026_P03_-_published:1469;Over500_2026_P03_-_published:1574;Over500_2026_P03_-_published:1851;Over500_2026_P03_-_published:2896;Over500_2026_P04_-_published:2165;Over500_2026_P04_-_published:2186;Over500_2026_P04_-_published:2716;Over500_2026_P04_-_published:2940
SUNLIGHT HOMECARE SERVICES,Sunlight Homecare Services Ltd,78087.82,312351.28,20,placement,placement=78087.82,Adult Social Care,none,,Over500_2026_P03_-_published:1451;Over500_2026_P03_-_published:1577;Over500_2026_P03_-_published:1578;Over500_2026_P03_-_published:1804;Over500_2026_P03_-_published:3030;Over500_2026_P03_-_published:1714;Over500_2026_P03_-_published:2954;Over500_2026_P04_-_published:2310;Over500_2026_P04_-_published:2392;Over500_2026_P04_-_published:2988;Over500_2026_P04_-_published:3002;Over500_2026_P04_-_published:3566;Over500_2026_P04_-_published:2405;Over500_2026_P04_-_published:2710;Over500_2026_P04_-_published:3050;Over500_2026_P04_-_published:2552;Over500_2026_P04_-_published:2580;Over500_2026_P04_-_published:2581;Over500_2026_P04_-_published:3000;Over500_2026_P04_-_published:3569
STROUD COURT COMMUNITY TRUST,STROUD COURT COMMUNITY TRUST,78020.89,312083.56,6,grant,grant=78020.89,Adult Social Care,none,,Over500_2026_P02_-_published:784;Over500_2026_P02_-_published:785;Over500_2026_P03_-_published:756;Over500_2026_P03_-_published:757;Over500_2026_P04_-_published:652;Over500_2026_P04_-_published:858
FELTHAM CONSTRUCTION,FELTHAM CONSTRUCTION LTD,77997.11,311988.44,3,placement,placement=53862.11; general_procurement=24135.0,Community Services; Education & SEND,name,IT-402-1293-P00001293 - AWARD;IT-402-1527-P00001527 - AWARD,Over500_2026_P02_-_published:668;Over500_2026_P03_-_published:680;Over500_2026_P04_-_published:1286
PARADIGM CARE SERVICES,Paradigm Care Services Ltd.,77714.28,310857.12,5,placement,placement=77714.28,Children's Social Care,none,,Over500_2026_P04_-_published:3749;Over500_2026_P04_-_published:3064;Over500_2026_P04_-_published:3091;Over500_2026_P04_-_published:3084;Over500_2026_P04_-_published:3087
SUMMIT CONTRACTORS BUILD,SUMMIT CONTRACTORS BUILD LTD,77557.2,310228.8,5,general_procurement,general_procurement=77557.2,Development & Housing,none,,Over500_2026_P02_-_published:747;Over500_2026_P03_-_published:735;Over500_2026_P03_-_published:736;Over500_2026_P03_-_published:712;Over500_2026_P04_-_published:627
UNITY RESIDENTIAL CARE SERVICES,Unity Residential Care Services,77192.45,308769.8,4,placement,placement=77192.45,Children's Social Care,none,,Over500_2026_P02_-_published:2119;Over500_2026_P02_-_published:2120;Over500_2026_P03_-_published:2106;Over500_2026_P04_-_published:3768
ABACUS NURSERY KINGSCLERE NURSERIES,ABACUS NURSERY (KINGSCLERE NURSERIES),76985.49,307941.96,2,grant,grant=76985.49,Education (DSG Funded) & Other Education Grants,none,,Over500_2026_P03_-_published:512;Over500_2026_P03_-_published:624
HEALTHCARE HOMES SPRING LADYMEAD CARE HOME,Healthcare Homes (Spring) Ltd - Ladymead Care Home,76324.14,305296.56,18,placement,placement=76324.14,Adult Social Care,none,,Over500_2026_P02_-_published:1001;Over500_2026_P02_-_published:1002;Over500_2026_P02_-_published:1003;Over500_2026_P02_-_published:1061;Over500_2026_P02_-_published:1488;Over500_2026_P02_-_published:1489;Over500_2026_P03_-_published:1008;Over500_2026_P03_-_published:1009;Over500_2026_P03_-_published:1332;Over500_2026_P03_-_published:1333;Over500_2026_P03_-_published:927;Over500_2026_P03_-_published:958;Over500_2026_P04_-_published:1046;Over500_2026_P04_-_published:1124;Over500_2026_P04_-_published:1144;Over500_2026_P04_-_published:1835;Over500_2026_P04_-_published:1913;Over500_2026_P04_-_published:1914
TRELOAR TRUST,Treloar Trust,75823.97,303295.88,6,placement,placement=70367.09; grant=5456.88,Adult Social Care; Education (DSG Funded) & Other Education Grants,none,,Over500_2026_P02_-_published:769;Over500_2026_P03_-_published:770;Over500_2026_P03_-_published:2305;Over500_2026_P04_-_published:1403;Over500_2026_P04_-_published:1404;Over500_2026_P04_-_published:3241
HURST LODGE SCHOOL,Hurst Lodge School,75484.45,301937.8,4,placement,placement=75484.45,Education (DSG Funded) & Other Education Grants,none,,Over500_2026_P03_-_published:2162;Over500_2026_P03_-_published:2163;Over500_2026_P03_-_published:2309;Over500_2026_P04_-_published:3282
READING WEST APARTHOTEL,READING WEST APARTHOTEL,74308.0,297232.0,3,premises,premises=74308.0,Development & Housing,none,,Over500_2026_P02_-_published:114;Over500_2026_P03_-_published:105;Over500_2026_P04_-_published:109
WSP UK,WSP UK  LTD,73901.03,295604.12,24,general_procurement,general_procurement=67564.02; premises=6337.01,"Development & Housing; Environment; Finance, Property & Procurement",none,,Over500_2026_P02_-_published:759;Over500_2026_P02_-_published:564;Over500_2026_P02_-_published:718;Over500_2026_P02_-_published:719;Over500_2026_P02_-_published:565;Over500_2026_P02_-_published:733;Over500_2026_P03_-_published:47;Over500_2026_P03_-_published:2416;Over500_2026_P03_-_published:698;Over500_2026_P03_-_published:720;Over500_2026_P03_-_published:465;Over500_2026_P03_-_published:747;Over500_2026_P03_-_published:1285;Over500_2026_P03_-_published:456;Over500_2026_P03_-_published:682;Over500_2026_P03_-_published:694;Over500_2026_P03_-_published:695;Over500_2026_P04_-_published:547;Over500_2026_P04_-_published:1294;Over500_2026_P04_-_published:820;Over500_2026_P04_-_published:1297;Over500_2026_P04_-_published:1307;Over500_2026_P04_-_published:1308;Over500_2026_P04_-_published:65
CONNICK TREE CARE,CONNICK TREE CARE,73404.42,293617.68,38,premises,premises=73404.42,Environment,none,,Over500_2026_P02_-_published:184;Over500_2026_P02_-_published:185;Over500_2026_P02_-_published:186;Over500_2026_P02_-_published:187;Over500_2026_P02_-_published:188;Over500_2026_P02_-_published:189;Over500_2026_P02_-_published:190;Over500_2026_P02_-_published:191;Over500_2026_P02_-_published:192;Over500_2026_P02_-_published:193;Over500_2026_P02_-_published:194;Over500_2026_P02_-_published:195;Over500_2026_P02_-_published:196;Over500_2026_P02_-_published:197;Over500_2026_P03_-_published:144;Over500_2026_P03_-_published:140;Over500_2026_P03_-_published:145;Over500_2026_P03_-_published:146;Over500_2026_P03_-_published:316;Over500_2026_P03_-_published:141;Over500_2026_P03_-_published:138;Over500_2026_P03_-_published:142;Over500_2026_P03_-_published:143;Over500_2026_P03_-_published:139;Over500_2026_P04_-_published:149;Over500_2026_P04_-_published:150;Over500_2026_P04_-_published:215;Over500_2026_P04_-_published:216;Over500_2026_P04_-_published:407;Over500_2026_P04_-_published:151;Over500_2026_P04_-_published:209;Over500_2026_P04_-_published:210;Over500_2026_P04_-_published:211;Over500_2026_P04_-_published:408;Over500_2026_P04_-_published:409;Over500_2026_P04_-_published:410;Over500_2026_P04_-_published:152;Over500_2026_P04_-_published:212
YOUR SERENITY,Your Serenity Ltd,73258.73,293034.92,57,placement,placement=73258.73,Adult Social Care,none,,Over500_2026_P02_-_published:1175;Over500_2026_P02_-_published:1176;Over500_2026_P02_-_published:1177;Over500_2026_P02_-_published:1178;Over500_2026_P02_-_published:1179;Over500_2026_P02_-_published:1180;Over500_2026_P02_-_published:1432;Over500_2026_P02_-_published:1909;Over500_2026_P02_-_published:1993;Over500_2026_P02_-_published:886;Over500_2026_P02_-_published:1250;Over500_2026_P02_-_published:1351;Over500_2026_P02_-_published:1352;Over500_2026_P02_-_published:1353;Over500_2026_P02_-_published:1354;Over500_2026_P02_-_published:1355;Over500_2026_P02_-_published:1356;Over500_2026_P03_-_published:1827;Over500_2026_P03_-_published:1830;Over500_2026_P04_-_published:1150;Over500_2026_P04_-_published:1167;Over500_2026_P04_-_published:1168;Over500_2026_P04_-_published:1169;Over500_2026_P04_-_published:1170;Over500_2026_P04_-_published:1171;Over500_2026_P04_-_published:1194;Over500_2026_P04_-_published:1776;Over500_2026_P04_-_published:1857;Over500_2026_P04_-_published:1858;Over500_2026_P04_-_published:2916;Over500_2026_P04_-_published:3644;Over500_2026_P04_-_published:890;Over500_2026_P04_-_published:1227;Over500_2026_P04_-_published:1254;Over500_2026_P04_-_published:1815;Over500_2026_P04_-_published:2047;Over500_2026_P04_-_published:3711;Over500_2026_P04_-_published:929;Over500_2026_P04_-_published:1467;Over500_2026_P04_-_published:1468;Over500_2026_P04_-_published:2086;Over500_2026_P04_-_published:2837;Over500_2026_P04_-_published:1538;Over500_2026_P04_-_published:1539;Over500_2026_P04_-_published:1535;Over500_2026_P04_-_published:1547;Over500_2026_P04_-_published:1593;Over500_2026_P04_-_published:1594;Over500_2026_P04_-_published:1595;Over500_2026_P04_-_published:1619;Over500_2026_P04_-_published:1639;Over500_2026_P04_-_published:1640;Over500_2026_P04_-_published:1745;Over500_2026_P04_-_published:1799;Over500_2026_P04_-_published:2290;Over500_2026_P04_-_published:2291;Over500_2026_P04_-_published:3714
ISP CHILDCARE,ISP Childcare Ltd,72641.36,290565.44,12,placement,placement=72641.36,Children's Social Care,none,,Over500_2026_P02_-_published:2115;Over500_2026_P02_-_published:2116;Over500_2026_P02_-_published:2117;Over500_2026_P02_-_published:2118;Over500_2026_P03_-_published:2022;Over500_2026_P03_-_published:2023;Over500_2026_P03_-_published:2045;Over500_2026_P03_-_published:3060;Over500_2026_P04_-_published:3103;Over500_2026_P04_-_published:3126;Over500_2026_P04_-_published:3128;Over500_2026_P04_-_published:3761
STEP BY STEP PARTNERSHIP,STEP BY STEP PARTNERSHIP LTD,72365.16,289460.64,52,placement,placement=72365.16,Children's Social Care,none,,Over500_2026_P02_-_published:2125;Over500_2026_P02_-_published:2141;Over500_2026_P02_-_published:2077;Over500_2026_P02_-_published:2078;Over500_2026_P02_-_published:2126;Over500_2026_P02_-_published:2142;Over500_2026_P02_-_published:2143;Over500_2026_P02_-_published:2144;Over500_2026_P02_-_published:2145;Over500_2026_P02_-_published:2127;Over500_2026_P02_-_published:2128;Over500_2026_P02_-_published:2129;Over500_2026_P02_-_published:2130;Over500_2026_P02_-_published:2147;Over500_2026_P02_-_published:2148;Over500_2026_P02_-_published:2080;Over500_2026_P02_-_published:2131;Over500_2026_P02_-_published:2149;Over500_2026_P03_-_published:2052;Over500_2026_P03_-_published:2108;Over500_2026_P03_-_published:2112;Over500_2026_P03_-_published:3067;Over500_2026_P03_-_published:3071;Over500_2026_P03_-_published:1923;Over500_2026_P03_-_published:2053;Over500_2026_P03_-_published:2109;Over500_2026_P03_-_published:2121;Over500_2026_P03_-_published:2123;Over500_2026_P03_-_published:3035;Over500_2026_P03_-_published:3072;Over500_2026_P03_-_published:3073;Over500_2026_P03_-_published:2124;Over500_2026_P03_-_published:3069;Over500_2026_P03_-_published:1991;Over500_2026_P03_-_published:2110;Over500_2026_P03_-_published:3074;Over500_2026_P04_-_published:3071;Over500_2026_P04_-_published:3222;Over500_2026_P04_-_published:3776;Over500_2026_P04_-_published:3153;Over500_2026_P04_-_published:3205;Over500_2026_P04_-_published:3223;Over500_2026_P04_-_published:3224;Over500_2026_P04_-_published:3740;Over500_2026_P04_-_published:3773;Over500_2026_P04_-_published:3115;Over500_2026_P04_-_published:3116;Over500_2026_P04_-_published:3117;Over500_2026_P04_-_published:3206;Over500_2026_P04_-_published:3229;Over500_2026_P04_-_published:3774;Over500_2026_P04_-_published:3779
MMCG 2,MMCG (2) Limited,71717.33,286869.32,15,placement,placement=71717.33,Adult Social Care,none,,Over500_2026_P02_-_published:1485;Over500_2026_P02_-_published:1833;Over500_2026_P02_-_published:997;Over500_2026_P02_-_published:998;Over500_2026_P02_-_published:999;Over500_2026_P03_-_published:1007;Over500_2026_P03_-_published:1846;Over500_2026_P03_-_published:2707;Over500_2026_P03_-_published:2840;Over500_2026_P03_-_published:902;Over500_2026_P04_-_published:1045;Over500_2026_P04_-_published:1095;Over500_2026_P04_-_published:1833;Over500_2026_P04_-_published:1912;Over500_2026_P04_-_published:2695
PORTHAVEN CARE HOMES NO3 FALKLAND GRANGE,Porthaven Care Homes No3 - Falkland Grange,71308.7,285234.8,12,placement,placement=71308.7,Adult Social Care,none,,Over500_2026_P02_-_published:1000;Over500_2026_P02_-_published:1060;Over500_2026_P02_-_published:1487;Over500_2026_P02_-_published:1558;Over500_2026_P03_-_published:1474;Over500_2026_P03_-_published:2856;Over500_2026_P03_-_published:926;Over500_2026_P03_-_published:985;Over500_2026_P04_-_published:1111;Over500_2026_P04_-_published:1834;Over500_2026_P04_-_published:1937;Over500_2026_P04_-_published:1969
HAPPY KIDS NEWBURY,HAPPY KIDS NEWBURY LTD; Happy Kids Newbury Ltd,69602.41,278409.64,6,grant,grant=69602.41,Education (DSG Funded) & Other Education Grants,none,,Over500_2026_P02_-_published:593;Over500_2026_P03_-_published:604;Over500_2026_P03_-_published:545;Over500_2026_P04_-_published:1262;Over500_2026_P04_-_published:575;Over500_2026_P04_-_published:691
PRUDENTIAL,PRUDENTIAL,68973.44,275893.76,4,general_procurement,general_procurement=68973.44,Strategy & Governance,none,,Over500_2026_P02_-_published:2204;Over500_2026_P03_-_published:2145;Over500_2026_P04_-_published:3198;Over500_2026_P04_-_published:3199
BAILEYS OF NEWBURY,BAILEYS OF NEWBURY,68206.35,272825.4,22,general_procurement,general_procurement=68206.35,Education & SEND,none,,Over500_2026_P02_-_published:301;Over500_2026_P02_-_published:302;Over500_2026_P02_-_published:303;Over500_2026_P02_-_published:329;Over500_2026_P02_-_published:318;Over500_2026_P02_-_published:319;Over500_2026_P02_-_published:320;Over500_2026_P02_-_published:336;Over500_2026_P02_-_published:337;Over500_2026_P04_-_published:180;Over500_2026_P04_-_published:252;Over500_2026_P04_-_published:247;Over500_2026_P04_-_published:186;Over500_2026_P04_-_published:254;Over500_2026_P04_-_published:187;Over500_2026_P04_-_published:453;Over500_2026_P04_-_published:454;Over500_2026_P04_-_published:255;Over500_2026_P04_-_published:256;Over500_2026_P04_-_published:306;Over500_2026_P04_-_published:307;Over500_2026_P04_-_published:458
BERKSHIRE MECHANICAL SERVICES,BERKSHIRE MECHANICAL SERVICES,68040.0,272160.0,45,premises,premises=66340.0; general_procurement=1700.0,Development & Housing,name,IT-402-1083-P00001083 - AWARD,Over500_2026_P02_-_published:49;Over500_2026_P02_-_published:30;Over500_2026_P02_-_published:31;Over500_2026_P02_-_published:32;Over500_2026_P02_-_published:33;Over500_2026_P02_-_published:34;Over500_2026_P02_-_published:35;Over500_2026_P02_-_published:36;Over500_2026_P02_-_published:37;Over500_2026_P02_-_published:38;Over500_2026_P02_-_published:39;Over500_2026_P02_-_published:40;Over500_2026_P02_-_published:41;Over500_2026_P02_-_published:42;Over500_2026_P02_-_published:453;Over500_2026_P02_-_published:454;Over500_2026_P03_-_published:278;Over500_2026_P03_-_published:42;Over500_2026_P03_-_published:50;Over500_2026_P03_-_published:58;Over500_2026_P03_-_published:279;Over500_2026_P03_-_published:52;Over500_2026_P03_-_published:280;Over500_2026_P03_-_published:54;Over500_2026_P04_-_published:146;Over500_2026_P04_-_published:167;Over500_2026_P04_-_published:369;Over500_2026_P04_-_published:374;Over500_2026_P04_-_published:375;Over500_2026_P04_-_published:59;Over500_2026_P04_-_published:76;Over500_2026_P04_-_published:376;Over500_2026_P04_-_published:48;Over500_2026_P04_-_published:78;Over500_2026_P04_-_published:370;Over500_2026_P04_-_published:49;Over500_2026_P04_-_published:81;Over500_2026_P04_-_published:371;Over500_2026_P04_-_published:372;Over500_2026_P04_-_published:50;Over500_2026_P04_-_published:56;Over500_2026_P04_-_published:57;Over500_2026_P04_-_published:373;Over500_2026_P04_-_published:51;Over500_2026_P04_-_published:77
TRIPLE VALUE IMPACT,Triple Value Impact,68028.0,272112.0,5,general_procurement,general_procurement=68028.0,Chief Executive,none,,Over500_2026_P03_-_published:2392;Over500_2026_P03_-_published:2393;Over500_2026_P03_-_published:641;Over500_2026_P03_-_published:642;Over500_2026_P03_-_published:649
DJ TRAVEL,D J TRAVEL,67966.91,271867.64,16,general_procurement,general_procurement=56186.91; placement=11780.0,Adult Social Care; Education & SEND,name,P00000342 Jan-Mar 2023,Over500_2026_P02_-_published:934;Over500_2026_P02_-_published:217;Over500_2026_P02_-_published:218;Over500_2026_P02_-_published:219;Over500_2026_P02_-_published:315;Over500_2026_P02_-_published:942;Over500_2026_P03_-_published:155;Over500_2026_P03_-_published:244;Over500_2026_P03_-_published:156;Over500_2026_P03_-_published:159;Over500_2026_P03_-_published:936;Over500_2026_P04_-_published:182;Over500_2026_P04_-_published:217;Over500_2026_P04_-_published:278;Over500_2026_P04_-_published:279;Over500_2026_P04_-_published:1025
REMEDICARE EDUCATION SERVICES,Remedicare Education Services Limited,66660.0,266640.0,5,placement,placement=66660.0,Education (DSG Funded) & Other Education Grants,none,,Over500_2026_P02_-_published:2208;Over500_2026_P02_-_published:2209;Over500_2026_P02_-_published:2210;Over500_2026_P02_-_published:2211;Over500_2026_P02_-_published:2212
FRONTISTI SERVICES,Frontisti Services Limited,65050.04,260200.16,6,placement,placement=65050.04,Adult Social Care,none,,Over500_2026_P03_-_published:1259;Over500_2026_P03_-_published:1289;Over500_2026_P04_-_published:1782;Over500_2026_P04_-_published:1767;Over500_2026_P04_-_published:1800;Over500_2026_P04_-_published:3698
IESE INNOVATION,iESE Innovation Ltd,64000.0,256000.0,1,general_procurement,general_procurement=64000.0,"Finance, Property & Procurement",none,,Over500_2026_P04_-_published:558
PANGBOURNE DAY NURSERY,PANGBOURNE DAY NURSERY,63942.61,255770.44,3,grant,grant=63942.61,Education (DSG Funded) & Other Education Grants,none,,Over500_2026_P02_-_published:588;Over500_2026_P03_-_published:609;Over500_2026_P04_-_published:567
CAREMARK WEST BERKSHIRE AND READING,Caremark (West Berkshire & Reading),63874.85,255499.4,34,placement,placement=63874.85,Adult Social Care,none,,Over500_2026_P02_-_published:1083;Over500_2026_P02_-_published:1084;Over500_2026_P02_-_published:1085;Over500_2026_P02_-_published:1086;Over500_2026_P02_-_published:1087;Over500_2026_P02_-_published:1088;Over500_2026_P02_-_published:1089;Over500_2026_P02_-_published:1415;Over500_2026_P02_-_published:1576;Over500_2026_P02_-_published:1303;Over500_2026_P02_-_published:1304;Over500_2026_P02_-_published:1305;Over500_2026_P02_-_published:1306;Over500_2026_P02_-_published:1616;Over500_2026_P02_-_published:1359;Over500_2026_P03_-_published:1048;Over500_2026_P03_-_published:1049;Over500_2026_P03_-_published:1082;Over500_2026_P03_-_published:2754;Over500_2026_P03_-_published:1240;Over500_2026_P03_-_published:1241;Over500_2026_P03_-_published:2799;Over500_2026_P03_-_published:2800;Over500_2026_P03_-_published:2881;Over500_2026_P04_-_published:1314;Over500_2026_P04_-_published:1361;Over500_2026_P04_-_published:2026;Over500_2026_P04_-_published:2045;Over500_2026_P04_-_published:2046;Over500_2026_P04_-_published:1352;Over500_2026_P04_-_published:1393;Over500_2026_P04_-_published:1530;Over500_2026_P04_-_published:1656;Over500_2026_P04_-_published:2068
CAMBIAN ASPERGER SYNDROME SERVICES,Cambian Asperger Syndrome Services Ltd,63667.66,254670.64,2,placement,placement=63667.66,Education (DSG Funded) & Other Education Grants,none,,Over500_2026_P02_-_published:2261;Over500_2026_P02_-_published:2264
ABC TRAVEL WOKINGHAM TA ABC TRAVEL,ABC TRAVEL (WOKINGHAM) LIMITED T/A ABC TRAVEL,63141.0,252564.0,24,general_procurement,general_procurement=63141.0,Adult Social Care; Education & SEND,alias,P00000342;P00000342 Jan-Mar 2023;P00001280;West Berkshire Council Transport - Dynamic Purchasing System (DPS) ongoing awards Jan-Mar 2026;West Berkshire Council Transport - Dynamic Purchasing System (DPS) ongoing awards Oct-Dec 2025;West Berkshire Council Transport Dynamic Purchasing System (DPS) Ongoing awards July-Sept 2025,Over500_2026_P02_-_published:295;Over500_2026_P02_-_published:208;Over500_2026_P02_-_published:212;Over500_2026_P02_-_published:259;Over500_2026_P02_-_published:309;Over500_2026_P02_-_published:343;Over500_2026_P02_-_published:352;Over500_2026_P02_-_published:362;Over500_2026_P02_-_published:211;Over500_2026_P02_-_published:213;Over500_2026_P03_-_published:197;Over500_2026_P03_-_published:221;Over500_2026_P03_-_published:243;Over500_2026_P03_-_published:335;Over500_2026_P03_-_published:342;Over500_2026_P03_-_published:258;Over500_2026_P04_-_published:277;Over500_2026_P04_-_published:428;Over500_2026_P04_-_published:270;Over500_2026_P04_-_published:299;Over500_2026_P04_-_published:323;Over500_2026_P04_-_published:304;Over500_2026_P04_-_published:334;Over500_2026_P04_-_published:296
A AND E BUILDERS BASINGSTOKE,A&E BUILDERS (BASINGSTOKE) LIMITED,62693.64,250774.56,6,general_procurement,general_procurement=62693.64,Development & Housing,none,,Over500_2026_P02_-_published:740;Over500_2026_P02_-_published:741;Over500_2026_P03_-_published:707;Over500_2026_P03_-_published:743;Over500_2026_P04_-_published:1300;Over500_2026_P04_-_published:752
WEMYSS LODGE,Wemyss Lodge Ltd,62445.63,249782.52,10,placement,placement=62445.63,Adult Social Care,none,,Over500_2026_P02_-_published:1493;Over500_2026_P02_-_published:1494;Over500_2026_P02_-_published:1965;Over500_2026_P03_-_published:1334;Over500_2026_P03_-_published:1476;Over500_2026_P03_-_published:3021;Over500_2026_P04_-_published:1994;Over500_2026_P04_-_published:2669;Over500_2026_P04_-_published:2821;Over500_2026_P04_-_published:2909
PLAYMATES PRE SCHOOL,PLAYMATES PRE-SCHOOL,61849.11,247396.44,3,grant,grant=61849.11,Education (DSG Funded) & Other Education Grants,none,,Over500_2026_P03_-_published:513;Over500_2026_P04_-_published:699;Over500_2026_P04_-_published:766
ALMAAZ 59 TA SCHOOL TRAVEL,ALMAAZ 59 LTD ( T/A SCHOOL TRAVEL),61536.1,246144.4,28,general_procurement,general_procurement=61536.1,Adult Social Care; Education & SEND,name,P00000342 Oct-Dec 2022,Over500_2026_P02_-_published:215;Over500_2026_P02_-_published:232;Over500_2026_P02_-_published:255;Over500_2026_P02_-_published:256;Over500_2026_P02_-_published:258;Over500_2026_P02_-_published:260;Over500_2026_P02_-_published:355;Over500_2026_P02_-_published:278;Over500_2026_P02_-_published:279;Over500_2026_P02_-_published:281;Over500_2026_P02_-_published:282;Over500_2026_P02_-_published:409;Over500_2026_P03_-_published:158;Over500_2026_P03_-_published:161;Over500_2026_P03_-_published:242;Over500_2026_P04_-_published:156;Over500_2026_P04_-_published:230;Over500_2026_P04_-_published:231;Over500_2026_P04_-_published:440;Over500_2026_P04_-_published:442;Over500_2026_P04_-_published:464;Over500_2026_P04_-_published:286;Over500_2026_P04_-_published:446;Over500_2026_P04_-_published:172;Over500_2026_P04_-_published:291;Over500_2026_P04_-_published:236;Over500_2026_P04_-_published:294;Over500_2026_P04_-_published:344
GE BUILDING SERVICES,G E Building Services,59938.0,239752.0,3,general_procurement,general_procurement=59938.0,"Finance, Property & Procurement",none,,Over500_2026_P02_-_published:739;Over500_2026_P04_-_published:1299;Over500_2026_P04_-_published:747
THE YUME PROJECT,The Yume Project Ltd,59876.94,239507.76,66,placement,placement=57776.94; grant=2100.0,Adult Social Care,none,,Over500_2026_P02_-_published:855;Over500_2026_P03_-_published:1519;Over500_2026_P03_-_published:1670;Over500_2026_P03_-_published:1671;Over500_2026_P03_-_published:1672;Over500_2026_P03_-_published:1718;Over500_2026_P03_-_published:1719;Over500_2026_P03_-_published:1721;Over500_2026_P03_-_published:1722;Over500_2026_P03_-_published:1723;Over500_2026_P03_-_published:1787;Over500_2026_P03_-_published:1788;Over500_2026_P03_-_published:1789;Over500_2026_P03_-_published:2919;Over500_2026_P03_-_published:2961;Over500_2026_P03_-_published:2962;Over500_2026_P03_-_published:2963;Over500_2026_P03_-_published:2964;Over500_2026_P03_-_published:2965;Over500_2026_P03_-_published:1792;Over500_2026_P03_-_published:1725;Over500_2026_P03_-_published:1726;Over500_2026_P03_-_published:1744;Over500_2026_P03_-_published:1794;Over500_2026_P03_-_published:1796;Over500_2026_P03_-_published:1538;Over500_2026_P03_-_published:1659;Over500_2026_P03_-_published:1711;Over500_2026_P03_-_published:1728;Over500_2026_P03_-_published:1729;Over500_2026_P03_-_published:1730;Over500_2026_P03_-_published:1746;Over500_2026_P03_-_published:1747;Over500_2026_P03_-_published:1750;Over500_2026_P03_-_published:1751;Over500_2026_P03_-_published:1801;Over500_2026_P03_-_published:1802;Over500_2026_P03_-_published:2969;Over500_2026_P03_-_published:2970;Over500_2026_P04_-_published:2591;Over500_2026_P04_-_published:2428;Over500_2026_P04_-_published:2452;Over500_2026_P04_-_published:2593;Over500_2026_P04_-_published:2594;Over500_2026_P04_-_published:2595;Over500_2026_P04_-_published:2596;Over500_2026_P04_-_published:2615;Over500_2026_P04_-_published:2616;Over500_2026_P04_-_published:2617;Over500_2026_P04_-_published:2618;Over500_2026_P04_-_published:2639;Over500_2026_P04_-_published:2640;Over500_2026_P04_-_published:2641;Over500_2026_P04_-_published:2642;Over500_2026_P04_-_published:3482;Over500_2026_P04_-_published:3483;Over500_2026_P04_-_published:3484;Over500_2026_P04_-_published:3552;Over500_2026_P04_-_published:3553;Over500_2026_P04_-_published:3554;Over500_2026_P04_-_published:3555;Over500_2026_P04_-_published:3556;Over500_2026_P04_-_published:3557;Over500_2026_P04_-_published:2502;Over500_2026_P04_-_published:3562;Over500_2026_P04_-_published:2689
BEENHAM CATERPILLARS,Beenham Caterpillars,59582.38,238329.52,2,grant,grant=59582.38,Education (DSG Funded) & Other Education Grants,none,,Over500_2026_P03_-_published:599;Over500_2026_P03_-_published:2093
CROSSROADS CARE WEST BERKSHIRE NEWBURY BRANCH,CROSSROADS CARE WEST BERKSHIRE (NEWBURY BRANCH),58776.6,235106.4,4,grant,grant=58776.6,Adult Social Care,none,,Over500_2026_P02_-_published:852;Over500_2026_P03_-_published:2683;Over500_2026_P03_-_published:809;Over500_2026_P04_-_published:1520
PAYPOINT MOBILE AND ONLINE,PAYPOINT MOBILE & ONLINE,58398.66,233594.64,5,general_procurement,general_procurement=58398.66,Environment,none,,Over500_2026_P03_-_published:2131;Over500_2026_P03_-_published:2132;Over500_2026_P03_-_published:2138;Over500_2026_P03_-_published:2139;Over500_2026_P03_-_published:3081
NORTH STAR CHILDRENS HOMES,North Star Children's Homes Ltd.,58257.61,233030.44,1,placement,placement=58257.61,Children's Social Care,none,,Over500_2026_P02_-_published:2022
LADYBIRDS PRE SCHOOL,LADYBIRDS PRE-SCHOOL,58103.04,232412.16,2,grant,grant=58103.04,Education (DSG Funded) & Other Education Grants,none,,Over500_2026_P03_-_published:489;Over500_2026_P04_-_published:580
ENABLE INCLUSIVE SUPPORT,Enable Inclusive Support Ltd,56473.67,225894.68,4,placement,placement=56473.67,Adult Social Care,none,,Over500_2026_P02_-_published:1812;Over500_2026_P03_-_published:1682;Over500_2026_P04_-_published:2442;Over500_2026_P04_-_published:2531
LITTLE RAINBOWS RAINBOWS CHILDCARE,LITTLE RAINBOWS LTD/RAINBOWS CHILDCARE LTD,56199.9,224799.6,1,grant,grant=56199.9,Education (DSG Funded) & Other Education Grants,none,,Over500_2026_P03_-_published:581
BLOOMFIELD CARE,Bloomfield Care Ltd,56132.45,224529.8,28,placement,placement=56132.45,Adult Social Care,none,,Over500_2026_P03_-_published:1031;Over500_2026_P03_-_published:1499;Over500_2026_P03_-_published:968;Over500_2026_P03_-_published:969;Over500_2026_P03_-_published:970;Over500_2026_P03_-_published:990;Over500_2026_P03_-_published:1097;Over500_2026_P03_-_published:2732;Over500_2026_P03_-_published:2824;Over500_2026_P03_-_published:1457;Over500_2026_P04_-_published:1198;Over500_2026_P04_-_published:1859;Over500_2026_P04_-_published:1348;Over500_2026_P04_-_published:1440;Over500_2026_P04_-_published:1454;Over500_2026_P04_-_published:1794;Over500_2026_P04_-_published:2083;Over500_2026_P04_-_published:2095;Over500_2026_P04_-_published:1534;Over500_2026_P04_-_published:1874;Over500_2026_P04_-_published:2273;Over500_2026_P04_-_published:2526;Over500_2026_P04_-_published:1537;Over500_2026_P04_-_published:1625;Over500_2026_P04_-_published:1875;Over500_2026_P04_-_published:1876;Over500_2026_P04_-_published:2280;Over500_2026_P04_-_published:2281
ROFEMARON HEALTHCARE,Rofemaron Healthcare Ltd,56078.44,224313.76,20,placement,placement=56078.44,Adult Social Care,none,,Over500_2026_P02_-_published:1098;Over500_2026_P02_-_published:1328;Over500_2026_P02_-_published:1329;Over500_2026_P02_-_published:1441;Over500_2026_P03_-_published:1163;Over500_2026_P03_-_published:1196;Over500_2026_P03_-_published:1225;Over500_2026_P03_-_published:2790;Over500_2026_P04_-_published:1225;Over500_2026_P04_-_published:1226;Over500_2026_P04_-_published:1886;Over500_2026_P04_-_published:3003;Over500_2026_P04_-_published:1394;Over500_2026_P04_-_published:1469;Over500_2026_P04_-_published:1808;Over500_2026_P04_-_published:2087;Over500_2026_P04_-_published:1604;Over500_2026_P04_-_published:1680;Over500_2026_P04_-_published:1879;Over500_2026_P04_-_published:2362
VOCALA,VOCALA LTD,55823.3,223293.2,2,general_procurement,general_procurement=55823.3,Adult Social Care - Transformation Projects,none,,Over500_2026_P04_-_published:1278;Over500_2026_P04_-_published:419
SOUTHERN COACH LINES,SOUTHERN COACH LINES LTD,55531.89,222127.56,16,general_procurement,general_procurement=55531.89,Education & SEND,alias,West Berkshire Council Transport Dynamic Purchasing System (DPS) Ongoing awards July-Sept 2025,Over500_2026_P03_-_published:173;Over500_2026_P03_-_published:174;Over500_2026_P03_-_published:175;Over500_2026_P03_-_published:179;Over500_2026_P03_-_published:211;Over500_2026_P03_-_published:216;Over500_2026_P03_-_published:217;Over500_2026_P03_-_published:218;Over500_2026_P03_-_published:250;Over500_2026_P03_-_published:338;Over500_2026_P03_-_published:180;Over500_2026_P03_-_published:219;Over500_2026_P03_-_published:220;Over500_2026_P03_-_published:248;Over500_2026_P03_-_published:249;Over500_2026_P03_-_published:339
LYORA HEALTHCARE SERVICES,Lyora Healthcare Services,55060.27,220241.08,5,placement,placement=55060.27,Adult Social Care,none,,Over500_2026_P03_-_published:1783;Over500_2026_P03_-_published:1842;Over500_2026_P03_-_published:1892;Over500_2026_P04_-_published:2792;Over500_2026_P04_-_published:2793
PRIORITY SERVICES4U,Priority Services4u Ltd,55013.16,220052.64,8,placement,placement=55013.16,Adult Social Care,none,,Over500_2026_P02_-_published:1721;Over500_2026_P02_-_published:1725;Over500_2026_P02_-_published:1741;Over500_2026_P02_-_published:1742;Over500_2026_P02_-_published:1743;Over500_2026_P02_-_published:1821;Over500_2026_P04_-_published:2230;Over500_2026_P04_-_published:2420
DANIEL GRIFFITHS TA BLUEBIRD PASSENGER SERVICES,DANIEL GRIFFITHS T/A BLUEBIRD PASSENGER SERVICES,54810.0,219240.0,20,general_procurement,general_procurement=54810.0,Education & SEND,name,P00000342 Oct-Dec 2022,Over500_2026_P02_-_published:237;Over500_2026_P02_-_published:286;Over500_2026_P02_-_published:357;Over500_2026_P02_-_published:358;Over500_2026_P02_-_published:359;Over500_2026_P03_-_published:182;Over500_2026_P03_-_published:252;Over500_2026_P03_-_published:324;Over500_2026_P03_-_published:332;Over500_2026_P03_-_published:343;Over500_2026_P03_-_published:165;Over500_2026_P03_-_published:237;Over500_2026_P03_-_published:262;Over500_2026_P03_-_published:334;Over500_2026_P03_-_published:353;Over500_2026_P04_-_published:163;Over500_2026_P04_-_published:240;Over500_2026_P04_-_published:275;Over500_2026_P04_-_published:325;Over500_2026_P04_-_published:479
BERKSHIRE WOMENS AID,Berkshire Womens Aid,52997.5,211990.0,2,grant,grant=52997.5,Public Health & Wellbeing,name,P00000926,Over500_2026_P04_-_published:721;Over500_2026_P04_-_published:856
BROCKHURST AND MARLSTON HOUSE SCHOOLS,BROCKHURST & MARLSTON HOUSE SCHOOLS,52684.32,210737.28,1,grant,grant=52684.32,Education (DSG Funded) & Other Education Grants,none,,Over500_2026_P03_-_published:491
PRECIOUS HOMES,Precious Homes Ltd,52614.77,210459.08,3,placement,placement=52614.77,Adult Social Care,none,,Over500_2026_P02_-_published:1689;Over500_2026_P03_-_published:1513;Over500_2026_P04_-_published:2141
WESTMINSTER HOMECARE,Westminster Homecare,52312.8,209251.2,10,placement,placement=52312.8,Adult Social Care,none,,Over500_2026_P02_-_published:1453;Over500_2026_P02_-_published:1859;Over500_2026_P03_-_published:1376;Over500_2026_P03_-_published:1828;Over500_2026_P04_-_published:1902;Over500_2026_P04_-_published:3580;Over500_2026_P04_-_published:2663;Over500_2026_P04_-_published:2738;Over500_2026_P04_-_published:1888;Over500_2026_P04_-_published:2740
YOUNG PEOPLE AND CHILDREN FIRST,YOUNG PEOPLE & CHILDREN FIRST,51510.86,206043.44,16,placement,placement=47175.98; grant=4334.88,Adult Social Care; Children's Social Care,none,,Over500_2026_P02_-_published:841;Over500_2026_P02_-_published:2081;Over500_2026_P02_-_published:2082;Over500_2026_P02_-_published:2083;Over500_2026_P02_-_published:2084;Over500_2026_P03_-_published:1989;Over500_2026_P03_-_published:1998;Over500_2026_P03_-_published:1999;Over500_2026_P03_-_published:3036;Over500_2026_P03_-_published:790;Over500_2026_P04_-_published:3055;Over500_2026_P04_-_published:3069;Over500_2026_P04_-_published:3151;Over500_2026_P04_-_published:3070;Over500_2026_P04_-_published:3152;Over500_2026_P04_-_published:853
IDOX SOFTWARE,IDOX SOFTWARE LTD,51226.41,204905.64,2,general_procurement,general_procurement=51226.41,Community Services; Development & Housing,name,P00000844,Over500_2026_P02_-_published:462;Over500_2026_P03_-_published:371
SWAN ADVOCACY,Swan Advocacy,51216.0,204864.0,8,grant,grant=28688.96; general_procurement=22527.04,Adult Social Care,candidate only,,Over500_2026_P02_-_published:543;Over500_2026_P02_-_published:853;Over500_2026_P03_-_published:443;Over500_2026_P03_-_published:817;Over500_2026_P03_-_published:442;Over500_2026_P03_-_published:818;Over500_2026_P04_-_published:536;Over500_2026_P04_-_published:884
ACORN HOME SUPPORT,Acorn Home Support Ltd,51197.56,204790.24,53,placement,placement=51197.56,Adult Social Care,none,,Over500_2026_P02_-_published:1376;Over500_2026_P02_-_published:1377;Over500_2026_P02_-_published:1739;Over500_2026_P02_-_published:1740;Over500_2026_P02_-_published:1915;Over500_2026_P02_-_published:1916;Over500_2026_P02_-_published:1917;Over500_2026_P02_-_published:1918;Over500_2026_P02_-_published:923;Over500_2026_P02_-_published:924;Over500_2026_P02_-_published:925;Over500_2026_P02_-_published:1933;Over500_2026_P02_-_published:1961;Over500_2026_P03_-_published:1261;Over500_2026_P03_-_published:1288;Over500_2026_P03_-_published:1527;Over500_2026_P03_-_published:1528;Over500_2026_P03_-_published:1784;Over500_2026_P03_-_published:1785;Over500_2026_P03_-_published:1786;Over500_2026_P03_-_published:2925;Over500_2026_P03_-_published:2996;Over500_2026_P03_-_published:886;Over500_2026_P03_-_published:887;Over500_2026_P03_-_published:911;Over500_2026_P03_-_published:1897;Over500_2026_P04_-_published:1000;Over500_2026_P04_-_published:1001;Over500_2026_P04_-_published:1751;Over500_2026_P04_-_published:1758;Over500_2026_P04_-_published:1759;Over500_2026_P04_-_published:2332;Over500_2026_P04_-_published:2333;Over500_2026_P04_-_published:2785;Over500_2026_P04_-_published:2786;Over500_2026_P04_-_published:2815;Over500_2026_P04_-_published:2827;Over500_2026_P04_-_published:3674;Over500_2026_P04_-_published:3675;Over500_2026_P04_-_published:1002;Over500_2026_P04_-_published:1003;Over500_2026_P04_-_published:1004;Over500_2026_P04_-_published:1766;Over500_2026_P04_-_published:1786;Over500_2026_P04_-_published:2553;Over500_2026_P04_-_published:2816;Over500_2026_P04_-_published:2846;Over500_2026_P04_-_published:2862;Over500_2026_P04_-_published:2863;Over500_2026_P04_-_published:2879;Over500_2026_P04_-_published:2898;Over500_2026_P04_-_published:2899;Over500_2026_P04_-_published:3455
MILKWOOD CARE APPLEWOOD CARE HOME,Milkwood Care Ltd - Applewood Care Home,50332.47,201329.88,11,placement,placement=50332.47,Adult Social Care,none,,Over500_2026_P02_-_published:1561;Over500_2026_P02_-_published:1562;Over500_2026_P02_-_published:1563;Over500_2026_P02_-_published:2014;Over500_2026_P03_-_published:1353;Over500_2026_P03_-_published:1421;Over500_2026_P03_-_published:1493;Over500_2026_P04_-_published:1960;Over500_2026_P04_-_published:2012;Over500_2026_P04_-_published:2684;Over500_2026_P04_-_published:3007
HOME FRONT,Home Front Ltd,50196.78,200787.12,3,general_procurement,general_procurement=50196.78,Community Services,none,,Over500_2026_P03_-_published:667;Over500_2026_P03_-_published:679;Over500_2026_P03_-_published:697
HEATHCOTES M,Heathcotes M Ltd,49955.64,199822.56,3,placement,placement=49955.64,Adult Social Care,none,,Over500_2026_P02_-_published:1674;Over500_2026_P03_-_published:2900;Over500_2026_P04_-_published:2190
ROYAL MAIL GROUP,ROYAL MAIL GROUP PLC,49939.73,199758.92,17,general_procurement,general_procurement=49939.73,"Transformation, Customer & ICT",none,,Over500_2026_P02_-_published:504;Over500_2026_P02_-_published:505;Over500_2026_P02_-_published:506;Over500_2026_P02_-_published:507;Over500_2026_P02_-_published:508;Over500_2026_P02_-_published:509;Over500_2026_P02_-_published:511;Over500_2026_P02_-_published:512;Over500_2026_P03_-_published:425;Over500_2026_P03_-_published:419;Over500_2026_P03_-_published:420;Over500_2026_P03_-_published:430;Over500_2026_P04_-_published:510;Over500_2026_P04_-_published:516;Over500_2026_P04_-_published:511;Over500_2026_P04_-_published:979;Over500_2026_P04_-_published:520
THE OLD FIRE STATION NURSERY,The Old Fire Station Nursery,49606.92,198427.68,1,grant,grant=49606.92,Education (DSG Funded) & Other Education Grants,none,,Over500_2026_P03_-_published:596
THE ORPHEUS CENTRE,The Orpheus Centre,48642.79,194571.16,13,placement,placement=48642.79,Adult Social Care; Education (DSG Funded) & Other Education Grants,none,,Over500_2026_P02_-_published:1744;Over500_2026_P02_-_published:1745;Over500_2026_P02_-_published:1746;Over500_2026_P02_-_published:1747;Over500_2026_P02_-_published:1748;Over500_2026_P02_-_published:1750;Over500_2026_P02_-_published:1751;Over500_2026_P02_-_published:1753;Over500_2026_P03_-_published:2230;Over500_2026_P03_-_published:1709;Over500_2026_P03_-_published:2949;Over500_2026_P04_-_published:2448;Over500_2026_P04_-_published:2468
MOOR HOUSE SCHOOL,MOOR HOUSE SCHOOL,48595.34,194381.36,2,placement,placement=48595.34,Education (DSG Funded) & Other Education Grants,none,,Over500_2026_P03_-_published:2154;Over500_2026_P03_-_published:2227
FOUR CORNERS CARE,Four Corners Care Ltd.,48548.57,194194.28,8,placement,placement=48548.57,Children's Social Care,none,,Over500_2026_P03_-_published:2011;Over500_2026_P03_-_published:3048;Over500_2026_P04_-_published:3076;Over500_2026_P04_-_published:3056;Over500_2026_P04_-_published:3063;Over500_2026_P04_-_published:3158;Over500_2026_P04_-_published:3094;Over500_2026_P04_-_published:3095
HARRIET HOUSE MONTESSORI,HARRIET HOUSE MONTESSORI,48193.17,192772.68,1,grant,grant=48193.17,Education (DSG Funded) & Other Education Grants,none,,Over500_2026_P03_-_published:524
CIVICA UK,CIVICA  UK LTD,48011.36,192045.44,3,general_procurement,general_procurement=48011.36,Community Services; Development & Housing,name,Corporate Housing System;VAS-SPY-17/CL681,Over500_2026_P02_-_published:463;Over500_2026_P02_-_published:465;Over500_2026_P03_-_published:383
NEXUS FOSTERING,Nexus Fostering Ltd,47755.84,191023.36,12,placement,placement=47755.84,Children's Social Care,none,,Over500_2026_P02_-_published:2052;Over500_2026_P02_-_published:2053;Over500_2026_P02_-_published:2062;Over500_2026_P03_-_published:1943;Over500_2026_P03_-_published:2016;Over500_2026_P03_-_published:2037;Over500_2026_P03_-_published:1946;Over500_2026_P03_-_published:1947;Over500_2026_P03_-_published:2044;Over500_2026_P04_-_published:3129;Over500_2026_P04_-_published:3104;Over500_2026_P04_-_published:3762
AURORA FE TA AURORA FOXES,Aurora FE Ltd T/A Aurora Foxes,47363.17,189452.68,4,placement,placement=47363.17,Adult Social Care; Education (DSG Funded) & Other Education Grants,none,,Over500_2026_P04_-_published:2708;Over500_2026_P04_-_published:3333;Over500_2026_P04_-_published:3568;Over500_2026_P04_-_published:3813
CHILTERN WAY ACADEMY,CHILTERN WAY ACADEMY,46562.36,186249.44,22,placement,placement=46562.36,Education (DSG Funded) & Other Education Grants,none,,Over500_2026_P03_-_published:2151;Over500_2026_P03_-_published:2152;Over500_2026_P03_-_published:2153;Over500_2026_P03_-_published:2181;Over500_2026_P03_-_published:2221;Over500_2026_P03_-_published:2222;Over500_2026_P03_-_published:2223;Over500_2026_P03_-_published:2224;Over500_2026_P03_-_published:2225;Over500_2026_P03_-_published:3093;Over500_2026_P03_-_published:3094;Over500_2026_P03_-_published:3095;Over500_2026_P03_-_published:3096;Over500_2026_P03_-_published:3097;Over500_2026_P04_-_published:3202;Over500_2026_P04_-_published:3271;Over500_2026_P04_-_published:3272;Over500_2026_P04_-_published:3273;Over500_2026_P04_-_published:3313;Over500_2026_P04_-_published:3795;Over500_2026_P04_-_published:3796;Over500_2026_P04_-_published:3797
APEX PRIME CARE,Apex Prime Care Ltd,46559.23,186236.92,34,placement,placement=46559.23,Adult Social Care,none,,Over500_2026_P02_-_published:1307;Over500_2026_P02_-_published:1308;Over500_2026_P02_-_published:1309;Over500_2026_P02_-_published:1310;Over500_2026_P02_-_published:1311;Over500_2026_P02_-_published:1312;Over500_2026_P02_-_published:2003;Over500_2026_P02_-_published:1315;Over500_2026_P02_-_published:1316;Over500_2026_P02_-_published:1317;Over500_2026_P02_-_published:1319;Over500_2026_P02_-_published:1361;Over500_2026_P03_-_published:1079;Over500_2026_P03_-_published:1080;Over500_2026_P03_-_published:1081;Over500_2026_P03_-_published:1114;Over500_2026_P03_-_published:1119;Over500_2026_P03_-_published:1120;Over500_2026_P03_-_published:1967;Over500_2026_P04_-_published:1432;Over500_2026_P04_-_published:1433;Over500_2026_P04_-_published:1434;Over500_2026_P04_-_published:1487;Over500_2026_P04_-_published:1495;Over500_2026_P04_-_published:2202;Over500_2026_P04_-_published:1544;Over500_2026_P04_-_published:1796;Over500_2026_P04_-_published:2923;Over500_2026_P04_-_published:952;Over500_2026_P04_-_published:1649;Over500_2026_P04_-_published:1678;Over500_2026_P04_-_published:2152;Over500_2026_P04_-_published:2377;Over500_2026_P04_-_published:969
CREAM HOLDINGS TAUNTON,Cream Holdings (Taunton) Ltd,46398.05,185592.2,6,placement,placement=46398.05,Adult Social Care,none,,Over500_2026_P02_-_published:1675;Over500_2026_P02_-_published:1694;Over500_2026_P03_-_published:1509;Over500_2026_P03_-_published:1442;Over500_2026_P04_-_published:2191;Over500_2026_P04_-_published:2198
MULBERRY CARE,Mulberry Care,46294.48,185177.92,9,placement,placement=46294.48,Adult Social Care,none,,Over500_2026_P02_-_published:1056;Over500_2026_P02_-_published:1547;Over500_2026_P02_-_published:1548;Over500_2026_P03_-_published:1350;Over500_2026_P03_-_published:1417;Over500_2026_P03_-_published:2718;Over500_2026_P04_-_published:1852;Over500_2026_P04_-_published:2010;Over500_2026_P04_-_published:2681
INSIGHT DIRECT UK,INSIGHT DIRECT (UK) LTD,46075.33,184301.32,6,general_procurement,general_procurement=46075.33,"Strategy & Governance; Transformation, Customer & ICT",name,P00000913;P00001042,Over500_2026_P02_-_published:470;Over500_2026_P02_-_published:477;Over500_2026_P03_-_published:532;Over500_2026_P04_-_published:907;Over500_2026_P04_-_published:499;Over500_2026_P04_-_published:908
BEAM UP,Beam Up Ltd,45954.0,183816.0,3,general_procurement,general_procurement=45954.0,Adult Social Care; Children's Social Care; Education & SEND,none,,Over500_2026_P03_-_published:388;Over500_2026_P03_-_published:389;Over500_2026_P03_-_published:528
CHILMINGTON HOMES,Chilmington Homes Ltd,45914.6,183658.4,6,placement,placement=45914.6,Adult Social Care,none,,Over500_2026_P02_-_published:1671;Over500_2026_P02_-_published:1852;Over500_2026_P03_-_published:1575;Over500_2026_P03_-_published:1826;Over500_2026_P04_-_published:2945;Over500_2026_P04_-_published:3578
ASTON NURSING SERVICES,Aston Nursing Services LTD,45499.81,181999.24,33,placement,placement=38092.24; grant=7407.57,Children's Social Care,none,,Over500_2026_P02_-_published:859;Over500_2026_P02_-_published:860;Over500_2026_P02_-_published:861;Over500_2026_P02_-_published:862;Over500_2026_P02_-_published:2067;Over500_2026_P02_-_published:2068;Over500_2026_P02_-_published:2069;Over500_2026_P02_-_published:2070;Over500_2026_P02_-_published:2071;Over500_2026_P02_-_published:863;Over500_2026_P02_-_published:864;Over500_2026_P02_-_published:2072;Over500_2026_P02_-_published:2073;Over500_2026_P02_-_published:2074;Over500_2026_P02_-_published:2075;Over500_2026_P03_-_published:2024;Over500_2026_P03_-_published:2046;Over500_2026_P03_-_published:3031;Over500_2026_P03_-_published:3062;Over500_2026_P03_-_published:3063;Over500_2026_P03_-_published:1986;Over500_2026_P03_-_published:1948;Over500_2026_P03_-_published:1979;Over500_2026_P03_-_published:3032;Over500_2026_P03_-_published:3064;Over500_2026_P04_-_published:3106;Over500_2026_P04_-_published:3131;Over500_2026_P04_-_published:3132;Over500_2026_P04_-_published:3173;Over500_2026_P04_-_published:3107;Over500_2026_P04_-_published:3133;Over500_2026_P04_-_published:3174;Over500_2026_P04_-_published:3765
PURLEY PRE SCHOOL PLAYGROUP,PURLEY PRE-SCHOOL PLAYGROUP,45318.14,181272.56,1,grant,grant=45318.14,Education (DSG Funded) & Other Education Grants,none,,Over500_2026_P03_-_published:2078
SOLUTIONS4HEALTH,Solutions4Health Ltd,45277.62,181110.48,4,general_procurement,general_procurement=45277.62,Public Health & Wellbeing,candidate only,,Over500_2026_P03_-_published:1978;Over500_2026_P03_-_published:1984;Over500_2026_P04_-_published:3054;Over500_2026_P04_-_published:3735
BOLINDA UK,Bolinda UK Ltd,45000.0,180000.0,5,general_procurement,general_procurement=45000.0,Community Services,none,,Over500_2026_P02_-_published:677;Over500_2026_P02_-_published:678;Over500_2026_P02_-_published:679;Over500_2026_P02_-_published:680;Over500_2026_P02_-_published:648
NAVARA LODGE,Navara Lodge,44638.1,178552.4,11,placement,placement=44638.1,Adult Social Care,none,,Over500_2026_P02_-_published:1050;Over500_2026_P02_-_published:1051;Over500_2026_P02_-_published:1052;Over500_2026_P03_-_published:1020;Over500_2026_P03_-_published:955;Over500_2026_P03_-_published:978;Over500_2026_P03_-_published:979;Over500_2026_P04_-_published:1108;Over500_2026_P04_-_published:1109;Over500_2026_P04_-_published:1141;Over500_2026_P04_-_published:1851
TK TRAVEL,TK TRAVEL LTD,44200.8,176803.2,6,general_procurement,general_procurement=44200.8,Education & SEND,name,P00000342,Over500_2026_P02_-_published:316;Over500_2026_P02_-_published:317;Over500_2026_P03_-_published:210;Over500_2026_P03_-_published:246;Over500_2026_P04_-_published:190;Over500_2026_P04_-_published:191
MAISHA STAFFING SOLUTIONS,MAISHA STAFFING SOLUTIONS LTD,43305.41,173221.64,21,placement,placement=31095.31; general_procurement=11670.1; agency_staff=540.0,Children's Social Care,none,,Over500_2026_P02_-_published:2034;Over500_2026_P02_-_published:2035;Over500_2026_P02_-_published:2085;Over500_2026_P02_-_published:225;Over500_2026_P02_-_published:226;Over500_2026_P02_-_published:227;Over500_2026_P03_-_published:7;Over500_2026_P03_-_published:1924;Over500_2026_P03_-_published:2001;Over500_2026_P03_-_published:1928;Over500_2026_P03_-_published:1929;Over500_2026_P03_-_published:2003;Over500_2026_P03_-_published:227;Over500_2026_P03_-_published:356;Over500_2026_P03_-_published:191;Over500_2026_P03_-_published:198;Over500_2026_P03_-_published:322;Over500_2026_P04_-_published:282;Over500_2026_P04_-_published:352;Over500_2026_P04_-_published:354;Over500_2026_P04_-_published:432
FOR FAMILIES,For Families Ltd,43135.7,172542.8,2,placement,placement=43135.7,Children's Social Care,none,,Over500_2026_P03_-_published:2015;Over500_2026_P04_-_published:3757
BOOT FARM KINDERGARDEN,BOOT FARM KINDERGARDEN,42573.08,170292.32,2,grant,grant=42573.08,Education (DSG Funded) & Other Education Grants,none,,Over500_2026_P03_-_published:520;Over500_2026_P03_-_published:587
AMS CARE WILTSHIRE,AMS Care Wiltshire Ltd,42251.04,169004.16,9,placement,placement=42251.04,Adult Social Care,none,,Over500_2026_P02_-_published:1476;Over500_2026_P02_-_published:873;Over500_2026_P02_-_published:992;Over500_2026_P03_-_published:1331;Over500_2026_P03_-_published:851;Over500_2026_P03_-_published:924;Over500_2026_P04_-_published:1093;Over500_2026_P04_-_published:1932;Over500_2026_P04_-_published:888
NORTHCOURT LODGE RESIDENTIAL CARE HOME,Northcourt Lodge Residential Care Home Ltd,42221.51,168886.04,8,placement,placement=42221.51,Adult Social Care,none,,Over500_2026_P02_-_published:1047;Over500_2026_P02_-_published:990;Over500_2026_P03_-_published:2717;Over500_2026_P03_-_published:900;Over500_2026_P04_-_published:1092;Over500_2026_P04_-_published:1122;Over500_2026_P04_-_published:1138;Over500_2026_P04_-_published:2933
SWARCO SMART CHARGING,SWARCO SMART CHARGING LTD,42032.88,168131.52,3,general_procurement,general_procurement=42032.88,Environment,name,P00001146,Over500_2026_P04_-_published:741;Over500_2026_P04_-_published:797;Over500_2026_P04_-_published:826
ORMSBY LODGE,ORMSBY LODGE,41871.22,167484.88,6,placement,placement=41871.22,Adult Social Care,none,,Over500_2026_P02_-_published:1634;Over500_2026_P02_-_published:1635;Over500_2026_P03_-_published:1463;Over500_2026_P03_-_published:1570;Over500_2026_P04_-_published:2157;Over500_2026_P04_-_published:2825
LVS OXFORD,LVS Oxford,41680.66,166722.64,2,placement,placement=41680.66,Education (DSG Funded) & Other Education Grants,none,,Over500_2026_P04_-_published:3326;Over500_2026_P04_-_published:3327
OXFORD ARCHITECTS,OXFORD ARCHITECTS LLP,41655.0,166620.0,9,general_procurement,general_procurement=41655.0,Education & SEND; Environment,none,,Over500_2026_P03_-_published:732;Over500_2026_P03_-_published:2414;Over500_2026_P03_-_published:717;Over500_2026_P04_-_published:837;Over500_2026_P04_-_published:745;Over500_2026_P04_-_published:758;Over500_2026_P04_-_published:839;Over500_2026_P04_-_published:636;Over500_2026_P04_-_published:755
MRS M ALSBURY,MRS M ALSBURY,41251.81,165007.24,4,grant,grant=41251.81,Education (DSG Funded) & Other Education Grants,none,,Over500_2026_P02_-_published:592;Over500_2026_P03_-_published:611;Over500_2026_P03_-_published:622;Over500_2026_P04_-_published:1184
KENNET VALLEY CATERPILLARS,KENNET VALLEY CATERPILLARS,41057.04,164228.16,3,grant,grant=41057.04,Education (DSG Funded) & Other Education Grants,none,,Over500_2026_P03_-_published:542;Over500_2026_P04_-_published:1263;Over500_2026_P04_-_published:764
BUCKINGHAMSHIRE COLLEGE GROUP IS A TRADING NAME OF AYLESBURY COLLEGE,Buckinghamshire College Group is a trading name of Aylesbury College,40031.79,160127.16,6,placement,placement=40031.79,Education (DSG Funded) & Other Education Grants,none,,Over500_2026_P04_-_published:3251;Over500_2026_P04_-_published:3285;Over500_2026_P04_-_published:3286;Over500_2026_P04_-_published:3331;Over500_2026_P04_-_published:3810;Over500_2026_P04_-_published:3811
MOORLANDS REST HOME,Moorlands Rest Home,39837.18,159348.72,9,placement,placement=39837.18,Adult Social Care,none,,Over500_2026_P02_-_published:1538;Over500_2026_P02_-_published:1539;Over500_2026_P02_-_published:1540;Over500_2026_P03_-_published:1347;Over500_2026_P03_-_published:1415;Over500_2026_P03_-_published:1488;Over500_2026_P04_-_published:1953;Over500_2026_P04_-_published:1964;Over500_2026_P04_-_published:2007
CONNECT 2 FLEXICARE,Connect 2 Flexicare Ltd,39835.2,159340.8,3,placement,placement=39835.2,Children's Social Care,none,,Over500_2026_P03_-_published:1920;Over500_2026_P03_-_published:2025;Over500_2026_P04_-_published:3135
CLEEVE LODGE,CLEEVE LODGE,39636.14,158544.56,7,placement,placement=39636.14,Adult Social Care,none,,Over500_2026_P02_-_published:1543;Over500_2026_P02_-_published:2012;Over500_2026_P03_-_published:1341;Over500_2026_P03_-_published:1484;Over500_2026_P03_-_published:1975;Over500_2026_P04_-_published:1954;Over500_2026_P04_-_published:2008
PRO AIR GB,PRO-AIR GB LTD,39490.0,157960.0,1,general_procurement,general_procurement=39490.0,Environment,none,,Over500_2026_P02_-_published:735
SPORTS AND LEISURE MANAGEMENT,SPORTS & LEISURE MANAGEMENT LTD,39139.47,156557.88,1,general_procurement,general_procurement=39139.47,Community Services,none,,Over500_2026_P03_-_published:2136
RICHMOND FELLOWSHIP,RICHMOND FELLOWSHIP,38835.6,155342.4,18,grant,grant=34834.06; placement=4001.54,Adult Social Care,none,,Over500_2026_P02_-_published:1872;Over500_2026_P02_-_published:842;Over500_2026_P02_-_published:843;Over500_2026_P03_-_published:2678;Over500_2026_P03_-_published:2679;Over500_2026_P03_-_published:2680;Over500_2026_P03_-_published:788;Over500_2026_P03_-_published:805;Over500_2026_P03_-_published:811;Over500_2026_P03_-_published:812;Over500_2026_P03_-_published:1859;Over500_2026_P03_-_published:806;Over500_2026_P04_-_published:656;Over500_2026_P04_-_published:715;Over500_2026_P04_-_published:3640;Over500_2026_P04_-_published:716;Over500_2026_P04_-_published:851;Over500_2026_P04_-_published:678
THE RAINBOW NURSERY,THE RAINBOW NURSERY,38804.6,155218.4,1,grant,grant=38804.6,Education (DSG Funded) & Other Education Grants,none,,Over500_2026_P03_-_published:608
DEVCOMMS SOUTH EAST,DevComms South East Ltd,38785.3,155141.2,2,general_procurement,general_procurement=38785.3,Development & Housing,none,,Over500_2026_P02_-_published:560;Over500_2026_P02_-_published:561
TADLEY COURT SCHOOL PRIORY,Tadley Court School Priory,37802.07,151208.28,4,placement,placement=37802.07,Education (DSG Funded) & Other Education Grants,none,,Over500_2026_P03_-_published:2168;Over500_2026_P04_-_published:3244;Over500_2026_P04_-_published:3323;Over500_2026_P04_-_published:3807
COATE WATER CARE ARBORY,Coate Water Care (Arbory) Limited,37771.11,151084.44,12,placement,placement=37771.11,Adult Social Care,none,,Over500_2026_P02_-_published:1062;Over500_2026_P02_-_published:1559;Over500_2026_P02_-_published:1984;Over500_2026_P02_-_published:1985;Over500_2026_P03_-_published:1352;Over500_2026_P03_-_published:1915;Over500_2026_P03_-_published:1916;Over500_2026_P03_-_published:986;Over500_2026_P04_-_published:1112;Over500_2026_P04_-_published:1970;Over500_2026_P04_-_published:3707;Over500_2026_P04_-_published:3708
MALLARD COTTAGE CHILDCARE,MALLARD COTTAGE CHILDCARE,37507.39,150029.56,3,grant,grant=37507.39,Education (DSG Funded) & Other Education Grants,none,,Over500_2026_P02_-_published:598;Over500_2026_P03_-_published:583;Over500_2026_P04_-_published:569
PANGBOURNE VALLEY PLAYGROUP,PANGBOURNE VALLEY PLAYGROUP,37074.1,148296.4,1,grant,grant=37074.1,Education (DSG Funded) & Other Education Grants,none,,Over500_2026_P03_-_published:2055
LIFE CARE CORPORATION,LIFE CARE CORPORATION LTD,36571.43,146285.72,1,placement,placement=36571.43,Adult Social Care,none,,Over500_2026_P04_-_published:2886
TRIPLE P UK,TRIPLE P UK LIMITED,36205.0,144820.0,2,general_procurement,general_procurement=36205.0,Children's Social Care,none,,Over500_2026_P02_-_published:2627;Over500_2026_P03_-_published:3445
BLISS RESIDENTIAL CARE,BLISS RESIDENTIAL CARE LTD,35784.44,143137.76,3,placement,placement=35784.44,Adult Social Care,none,,Over500_2026_P02_-_published:1669;Over500_2026_P03_-_published:1507;Over500_2026_P04_-_published:2189
ILLUMINANCE FOSTERING SERVICE,ILLUMINANCE FOSTERING SERVICE,35750.26,143001.04,6,placement,placement=35750.26,Children's Social Care,none,,Over500_2026_P02_-_published:2060;Over500_2026_P02_-_published:2061;Over500_2026_P02_-_published:2065;Over500_2026_P02_-_published:2066;Over500_2026_P04_-_published:3130;Over500_2026_P04_-_published:3763
WELLY BOOT LODGE DAY NURSERY,WELLY BOOT LODGE DAY NURSERY LTD,35726.13,142904.52,1,grant,grant=35726.13,Education (DSG Funded) & Other Education Grants,none,,Over500_2026_P03_-_published:509
MARK DILLON TA PENMAR TRANSPORT,Mark Dillon t/a Penmar Transport Ltd,35282.0,141128.0,15,general_procurement,general_procurement=33462.0; placement=1820.0,Adult Social Care; Education & SEND,alias,P00000342;P00001205;West Berkshire Council Transport - Dynamic Purchasing System (DPS) ongoing awards Oct-Dec 2025,Over500_2026_P02_-_published:349;Over500_2026_P03_-_published:1741;Over500_2026_P03_-_published:223;Over500_2026_P03_-_published:238;Over500_2026_P03_-_published:328;Over500_2026_P03_-_published:1724;Over500_2026_P04_-_published:234;Over500_2026_P04_-_published:2621;Over500_2026_P04_-_published:269;Over500_2026_P04_-_published:303;Over500_2026_P04_-_published:348;Over500_2026_P04_-_published:237;Over500_2026_P04_-_published:347;Over500_2026_P04_-_published:193;Over500_2026_P04_-_published:330
HOLMLEIGH CARE,Holmleigh Care Ltd,35184.6,140738.4,3,placement,placement=35184.6,Adult Social Care,none,,Over500_2026_P02_-_published:1792;Over500_2026_P03_-_published:1646;Over500_2026_P04_-_published:2418
FAMILYPLACEMENT COM,FAMILYPLACEMENT.COM LTD,34892.2,139568.8,11,placement,placement=34892.2,Children's Social Care,none,,Over500_2026_P02_-_published:2112;Over500_2026_P02_-_published:2113;Over500_2026_P02_-_published:2114;Over500_2026_P03_-_published:2019;Over500_2026_P03_-_published:1944;Over500_2026_P03_-_published:3057;Over500_2026_P04_-_published:3168;Over500_2026_P04_-_published:3171;Over500_2026_P04_-_published:3760;Over500_2026_P04_-_published:3101;Over500_2026_P04_-_published:3172
ACHIEVING FOR CHILDREN,Achieving for Children,34390.31,137561.24,1,general_procurement,general_procurement=34390.31,"Finance, Property & Procurement",none,,Over500_2026_P03_-_published:2142
NADAM CARE TA BELAMIE GABLES CARE HOME,Nadam Care Ltd T/A Belamie Gables Care Home,34345.82,137383.28,8,placement,placement=34345.82,Adult Social Care,none,,Over500_2026_P02_-_published:1057;Over500_2026_P02_-_published:1486;Over500_2026_P03_-_published:1024;Over500_2026_P03_-_published:2841;Over500_2026_P03_-_published:957;Over500_2026_P04_-_published:1142;Over500_2026_P04_-_published:1853;Over500_2026_P04_-_published:1936
VELOX HEALTHCARE,VELOX HEALTHCARE LIMITED,34308.0,137232.0,4,placement,placement=34308.0,Children's Social Care,none,,Over500_2026_P03_-_published:1997;Over500_2026_P03_-_published:3034;Over500_2026_P03_-_published:2002;Over500_2026_P03_-_published:1990
SOVEREIGN HOUSING GROUP,SOVEREIGN HOUSING GROUP,33283.63,133134.52,44,premises,premises=31256.16; grant=2027.47,Development & Housing,none,,Over500_2026_P02_-_published:100;Over500_2026_P02_-_published:101;Over500_2026_P02_-_published:81;Over500_2026_P02_-_published:82;Over500_2026_P02_-_published:83;Over500_2026_P02_-_published:84;Over500_2026_P02_-_published:85;Over500_2026_P02_-_published:86;Over500_2026_P02_-_published:87;Over500_2026_P02_-_published:88;Over500_2026_P02_-_published:89;Over500_2026_P02_-_published:90;Over500_2026_P02_-_published:91;Over500_2026_P02_-_published:92;Over500_2026_P02_-_published:93;Over500_2026_P02_-_published:94;Over500_2026_P02_-_published:95;Over500_2026_P02_-_published:96;Over500_2026_P02_-_published:97;Over500_2026_P02_-_published:98;Over500_2026_P02_-_published:99;Over500_2026_P03_-_published:118;Over500_2026_P03_-_published:119;Over500_2026_P03_-_published:120;Over500_2026_P03_-_published:290;Over500_2026_P03_-_published:291;Over500_2026_P03_-_published:292;Over500_2026_P03_-_published:293;Over500_2026_P03_-_published:294;Over500_2026_P03_-_published:70;Over500_2026_P03_-_published:71;Over500_2026_P03_-_published:72;Over500_2026_P03_-_published:73;Over500_2026_P03_-_published:76;Over500_2026_P03_-_published:77;Over500_2026_P03_-_published:86;Over500_2026_P03_-_published:87;Over500_2026_P03_-_published:95;Over500_2026_P03_-_published:96;Over500_2026_P03_-_published:97;Over500_2026_P03_-_published:98;Over500_2026_P03_-_published:99;Over500_2026_P04_-_published:772;Over500_2026_P04_-_published:775
COCKLEBURY FARMHOUSE HOMES,Cocklebury Farmhouse Homes,32861.68,131446.72,3,placement,placement=32861.68,Adult Social Care,none,,Over500_2026_P02_-_published:1680;Over500_2026_P03_-_published:1596;Over500_2026_P04_-_published:2170
MINSTEAD TRUST,MINSTEAD TRUST,32817.11,131268.44,8,placement,placement=32817.11,Adult Social Care,none,,Over500_2026_P03_-_published:1669;Over500_2026_P04_-_published:2228;Over500_2026_P04_-_published:3481;Over500_2026_P04_-_published:2484;Over500_2026_P04_-_published:2509;Over500_2026_P04_-_published:2511;Over500_2026_P04_-_published:2624;Over500_2026_P04_-_published:3359
THE GARDNER MEMORIAL MORE HOUSE SCHOOL,The Gard’ner Memorial Ltd/More House School,32533.0,130132.0,3,placement,placement=32533.0,Education (DSG Funded) & Other Education Grants,none,,Over500_2026_P03_-_published:2178;Over500_2026_P03_-_published:2205;Over500_2026_P03_-_published:2324
GREEN METRO CARS READING,GREEN METRO CARS READING LTD,32321.47,129285.88,19,general_procurement,general_procurement=32321.47,Children's Social Care; Education & SEND; Education (DSG Funded) & Other Education Grants,name,P00000342;P00001225;P00001226;P00001247,Over500_2026_P02_-_published:221;Over500_2026_P02_-_published:229;Over500_2026_P02_-_published:238;Over500_2026_P02_-_published:253;Over500_2026_P02_-_published:262;Over500_2026_P02_-_published:376;Over500_2026_P02_-_published:379;Over500_2026_P03_-_published:167;Over500_2026_P03_-_published:168;Over500_2026_P03_-_published:186;Over500_2026_P03_-_published:193;Over500_2026_P03_-_published:230;Over500_2026_P03_-_published:231;Over500_2026_P03_-_published:235;Over500_2026_P03_-_published:189;Over500_2026_P03_-_published:212;Over500_2026_P03_-_published:259;Over500_2026_P03_-_published:349;Over500_2026_P03_-_published:350
AURORA ROWAN SCHOOL,Aurora Rowan School,31666.67,126666.68,1,placement,placement=31666.67,Education (DSG Funded) & Other Education Grants,none,,Over500_2026_P03_-_published:2329
THE ADVOCACY PEOPLE FORMERLY SEAP,The Advocacy People (formerly SEAP),31653.23,126612.92,3,grant,grant=30817.25; general_procurement=835.98,Adult Social Care,candidate only,,Over500_2026_P02_-_published:854;Over500_2026_P03_-_published:447;Over500_2026_P04_-_published:885
INDEPENDENCE WITH DIGNITY SUPPORT SERVICES,INDEPENDENCE WITH DIGNITY SUPPORT SERVICES LTD,31518.34,126073.36,32,placement,placement=31518.34,Adult Social Care,none,,Over500_2026_P02_-_published:1246;Over500_2026_P02_-_published:1247;Over500_2026_P02_-_published:1762;Over500_2026_P02_-_published:1763;Over500_2026_P02_-_published:1764;Over500_2026_P02_-_published:1824;Over500_2026_P02_-_published:899;Over500_2026_P03_-_published:877;Over500_2026_P03_-_published:882;Over500_2026_P03_-_published:1192;Over500_2026_P03_-_published:1400;Over500_2026_P03_-_published:1647;Over500_2026_P03_-_published:1648;Over500_2026_P03_-_published:1845;Over500_2026_P03_-_published:2784;Over500_2026_P03_-_published:884;Over500_2026_P04_-_published:1228;Over500_2026_P04_-_published:2040;Over500_2026_P04_-_published:2325;Over500_2026_P04_-_published:2819;Over500_2026_P04_-_published:3010;Over500_2026_P04_-_published:895;Over500_2026_P04_-_published:931;Over500_2026_P04_-_published:2128;Over500_2026_P04_-_published:2474;Over500_2026_P04_-_published:2507;Over500_2026_P04_-_published:1592;Over500_2026_P04_-_published:1638;Over500_2026_P04_-_published:1744;Over500_2026_P04_-_published:2548;Over500_2026_P04_-_published:2578;Over500_2026_P04_-_published:986
OLAYINKA BUKOLA TA DIVINE CARE SOLUTIONS,Olayinka Bukola T/A Divine Care Solutions,31360.37,125441.48,3,placement,placement=31360.37,Adult Social Care,none,,Over500_2026_P02_-_published:1679;Over500_2026_P03_-_published:1510;Over500_2026_P04_-_published:2169
SAM2SAM DEAF CARE SERVICE,Sam2Sam Deaf Care Service Ltd,31299.22,125196.88,6,placement,placement=31299.22,Adult Social Care,none,,Over500_2026_P03_-_published:1866;Over500_2026_P03_-_published:1919;Over500_2026_P04_-_published:2914;Over500_2026_P04_-_published:2928;Over500_2026_P04_-_published:2918;Over500_2026_P04_-_published:2924
CASTLE WATER,CASTLE WATER LIMITED,31291.86,125167.44,8,premises,premises=31291.86,Adult Social Care; Development & Housing,none,,Over500_2026_P02_-_published:142;Over500_2026_P02_-_published:141;Over500_2026_P02_-_published:143;Over500_2026_P03_-_published:117;Over500_2026_P03_-_published:304;Over500_2026_P03_-_published:116;Over500_2026_P03_-_published:129;Over500_2026_P04_-_published:395
WESTWOOD FARM COMM PRE SCHOOL,WESTWOOD FARM COMM PRE-SCHOOL,31010.19,124040.76,1,grant,grant=31010.19,Education (DSG Funded) & Other Education Grants,none,,Over500_2026_P03_-_published:603
MORTIMER PRE SCHOOL,MORTIMER PRE SCHOOL,30459.72,121838.88,3,grant,grant=30459.72,Education (DSG Funded) & Other Education Grants,none,,Over500_2026_P02_-_published:621;Over500_2026_P03_-_published:553;Over500_2026_P04_-_published:698
THATCHAM PRE SCHOOL,THATCHAM PRE-SCHOOL,30209.66,120838.64,3,grant,grant=30209.66,Education (DSG Funded) & Other Education Grants,none,,Over500_2026_P03_-_published:490;Over500_2026_P04_-_published:577;Over500_2026_P04_-_published:579
HERMITAGE PRE SCHOOL PLAYGROU,HERMITAGE PRE SCHOOL PLAYGROU,30136.28,120545.12,3,grant,grant=30136.28,Education (DSG Funded) & Other Education Grants,none,,Over500_2026_P03_-_published:492;Over500_2026_P04_-_published:1193;Over500_2026_P04_-_published:701
COMPTON PRE SCHOOL,COMPTON PRE SCHOOL,30104.61,120418.44,3,grant,grant=30104.61,Education (DSG Funded) & Other Education Grants,none,,Over500_2026_P02_-_published:587;Over500_2026_P03_-_published:543;Over500_2026_P04_-_published:690
THOMSON REUTERS SWEET AND MAXWELL,THOMSON REUTERS/SWEET AND MAXWELL LTD,29894.31,119577.24,2,general_procurement,general_procurement=29894.31,Community Services; Strategy & Governance,none,,Over500_2026_P03_-_published:648;Over500_2026_P04_-_published:509
ETERNAL HOMECARE READING,Eternal Homecare Reading,29808.9,119235.6,22,placement,placement=29808.9,Adult Social Care,none,,Over500_2026_P02_-_published:1320;Over500_2026_P02_-_published:1620;Over500_2026_P03_-_published:1034;Over500_2026_P03_-_published:1035;Over500_2026_P03_-_published:2721;Over500_2026_P03_-_published:2860;Over500_2026_P03_-_published:1099;Over500_2026_P03_-_published:2739;Over500_2026_P03_-_published:1175;Over500_2026_P03_-_published:1156;Over500_2026_P03_-_published:1183;Over500_2026_P03_-_published:1390;Over500_2026_P03_-_published:1557;Over500_2026_P04_-_published:1149;Over500_2026_P04_-_published:1389;Over500_2026_P04_-_published:1390;Over500_2026_P04_-_published:1391;Over500_2026_P04_-_published:1392;Over500_2026_P04_-_published:1459;Over500_2026_P04_-_published:1992;Over500_2026_P04_-_published:1993;Over500_2026_P04_-_published:1587
GADBOURNE SERVICES NEWBURY,GADBOURNE SERVICES (NEWBURY) LTD,29691.64,118766.56,4,general_procurement,general_procurement=29691.64,Development & Housing,none,,Over500_2026_P02_-_published:745;Over500_2026_P03_-_published:710;Over500_2026_P04_-_published:832;Over500_2026_P04_-_published:751
BEENHAM PRE SCHOOL,BEENHAM PRE SCHOOL,29568.15,118272.6,1,grant,grant=29568.15,Education (DSG Funded) & Other Education Grants,none,,Over500_2026_P03_-_published:2079
COLD ASH PRE SCHOOL,COLD ASH PRE SCHOOL,29486.39,117945.56,1,grant,grant=29486.39,Education (DSG Funded) & Other Education Grants,none,,Over500_2026_P03_-_published:2080
STAGECOACH SERVICES,STAGECOACH SERVICES LIMITED,28839.65,115358.6,6,general_procurement,general_procurement=28839.65,Environment,none,,Over500_2026_P02_-_published:435;Over500_2026_P02_-_published:436;Over500_2026_P03_-_published:265;Over500_2026_P03_-_published:358;Over500_2026_P03_-_published:266;Over500_2026_P04_-_published:360
ALANIS COACH TRAVEL,Alanis Coach Travel,28818.29,115273.16,16,general_procurement,general_procurement=28818.29,Education & SEND,name,IT-402-1485-P00001485 - AWARD;IT-402-1563-P00001563 - AWARD;P00000342 Oct-Dec 2024;West Berkshire Council Transport - Dynamic Purchasing System (DPS) ongoing awards Jan-Mar 2025;West Berkshire Council Transport - Dynamic Purchasing System (DPS) ongoing awards Oct-Dec 2025;West Berkshire Council Transport Dynamic Purchasing System (DPS) Ongoing awards July-Sept 2025,Over500_2026_P02_-_published:239;Over500_2026_P02_-_published:261;Over500_2026_P02_-_published:263;Over500_2026_P02_-_published:287;Over500_2026_P02_-_published:296;Over500_2026_P02_-_published:363;Over500_2026_P02_-_published:366;Over500_2026_P02_-_published:373;Over500_2026_P02_-_published:374;Over500_2026_P03_-_published:347;Over500_2026_P03_-_published:348;Over500_2026_P03_-_published:169;Over500_2026_P03_-_published:201;Over500_2026_P03_-_published:256;Over500_2026_P03_-_published:188;Over500_2026_P03_-_published:236
HELPING HANDS HEALING HOOVES,Helping Hands Healing Hooves Ltd,28774.07,115096.28,8,placement,placement=28774.07,Adult Social Care,none,,Over500_2026_P02_-_published:1749;Over500_2026_P03_-_published:1605;Over500_2026_P03_-_published:1606;Over500_2026_P03_-_published:2931;Over500_2026_P04_-_published:2983;Over500_2026_P04_-_published:2984;Over500_2026_P04_-_published:3480;Over500_2026_P04_-_published:2582
THE ROYAL NATIONAL COLLEGE FOR THE BLIND,The Royal National College for the Blind,28753.67,115014.68,1,placement,placement=28753.67,Education (DSG Funded) & Other Education Grants,none,,Over500_2026_P03_-_published:2207
A MONGER,A MONGER LTD,28751.97,115007.88,5,general_procurement,general_procurement=28751.97,Development & Housing,none,,Over500_2026_P02_-_published:749;Over500_2026_P03_-_published:2411;Over500_2026_P03_-_published:711;Over500_2026_P03_-_published:741;Over500_2026_P04_-_published:749
MILKWOOD CARE BRAEBURN LODGE,Milkwood Care Ltd - Braeburn Lodge,28681.7,114726.8,6,placement,placement=28681.7,Adult Social Care,none,,Over500_2026_P02_-_published:1983;Over500_2026_P03_-_published:1823;Over500_2026_P03_-_published:2848;Over500_2026_P04_-_published:3001;Over500_2026_P04_-_published:1959;Over500_2026_P04_-_published:3706
KINGSCLERE NURSERIES,Kingsclere Nurseries,28655.35,114621.4,1,grant,grant=28655.35,Education (DSG Funded) & Other Education Grants,none,,Over500_2026_P03_-_published:2070
ACE WHEELCHAIR TRAVEL,ACE WHEELCHAIR TRAVEL,28458.0,113832.0,9,general_procurement,general_procurement=28458.0,Education & SEND,name,IT-402-1545-P00001545 - AWARD;P00001206;West Berkshire Council Transport - Dynamic Purchasing System (DPS) ongoing awards Jan-Mar 2026,Over500_2026_P02_-_published:264;Over500_2026_P02_-_published:370;Over500_2026_P02_-_published:375;Over500_2026_P03_-_published:232;Over500_2026_P03_-_published:233;Over500_2026_P03_-_published:330;Over500_2026_P04_-_published:207;Over500_2026_P04_-_published:445;Over500_2026_P04_-_published:328
FOREST BRIDGE SCHOOL,Forest Bridge School,28313.42,113253.68,2,placement,placement=28313.42,Education (DSG Funded) & Other Education Grants,none,,Over500_2026_P03_-_published:3091;Over500_2026_P03_-_published:3092
WAYS INTO WORK CIC,Ways into work CIC,28250.0,113000.0,1,placement,placement=28250.0,Education & SEND,name,IT-402-1491-P00001491 - AWARD,Over500_2026_P04_-_published:3257
COLLEYCARE,COLLEYCARE LTD,28206.55,112826.2,6,placement,placement=28206.55,Adult Social Care,none,,Over500_2026_P02_-_published:1510;Over500_2026_P02_-_published:1511;Over500_2026_P03_-_published:1410;Over500_2026_P03_-_published:1411;Over500_2026_P04_-_published:1918;Over500_2026_P04_-_published:1997
CHAILEY HERITAGE FOUNDATION,Chailey Heritage Foundation,28202.01,112808.04,1,placement,placement=28202.01,Education (DSG Funded) & Other Education Grants,none,,Over500_2026_P04_-_published:3321
COATE WATER CARE CO,Coate Water Care Co Ltd,28201.75,112807.0,6,placement,placement=28201.75,Adult Social Care,none,,Over500_2026_P02_-_published:1046;Over500_2026_P02_-_published:1541;Over500_2026_P03_-_published:1489;Over500_2026_P03_-_published:982;Over500_2026_P04_-_published:1159;Over500_2026_P04_-_published:2679
PARADISE HOUSE,PARADISE HOUSE,28166.97,112667.88,3,placement,placement=28166.97,Adult Social Care,none,,Over500_2026_P02_-_published:1692;Over500_2026_P03_-_published:2906;Over500_2026_P04_-_published:2173
ABICARE,Abicare,27809.28,111237.12,7,placement,placement=27809.28,Adult Social Care,none,,Over500_2026_P02_-_published:1173;Over500_2026_P02_-_published:1174;Over500_2026_P03_-_published:2750;Over500_2026_P03_-_published:2751;Over500_2026_P04_-_published:1204;Over500_2026_P04_-_published:1249;Over500_2026_P04_-_published:1618
TRADING STANDARDS SOUTH EAST,Trading Standards South East Limited,27509.57,110038.28,3,general_procurement,general_procurement=27509.57,Community Services,none,,Over500_2026_P02_-_published:647;Over500_2026_P03_-_published:2102;Over500_2026_P03_-_published:2103
BLUE SKY FOSTERING,Blue Sky Fostering,27430.48,109721.92,5,placement,placement=27430.48,Children's Social Care,none,,Over500_2026_P02_-_published:2055;Over500_2026_P02_-_published:2056;Over500_2026_P02_-_published:2064;Over500_2026_P03_-_published:1942;Over500_2026_P04_-_published:3098
TY COCH VILLA,Ty Coch Villa Ltd,27322.15,109288.6,6,placement,placement=27322.15,Adult Social Care,none,,Over500_2026_P02_-_published:1834;Over500_2026_P02_-_published:1853;Over500_2026_P03_-_published:1739;Over500_2026_P03_-_published:1756;Over500_2026_P04_-_published:2735;Over500_2026_P04_-_published:3572
CONVERGENT TECHNOLOGY,Convergent Technology Limited,27160.54,108642.16,3,general_procurement,general_procurement=27160.54,"Adult Social Care; Transformation, Customer & ICT",none,,Over500_2026_P02_-_published:481;Over500_2026_P03_-_published:656;Over500_2026_P03_-_published:658
ENCOMPASS DORSET TA RAWLEIGH HOUSE,Encompass (Dorset) Ltd t/a Rawleigh House,26810.09,107240.36,6,grant,grant=26810.09,Adult Social Care,none,,Over500_2026_P02_-_published:772;Over500_2026_P02_-_published:786;Over500_2026_P03_-_published:2669;Over500_2026_P03_-_published:774;Over500_2026_P04_-_published:1407;Over500_2026_P04_-_published:653
SERVNET,Servnet Ltd,26799.72,107198.88,1,general_procurement,general_procurement=26799.72,"Transformation, Customer & ICT",none,,Over500_2026_P03_-_published:373
COMMERCIAL SERVICES KENT,COMMERCIAL SERVICES KENT LTD,26549.25,106197.0,3,general_procurement,general_procurement=26549.25,Strategy & Governance,none,,Over500_2026_P04_-_published:560;Over500_2026_P04_-_published:16;Over500_2026_P04_-_published:616
PARKCARE HOMES NO 2 TA WHITE HOUSE,Parkcare Homes (No 2) Limited t/a White House,26231.5,104926.0,7,placement,placement=26231.5,Adult Social Care,none,,Over500_2026_P02_-_published:1632;Over500_2026_P02_-_published:1688;Over500_2026_P03_-_published:1600;Over500_2026_P03_-_published:2907;Over500_2026_P04_-_published:2156;Over500_2026_P04_-_published:2824;Over500_2026_P04_-_published:2950
UNIVERSITY OF SOUTHAMPTON,UNIVERSITY OF SOUTHAMPTON,26204.0,104816.0,1,general_procurement,general_procurement=26204.0,Education & SEND,none,,Over500_2026_P04_-_published:1008
SIRONA INTERNATIONAL TA POSEIDON CARE,Sirona International Ltd t/a Poseidon Care,26183.06,104732.24,14,placement,placement=26183.06,Adult Social Care,none,,Over500_2026_P04_-_published:1210;Over500_2026_P04_-_published:1211;Over500_2026_P04_-_published:1212;Over500_2026_P04_-_published:1213;Over500_2026_P04_-_published:1222;Over500_2026_P04_-_published:1223;Over500_2026_P04_-_published:1224;Over500_2026_P04_-_published:1251;Over500_2026_P04_-_published:1252;Over500_2026_P04_-_published:1253;Over500_2026_P04_-_published:1864;Over500_2026_P04_-_published:1865;Over500_2026_P04_-_published:1866;Over500_2026_P04_-_published:1867
DJ TAYLOR,D J TAYLOR,26127.54,104510.16,4,general_procurement,general_procurement=26127.54,Development & Housing,none,,Over500_2026_P03_-_published:734;Over500_2026_P03_-_published:713;Over500_2026_P03_-_published:739;Over500_2026_P04_-_published:1303
PIED PIPER PRE SCHOOL,PIED PIPER PRE-SCHOOL,26108.44,104433.76,4,grant,grant=26108.44,Education (DSG Funded) & Other Education Grants,none,,Over500_2026_P03_-_published:601;Over500_2026_P03_-_published:2094;Over500_2026_P04_-_published:763;Over500_2026_P04_-_published:702
AM HOMECARE SERVICES,AM Homecare Services Ltd,25840.54,103362.16,3,placement,placement=25840.54,Adult Social Care,none,,Over500_2026_P03_-_published:1135;Over500_2026_P03_-_published:1152;Over500_2026_P04_-_published:1525
BETHANY HAYES,Bethany Hayes,25785.54,103142.16,3,grant,grant=25785.54,Education (DSG Funded) & Other Education Grants,none,,Over500_2026_P02_-_published:620;Over500_2026_P03_-_published:618;Over500_2026_P04_-_published:1191
BEANSHEAF COMMUNITY PRE SCHOO,BEANSHEAF COMMUNITY PRE-SCHOO,25705.36,102821.44,2,grant,grant=25705.36,Education (DSG Funded) & Other Education Grants,none,,Over500_2026_P03_-_published:2074;Over500_2026_P04_-_published:1261
RACKLINE,Rackline Limited,25510.0,102040.0,2,general_procurement,general_procurement=25510.0,"Community Services; Finance, Property & Procurement",none,,Over500_2026_P04_-_published:746;Over500_2026_P04_-_published:899
WINGS AND WELLIES PRE SCHOOL ST GEORGES PRE SCHOOL,WINGS & WELLIES PRE-SCHOOL (ST GEORGE'S PRE-SCHOOL),25492.93,101971.72,1,grant,grant=25492.93,Education (DSG Funded) & Other Education Grants,none,,Over500_2026_P03_-_published:580
SLOUGH CHILDREN FIRST,SLOUGH CHILDREN FIRST LIMITED,25469.56,101878.24,1,general_procurement,general_procurement=25469.56,"Finance, Property & Procurement",none,,Over500_2026_P02_-_published:2202
PERCEPTIVE ON LINE TA AMATIS NETWORKS,Perceptive On Line Ltd T/A Amatis Networks,25401.97,101607.88,15,general_procurement,general_procurement=25401.97,"Transformation, Customer & ICT",none,,Over500_2026_P02_-_published:482;Over500_2026_P02_-_published:483;Over500_2026_P02_-_published:484;Over500_2026_P02_-_published:485;Over500_2026_P02_-_published:486;Over500_2026_P02_-_published:487;Over500_2026_P03_-_published:376;Over500_2026_P03_-_published:377;Over500_2026_P03_-_published:378;Over500_2026_P03_-_published:392;Over500_2026_P03_-_published:393;Over500_2026_P03_-_published:398;Over500_2026_P03_-_published:399;Over500_2026_P03_-_published:533;Over500_2026_P03_-_published:534
CREDO CARE,CREDO CARE,25363.87,101455.48,4,placement,placement=25363.87,Children's Social Care,none,,Over500_2026_P04_-_published:3137;Over500_2026_P04_-_published:3138;Over500_2026_P04_-_published:3175;Over500_2026_P04_-_published:3176
VALORUM CARE GROUP,Valorum Care Group Ltd,25181.62,100726.48,9,placement,placement=25181.62,Adult Social Care,none,,Over500_2026_P02_-_published:1869;Over500_2026_P02_-_published:1870;Over500_2026_P02_-_published:1966;Over500_2026_P03_-_published:1858;Over500_2026_P03_-_published:1960;Over500_2026_P03_-_published:2990;Over500_2026_P04_-_published:2728;Over500_2026_P04_-_published:3639;Over500_2026_P04_-_published:3701
CHARMAINE CAULFIELD,CHARMAINE CAULFIELD,24850.39,99401.56,1,grant,grant=24850.39,Education (DSG Funded) & Other Education Grants,none,,Over500_2026_P03_-_published:2056
OPTIMAL LIVING,Optimal Living Ltd,24837.14,99348.56,3,placement,placement=24837.14,Adult Social Care,none,,Over500_2026_P02_-_published:1678;Over500_2026_P03_-_published:2902;Over500_2026_P04_-_published:2168
NATIONAL YOUTH ADVOCACY SERVICE,National Youth Advocacy Service,24781.26,99125.04,3,grant,grant=24781.26,Children's Social Care,none,,Over500_2026_P02_-_published:867;Over500_2026_P03_-_published:2686;Over500_2026_P04_-_published:914
AGE UK BERKSHIRE,AGE UK BERKSHIRE,24724.07,98896.28,4,grant,grant=24724.07,Adult Social Care; Public Health & Wellbeing,none,,Over500_2026_P03_-_published:819;Over500_2026_P04_-_published:720;Over500_2026_P04_-_published:1521;Over500_2026_P04_-_published:855
STRIPEWEB,Stripeweb,24666.91,98667.64,29,general_procurement,general_procurement=24666.91,"Finance, Property & Procurement",none,,Over500_2026_P02_-_published:570;Over500_2026_P02_-_published:572;Over500_2026_P02_-_published:573;Over500_2026_P02_-_published:574;Over500_2026_P02_-_published:575;Over500_2026_P02_-_published:576;Over500_2026_P02_-_published:577;Over500_2026_P02_-_published:580;Over500_2026_P03_-_published:1650;Over500_2026_P03_-_published:481;Over500_2026_P03_-_published:1651;Over500_2026_P03_-_published:482;Over500_2026_P03_-_published:483;Over500_2026_P03_-_published:1652;Over500_2026_P03_-_published:485;Over500_2026_P04_-_published:640;Over500_2026_P04_-_published:641;Over500_2026_P04_-_published:643;Over500_2026_P04_-_published:1017;Over500_2026_P04_-_published:561;Over500_2026_P04_-_published:562;Over500_2026_P04_-_published:1018;Over500_2026_P04_-_published:1019;Over500_2026_P04_-_published:1020;Over500_2026_P04_-_published:563;Over500_2026_P04_-_published:644;Over500_2026_P04_-_published:646;Over500_2026_P04_-_published:564;Over500_2026_P04_-_published:647
ADDINGTON SCHOOL,Addington School,24407.56,97630.24,2,placement,placement=24407.56,Education (DSG Funded) & Other Education Grants,none,,Over500_2026_P04_-_published:3270;Over500_2026_P04_-_published:3201
JPAS CONTRACTING,JPAS Contracting Ltd,24235.0,96940.0,2,general_procurement,general_procurement=24235.0,Community Services,none,,Over500_2026_P02_-_published:685;Over500_2026_P04_-_published:788
BOOKINGLAB,BookingLab Limited,24000.0,96000.0,1,general_procurement,general_procurement=24000.0,"Transformation, Customer & ICT",name,CR244;IT-402-1498-P00001498 - AWARD,Over500_2026_P03_-_published:396
INCLUSION HAMPSHIRE INCLUSION COLLEGE,Inclusion Hampshire/Inclusion College,23500.02,94000.08,3,placement,placement=23500.02,Education (DSG Funded) & Other Education Grants,none,,Over500_2026_P03_-_published:2330;Over500_2026_P03_-_published:3121;Over500_2026_P04_-_published:3815
KARD GROUP,KARD GROUP LIMITED,23400.0,93600.0,6,premises,premises=23400.0,Development & Housing,none,,Over500_2026_P02_-_published:76;Over500_2026_P02_-_published:77;Over500_2026_P03_-_published:69;Over500_2026_P03_-_published:94;Over500_2026_P04_-_published:115;Over500_2026_P04_-_published:387
KAY HEALTHCARE,Kay Healthcare Ltd,23339.03,93356.12,6,placement,placement=23339.03,Adult Social Care,none,,Over500_2026_P03_-_published:1780;Over500_2026_P03_-_published:1839;Over500_2026_P03_-_published:1843;Over500_2026_P03_-_published:3016;Over500_2026_P04_-_published:2794;Over500_2026_P04_-_published:3683
FUSION FOSTERING,FUSION FOSTERING LTD,23102.76,92411.04,4,placement,placement=23102.76,Children's Social Care,none,,Over500_2026_P02_-_published:2110;Over500_2026_P02_-_published:2111;Over500_2026_P04_-_published:3125;Over500_2026_P04_-_published:3764
PREMIER CARS,Premier Cars,23097.5,92390.0,18,general_procurement,general_procurement=23097.5,Education & SEND,name,West Berkshire Council Transport - Dynamic Purchasing System (DPS) ongoing awards Oct-Dec 2025,Over500_2026_P02_-_published:252;Over500_2026_P02_-_published:360;Over500_2026_P02_-_published:246;Over500_2026_P02_-_published:273;Over500_2026_P02_-_published:274;Over500_2026_P02_-_published:298;Over500_2026_P02_-_published:400;Over500_2026_P03_-_published:166;Over500_2026_P03_-_published:253;Over500_2026_P04_-_published:199;Over500_2026_P04_-_published:243;Over500_2026_P04_-_published:315;Over500_2026_P04_-_published:436;Over500_2026_P04_-_published:437;Over500_2026_P04_-_published:439;Over500_2026_P04_-_published:441;Over500_2026_P04_-_published:449;Over500_2026_P04_-_published:317
ST JOHNS PRE SCHOOL,ST JOHN'S PRE-SCHOOL,23093.97,92375.88,2,grant,grant=23093.97,Education (DSG Funded) & Other Education Grants,none,,Over500_2026_P03_-_published:606;Over500_2026_P03_-_published:557
WEST BERKSHIRE TRAINING CONSORTIUM,WEST BERKSHIRE TRAINING CONSORTIUM,22963.98,91855.92,1,grant,grant=22963.98,Education & SEND,none,,Over500_2026_P04_-_published:1271
ALLSTAR BUSINESS SOLUTIONS,ALLSTAR BUSINESS SOLUTIONS LTD,22890.57,91562.28,11,general_procurement,general_procurement=22890.57,Environment,none,,Over500_2026_P02_-_published:199;Over500_2026_P02_-_published:200;Over500_2026_P02_-_published:201;Over500_2026_P03_-_published:318;Over500_2026_P03_-_published:147;Over500_2026_P03_-_published:148;Over500_2026_P03_-_published:319;Over500_2026_P03_-_published:320;Over500_2026_P04_-_published:214;Over500_2026_P04_-_published:154;Over500_2026_P04_-_published:411
MINI OAKS PRESCHOOL,MINI OAKS PRESCHOOL,22882.17,91528.68,1,grant,grant=22882.17,Education (DSG Funded) & Other Education Grants,none,,Over500_2026_P03_-_published:506
GP HOMECARE TA RADIS COMM CARE,GP HOMECARE LTD/TA RADIS COMM CARE,22684.56,90738.24,5,placement,placement=22684.56,Adult Social Care,none,,Over500_2026_P02_-_published:878;Over500_2026_P04_-_published:892;Over500_2026_P04_-_published:893;Over500_2026_P04_-_published:894;Over500_2026_P04_-_published:944
CHERRYTREES CARE,Cherrytrees Care,22619.17,90476.68,4,placement,placement=22619.17,Adult Social Care,none,,Over500_2026_P02_-_published:1943;Over500_2026_P03_-_published:1879;Over500_2026_P04_-_published:2777;Over500_2026_P04_-_published:3689
NATIONAL STAR COLLEGE,National Star College,22278.61,89114.44,1,placement,placement=22278.61,Education (DSG Funded) & Other Education Grants,none,,Over500_2026_P04_-_published:3814
CHIRON CARE UK,Chiron Care (UK) Ltd,22117.95,88471.8,6,placement,placement=22117.95,Adult Social Care,none,,Over500_2026_P02_-_published:1881;Over500_2026_P02_-_published:1904;Over500_2026_P02_-_published:1905;Over500_2026_P02_-_published:1906;Over500_2026_P02_-_published:1907;Over500_2026_P04_-_published:2856
TENNENT HOMES 2019,Tennent Homes 2019 Limited,21900.0,87600.0,18,premises,premises=21900.0,Development & Housing,none,,Over500_2026_P02_-_published:104;Over500_2026_P02_-_published:71;Over500_2026_P02_-_published:72;Over500_2026_P02_-_published:73;Over500_2026_P02_-_published:74;Over500_2026_P02_-_published:75;Over500_2026_P03_-_published:100;Over500_2026_P03_-_published:286;Over500_2026_P03_-_published:287;Over500_2026_P03_-_published:288;Over500_2026_P03_-_published:289;Over500_2026_P03_-_published:75;Over500_2026_P04_-_published:105;Over500_2026_P04_-_published:385;Over500_2026_P04_-_published:386;Over500_2026_P04_-_published:72;Over500_2026_P04_-_published:89;Over500_2026_P04_-_published:91
THE NATIONAL FOSTERING AGENCY,The National Fostering Agency Ltd,21786.38,87145.52,6,placement,placement=21786.38,Children's Social Care,none,,Over500_2026_P03_-_published:2018;Over500_2026_P03_-_published:2039;Over500_2026_P03_-_published:2040;Over500_2026_P03_-_published:2041;Over500_2026_P04_-_published:3099;Over500_2026_P04_-_published:3100
HF TRUST,H F TRUST LIMITED,21303.67,85214.68,4,grant,grant=21303.67,Adult Social Care,none,,Over500_2026_P02_-_published:829;Over500_2026_P02_-_published:830;Over500_2026_P04_-_published:879;Over500_2026_P04_-_published:689
GOLDEN AURA CARE,Golden Aura Care Limited,20704.0,82816.0,8,general_procurement,general_procurement=20704.0,Children's Social Care; Education & SEND,name,P00000342 Oct-Dec 2024;West Berkshire Council Transport - Dynamic Purchasing System (DPS) ongoing awards Oct-Dec 2025;West Berkshire Council Transport Dynamic Purchasing System (DPS) Ongoing awards July-Sept 2025,Over500_2026_P02_-_published:407;Over500_2026_P04_-_published:461;Over500_2026_P04_-_published:257;Over500_2026_P04_-_published:469;Over500_2026_P04_-_published:284;Over500_2026_P04_-_published:219;Over500_2026_P04_-_published:346;Over500_2026_P04_-_published:337
RBPG ROBINSON BROWN PROPERTY GROUP,RBPG Limited (Robinson Brown Property Group Limited),20583.37,82333.48,12,placement,placement=14773.21; grant=5810.16,Adult Social Care; Development & Housing,none,,Over500_2026_P02_-_published:1947;Over500_2026_P03_-_published:1774;Over500_2026_P03_-_published:1775;Over500_2026_P03_-_published:1863;Over500_2026_P03_-_published:630;Over500_2026_P03_-_published:638;Over500_2026_P03_-_published:1885;Over500_2026_P03_-_published:1896;Over500_2026_P04_-_published:2830;Over500_2026_P04_-_published:3680;Over500_2026_P04_-_published:709;Over500_2026_P04_-_published:2857
U KIDS CHILDCARE,U KIDS CHILDCARE LIMITED,20492.63,81970.52,3,grant,grant=20492.63,Education & SEND,none,,Over500_2026_P04_-_published:1268;Over500_2026_P04_-_published:582;Over500_2026_P04_-_published:768
PASSIONATE SUPPORT SERVICES,Passionate Support Services Ltd,20488.52,81954.08,3,placement,placement=20488.52,Adult Social Care,none,,Over500_2026_P03_-_published:1779;Over500_2026_P03_-_published:1805;Over500_2026_P04_-_published:2850
JANES HOUSE MONTESSORI LALATIGS,JANES HOUSE MONTESSORI / LALATIGS LTD,20449.75,81799.0,2,grant,grant=20449.75,Education (DSG Funded) & Other Education Grants,none,,Over500_2026_P03_-_published:500;Over500_2026_P03_-_published:555
SHINFIELD BUILDERS,SHINFIELD BUILDERS,20347.4,81389.6,2,general_procurement,general_procurement=20347.4,Development & Housing,none,,Over500_2026_P02_-_published:748;Over500_2026_P03_-_published:692
1ST TRANSPORT INNOVATION READING TA 5 STAR CARS AND READING CENTRAL CARS,1st Transport Innovation Reading Ltd T/A 5 Star Cars & Reading Central Cars,20341.5,81366.0,11,general_procurement,general_procurement=20341.5,Education & SEND,none,,Over500_2026_P02_-_published:275;Over500_2026_P02_-_published:276;Over500_2026_P02_-_published:401;Over500_2026_P02_-_published:402;Over500_2026_P03_-_published:187;Over500_2026_P03_-_published:240;Over500_2026_P03_-_published:329;Over500_2026_P03_-_published:257;Over500_2026_P04_-_published:343;Over500_2026_P04_-_published:173;Over500_2026_P04_-_published:482
HEATH FARM FOSTERING,Heath Farm Fostering,20295.2,81180.8,3,placement,placement=20295.2,Children's Social Care,none,,Over500_2026_P03_-_published:2038;Over500_2026_P03_-_published:3059;Over500_2026_P04_-_published:3127
CL WINDEBANK COMBE HOUSE,C L WINDEBANK (COMBE HOUSE),20198.62,80794.48,3,placement,placement=20198.62,Adult Social Care,none,,Over500_2026_P02_-_published:1064;Over500_2026_P03_-_published:959;Over500_2026_P04_-_published:1145
FETLOCKS HOUSING,Fetlocks Housing Ltd,20142.34,80569.36,4,placement,placement=20142.34,Adult Social Care,none,,Over500_2026_P02_-_published:1760;Over500_2026_P03_-_published:1594;Over500_2026_P04_-_published:3026;Over500_2026_P04_-_published:2575
STREATLEY HILL PRE SCHOOL,STREATLEY HILL PRE-SCHOOL,20141.73,80566.92,1,grant,grant=20141.73,Education (DSG Funded) & Other Education Grants,none,,Over500_2026_P03_-_published:578
LIAISE LONDON,Liaise London Ltd,20113.52,80454.08,2,placement,placement=20113.52,Adult Social Care,none,,Over500_2026_P04_-_published:2731;Over500_2026_P04_-_published:2701
INTERAKT COMMUNITY,Interakt Community Limited,20050.47,80201.88,26,placement,placement=20050.47,Adult Social Care,none,,Over500_2026_P03_-_published:1673;Over500_2026_P03_-_published:1740;Over500_2026_P03_-_published:1790;Over500_2026_P03_-_published:1791;Over500_2026_P03_-_published:1742;Over500_2026_P03_-_published:1743;Over500_2026_P03_-_published:1727;Over500_2026_P03_-_published:1745;Over500_2026_P03_-_published:1797;Over500_2026_P03_-_published:1798;Over500_2026_P03_-_published:1799;Over500_2026_P03_-_published:1800;Over500_2026_P03_-_published:2966;Over500_2026_P03_-_published:2967;Over500_2026_P03_-_published:2968;Over500_2026_P03_-_published:1748;Over500_2026_P03_-_published:1803;Over500_2026_P04_-_published:2597;Over500_2026_P04_-_published:2598;Over500_2026_P04_-_published:2619;Over500_2026_P04_-_published:2620;Over500_2026_P04_-_published:2643;Over500_2026_P04_-_published:2644;Over500_2026_P04_-_published:3558;Over500_2026_P04_-_published:2623;Over500_2026_P04_-_published:2688
ROBSEAL ROOFING SOLUTIONS,Robseal Roofing Solutions Ltd,20000.0,80000.0,1,general_procurement,general_procurement=20000.0,"Finance, Property & Procurement",none,,Over500_2026_P04_-_published:1298
VERNA EARTH SOLUTIONS,Verna Earth Solutions Ltd.,20000.0,80000.0,1,general_procurement,general_procurement=20000.0,Development & Housing,none,,Over500_2026_P03_-_published:474
HEROS,HEROS,19863.34,79453.36,1,placement,placement=19863.34,Education (DSG Funded) & Other Education Grants,none,,Over500_2026_P04_-_published:3794
ST MARYS RESIDENTIAL HOME,ST MARY'S RESIDENTIAL HOME,19784.57,79138.28,3,grant,grant=19784.57,Adult Social Care,none,,Over500_2026_P02_-_published:773;Over500_2026_P03_-_published:751;Over500_2026_P04_-_published:804
BACYP TA BERKSHIRE YOUTH,BACYP LTD T/A Berkshire Youth,19779.0,79116.0,4,grant,grant=9029.0; general_procurement=8750.0; premises=2000.0,Children's Social Care; Community Services; Education & SEND,none,,Over500_2026_P02_-_published:70;Over500_2026_P02_-_published:630;Over500_2026_P02_-_published:557;Over500_2026_P04_-_published:383
FEES AND CHARGES CO,FEES AND CHARGES CO LTD,19750.0,79000.0,1,general_procurement,general_procurement=19750.0,Strategy & Governance,none,,Over500_2026_P03_-_published:468
MARSTON HOLDINGS,Marston Holdings Ltd,19746.0,78984.0,2,premises,premises=11438.0; general_procurement=8308.0,Environment,none,,Over500_2026_P03_-_published:685;Over500_2026_P04_-_published:62
RENAULT RETAIL GROUP UK,Renault Retail Group UK Ltd.,19737.95,78951.8,1,general_procurement,general_procurement=19737.95,Environment,none,,Over500_2026_P02_-_published:732
ONE SOURCE IT,One Source IT Ltd,19695.0,78780.0,2,general_procurement,general_procurement=19695.0,"Transformation, Customer & ICT",none,,Over500_2026_P02_-_published:469;Over500_2026_P02_-_published:664
THE ENGLEFIELD ESTATE TRUST CORPORATION,The Englefield Estate Trust Corporation Ltd,19667.64,78670.56,1,general_procurement,general_procurement=19667.64,Environment,none,,Over500_2026_P04_-_published:1290
PBS4,PBS4,19629.35,78517.4,3,placement,placement=19629.35,Adult Social Care,none,,Over500_2026_P04_-_published:2724;Over500_2026_P04_-_published:2767;Over500_2026_P04_-_published:3630
BOTTOMLINE TECHNOLOGIES,Bottomline Technologies,19565.04,78260.16,2,general_procurement,general_procurement=19565.04,"Environment; Transformation, Customer & ICT",none,,Over500_2026_P03_-_published:374;Over500_2026_P03_-_published:530
LIFTABILITY,LIFTABILITY LTD,19532.03,78128.12,3,general_procurement,general_procurement=19532.03,Development & Housing,none,,Over500_2026_P03_-_published:2409;Over500_2026_P03_-_published:691;Over500_2026_P04_-_published:748
CORNERSTONE BACS MISS EMMALINE LAMBERT,CORNERSTONE BACS (MISS EMMALINE LAMBERT),19500.0,78000.0,2,general_procurement,general_procurement=19500.0,Development & Housing; Strategy & Governance,none,,Over500_2026_P03_-_published:1283;Over500_2026_P03_-_published:416
CARE PARTNERS NEWBURY,CARE PARTNERS (NEWBURY) LTD,19312.93,77251.72,21,placement,placement=19312.93,Adult Social Care,none,,Over500_2026_P02_-_published:1284;Over500_2026_P02_-_published:1285;Over500_2026_P02_-_published:1286;Over500_2026_P02_-_published:1287;Over500_2026_P02_-_published:1436;Over500_2026_P02_-_published:1340;Over500_2026_P02_-_published:1350;Over500_2026_P02_-_published:1358;Over500_2026_P02_-_published:1619;Over500_2026_P04_-_published:1860;Over500_2026_P04_-_published:1861;Over500_2026_P04_-_published:1215;Over500_2026_P04_-_published:1216;Over500_2026_P04_-_published:1868;Over500_2026_P04_-_published:1981;Over500_2026_P04_-_published:1387;Over500_2026_P04_-_published:1442;Over500_2026_P04_-_published:1503;Over500_2026_P04_-_published:2209;Over500_2026_P04_-_published:1548;Over500_2026_P04_-_published:1590
JENEVI EDUCARE,Jenevi Educare Limited,19294.56,77178.24,1,placement,placement=19294.56,Children's Social Care,none,,Over500_2026_P04_-_published:3748
KINTBURY PRESCHOOL PLAYGROUP,KINTBURY PRESCHOOL PLAYGROUP,19214.75,76859.0,2,grant,grant=19214.75,Education (DSG Funded) & Other Education Grants,none,,Over500_2026_P03_-_published:2057;Over500_2026_P03_-_published:621
SUNBEAM FOSTERING AGENCY,Sunbeam Fostering Agency Ltd,19211.28,76845.12,5,placement,placement=19211.28,Children's Social Care,none,,Over500_2026_P03_-_published:1945;Over500_2026_P03_-_published:2042;Over500_2026_P03_-_published:3058;Over500_2026_P04_-_published:3167;Over500_2026_P04_-_published:3124
VALLEY CARS,Valley Cars,19141.0,76564.0,9,general_procurement,general_procurement=19141.0,Education & SEND,name,P00000342 Oct-Dec 2022;P00001213;West Berkshire Council Transport Dynamic Purchasing System (DPS) Ongoing awards July-Sept 2025,Over500_2026_P02_-_published:233;Over500_2026_P02_-_published:234;Over500_2026_P02_-_published:348;Over500_2026_P02_-_published:354;Over500_2026_P03_-_published:181;Over500_2026_P03_-_published:222;Over500_2026_P03_-_published:323;Over500_2026_P04_-_published:313;Over500_2026_P04_-_published:462
LIBERTY SUPPORTED LIVING,Liberty Supported Living,19109.0,76436.0,3,placement,placement=19109.0,Children's Social Care,none,,Over500_2026_P02_-_published:2079;Over500_2026_P03_-_published:2000;Over500_2026_P04_-_published:3072
CHIEVELEY PRE SCHOOL PLAYGROU,CHIEVELEY PRE-SCHOOL PLAYGROU,19052.87,76211.48,3,grant,grant=19052.87,Education (DSG Funded) & Other Education Grants,none,,Over500_2026_P02_-_published:623;Over500_2026_P03_-_published:2058;Over500_2026_P04_-_published:700
HAMILTON SPRINGS HEALTH CARE,Hamilton Springs Health Care Limited,18952.41,75809.64,3,placement,placement=18952.41,Adult Social Care,none,,Over500_2026_P02_-_published:1871;Over500_2026_P03_-_published:1835;Over500_2026_P04_-_published:2747
KARE SUPPORT SERVICES,Kare Support Services Ltd,18814.08,75256.32,3,placement,placement=18814.08,Adult Social Care,none,,Over500_2026_P03_-_published:1841;Over500_2026_P03_-_published:1880;Over500_2026_P04_-_published:2787
RED BALLOON READING,Red Balloon  -  Reading,18763.0,75052.0,2,placement,placement=18763.0,Education (DSG Funded) & Other Education Grants,none,,Over500_2026_P03_-_published:2325;Over500_2026_P04_-_published:3243
UBITRICITY DISTRIBUTED ENERGY SYSTEMS UK,Ubitricity Distributed Energy Systems UK Ltd,18675.0,74700.0,1,general_procurement,general_procurement=18675.0,Environment,name,P00000883,Over500_2026_P02_-_published:708
BARCHESTER HEALTHCARE MOUNT TRYON CARE HOME,Barchester Healthcare Ltd - Mount Tryon Care Home,18665.12,74660.48,3,placement,placement=18665.12,Adult Social Care,none,,Over500_2026_P02_-_published:1496;Over500_2026_P03_-_published:1335;Over500_2026_P04_-_published:1995
MAYFAIR HOMECARE,Mayfair Homecare,18656.06,74624.24,17,placement,placement=18656.06,Adult Social Care,none,,Over500_2026_P02_-_published:1104;Over500_2026_P02_-_published:1856;Over500_2026_P02_-_published:1163;Over500_2026_P02_-_published:1360;Over500_2026_P03_-_published:1037;Over500_2026_P03_-_published:1448;Over500_2026_P03_-_published:1853;Over500_2026_P03_-_published:973;Over500_2026_P03_-_published:1251;Over500_2026_P03_-_published:1274;Over500_2026_P03_-_published:1661;Over500_2026_P03_-_published:1829;Over500_2026_P04_-_published:1219;Over500_2026_P04_-_published:3018;Over500_2026_P04_-_published:3627;Over500_2026_P04_-_published:1526;Over500_2026_P04_-_published:2210
SCBS,SCBS LTD,18319.27,73277.08,3,general_procurement,general_procurement=18319.27,Development & Housing,none,,Over500_2026_P03_-_published:737;Over500_2026_P03_-_published:714;Over500_2026_P04_-_published:1302
ROSE ROAD ASSOCIATION,Rose Road Association,18316.64,73266.56,1,general_procurement,general_procurement=18316.64,Education & SEND,none,,Over500_2026_P03_-_published:2101
ACORNS NURSERY SCHOOL,ACORNS NURSERY SCHOOL,18238.7,72954.8,1,grant,grant=18238.7,Education (DSG Funded) & Other Education Grants,none,,Over500_2026_P03_-_published:510
APPLE ORCHARD,APPLE ORCHARD,18197.94,72791.76,11,placement,placement=18197.94,Adult Social Care,none,,Over500_2026_P02_-_published:1631;Over500_2026_P02_-_published:1633;Over500_2026_P02_-_published:1636;Over500_2026_P02_-_published:1637;Over500_2026_P03_-_published:1464;Over500_2026_P03_-_published:1571;Over500_2026_P03_-_published:2908;Over500_2026_P04_-_published:2158;Over500_2026_P04_-_published:2934;Over500_2026_P04_-_published:2176;Over500_2026_P04_-_published:2953
PAVILLION PUBLISHING AND MEDIA,Pavillion Publishing and Media Ltd,18169.2,72676.8,2,general_procurement,general_procurement=18169.2,Adult Social Care; Executive Director People - Children's Services,none,,Over500_2026_P02_-_published:8;Over500_2026_P02_-_published:643
FIS PAYMENTS TRAVELODGE,FIS PAYMENTS - TRAVELODGE,17981.63,71926.52,2,premises,premises=17981.63,Development & Housing,none,,Over500_2026_P02_-_published:138;Over500_2026_P04_-_published:389
PRIORS COURT FOUNDATION,Prior's Court Foundation,17974.0,71896.0,1,grant,grant=17974.0,Education (DSG Funded) & Other Education Grants,none,,Over500_2026_P02_-_published:581
PITCHBOOKING,PITCHBOOKING  LTD,17945.64,71782.56,2,general_procurement,general_procurement=17945.64,Environment,none,,Over500_2026_P04_-_published:486;Over500_2026_P04_-_published:902
PRIVILEGE SUPPORTED CARE,Privilege Supported Care Ltd.,17809.61,71238.44,3,placement,placement=17809.61,Children's Social Care,none,,Over500_2026_P02_-_published:2018;Over500_2026_P03_-_published:2120;Over500_2026_P04_-_published:3143
CARAVANTASTIC,Caravantastic Ltd,17588.1,70352.4,1,general_procurement,general_procurement=17588.1,Development & Housing,none,,Over500_2026_P02_-_published:663
KEYSTREAM GROUP,KEYSTREAM GROUP LTD,17545.0,70180.0,2,general_procurement,general_procurement=17545.0,Strategy & Governance,none,,Over500_2026_P03_-_published:478;Over500_2026_P04_-_published:559
ELIALI MPC,EliAli MPC Ltd,17428.92,69715.68,6,placement,placement=17428.92,Children's Social Care,none,,Over500_2026_P03_-_published:2050;Over500_2026_P03_-_published:2107;Over500_2026_P03_-_published:2111;Over500_2026_P03_-_published:2119;Over500_2026_P03_-_published:3066;Over500_2026_P04_-_published:3228
GCH ALDER TA LANSDOWNE CARE,GCH (ALDER) LTD T/A Lansdowne Care,17374.0,69496.0,3,placement,placement=17374.0,Adult Social Care,none,,Over500_2026_P02_-_published:1499;Over500_2026_P03_-_published:2843;Over500_2026_P04_-_published:1916
ADELAIDE HEALTHCARE,Adelaide Healthcare Ltd,17374.0,69496.0,3,placement,placement=17374.0,Adult Social Care,none,,Over500_2026_P02_-_published:1569;Over500_2026_P03_-_published:1423;Over500_2026_P04_-_published:1962
VOLUNTEER CENTRE WEST BERKSHIRE,VOLUNTEER CENTRE WEST BERKSHIRE,17171.61,68686.44,2,grant,grant=17171.61,Environment; Public Health & Wellbeing,none,,Over500_2026_P03_-_published:791;Over500_2026_P03_-_published:2689
S RICHARDS T AS K RICKETTS AND S RICHARDS TAXIS,S RICHARDS T/AS K RICKETTS & S RICHARDS TAXIS,17144.0,68576.0,8,general_procurement,general_procurement=17144.0,Education & SEND,candidate only,,Over500_2026_P02_-_published:300;Over500_2026_P02_-_published:340;Over500_2026_P02_-_published:322;Over500_2026_P02_-_published:406;Over500_2026_P04_-_published:178;Over500_2026_P04_-_published:312;Over500_2026_P04_-_published:248;Over500_2026_P04_-_published:480
PHS GROUP,PHS GROUP PLC,17047.71,68190.84,3,premises,premises=10967.77; placement=3948.9; general_procurement=2131.04,Adult Social Care; Development & Housing,none,,Over500_2026_P03_-_published:314;Over500_2026_P03_-_published:1876;Over500_2026_P04_-_published:3208
REDDY CARE,Reddy Care Ltd,16941.59,67766.36,4,placement,placement=16941.59,Adult Social Care,none,,Over500_2026_P03_-_published:1698;Over500_2026_P04_-_published:2421;Over500_2026_P04_-_published:2503;Over500_2026_P04_-_published:2570
WELFORD HEALTHCARE MC,Welford Healthcare MC Limited,16753.5,67014.0,3,placement,placement=16753.5,Adult Social Care,none,,Over500_2026_P02_-_published:1007;Over500_2026_P03_-_published:1010;Over500_2026_P04_-_published:1838
COUNTRY COURT CARE HOMES 2,Country Court Care Homes 2 Limited,16607.7,66430.8,3,placement,placement=16607.7,Adult Social Care,none,,Over500_2026_P02_-_published:1495;Over500_2026_P03_-_published:1382;Over500_2026_P04_-_published:1939
THE BEEHIVE ENTERPRISE TA THE BEEHIVE PROJECT,The Beehive Enterprise Limited t/a The Beehive Project,16539.46,66157.84,2,placement,placement=16539.46,Adult Social Care,none,,Over500_2026_P02_-_published:1903;Over500_2026_P03_-_published:3013
SHAW HEALTHCARE GROUP HOMEFIELD HOUSE NURSING HOME,Shaw Healthcare (Group) Limited - Homefield House Nursing Home,16393.71,65574.84,4,placement,placement=16393.71,Adult Social Care,none,,Over500_2026_P02_-_published:1497;Over500_2026_P02_-_published:1986;Over500_2026_P03_-_published:2842;Over500_2026_P04_-_published:1940
G7 BUSINESS SOLUTIONS,G7 BUSINESS SOLUTIONS LIMITED,16364.56,65458.24,8,general_procurement,general_procurement=16364.56,"Finance, Property & Procurement",name,G-Cloud 12 Framework,Over500_2026_P02_-_published:467;Over500_2026_P02_-_published:468;Over500_2026_P02_-_published:762;Over500_2026_P03_-_published:531;Over500_2026_P03_-_published:721;Over500_2026_P04_-_published:903;Over500_2026_P04_-_published:1309;Over500_2026_P04_-_published:426
LG FUTURES,LG Futures,16335.0,65340.0,2,general_procurement,general_procurement=16335.0,"Finance, Property & Procurement",none,,Over500_2026_P03_-_published:466;Over500_2026_P03_-_published:1287
ELECTORAL REFORM SERVICES,Electoral Reform Services Ltd,16323.69,65294.76,6,general_procurement,general_procurement=16323.69,Strategy & Governance,none,,Over500_2026_P02_-_published:503;Over500_2026_P02_-_published:515;Over500_2026_P03_-_published:418;Over500_2026_P03_-_published:724;Over500_2026_P04_-_published:498;Over500_2026_P04_-_published:591
PORTHAVEN CARE HOMES SAVERNAKE VIEW CARE HOME,Porthaven Care Homes (Savernake View Care Home),16294.39,65177.56,3,placement,placement=16294.39,Adult Social Care,none,,Over500_2026_P02_-_published:1446;Over500_2026_P03_-_published:1374;Over500_2026_P04_-_published:2657
MRI COMMUNITY SOFTWARE,MRI Community Software Limited,16273.49,65093.96,2,general_procurement,general_procurement=16273.49,Children's Social Care,none,,Over500_2026_P04_-_published:3720;Over500_2026_P04_-_published:3721
AMR CONSULT,AMR CONSULT LTD,16149.82,64599.28,8,general_procurement,general_procurement=16149.82,Education & SEND,none,,Over500_2026_P02_-_published:752;Over500_2026_P02_-_published:753;Over500_2026_P03_-_published:745;Over500_2026_P03_-_published:2413;Over500_2026_P03_-_published:716;Over500_2026_P04_-_published:635;Over500_2026_P04_-_published:838;Over500_2026_P04_-_published:753
CROWN HOME CARE,Crown Home Care,16135.42,64541.68,3,placement,placement=16135.42,Adult Social Care,none,,Over500_2026_P02_-_published:1092;Over500_2026_P03_-_published:1154;Over500_2026_P04_-_published:1855
MARNEL LODGE,MARNEL LODGE,16133.0,64532.0,3,placement,placement=16133.0,Adult Social Care,none,,Over500_2026_P02_-_published:1049;Over500_2026_P03_-_published:1022;Over500_2026_P04_-_published:1140
ACER HEALTHCARE OPERATIONS,Acer Healthcare Operations Limited,16133.0,64532.0,3,placement,placement=16133.0,Adult Social Care,none,,Over500_2026_P02_-_published:1063;Over500_2026_P03_-_published:1026;Over500_2026_P04_-_published:1113
LEASEPLAN UK,LEASEPLAN UK LTD,16087.15,64348.6,3,general_procurement,general_procurement=16087.15,Adult Social Care; Community Services; Education & SEND,none,,Over500_2026_P03_-_published:368;Over500_2026_P03_-_published:362;Over500_2026_P04_-_published:897
LYCETTE CARE TA THE WARREN,Lycette Care T/A The Warren,16083.36,64333.44,3,placement,placement=16083.36,Adult Social Care,none,,Over500_2026_P02_-_published:1567;Over500_2026_P03_-_published:1422;Over500_2026_P04_-_published:1972
INKSPOTS,INKSPOTS,15918.03,63672.12,1,grant,grant=15918.03,Education (DSG Funded) & Other Education Grants,none,,Over500_2026_P03_-_published:2059
QUADIENT UK,Quadient UK Ltd,15908.54,63634.16,4,general_procurement,general_procurement=15908.54,"Transformation, Customer & ICT",none,,Over500_2026_P02_-_published:510;Over500_2026_P04_-_published:517;Over500_2026_P04_-_published:518;Over500_2026_P04_-_published:519
WESSEX LIFT COMPANY,Wessex Lift Company Ltd,15892.0,63568.0,1,general_procurement,general_procurement=15892.0,Development & Housing,none,,Over500_2026_P04_-_published:830
FOSTERING FOR YOU,FOSTERING FOR YOU LTD,15771.68,63086.72,4,placement,placement=15771.68,Children's Social Care,none,,Over500_2026_P02_-_published:2132;Over500_2026_P03_-_published:2017;Over500_2026_P03_-_published:3061;Over500_2026_P04_-_published:3144
JACQUELINE DAINTON,Jacqueline Dainton,15596.56,62386.24,2,grant,grant=15596.56,Education (DSG Funded) & Other Education Grants,none,,Over500_2026_P03_-_published:571;Over500_2026_P03_-_published:589
MINERVAS VIRTUAL ACADEMY,Minerva’s Virtual Academy Ltd,15579.44,62317.76,3,placement,placement=15579.44,Education (DSG Funded) & Other Education Grants,none,,Over500_2026_P04_-_published:3325;Over500_2026_P04_-_published:3328;Over500_2026_P04_-_published:3808
BETHANY CARE TRUST,Bethany Care Trust,15512.5,62050.0,3,grant,grant=15512.5,Adult Social Care,none,,Over500_2026_P02_-_published:771;Over500_2026_P03_-_published:771;Over500_2026_P04_-_published:803
OCEAN COMMUNITY SERVICES LUDLOW STREET HEALTHCARE,Ocean Community Services - Ludlow Street Healthcare,15458.66,61834.64,3,placement,placement=15458.66,Adult Social Care,none,,Over500_2026_P02_-_published:1676;Over500_2026_P03_-_published:1438;Over500_2026_P04_-_published:2192
BERKSHIRE COUNTY SPORTS PARTNERSHIP GET BERKSHIRE ACTIVE,Berkshire County Sports Partnership/Get Berkshire Active,15426.25,61705.0,1,grant,grant=15426.25,Public Health & Wellbeing,none,,Over500_2026_P02_-_published:858
MRS MF RICHARDSON TA MFR CONTRACTS,MRS M F RICHARDSON T/A MFR Contracts,15365.0,61460.0,13,general_procurement,general_procurement=15365.0,Education & SEND,alias,P00000342 Oct-Dec 2024,Over500_2026_P02_-_published:350;Over500_2026_P02_-_published:351;Over500_2026_P02_-_published:353;Over500_2026_P02_-_published:378;Over500_2026_P02_-_published:399;Over500_2026_P02_-_published:417;Over500_2026_P02_-_published:420;Over500_2026_P02_-_published:421;Over500_2026_P03_-_published:234;Over500_2026_P03_-_published:260;Over500_2026_P04_-_published:201;Over500_2026_P04_-_published:465;Over500_2026_P04_-_published:332
ADAMS AND SUTHERLAND,Adams & Sutherland,15350.0,61400.0,1,general_procurement,general_procurement=15350.0,Development & Housing,none,,Over500_2026_P04_-_published:1304
MATRIX BOOKING,Matrix Booking Limited,15300.0,61200.0,1,general_procurement,general_procurement=15300.0,"Transformation, Customer & ICT",none,,Over500_2026_P04_-_published:780
ZAHRA UMAR,ZAHRA UMAR,15242.04,60968.16,1,grant,grant=15242.04,Education (DSG Funded) & Other Education Grants,none,,Over500_2026_P03_-_published:2064
PICKLES PLAYHOUSE,Pickles Playhouse,15211.03,60844.12,3,grant,grant=15211.03,Education (DSG Funded) & Other Education Grants,none,,Over500_2026_P02_-_published:617;Over500_2026_P03_-_published:586;Over500_2026_P04_-_published:572
AMANDA COVENTRY,AMANDA COVENTRY,15151.46,60605.84,3,grant,grant=15151.46,Education (DSG Funded) & Other Education Grants,none,,Over500_2026_P02_-_published:613;Over500_2026_P03_-_published:2088;Over500_2026_P04_-_published:677
YOUNG PEOPLE AT HEART,Young People at Heart Ltd,15126.43,60505.72,3,placement,placement=15126.43,Children's Social Care,none,,Over500_2026_P03_-_published:3053;Over500_2026_P03_-_published:2043;Over500_2026_P04_-_published:3102
ROYAL MASONIC BENEVOLENT INSTITUTION,ROYAL MASONIC BENEVOLENT INSTITUTION,15040.92,60163.68,3,placement,placement=15040.92,Adult Social Care,none,,Over500_2026_P02_-_published:1544;Over500_2026_P03_-_published:1348;Over500_2026_P04_-_published:2009
FLOORS MADE EASY,Floors Made Easy Limited,15000.0,60000.0,1,general_procurement,general_procurement=15000.0,Development & Housing,none,,Over500_2026_P02_-_published:744
ZURICH,Zurich,15000.0,60000.0,3,general_procurement,general_procurement=15000.0,"Finance, Property & Procurement",none,,Over500_2026_P03_-_published:652;Over500_2026_P03_-_published:654;Over500_2026_P04_-_published:781
EDUCAFE CIC,Educafe CIC,15000.0,60000.0,1,grant,grant=15000.0,Education & SEND,none,,Over500_2026_P04_-_published:770
HAYMARKET MEDIA GROUP,Haymarket Media Group,14995.0,59980.0,1,general_procurement,general_procurement=14995.0,Development & Housing,none,,Over500_2026_P04_-_published:1277
READING TRANSPORT,READING TRANSPORT LTD,14965.55,59862.2,8,general_procurement,general_procurement=14965.55,Education & SEND; Environment,none,,Over500_2026_P02_-_published:439;Over500_2026_P02_-_published:438;Over500_2026_P03_-_published:361;Over500_2026_P03_-_published:273;Over500_2026_P04_-_published:355;Over500_2026_P04_-_published:362;Over500_2026_P04_-_published:359;Over500_2026_P04_-_published:356
BRENDONCARE FOUNDATION FROXFIELD,BRENDONCARE FOUNDATION (FROXFIELD),14952.67,59810.68,3,grant,grant=14952.67,Adult Social Care,none,,Over500_2026_P02_-_published:770;Over500_2026_P03_-_published:2668;Over500_2026_P04_-_published:648
MISS RE BROWN,MISS R E BROWN,14897.52,59590.08,3,grant,grant=14897.52,Education (DSG Funded) & Other Education Grants,none,,Over500_2026_P02_-_published:607;Over500_2026_P03_-_published:550;Over500_2026_P04_-_published:695
DINGLEY PROMISE,DINGLEY PROMISE,14884.29,59537.16,2,grant,grant=14884.29,Education (DSG Funded) & Other Education Grants,none,,Over500_2026_P03_-_published:2076;Over500_2026_P03_-_published:625
MT PROPERTY CONSULTANTS,MT Property Consultants Ltd,14820.0,59280.0,2,general_procurement,general_procurement=14820.0,Community Services; Environment,none,,Over500_2026_P03_-_published:2404;Over500_2026_P03_-_published:2415
THE WINDSOR FOREST COLLEGES GROUP,THE WINDSOR FOREST COLLEGES GROUP,14717.92,58871.68,5,placement,placement=14717.92,Education (DSG Funded) & Other Education Grants,none,,Over500_2026_P04_-_published:3253;Over500_2026_P04_-_published:3254;Over500_2026_P04_-_published:3335;Over500_2026_P04_-_published:3336;Over500_2026_P04_-_published:3816
THE ORDERS OF ST JOHN CARE TRUST THE MEADOWS,The Orders of St John Care Trust - The Meadows,14664.9,58659.6,3,placement,placement=14664.9,Adult Social Care,none,,Over500_2026_P02_-_published:1565;Over500_2026_P03_-_published:1494;Over500_2026_P04_-_published:2685
D OSTEEN TAD OSTEEN HOMECARE SUPPORT,D.Osteen Ltd t/a D.Osteen Homecare Support,14642.75,58571.0,14,placement,placement=14642.75,Adult Social Care,none,,Over500_2026_P02_-_published:1343;Over500_2026_P02_-_published:1344;Over500_2026_P02_-_published:1401;Over500_2026_P02_-_published:1997;Over500_2026_P03_-_published:1292;Over500_2026_P04_-_published:1175;Over500_2026_P04_-_published:1199;Over500_2026_P04_-_published:2913;Over500_2026_P04_-_published:1527;Over500_2026_P04_-_published:1573;Over500_2026_P04_-_published:1783;Over500_2026_P04_-_published:1718;Over500_2026_P04_-_published:1779;Over500_2026_P04_-_published:2926
GREATER LONDON FOSTERING,Greater London Fostering,14560.0,58240.0,3,placement,placement=14560.0,Children's Social Care,none,,Over500_2026_P02_-_published:2063;Over500_2026_P03_-_published:2020;Over500_2026_P04_-_published:3170
ST ANDREWS SCHOOL PANGBOURNE,ST ANDREWS SCHOOL (PANGBOURNE,14530.07,58120.28,1,grant,grant=14530.07,Education (DSG Funded) & Other Education Grants,none,,Over500_2026_P03_-_published:493
BRIDGE HOMES SUPPORT,Bridge Homes Support,14510.0,58040.0,4,placement,placement=14510.0,Children's Social Care,none,,Over500_2026_P04_-_published:3150;Over500_2026_P04_-_published:3736;Over500_2026_P04_-_published:3737;Over500_2026_P04_-_published:3738
SHILPI CHANDNA,SHILPI CHANDNA,14464.89,57859.56,1,grant,grant=14464.89,Education (DSG Funded) & Other Education Grants,none,,Over500_2026_P03_-_published:2062
BONDCARE HENLEY,Bondcare (Henley) Ltd,14414.19,57656.76,3,placement,placement=14414.19,Adult Social Care,none,,Over500_2026_P02_-_published:1004;Over500_2026_P03_-_published:2708;Over500_2026_P04_-_published:1836
MRS RUTH DELL,MRS RUTH DELL,14283.18,57132.72,3,grant,grant=14283.18,Education (DSG Funded) & Other Education Grants,none,,Over500_2026_P02_-_published:597;Over500_2026_P03_-_published:2083;Over500_2026_P04_-_published:672
PINNACLE CARE,PINNACLE CARE Ltd,14271.5,57086.0,3,placement,placement=14271.5,Adult Social Care,none,,Over500_2026_P02_-_published:1851;Over500_2026_P03_-_published:2976;Over500_2026_P04_-_published:2718
ZOE ABBOTT,ZOE ABBOTT,14192.88,56771.52,3,grant,grant=14192.88,Education (DSG Funded) & Other Education Grants,none,,Over500_2026_P02_-_published:618;Over500_2026_P03_-_published:617;Over500_2026_P04_-_published:1190
VALUING CARE FINANCIAL MANAGEMENT,VALUING CARE FINANCIAL MANAGEMENT LTD,14166.66,56666.64,1,general_procurement,general_procurement=14166.66,"Finance, Property & Procurement",none,,Over500_2026_P03_-_published:458
CITY OF LONDON COUNCILS,CITY OF LONDON (COUNCILS),14165.0,56660.0,2,general_procurement,general_procurement=14165.0,Community Services,none,,Over500_2026_P04_-_published:1012;Over500_2026_P04_-_published:543
SOUTH AFRICA LODGE,South Africa Lodge,14146.92,56587.68,3,placement,placement=14146.92,Adult Social Care,none,,Over500_2026_P02_-_published:1964;Over500_2026_P03_-_published:1959;Over500_2026_P04_-_published:3700
SCANDOR LANDSCAPE CONTRACTORS,SCANDOR LANDSCAPE CONTRACTORS LTD,14082.88,56331.52,1,placement,placement=14082.88,Education & SEND,none,,Over500_2026_P04_-_published:728
JENNIFER THEARLE,JENNIFER THEARLE,14012.82,56051.28,3,grant,grant=14012.82,Education (DSG Funded) & Other Education Grants,none,,Over500_2026_P02_-_published:599;Over500_2026_P03_-_published:612;Over500_2026_P04_-_published:1185
THE CAMPHILL VILLAGE TRUST,The Camphill Village Trust Ltd,14007.22,56028.88,5,placement,placement=14007.22,Adult Social Care,none,,Over500_2026_P03_-_published:1452;Over500_2026_P03_-_published:1615;Over500_2026_P03_-_published:1795;Over500_2026_P04_-_published:2399;Over500_2026_P04_-_published:2638
GO GREEN TAXIS,Go Green Taxis Ltd,13974.25,55897.0,14,general_procurement,general_procurement=13974.25,Children's Social Care; Education & SEND; Education (DSG Funded) & Other Education Grants,none,,Over500_2026_P02_-_published:228;Over500_2026_P02_-_published:341;Over500_2026_P02_-_published:220;Over500_2026_P03_-_published:200;Over500_2026_P03_-_published:344;Over500_2026_P03_-_published:160;Over500_2026_P03_-_published:199;Over500_2026_P04_-_published:285;Over500_2026_P04_-_published:322;Over500_2026_P04_-_published:353;Over500_2026_P04_-_published:357;Over500_2026_P04_-_published:484;Over500_2026_P04_-_published:338;Over500_2026_P04_-_published:339
GET ACTIVE SPORTS RSR SPORTS,GET ACTIVE SPORTS (RSR SPORTS LTD),13943.86,55775.44,1,grant,grant=13943.86,Education & SEND,none,,Over500_2026_P03_-_published:591
PEOPLE CENTRED SUPPORT,People Centred Support Limited,13923.34,55693.36,4,placement,placement=13923.34,Adult Social Care,none,,Over500_2026_P03_-_published:1862;Over500_2026_P03_-_published:1903;Over500_2026_P04_-_published:2838;Over500_2026_P04_-_published:2881
SPARE CRIB GLOBAL,Spare Crib Global Limited,13915.0,55660.0,12,premises,premises=13915.0,Adult Social Care,none,,Over500_2026_P02_-_published:65;Over500_2026_P02_-_published:66;Over500_2026_P02_-_published:67;Over500_2026_P02_-_published:68;Over500_2026_P03_-_published:66;Over500_2026_P03_-_published:67;Over500_2026_P03_-_published:84;Over500_2026_P04_-_published:73;Over500_2026_P04_-_published:74;Over500_2026_P04_-_published:75;Over500_2026_P04_-_published:102;Over500_2026_P04_-_published:381
ANDREW COX,Andrew Cox,13900.0,55600.0,8,general_procurement,general_procurement=13900.0,Education & SEND,none,,Over500_2026_P02_-_published:257;Over500_2026_P02_-_published:342;Over500_2026_P02_-_published:280;Over500_2026_P02_-_published:405;Over500_2026_P04_-_published:200;Over500_2026_P04_-_published:289;Over500_2026_P04_-_published:290;Over500_2026_P04_-_published:340
WINDSOR CLINICAL AND HOME CARE SERVICES GROUP,Windsor Clinical and Home Care Services Group Ltd,13787.45,55149.8,3,placement,placement=13787.45,Adult Social Care,none,,Over500_2026_P02_-_published:1968;Over500_2026_P03_-_published:1911;Over500_2026_P04_-_published:2885
ASHFORDS,ASHFORDS LLP,13700.0,54800.0,3,general_procurement,general_procurement=13700.0,Strategy & Governance,none,,Over500_2026_P03_-_published:421;Over500_2026_P03_-_published:673;Over500_2026_P03_-_published:413
CELADOR APARTMENTS,CELADOR APARTMENTS,13699.0,54796.0,5,premises,premises=13699.0,Development & Housing,none,,Over500_2026_P02_-_published:113;Over500_2026_P02_-_published:115;Over500_2026_P02_-_published:116;Over500_2026_P03_-_published:297;Over500_2026_P04_-_published:388
ANN ATKINS,ANN ATKINS,13676.85,54707.4,3,grant,grant=13676.85,Education (DSG Funded) & Other Education Grants,none,,Over500_2026_P02_-_published:594;Over500_2026_P03_-_published:546;Over500_2026_P04_-_published:692
FLOURISH FOSTERING,Flourish Fostering Limited,13639.0,54556.0,3,placement,placement=13639.0,Children's Social Care,none,,Over500_2026_P02_-_published:2058;Over500_2026_P03_-_published:3056;Over500_2026_P04_-_published:3123
ANCHOR VANS,Anchor Vans Ltd.,13293.0,53172.0,1,general_procurement,general_procurement=13293.0,Community Services,none,,Over500_2026_P02_-_published:2159
EXCALIBUR ACADEMIES TRUST JOHN OGAUNT SCHOOL,EXCALIBUR ACADEMIES TRUST - JOHN O'GAUNT SCHOOL,13265.85,53063.4,2,premises,premises=9886.85; grant=3379.0,Community Services; Education (DSG Funded) & Other Education Grants,none,,Over500_2026_P02_-_published:626;Over500_2026_P04_-_published:384
JJ AND S CHIPPENHAM,JJ&S (CHIPPENHAM) LTD,13199.56,52798.24,3,placement,placement=13199.56,Adult Social Care,none,,Over500_2026_P02_-_published:1973;Over500_2026_P03_-_published:1913;Over500_2026_P04_-_published:2888
HOLISTIC HOUSING AND CARE,Holistic Housing & Care Ltd,13131.86,52527.44,5,placement,placement=13131.86,Adult Social Care,none,,Over500_2026_P02_-_published:1938;Over500_2026_P02_-_published:1939;Over500_2026_P04_-_published:2790;Over500_2026_P04_-_published:2836;Over500_2026_P04_-_published:3677
GLOBAL MEDIATION,Global Mediation,13125.0,52500.0,21,placement,placement=13125.0,Education (DSG Funded) & Other Education Grants,none,,Over500_2026_P04_-_published:3203;Over500_2026_P04_-_published:3204;Over500_2026_P04_-_published:3235;Over500_2026_P04_-_published:3274;Over500_2026_P04_-_published:3275;Over500_2026_P04_-_published:3276;Over500_2026_P04_-_published:3277;Over500_2026_P04_-_published:3278;Over500_2026_P04_-_published:3314;Over500_2026_P04_-_published:3316;Over500_2026_P04_-_published:3317;Over500_2026_P04_-_published:3318;Over500_2026_P04_-_published:3319;Over500_2026_P04_-_published:3798;Over500_2026_P04_-_published:3799;Over500_2026_P04_-_published:3800;Over500_2026_P04_-_published:3236;Over500_2026_P04_-_published:3237;Over500_2026_P04_-_published:3280;Over500_2026_P04_-_published:3320;Over500_2026_P04_-_published:3801
CHLOE GOULDING,Chloe Goulding,13100.67,52402.68,1,grant,grant=13100.67,Education (DSG Funded) & Other Education Grants,none,,Over500_2026_P03_-_published:598
QUEEN MARYS COLLEGE,QUEEN MARY'S COLLEGE,13034.01,52136.04,2,placement,placement=13034.01,Education (DSG Funded) & Other Education Grants,none,,Over500_2026_P04_-_published:3288;Over500_2026_P04_-_published:3334
AUTO SKILLS READING CIC,Auto Skills (Reading) C.I.C.,13015.0,52060.0,4,placement,placement=13015.0,Education (DSG Funded) & Other Education Grants,none,,Over500_2026_P03_-_published:2183;Over500_2026_P03_-_published:3099;Over500_2026_P03_-_published:3100;Over500_2026_P03_-_published:3101
BOOKTRUST,BOOKTRUST,12981.2,51924.8,1,general_procurement,general_procurement=12981.2,Education (DSG Funded) & Other Education Grants,none,,Over500_2026_P02_-_published:502
ENJOY TRAINING T AS REBEL BUSINESS SCHOOL,Enjoy Training Ltd t/as Rebel Business School,12950.0,51800.0,2,grant,grant=12950.0,Education & SEND,none,,Over500_2026_P03_-_published:636;Over500_2026_P04_-_published:706
HOWDEN UK BROKERS,Howden UK Brokers Limited,12866.92,51467.68,2,general_procurement,general_procurement=12866.92,"Finance, Property & Procurement",none,,Over500_2026_P03_-_published:647;Over500_2026_P04_-_published:1279
COLLABORATIVE CARE SERVICES,Collaborative Care Services Ltd,12716.35,50865.4,3,placement,placement=12716.35,Adult Social Care,none,,Over500_2026_P03_-_published:1838;Over500_2026_P03_-_published:1894;Over500_2026_P04_-_published:2797
JENNI JACKSON,JENNI JACKSON,12705.66,50822.64,3,grant,grant=12705.66,Education (DSG Funded) & Other Education Grants,none,,Over500_2026_P02_-_published:600;Over500_2026_P03_-_published:2084;Over500_2026_P04_-_published:673
LOVE LANE PRE SCHOOL,LOVE LANE PRE SCHOOL,12691.38,50765.52,2,grant,grant=12691.38,Education (DSG Funded) & Other Education Grants,none,,Over500_2026_P03_-_published:602;Over500_2026_P03_-_published:2095
FIDELITY HEALTHCARE MOORMEAD,Fidelity Healthcare Moormead Limited,12534.1,50136.4,3,placement,placement=12534.1,Adult Social Care,none,,Over500_2026_P02_-_published:1566;Over500_2026_P03_-_published:2857;Over500_2026_P04_-_published:1961
LOUISE SPRULES,LOUISE SPRULES,12513.15,50052.6,3,grant,grant=12513.15,Education (DSG Funded) & Other Education Grants,none,,Over500_2026_P02_-_published:605;Over500_2026_P03_-_published:584;Over500_2026_P04_-_published:570
PHOENIX COMMUNITY CARE,PHOENIX COMMUNITY CARE LTD,12505.56,50022.24,3,placement,placement=12505.56,Children's Social Care,none,,Over500_2026_P03_-_published:3054;Over500_2026_P04_-_published:3122;Over500_2026_P04_-_published:3105
THE ORCHARDS,The Orchards,12502.8,50011.2,3,placement,placement=12502.8,Adult Social Care,none,,Over500_2026_P02_-_published:1542;Over500_2026_P03_-_published:1416;Over500_2026_P04_-_published:2680
N MEHMOOD TAA STAR EXECUTIVE CARS,N Mehmood T/A A Star Executive Cars Ltd,12489.0,49956.0,7,general_procurement,general_procurement=12489.0,Education & SEND,candidate only,,Over500_2026_P02_-_published:313;Over500_2026_P02_-_published:365;Over500_2026_P02_-_published:272;Over500_2026_P04_-_published:298;Over500_2026_P04_-_published:185;Over500_2026_P04_-_published:473;Over500_2026_P04_-_published:331
ST PETERS BRADFIELD PRE SCHOO,ST PETERS BRADFIELD PRE-SCHOO,12471.08,49884.32,1,grant,grant=12471.08,Education (DSG Funded) & Other Education Grants,none,,Over500_2026_P03_-_published:523
MRS DENISE KAY,MRS DENISE KAY,12455.94,49823.76,3,grant,grant=12455.94,Education (DSG Funded) & Other Education Grants,none,,Over500_2026_P02_-_published:589;Over500_2026_P03_-_published:544;Over500_2026_P04_-_published:670
AUDLEY CARE WHITE HORSE,AUDLEY CARE WHITE HORSE LTD,12326.26,49305.04,10,placement,placement=12326.26,Adult Social Care,none,,Over500_2026_P02_-_published:1077;Over500_2026_P02_-_published:1322;Over500_2026_P02_-_published:1323;Over500_2026_P03_-_published:2782;Over500_2026_P04_-_published:1229;Over500_2026_P04_-_published:1388;Over500_2026_P04_-_published:2895;Over500_2026_P04_-_published:1546;Over500_2026_P04_-_published:1552;Over500_2026_P04_-_published:2925
RH ENVIRONMENTAL,RH Environmental Limited,12322.0,49288.0,2,general_procurement,general_procurement=12322.0,Community Services,none,,Over500_2026_P02_-_published:12;Over500_2026_P04_-_published:713
BRIGHTWALTON PRE SCHOOL NURSE,BRIGHTWALTON PRE SCHOOL NURSE,12282.13,49128.52,1,grant,grant=12282.13,Education (DSG Funded) & Other Education Grants,none,,Over500_2026_P03_-_published:2077
SEISMIC SEWAGE SYSTEMS,SEISMIC SEWAGE SYSTEMS LTD,12260.0,49040.0,4,general_procurement,general_procurement=12260.0,Environment,none,,Over500_2026_P03_-_published:2118;Over500_2026_P03_-_published:3085;Over500_2026_P03_-_published:2134;Over500_2026_P03_-_published:2141
COMPASS FOSTERING SOUTH,Compass Fostering South Limited,12257.16,49028.64,3,placement,placement=12257.16,Children's Social Care,none,,Over500_2026_P02_-_published:2059;Over500_2026_P03_-_published:2021;Over500_2026_P04_-_published:3169
GREAT SHEFFORD UNDER FIVES,GREAT SHEFFORD UNDER FIVES,12203.48,48813.92,1,grant,grant=12203.48,Education (DSG Funded) & Other Education Grants,none,,Over500_2026_P03_-_published:538
MRS CA WISE,MRS C A WISE,12142.98,48571.92,1,grant,grant=12142.98,Education (DSG Funded) & Other Education Grants,none,,Over500_2026_P03_-_published:501
EXACOM SYSTEMS,Exacom Systems Ltd,12105.85,48423.4,1,general_procurement,general_procurement=12105.85,Development & Housing,name,G-Cloud 14 RM1557.14,Over500_2026_P03_-_published:384
CACI,CACI Limited,12071.67,48286.68,1,general_procurement,general_procurement=12071.67,Children's Social Care,name,Youth Justice - ChildView,Over500_2026_P02_-_published:459
360 SECURITY AND SUPPORT SERVICES,360 Security & Support Services Ltd,11995.04,47980.16,12,premises,premises=11024.58; general_procurement=970.46,Development & Housing,none,,Over500_2026_P02_-_published:44;Over500_2026_P02_-_published:45;Over500_2026_P02_-_published:46;Over500_2026_P02_-_published:48;Over500_2026_P03_-_published:51;Over500_2026_P03_-_published:59;Over500_2026_P03_-_published:53;Over500_2026_P03_-_published:43;Over500_2026_P04_-_published:52;Over500_2026_P04_-_published:377;Over500_2026_P04_-_published:60;Over500_2026_P04_-_published:615
CARE HOME NEWBURY,Care @ Home Newbury Ltd,11949.95,47799.8,9,placement,placement=11949.95,Adult Social Care,none,,Over500_2026_P02_-_published:1321;Over500_2026_P02_-_published:1349;Over500_2026_P02_-_published:1423;Over500_2026_P02_-_published:916;Over500_2026_P03_-_published:1160;Over500_2026_P03_-_published:1186;Over500_2026_P03_-_published:843;Over500_2026_P04_-_published:965;Over500_2026_P04_-_published:2277
DNA HOME IMPROVEMENTS,DNA HOME IMPROVEMENTS LTD,11920.0,47680.0,5,premises,premises=11920.0,Children's Social Care; Environment,none,,Over500_2026_P03_-_published:33;Over500_2026_P03_-_published:38;Over500_2026_P04_-_published:36;Over500_2026_P04_-_published:379;Over500_2026_P04_-_published:83
PEOPLE MATTER SUPPORT SERVICES,PEOPLE MATTER SUPPORT SERVICES LTD,11904.9,47619.6,2,placement,placement=11904.9,Adult Social Care,none,,Over500_2026_P04_-_published:1586;Over500_2026_P04_-_published:2451
1ST CHOICE STAIRLIFTS,1ST CHOICE STAIRLIFTS,11827.0,47308.0,4,general_procurement,general_procurement=11827.0,Development & Housing,none,,Over500_2026_P02_-_published:746;Over500_2026_P02_-_published:750;Over500_2026_P03_-_published:690;Over500_2026_P04_-_published:1301
PSS UK,PSS UK,11790.33,47161.32,8,placement,placement=11790.33,Adult Social Care,none,,Over500_2026_P02_-_published:1698;Over500_2026_P02_-_published:1716;Over500_2026_P03_-_published:1608;Over500_2026_P03_-_published:2910;Over500_2026_P03_-_published:1445;Over500_2026_P03_-_published:1593;Over500_2026_P04_-_published:2453;Over500_2026_P04_-_published:2956
INDIGENOUS BREWERY,Indigenous Brewery Limited,11740.14,46960.56,3,general_procurement,general_procurement=11740.14,Development & Housing,none,,Over500_2026_P02_-_published:687;Over500_2026_P02_-_published:689;Over500_2026_P03_-_published:726
WESTGATE HEALTHCARE HEMEL HEMPSTEAD ST PAULS CARE CENTRE,Westgate Healthcare (Hemel Hempstead) Limited - St Pauls Care Centre,11739.12,46956.48,2,placement,placement=11739.12,Adult Social Care,none,,Over500_2026_P02_-_published:1498;Over500_2026_P04_-_published:2672
KENNET AND AVON GROUP,Kennet & Avon Group,11735.0,46940.0,7,general_procurement,general_procurement=11735.0,Education & SEND,none,,Over500_2026_P02_-_published:361;Over500_2026_P02_-_published:277;Over500_2026_P02_-_published:408;Over500_2026_P04_-_published:232;Over500_2026_P04_-_published:470;Over500_2026_P04_-_published:293;Over500_2026_P04_-_published:335
VIKKI WILLIAMS,VIKKI WILLIAMS,11700.6,46802.4,3,grant,grant=11700.6,Education (DSG Funded) & Other Education Grants,none,,Over500_2026_P02_-_published:609;Over500_2026_P03_-_published:2087;Over500_2026_P04_-_published:676
RIDGEWAY RISE CARE HOME,Ridgeway Rise Care Home,11669.96,46679.84,3,placement,placement=11669.96,Adult Social Care,none,,Over500_2026_P02_-_published:1557;Over500_2026_P03_-_published:2855;Over500_2026_P04_-_published:1958
TOTHAM LODGE HOME FOR THE ELDERLY,TOTHAM LODGE HOME FOR THE ELDERLY,11585.19,46340.76,3,placement,placement=11585.19,Adult Social Care,none,,Over500_2026_P02_-_published:1564;Over500_2026_P03_-_published:1354;Over500_2026_P04_-_published:2013
PEARLCARE HEATHERSIDE REST HOME,Pearlcare - Heatherside Rest Home,11585.19,46340.76,3,placement,placement=11585.19,Adult Social Care,none,,Over500_2026_P02_-_published:1546;Over500_2026_P03_-_published:1490;Over500_2026_P04_-_published:1966
SOUTHERN COMMUNICATIONS CORPORATE SOLUTIONS,Southern Communications Corporate Solutions Ltd,11492.23,45968.92,3,general_procurement,general_procurement=11492.23,"Transformation, Customer & ICT",name,P00001009,Over500_2026_P03_-_published:668;Over500_2026_P03_-_published:669;Over500_2026_P04_-_published:1280
DIXON SEARLE PARTNERSHIP,Dixon Searle Partnership,11280.0,45120.0,5,general_procurement,general_procurement=11280.0,Development & Housing,none,,Over500_2026_P02_-_published:558;Over500_2026_P02_-_published:559;Over500_2026_P02_-_published:562;Over500_2026_P04_-_published:614;Over500_2026_P04_-_published:555
HELEN REDDING EDUCATION CONSULTANCY,Helen Redding Education Consultancy Ltd,11237.5,44950.0,2,general_procurement,general_procurement=11237.5,Education & SEND,none,,Over500_2026_P04_-_published:551;Over500_2026_P04_-_published:609
MILLY GAYNOR,MILLY GAYNOR,11235.51,44942.04,3,grant,grant=11235.51,Education (DSG Funded) & Other Education Grants,none,,Over500_2026_P02_-_published:614;Over500_2026_P03_-_published:2089;Over500_2026_P04_-_published:759
JOANNE WERNHAM,JOANNE WERNHAM,11220.11,44880.44,1,grant,grant=11220.11,Education (DSG Funded) & Other Education Grants,none,,Over500_2026_P03_-_published:504
ST PHILIPS CARE CALEDONIA,St Philips Care Caledonia Ltd,11181.47,44725.88,3,placement,placement=11181.47,Adult Social Care,none,,Over500_2026_P02_-_published:1545;Over500_2026_P03_-_published:1349;Over500_2026_P04_-_published:1965
PRESTIGE NETWORK,PRESTIGE NETWORK,11179.73,44718.92,11,general_procurement,general_procurement=11179.73,Children's Social Care,none,,Over500_2026_P02_-_published:544;Over500_2026_P02_-_published:546;Over500_2026_P02_-_published:547;Over500_2026_P02_-_published:549;Over500_2026_P03_-_published:449;Over500_2026_P03_-_published:831;Over500_2026_P04_-_published:540;Over500_2026_P04_-_published:607;Over500_2026_P04_-_published:605;Over500_2026_P04_-_published:541;Over500_2026_P04_-_published:608
WESTLANDS CARE HOME,Westlands Care Home Ltd,11176.08,44704.32,3,placement,placement=11176.08,Adult Social Care,none,,Over500_2026_P02_-_published:1989;Over500_2026_P03_-_published:1918;Over500_2026_P04_-_published:2872
CARNATION DAY CARE SERVICES,CARNATION DAY CARE SERVICES,11173.86,44695.44,18,placement,placement=11173.86,Adult Social Care,none,,Over500_2026_P02_-_published:1408;Over500_2026_P03_-_published:1360;Over500_2026_P03_-_published:1459;Over500_2026_P03_-_published:1563;Over500_2026_P03_-_published:2818;Over500_2026_P03_-_published:1564;Over500_2026_P03_-_published:1361;Over500_2026_P03_-_published:1401;Over500_2026_P03_-_published:2819;Over500_2026_P03_-_published:2820;Over500_2026_P04_-_published:2153;Over500_2026_P04_-_published:2818;Over500_2026_P04_-_published:1768;Over500_2026_P04_-_published:1805;Over500_2026_P04_-_published:2127;Over500_2026_P04_-_published:2154;Over500_2026_P04_-_published:2647;Over500_2026_P04_-_published:2820
ICHOOSR,iChoosr Ltd,11124.5,44498.0,1,general_procurement,general_procurement=11124.5,Environment,none,,Over500_2026_P03_-_published:457
TAS CARE TA ROSE COTTAGE NURSING HOME,TAS Care Limited T/A Rose Cottage Nursing Home,11044.9,44179.6,3,placement,placement=11044.9,Adult Social Care,none,,Over500_2026_P02_-_published:1482;Over500_2026_P03_-_published:2838;Over500_2026_P04_-_published:1910
DAYS FLEET,DAYS FLEET,11007.49,44029.96,1,general_procurement,general_procurement=11007.49,Environment,none,,Over500_2026_P02_-_published:2194
SOFTCAT,Softcat Ltd,11005.0,44020.0,2,general_procurement,general_procurement=11005.0,"Education & SEND; Transformation, Customer & ICT",name,IT-402-1666-P00001666 - AWARD,Over500_2026_P02_-_published:460;Over500_2026_P03_-_published:375
BLAKE MORGAN,BLAKE MORGAN LLP,10911.76,43647.04,2,general_procurement,general_procurement=10911.76,"Finance, Property & Procurement",none,,Over500_2026_P03_-_published:414;Over500_2026_P04_-_published:975
SAMANTHA CARTER,SAMANTHA CARTER,10878.22,43512.88,3,grant,grant=10878.22,Education (DSG Funded) & Other Education Grants,none,,Over500_2026_P02_-_published:610;Over500_2026_P03_-_published:615;Over500_2026_P04_-_published:1188
HENWICK PROPERTIES,HENWICK PROPERTIES,10842.71,43370.84,7,premises,premises=7842.71; grant=3000.0,Development & Housing,none,,Over500_2026_P02_-_published:103;Over500_2026_P02_-_published:78;Over500_2026_P02_-_published:109;Over500_2026_P02_-_published:105;Over500_2026_P04_-_published:774;Over500_2026_P04_-_published:90;Over500_2026_P04_-_published:92
A AND E FIRE AND SECURITY,A&E FIRE & SECURITY LIMITED,10714.72,42858.88,9,general_procurement,general_procurement=6463.44; premises=4251.28,"Adult Social Care; Children's Social Care; Community Services; Development & Housing; Finance, Property & Procurement",none,,Over500_2026_P02_-_published:54;Over500_2026_P04_-_published:3782;Over500_2026_P04_-_published:26;Over500_2026_P04_-_published:31;Over500_2026_P04_-_published:982;Over500_2026_P04_-_published:45;Over500_2026_P04_-_published:69;Over500_2026_P04_-_published:86;Over500_2026_P04_-_published:3180
CATHERINE NASH,CATHERINE NASH,10574.19,42296.76,1,grant,grant=10574.19,Education (DSG Funded) & Other Education Grants,none,,Over500_2026_P03_-_published:499
BRITISH TELECOM,BRITISH TELECOM,10479.12,41916.48,3,general_procurement,general_procurement=10479.12,"Transformation, Customer & ICT",none,,Over500_2026_P03_-_published:427;Over500_2026_P03_-_published:429;Over500_2026_P03_-_published:431
JONES ROBINSON LETTINGS,Jones Robinson Lettings Ltd,10334.61,41338.44,4,premises,premises=10334.61,Development & Housing,none,,Over500_2026_P02_-_published:102;Over500_2026_P02_-_published:111;Over500_2026_P03_-_published:88;Over500_2026_P03_-_published:101
NJM HUMPHRIES TA COACH MILES,NJM HUMPHRIES T/A COACH MILES,10295.0,41180.0,4,general_procurement,general_procurement=10295.0,Education & SEND,name,P00000342,Over500_2026_P02_-_published:304;Over500_2026_P02_-_published:330;Over500_2026_P02_-_published:325;Over500_2026_P02_-_published:338
ELITE MINI COACHES,Elite Mini Coaches Ltd,10199.0,40796.0,4,general_procurement,general_procurement=10199.0,Education & SEND,name,West Berkshire Council Transport - Dynamic Purchasing System (DPS) ongoing awards Oct-Dec 2025,Over500_2026_P02_-_published:323;Over500_2026_P02_-_published:324;Over500_2026_P04_-_published:244;Over500_2026_P04_-_published:457
ELITE SECURITY GROUP,ELITE SECURITY GROUP,10178.25,40713.0,9,premises,premises=10178.25,"Adult Social Care; Finance, Property & Procurement",alias,IT-402-1200-P00001200 - AWARD,Over500_2026_P02_-_published:20;Over500_2026_P03_-_published:30;Over500_2026_P03_-_published:62;Over500_2026_P03_-_published:283;Over500_2026_P03_-_published:284;Over500_2026_P04_-_published:84;Over500_2026_P04_-_published:24;Over500_2026_P04_-_published:66;Over500_2026_P04_-_published:68
COMFORT CARE UK,Comfort Care (uk) ltd,10127.41,40509.64,4,placement,placement=10127.41,Adult Social Care,none,,Over500_2026_P04_-_published:2920;Over500_2026_P04_-_published:3643;Over500_2026_P04_-_published:2991;Over500_2026_P04_-_published:2873
HELEN MELVIN,HELEN MELVIN,10113.84,40455.36,1,grant,grant=10113.84,Education (DSG Funded) & Other Education Grants,none,,Over500_2026_P03_-_published:497
DATTO EUROPE,Datto Europe Limited,10000.0,40000.0,1,general_procurement,general_procurement=10000.0,"Transformation, Customer & ICT",none,,Over500_2026_P02_-_published:480
MR RIAZ SHEIKH,MR RIAZ SHEIKH,9997.5,39990.0,4,general_procurement,general_procurement=9997.5,Education & SEND,none,,Over500_2026_P02_-_published:339;Over500_2026_P02_-_published:413;Over500_2026_P04_-_published:314;Over500_2026_P04_-_published:342
NADEEM MIRZA TRADING AS PARKER TRAVELS,Nadeem Mirza Trading as Parker Travels,9927.5,39710.0,7,general_procurement,general_procurement=9927.5,Adult Social Care; Children's Social Care; Education & SEND,candidate only,,Over500_2026_P02_-_published:214;Over500_2026_P02_-_published:377;Over500_2026_P03_-_published:185;Over500_2026_P04_-_published:218;Over500_2026_P04_-_published:280;Over500_2026_P04_-_published:430;Over500_2026_P04_-_published:283
HANNING HOMES CARE,Hanning Homes Care Ltd,9892.78,39571.12,3,placement,placement=9892.78,Adult Social Care,none,,Over500_2026_P02_-_published:2015;Over500_2026_P03_-_published:1338;Over500_2026_P04_-_published:2999
QUALITY CARE WALES,Quality Care (Wales) Ltd,9881.23,39524.92,3,placement,placement=9881.23,Adult Social Care,none,,Over500_2026_P02_-_published:1445;Over500_2026_P03_-_published:1373;Over500_2026_P04_-_published:1882
QUALITAS CARE TA WHITELOW HOUSE NURSING HOME,Qualitas Care Ltd t/a Whitelow House Nursing Home,9876.28,39505.12,3,placement,placement=9876.28,Adult Social Care,none,,Over500_2026_P02_-_published:1490;Over500_2026_P03_-_published:1475;Over500_2026_P04_-_published:1938
GABRIELS ANGELS,Gabriel’s Angels Ltd,9850.32,39401.28,3,placement,placement=9850.32,Adult Social Care,none,,Over500_2026_P02_-_published:1099;Over500_2026_P03_-_published:1036;Over500_2026_P03_-_published:1281
LOCAL GOVERNMENT PROPERTY CONSULTANTS LGPC,LOCAL GOVERNMENT PROPERTY CONSULTANTS (LGPC),9850.0,39400.0,2,general_procurement,general_procurement=9850.0,"Finance, Property & Procurement",none,,Over500_2026_P03_-_published:459;Over500_2026_P03_-_published:467
CRESCENT SIGNS,CRESCENT SIGNS LTD,9791.0,39164.0,6,general_procurement,general_procurement=9791.0,Children's Social Care; Environment,none,,Over500_2026_P02_-_published:202;Over500_2026_P02_-_published:203;Over500_2026_P03_-_published:152;Over500_2026_P03_-_published:151;Over500_2026_P03_-_published:317;Over500_2026_P04_-_published:3719
MY SUPPORT AND CARE SERVICES WEST COUNTRY,MY SUPPORT & CARE SERVICES (WEST COUNTRY) LTD,9788.52,39154.08,3,placement,placement=9788.52,Adult Social Care,none,,Over500_2026_P02_-_published:1726;Over500_2026_P03_-_published:2938;Over500_2026_P04_-_published:3022
ELITE SYSTEMS GB,Elite Systems (GB) Ltd,9677.86,38711.44,1,general_procurement,general_procurement=9677.86,Community Services,none,,Over500_2026_P03_-_published:681
ASKEWS AND HOLTS LIBRARY SERVICES,Askews and Holts Library Services Ltd,9620.7,38482.8,14,general_procurement,general_procurement=9620.7,Community Services,none,,Over500_2026_P02_-_published:681;Over500_2026_P02_-_published:682;Over500_2026_P02_-_published:683;Over500_2026_P02_-_published:649;Over500_2026_P02_-_published:684;Over500_2026_P03_-_published:662;Over500_2026_P03_-_published:676;Over500_2026_P03_-_published:666;Over500_2026_P03_-_published:677;Over500_2026_P03_-_published:678;Over500_2026_P04_-_published:731;Over500_2026_P04_-_published:596;Over500_2026_P04_-_published:786;Over500_2026_P04_-_published:787
MRS GEORGINA D FISHER,MRS GEORGINA D FISHER,9611.21,38444.84,1,grant,grant=9611.21,Education (DSG Funded) & Other Education Grants,none,,Over500_2026_P03_-_published:567
FOSTER CARE ASSOCIATES,Foster Care Associates Limited,9603.88,38415.52,3,placement,placement=9603.88,Children's Social Care,none,,Over500_2026_P02_-_published:2057;Over500_2026_P03_-_published:3055;Over500_2026_P04_-_published:3759
SOUTH EAST EMPLOYERS,SOUTH EAST EMPLOYERS,9600.0,38400.0,1,general_procurement,general_procurement=9600.0,Strategy & Governance,none,,Over500_2026_P02_-_published:652
ASTOUNDING CARE SERVICES,Astounding Care Services Ltd,9526.52,38106.08,4,placement,placement=9526.52,Adult Social Care,none,,Over500_2026_P02_-_published:1945;Over500_2026_P02_-_published:1946;Over500_2026_P02_-_published:2004;Over500_2026_P02_-_published:2005
FIDELITI,FIDELITI LTD,9521.0,38084.0,3,general_procurement,general_procurement=9521.0,Strategy & Governance,none,,Over500_2026_P02_-_published:2203;Over500_2026_P03_-_published:3089;Over500_2026_P04_-_published:3791
RICOH UK,Ricoh UK Ltd,9473.16,37892.64,1,general_procurement,general_procurement=9473.16,"Transformation, Customer & ICT",name,IT-402-1584-P00001584 - AWARD,Over500_2026_P04_-_published:3793
P APPLEYARD TOFFS CATERING,P. APPLEYARD (TOFFS CATERING),9388.2,37552.8,9,general_procurement,general_procurement=9388.2,Community Services,none,,Over500_2026_P02_-_published:532;Over500_2026_P02_-_published:534;Over500_2026_P02_-_published:535;Over500_2026_P03_-_published:750;Over500_2026_P03_-_published:435;Over500_2026_P03_-_published:436;Over500_2026_P04_-_published:538;Over500_2026_P04_-_published:984;Over500_2026_P04_-_published:530
MCNAHA,Mcnaha Limited,9360.88,37443.52,2,placement,placement=9360.88,Children's Social Care,none,,Over500_2026_P02_-_published:2087;Over500_2026_P03_-_published:1996
EMS,EMS LTD,9359.65,37438.6,3,general_procurement,general_procurement=9359.65,Environment,none,,Over500_2026_P02_-_published:2169;Over500_2026_P03_-_published:2115;Over500_2026_P04_-_published:3233
OXFORD DIRECT SERVICES,Oxford Direct Services Limited,9356.0,37424.0,1,placement,placement=9356.0,Education & SEND,none,,Over500_2026_P04_-_published:1285
POTTINGERS HIRE SERVICE,POTTINGER'S HIRE SERVICE,9352.5,37410.0,8,general_procurement,general_procurement=9352.5,Education & SEND,candidate only,,Over500_2026_P02_-_published:231;Over500_2026_P02_-_published:285;Over500_2026_P02_-_published:248;Over500_2026_P02_-_published:291;Over500_2026_P04_-_published:158;Over500_2026_P04_-_published:297;Over500_2026_P04_-_published:176;Over500_2026_P04_-_published:229
MJF RECORDS MANAGEMENT,MJF Records Management,9350.8,37403.2,3,general_procurement,general_procurement=9350.8,"Transformation, Customer & ICT",none,,Over500_2026_P02_-_published:569;Over500_2026_P03_-_published:480;Over500_2026_P04_-_published:639
ALLIANCE LEISURE SERVICES,Alliance Leisure Services Limited,9350.0,37400.0,3,general_procurement,general_procurement=9350.0,Environment,name,2019;UK Leisure Framework,Over500_2026_P02_-_published:736;Over500_2026_P03_-_published:731;Over500_2026_P03_-_published:687
ZENA BENNETTS,ZENA BENNETTS,9294.61,37178.44,3,grant,grant=9294.61,Education (DSG Funded) & Other Education Grants,none,,Over500_2026_P02_-_published:596;Over500_2026_P03_-_published:547;Over500_2026_P04_-_published:693
IN2CARE,IN2CARE LTD,9229.33,36917.32,1,grant,grant=9229.33,Education & SEND,none,,Over500_2026_P03_-_published:560
SAFESPACES CORNHOLME,Safespaces (Cornholme) Ltd,9205.81,36823.24,1,general_procurement,general_procurement=9205.81,Development & Housing,none,,Over500_2026_P03_-_published:2408
FUNTASTIC KIDS,Funtastic Kids Ltd,9153.43,36613.72,2,general_procurement,general_procurement=5307.0; grant=3846.43,Education & SEND,none,,Over500_2026_P02_-_published:488;Over500_2026_P04_-_published:769
THEALE GREEN SCHOOL ACTIVATE LEARNING EDUCATION TRUST,THEALE GREEN SCHOOL - ACTIVATE LEARNING EDUCATION TRUST,9144.0,36576.0,2,grant,grant=9144.0,Education (DSG Funded) & Other Education Grants,none,,Over500_2026_P03_-_published:488;Over500_2026_P04_-_published:1267
MISS NA PIERCE,MISS N A PIERCE,9106.02,36424.08,1,grant,grant=9106.02,Education (DSG Funded) & Other Education Grants,none,,Over500_2026_P03_-_published:562
TEMPLE LIFTS SOUTHERN,Temple Lifts (Southern) Ltd,9030.28,36121.12,3,premises,premises=9030.28,Environment,none,,Over500_2026_P02_-_published:50;Over500_2026_P03_-_published:44;Over500_2026_P03_-_published:55
WENDY ELLIOTT,WENDY ELLIOTT,9029.2,36116.8,1,grant,grant=9029.2,Education (DSG Funded) & Other Education Grants,none,,Over500_2026_P03_-_published:564
DPR CONSULTING SERVICES,DPR Consulting Services Ltd,9000.0,36000.0,1,general_procurement,general_procurement=9000.0,Executive Director People - Children's Services,none,,Over500_2026_P03_-_published:470
SHARON SHEPPARD,SHARON SHEPPARD,8998.31,35993.24,1,grant,grant=8998.31,Education (DSG Funded) & Other Education Grants,none,,Over500_2026_P03_-_published:569
HILLTOP HOUSE,Hilltop House Ltd,8964.97,35859.88,5,placement,placement=8964.97,Adult Social Care,none,,Over500_2026_P02_-_published:1977;Over500_2026_P02_-_published:1978;Over500_2026_P03_-_published:1824;Over500_2026_P03_-_published:1961;Over500_2026_P04_-_published:2911
THE PINES RESIDENTIAL CARE HOME,The Pines Residential Care Home,8865.9,35463.6,6,placement,placement=8865.9,Adult Social Care,none,,Over500_2026_P02_-_published:1677;Over500_2026_P03_-_published:2901;Over500_2026_P04_-_published:2142;Over500_2026_P04_-_published:2143;Over500_2026_P04_-_published:2144;Over500_2026_P04_-_published:2947
ALLIED CARE SERVICES TA ASHAMBER HOMES,Allied Care Services Limited T/A Ashamber Homes Ltd,8829.8,35319.2,3,placement,placement=8829.8,Adult Social Care,none,,Over500_2026_P02_-_published:2002;Over500_2026_P03_-_published:1868;Over500_2026_P04_-_published:2993
REHABILITY UK COMMUNITY,Rehability UK Community Ltd,8826.2,35304.8,3,placement,placement=8826.2,Adult Social Care,none,,Over500_2026_P03_-_published:1766;Over500_2026_P03_-_published:2932;Over500_2026_P03_-_published:2933
CARELINE,CARELINE,8823.1,35292.4,10,placement,placement=8823.1,Adult Social Care,none,,Over500_2026_P04_-_published:2395;Over500_2026_P04_-_published:2412;Over500_2026_P04_-_published:2431;Over500_2026_P04_-_published:2435;Over500_2026_P04_-_published:2436;Over500_2026_P04_-_published:2446;Over500_2026_P04_-_published:2459;Over500_2026_P04_-_published:2460;Over500_2026_P04_-_published:2461;Over500_2026_P04_-_published:3038
COMFI CARS UK,COMFI CARS UK LIMITED,8820.0,35280.0,5,general_procurement,general_procurement=8820.0,Education & SEND,name,West Berkshire Council Transport Dynamic Purchasing System (DPS) Ongoing awards July-Sept 2025,Over500_2026_P02_-_published:270;Over500_2026_P02_-_published:271;Over500_2026_P03_-_published:204;Over500_2026_P04_-_published:238;Over500_2026_P04_-_published:295
ASTON CARE,Aston Care Ltd,8773.33,35093.32,3,placement,placement=8773.33,Adult Social Care,none,,Over500_2026_P02_-_published:1874;Over500_2026_P03_-_published:2991;Over500_2026_P04_-_published:2772
CHARMAINE LE ROUX,CHARMAINE LE ROUX,8767.22,35068.88,1,grant,grant=8767.22,Education (DSG Funded) & Other Education Grants,none,,Over500_2026_P03_-_published:2071
KAYLEE KINDER,KAYLEE KINDER,8744.44,34977.76,2,grant,grant=8744.44,Education (DSG Funded) & Other Education Grants,none,,Over500_2026_P04_-_published:566;Over500_2026_P04_-_published:573
APPELLO T AS CARELINE,Appello T/As Careline Ltd,8741.0,34964.0,1,general_procurement,general_procurement=8741.0,Community Services,none,,Over500_2026_P03_-_published:2135
LITTLE ME DAY NURSERIES THATCHAM,Little Me Day Nurseries Ltd (Thatcham),8715.99,34863.96,2,placement,placement=8715.99,Education (DSG Funded) & Other Education Grants,none,,Over500_2026_P02_-_published:2281;Over500_2026_P02_-_published:2282
AMY HAINES,AMY HAINES,8650.72,34602.88,3,grant,grant=8650.72,Education (DSG Funded) & Other Education Grants,none,,Over500_2026_P02_-_published:603;Over500_2026_P03_-_published:549;Over500_2026_P04_-_published:674
SSE ENERGY SOLUTIONS,SSE ENERGY SOLUTIONS,8646.32,34585.28,8,premises,premises=8646.32,Environment,none,,Over500_2026_P02_-_published:58;Over500_2026_P02_-_published:59;Over500_2026_P02_-_published:60;Over500_2026_P02_-_published:61;Over500_2026_P02_-_published:62;Over500_2026_P02_-_published:63;Over500_2026_P02_-_published:64;Over500_2026_P03_-_published:80
ASTRAL PS,Astral PS Ltd,8592.0,34368.0,1,general_procurement,general_procurement=8592.0,Development & Housing,none,,Over500_2026_P02_-_published:464
STEPHANIE SPEAKE,Stephanie Speake,8512.02,34048.08,1,grant,grant=8512.02,Education (DSG Funded) & Other Education Grants,none,,Over500_2026_P03_-_published:2067
LUCIE MILLON,LUCIE MILLON,8498.45,33993.8,1,grant,grant=8498.45,Education (DSG Funded) & Other Education Grants,none,,Over500_2026_P03_-_published:592
DUNRAVEN HOUSE,DUNRAVEN HOUSE,8490.47,33961.88,3,placement,placement=8490.47,Adult Social Care,none,,Over500_2026_P02_-_published:1974;Over500_2026_P03_-_published:1914;Over500_2026_P04_-_published:3703
BDI SECURITIES,BDI Securities Ltd,8358.03,33432.12,3,general_procurement,general_procurement=8358.03,Environment,none,,Over500_2026_P02_-_published:2167;Over500_2026_P04_-_published:3234;Over500_2026_P04_-_published:3209
KENNET SCHOOL,KENNET SCHOOL,8344.0,33376.0,4,grant,grant=8344.0,Education (DSG Funded) & Other Education Grants,none,,Over500_2026_P02_-_published:584;Over500_2026_P03_-_published:2054;Over500_2026_P04_-_published:668;Over500_2026_P04_-_published:669
STROKE CARE FOR NEWBURY AND WEST BERKSHIRE,STROKE CARE FOR NEWBURY AND WEST BERKSHIRE,8332.5,33330.0,1,grant,grant=8332.5,Adult Social Care,none,,Over500_2026_P02_-_published:851
EE,EE Ltd,8312.11,33248.44,3,general_procurement,general_procurement=8312.11,"Transformation, Customer & ICT",none,,Over500_2026_P02_-_published:520;Over500_2026_P03_-_published:725;Over500_2026_P04_-_published:521
ELEGANT CARE SERVICES,Elegant Care Services Ltd,8184.0,32736.0,2,placement,placement=8184.0,Adult Social Care,none,,Over500_2026_P03_-_published:1773;Over500_2026_P03_-_published:1821
HORSEMAN COACHES,HORSEMAN COACHES LTD,8176.72,32706.88,2,general_procurement,general_procurement=8176.72,Education & SEND,name,P00000342,Over500_2026_P02_-_published:327;Over500_2026_P02_-_published:328
NCER,NCER,8127.22,32508.88,1,general_procurement,general_procurement=8127.22,Education & SEND,none,,Over500_2026_P02_-_published:644
CHIPSIDE,Chipside Ltd,8063.76,32255.04,7,general_procurement,general_procurement=8063.76,Environment,none,,Over500_2026_P02_-_published:2163;Over500_2026_P02_-_published:2164;Over500_2026_P02_-_published:2165;Over500_2026_P03_-_published:2116;Over500_2026_P03_-_published:2140;Over500_2026_P03_-_published:3083;Over500_2026_P03_-_published:3084
MANDY VAN KEMPEN,MANDY VAN KEMPEN,8060.88,32243.52,3,grant,grant=8060.88,Education (DSG Funded) & Other Education Grants,none,,Over500_2026_P02_-_published:604;Over500_2026_P03_-_published:2085;Over500_2026_P04_-_published:675
MAIDEN ERLEGH TRUST TA JOHN RANKIN SCHOOLS,Maiden Erlegh Trust TA John Rankin Schools,8046.87,32187.48,3,grant,grant=5886.87; general_procurement=2160.0,Education (DSG Funded) & Other Education Grants,none,,Over500_2026_P02_-_published:627;Over500_2026_P03_-_published:382;Over500_2026_P04_-_published:565
SYNCARE TA REDLAND HEALTHCARE,SYNCARE T/A REDLAND HEALTHCARE LTD,8002.55,32010.2,11,general_procurement,general_procurement=4922.15; premises=3080.4,Adult Social Care,none,,Over500_2026_P02_-_published:444;Over500_2026_P02_-_published:445;Over500_2026_P02_-_published:536;Over500_2026_P03_-_published:308;Over500_2026_P03_-_published:366;Over500_2026_P03_-_published:367;Over500_2026_P03_-_published:309;Over500_2026_P03_-_published:310;Over500_2026_P03_-_published:820;Over500_2026_P04_-_published:137;Over500_2026_P04_-_published:417
THE TEEN PROJECT CIC,The Teen Project CIC,7999.0,31996.0,1,general_procurement,general_procurement=7999.0,Public Health & Wellbeing,none,,Over500_2026_P04_-_published:604
ENGLEFIELD ESTATE LP,ENGLEFIELD ESTATE LP,7990.25,31961.0,1,premises,premises=7990.25,Development & Housing,none,,Over500_2026_P03_-_published:128
WENDY KIM ELLIOTT,WENDY KIM ELLIOTT,7983.36,31933.44,3,grant,grant=7983.36,Education (DSG Funded) & Other Education Grants,none,,Over500_2026_P02_-_published:595;Over500_2026_P03_-_published:2082;Over500_2026_P04_-_published:671
GCH ASCOT,GCH (Ascot) Ltd,7920.0,31680.0,1,placement,placement=7920.0,Adult Social Care,none,,Over500_2026_P04_-_published:1096
CHUBB FIRE AND SECURITY,Chubb Fire & Security Ltd,7870.02,31480.08,4,general_procurement,general_procurement=7275.11; premises=594.91,"Environment; Transformation, Customer & ICT",none,,Over500_2026_P02_-_published:456;Over500_2026_P02_-_published:471;Over500_2026_P04_-_published:61;Over500_2026_P04_-_published:404
KCARE NURSING AGENCY,KCARE NURSING AGENCY LTD,7828.42,31313.68,8,placement,placement=7828.42,Adult Social Care,none,,Over500_2026_P03_-_published:1890;Over500_2026_P03_-_published:1900;Over500_2026_P03_-_published:1908;Over500_2026_P03_-_published:1952;Over500_2026_P04_-_published:2779;Over500_2026_P04_-_published:2789;Over500_2026_P04_-_published:2903;Over500_2026_P04_-_published:2904
PINNACLE HOUSING CA STERLING GARDEN RENT,PINNACLE HOUSING LIMITED CA STERLING GARDEN RENT,7774.04,31096.16,4,general_procurement,general_procurement=3887.02; grant=3887.02,Development & Housing,none,,Over500_2026_P02_-_published:632;Over500_2026_P02_-_published:640;Over500_2026_P02_-_published:635;Over500_2026_P03_-_published:632
SMS ENVIRONMENTAL,SMS-Environmental Ltd,7758.91,31035.64,7,premises,premises=7758.91,"Adult Social Care; Development & Housing; Finance, Property & Procurement",name,IT-402-1599-P00001599 - AWARD,Over500_2026_P02_-_published:19;Over500_2026_P02_-_published:55;Over500_2026_P02_-_published:17;Over500_2026_P03_-_published:29;Over500_2026_P03_-_published:276;Over500_2026_P04_-_published:80;Over500_2026_P04_-_published:365
AERO PROPERTY CONSULTANTS,AERO PROPERTY CONSULTANTS,7680.0,30720.0,5,general_procurement,general_procurement=7680.0,Education & SEND,none,,Over500_2026_P02_-_published:754;Over500_2026_P02_-_published:755;Over500_2026_P02_-_published:756;Over500_2026_P03_-_published:693;Over500_2026_P04_-_published:754
RGC CONSTRUCTION,RGC CONSTRUCTION,7655.8,30623.2,1,general_procurement,general_procurement=7655.8,Development & Housing,none,,Over500_2026_P03_-_published:738
YOUNG GIANTS,Young Giants Ltd.,7633.0,30532.0,6,placement,placement=7633.0,Education (DSG Funded) & Other Education Grants,none,,Over500_2026_P04_-_published:3279;Over500_2026_P04_-_published:3238;Over500_2026_P04_-_published:3239;Over500_2026_P04_-_published:3802;Over500_2026_P04_-_published:3803;Over500_2026_P04_-_published:3804
BURGHFIELD AND MORTIMER H BUS,BURGHFIELD AND MORTIMER H/BUS,7612.65,30450.6,1,grant,grant=7612.65,Environment,none,,Over500_2026_P03_-_published:870
PEEP LEARNING,Peep Learning Ltd,7600.0,30400.0,1,general_procurement,general_procurement=7600.0,Children's Social Care,none,,Over500_2026_P03_-_published:3444
LINDSAY ORIORDAN,LINDSAY O'RIORDAN,7572.61,30290.44,1,grant,grant=7572.61,Education (DSG Funded) & Other Education Grants,none,,Over500_2026_P03_-_published:2066
DEBORAH CALDER,DEBORAH CALDER,7572.31,30289.24,1,grant,grant=7572.31,Education (DSG Funded) & Other Education Grants,none,,Over500_2026_P03_-_published:576
WYNNE WILLIAMS ASSOCIATES,WYNNE-WILLIAMS ASSOCIATES,7511.0,30044.0,3,general_procurement,general_procurement=5301.0; premises=2210.0,Education & SEND,none,,Over500_2026_P03_-_published:2412;Over500_2026_P04_-_published:841;Over500_2026_P04_-_published:842
THE ABBEYFIELD SOCIETY WINNERSH,The Abbeyfield Society - Winnersh,7469.38,29877.52,3,placement,placement=7469.38,Adult Social Care,none,,Over500_2026_P02_-_published:1987;Over500_2026_P03_-_published:3025;Over500_2026_P04_-_published:2891
BARCHESTER HEALTHCARE ROTHSAY GRANGE,Barchester Healthcare - Rothsay Grange,7420.22,29680.88,3,placement,placement=7420.22,Adult Social Care,none,,Over500_2026_P02_-_published:989;Over500_2026_P03_-_published:2705;Over500_2026_P04_-_published:1121
BLISS SUPPORT SERVICES,B.L.I.S.S. Support Services Limited,7414.37,29657.48,1,placement,placement=7414.37,Adult Social Care,none,,Over500_2026_P03_-_published:1645
PREPAID FINANCIAL SERVICES,PREPAID FINANCIAL SERVICES,7410.0,29640.0,8,general_procurement,general_procurement=7410.0,Adult Social Care; Development & Housing,none,,Over500_2026_P02_-_published:442;Over500_2026_P02_-_published:448;Over500_2026_P02_-_published:443;Over500_2026_P02_-_published:449;Over500_2026_P03_-_published:365;Over500_2026_P03_-_published:514;Over500_2026_P04_-_published:898;Over500_2026_P04_-_published:900
ALEXANDERS SUPPORTED LIVING,Alexander's Supported Living Ltd,7395.13,29580.52,3,placement,placement=7395.13,Adult Social Care,none,,Over500_2026_P03_-_published:1865;Over500_2026_P03_-_published:1867;Over500_2026_P04_-_published:2915
OLIVIA HOPKINS,OLIVIA HOPKINS,7390.02,29560.08,3,grant,grant=7390.02,Education (DSG Funded) & Other Education Grants,none,,Over500_2026_P02_-_published:619;Over500_2026_P03_-_published:2092;Over500_2026_P04_-_published:762
METRIC GROUP,METRIC GROUP LTD,7361.3,29445.2,3,general_procurement,general_procurement=6807.63; premises=553.67,Environment,none,,Over500_2026_P03_-_published:386;Over500_2026_P04_-_published:744;Over500_2026_P04_-_published:82
ADF ENVIRONMENTAL,ADF ENVIRONMENTAL LTD,7345.0,29380.0,4,general_procurement,general_procurement=4950.0; premises=1800.0; placement=595.0,"Development & Housing; Education & SEND; Finance, Property & Procurement",none,,Over500_2026_P02_-_published:765;Over500_2026_P03_-_published:722;Over500_2026_P03_-_published:719;Over500_2026_P04_-_published:785
MISS LA JAY,MISS L A JAY,7324.02,29296.08,3,grant,grant=7324.02,Education (DSG Funded) & Other Education Grants,none,,Over500_2026_P02_-_published:606;Over500_2026_P03_-_published:614;Over500_2026_P04_-_published:1187
TUSKERDIRECT,Tuskerdirect Ltd,7320.32,29281.28,4,general_procurement,general_procurement=7320.32,Strategy & Governance,none,,Over500_2026_P04_-_published:3200;Over500_2026_P04_-_published:3216;Over500_2026_P04_-_published:3312;Over500_2026_P04_-_published:3792
CHURCHEND PRIMARY SCHOOL ORCHARD LEARNING ALLIANCE,Churchend Primary School (Orchard Learning Alliance),7256.29,29025.16,1,placement,placement=7256.29,Education (DSG Funded) & Other Education Grants,none,,Over500_2026_P04_-_published:3289
CAREBUS VOLUNTEER GROUP,CAREBUS VOLUNTEER GROUP,7252.63,29010.52,1,grant,grant=7252.63,Environment,none,,Over500_2026_P04_-_published:915
MRS DC HUTCHINS,MRS D C HUTCHINS,7241.55,28966.2,1,grant,grant=7241.55,Education (DSG Funded) & Other Education Grants,none,,Over500_2026_P03_-_published:521
CAMBURG COLLECTIVE,Camburg Collective Limited,7150.0,28600.0,1,general_procurement,general_procurement=7150.0,Executive Director - Resources,none,,Over500_2026_P04_-_published:557
CALL US,CALL US,7084.2,28336.8,4,placement,placement=7084.2,Adult Social Care,none,,Over500_2026_P02_-_published:1717;Over500_2026_P03_-_published:1536;Over500_2026_P03_-_published:2951;Over500_2026_P04_-_published:2499
ARLINGCLOSE,Arlingclose Ltd,7050.0,28200.0,1,general_procurement,general_procurement=7050.0,"Finance, Property & Procurement",none,,Over500_2026_P03_-_published:1286
MRS R CAIN,MRS R CAIN,6945.05,27780.2,1,grant,grant=6945.05,Education (DSG Funded) & Other Education Grants,none,,Over500_2026_P03_-_published:594
LAURA WEBB,LAURA WEBB,6902.87,27611.48,1,grant,grant=6902.87,Education (DSG Funded) & Other Education Grants,none,,Over500_2026_P03_-_published:2065
ELSTREE SCHOOL,ELSTREE SCHOOL,6776.43,27105.72,1,grant,grant=6776.43,Education (DSG Funded) & Other Education Grants,none,,Over500_2026_P03_-_published:526
GOLDEN LANE HOUSING,GOLDEN LANE HOUSING,6764.42,27057.68,5,placement,placement=6764.42,Adult Social Care,none,,Over500_2026_P02_-_published:1908;Over500_2026_P03_-_published:1580;Over500_2026_P03_-_published:3001;Over500_2026_P04_-_published:2305;Over500_2026_P04_-_published:2782
FIELDWORK REST AND PLAY,FIELDWORK REST & PLAY LTD,6760.0,27040.0,2,general_procurement,general_procurement=6760.0,Environment,none,,Over500_2026_P03_-_published:370;Over500_2026_P03_-_published:387
HENLEY ON THAMES SURVEYORS TRADING AS HENLEY SURVEYING AND DESIGN SERVICES,Henley on Thames Surveyors Ltd Trading as Henley Surveying and Design Services,6700.0,26800.0,4,general_procurement,general_procurement=6700.0,Community Services,none,,Over500_2026_P02_-_published:554;Over500_2026_P04_-_published:611;Over500_2026_P04_-_published:1009;Over500_2026_P04_-_published:610
ALISON CONQUER,ALISON CONQUER,6676.56,26706.24,1,grant,grant=6676.56,Education (DSG Funded) & Other Education Grants,none,,Over500_2026_P03_-_published:2060
A34 PCN,A34 PCN,6670.21,26680.84,1,general_procurement,general_procurement=6670.21,Adult Social Care,none,,Over500_2026_P04_-_published:424
WASHCO,WASHCO,6653.0,26612.0,4,general_procurement,general_procurement=6653.0,Adult Social Care; Children's Social Care,none,,Over500_2026_P02_-_published:446;Over500_2026_P02_-_published:457;Over500_2026_P03_-_published:369;Over500_2026_P04_-_published:423
ACCESS UK,ACCESS UK LIMITED,6650.0,26600.0,2,general_procurement,general_procurement=6650.0,Adult Social Care - Transformation Projects,none,,Over500_2026_P03_-_published:400;Over500_2026_P04_-_published:1016
LORAINE BROWN,Loraine Brown,6638.35,26553.4,1,grant,grant=6638.35,Education (DSG Funded) & Other Education Grants,none,,Over500_2026_P03_-_published:565
RAIL SETTLEMENT,Rail Settlement,6607.0,26428.0,2,general_procurement,general_procurement=6607.0,Children's Social Care,none,,Over500_2026_P03_-_published:272;Over500_2026_P04_-_published:351
MS NATASHA BUCKLEY,MS NATASHA BUCKLEY,6593.8,26375.2,1,grant,grant=6593.8,Education (DSG Funded) & Other Education Grants,none,,Over500_2026_P03_-_published:2069
INTELLIDENT TA BIBLIOTHECA,Intellident Ltd t/a Bibliotheca,6571.0,26284.0,1,general_procurement,general_procurement=6571.0,Community Services,none,,Over500_2026_P02_-_published:461
R AND G SMITH SOUTHERN,R & G SMITH (SOUTHERN) LTD,6565.0,26260.0,2,premises,premises=6565.0,Community Services,none,,Over500_2026_P02_-_published:29;Over500_2026_P03_-_published:39
KINGDOM YOUTH SERVICES,Kingdom Youth Services Ltd,6555.71,26222.84,1,placement,placement=6555.71,Children's Social Care,none,,Over500_2026_P02_-_published:2086
RECOVERY IN MIND 2016 CIC,RECOVERY IN MIND 2016 CIC,6552.0,26208.0,1,grant,grant=6552.0,Education & SEND,none,,Over500_2026_P04_-_published:705
RYGOR COMMERCIALS,Rygor Commercials Ltd,6545.14,26180.56,5,general_procurement,general_procurement=6545.14,Environment,none,,Over500_2026_P03_-_published:149;Over500_2026_P03_-_published:150;Over500_2026_P03_-_published:153;Over500_2026_P04_-_published:242;Over500_2026_P04_-_published:415
KENVER HOUSE,Kenver House Ltd,6489.17,25956.68,3,placement,placement=6489.17,Adult Social Care,none,,Over500_2026_P02_-_published:1988;Over500_2026_P03_-_published:1917;Over500_2026_P04_-_published:2892
SSE POWER DISTRIBUTION,SSE POWER DISTRIBUTION LIMITED,6441.47,25765.88,1,general_procurement,general_procurement=6441.47,Environment,none,,Over500_2026_P02_-_published:737
MRS L PEPPER,MRS L PEPPER,6403.92,25615.68,1,grant,grant=6403.92,Education (DSG Funded) & Other Education Grants,none,,Over500_2026_P03_-_published:2063
DOWNLAND VOLUNTEER GROUP,DOWNLAND VOLUNTEER GROUP,6387.2,25548.8,1,grant,grant=6387.2,Environment,none,,Over500_2026_P04_-_published:1562
NAGELS UK,Nagels (UK) Ltd,6385.0,25540.0,1,general_procurement,general_procurement=6385.0,Environment,none,,Over500_2026_P03_-_published:3082
EDINGTON SPINK AND HYNE,EDINGTON SPINK & HYNE LIMITED,6370.0,25480.0,2,premises,premises=6370.0,Education & SEND,none,,Over500_2026_P02_-_published:764;Over500_2026_P03_-_published:748
ALL SEASONS CARE SERVICES,All Seasons Care Services Limited,6343.67,25374.68,5,placement,placement=6343.67,Adult Social Care,none,,Over500_2026_P02_-_published:1160;Over500_2026_P02_-_published:1877;Over500_2026_P02_-_published:1879;Over500_2026_P02_-_published:1932;Over500_2026_P04_-_published:2751
LAURA VAN EYCK,LAURA VAN EYCK,6299.37,25197.48,1,grant,grant=6299.37,Education (DSG Funded) & Other Education Grants,none,,Over500_2026_P03_-_published:498
MRS JUDY TIDBURY,MRS JUDY TIDBURY,6286.9,25147.6,1,grant,grant=6286.9,Education (DSG Funded) & Other Education Grants,none,,Over500_2026_P03_-_published:568
READING REFUGEE SUPPORT GROUP,Reading Refugee Support Group,6279.6,25118.4,8,general_procurement,general_procurement=6279.6,Development & Housing,none,,Over500_2026_P03_-_published:2114;Over500_2026_P03_-_published:2137;Over500_2026_P03_-_published:3075;Over500_2026_P03_-_published:2127;Over500_2026_P03_-_published:2128;Over500_2026_P03_-_published:3076;Over500_2026_P03_-_published:3077;Over500_2026_P03_-_published:3078
LOCATE ACCOMMODATION,Locate Accommodation Limited,6279.42,25117.68,4,placement,placement=6279.42,Children's Social Care,none,,Over500_2026_P02_-_published:2051;Over500_2026_P03_-_published:2125;Over500_2026_P04_-_published:3112;Over500_2026_P04_-_published:3207
SEABROOK SERVICES,Seabrook Services Ltd,6258.24,25032.96,2,placement,placement=6258.24,Adult Social Care,none,,Over500_2026_P02_-_published:877;Over500_2026_P02_-_published:879
