boundary,supplier_norm,supplier_names,first_date,last_date,span_days,n,sum_gbp,max_single_gbp,tag,row_ids
2500000,VEOLIA ES WEST BERKSHIRE,VEOLIA ES WEST BERKSHIRE LTD (CHAPS ONLY),2026-06-29,2026-07-27,28,2,3984208.64,2180425.32,general_procurement,Over500_2026_P03_-_published:2146;Over500_2026_P04_-_published:3194
2500000,VOLKERHIGHWAYS,VolkerHighways Ltd,2026-06-22,2026-07-17,25,42,2623419.58,998987.64,general_procurement,Over500_2026_P03_-_published:684;Over500_2026_P03_-_published:727;Over500_2026_P04_-_published:1291;Over500_2026_P04_-_published:3192;Over500_2026_P04_-_published:792;Over500_2026_P04_-_published:1289;Over500_2026_P04_-_published:3184;Over500_2026_P04_-_published:3210;Over500_2026_P04_-_published:3786;Over500_2026_P04_-_published:602;Over500_2026_P04_-_published:621;Over500_2026_P04_-_published:736;Over500_2026_P04_-_published:791;Over500_2026_P04_-_published:793;Over500_2026_P04_-_published:799;Over500_2026_P04_-_published:1295;Over500_2026_P04_-_published:1310;Over500_2026_P04_-_published:3186;Over500_2026_P04_-_published:3303;Over500_2026_P04_-_published:794;Over500_2026_P04_-_published:795;Over500_2026_P04_-_published:798;Over500_2026_P04_-_published:1292;Over500_2026_P04_-_published:1293;Over500_2026_P04_-_published:3187;Over500_2026_P04_-_published:3211;Over500_2026_P04_-_published:3304;Over500_2026_P04_-_published:3308;Over500_2026_P04_-_published:3787;Over500_2026_P04_-_published:619;Over500_2026_P04_-_published:620;Over500_2026_P04_-_published:739;Over500_2026_P04_-_published:819;Over500_2026_P04_-_published:821;Over500_2026_P04_-_published:822;Over500_2026_P04_-_published:1296;Over500_2026_P04_-_published:3185;Over500_2026_P04_-_published:3302;Over500_2026_P04_-_published:3309;Over500_2026_P04_-_published:618;Over500_2026_P04_-_published:742;Over500_2026_P04_-_published:777
2500000,VOLKERHIGHWAYS,VolkerHighways Ltd,2026-05-01,2026-05-28,27,55,2524806.85,311353.42,general_procurement,Over500_2026_P02_-_published:691;Over500_2026_P02_-_published:2174;Over500_2026_P02_-_published:2175;Over500_2026_P02_-_published:2177;Over500_2026_P02_-_published:2178;Over500_2026_P02_-_published:2181;Over500_2026_P02_-_published:2183;Over500_2026_P02_-_published:695;Over500_2026_P02_-_published:709;Over500_2026_P02_-_published:713;Over500_2026_P02_-_published:717;Over500_2026_P02_-_published:723;Over500_2026_P02_-_published:727;Over500_2026_P02_-_published:696;Over500_2026_P02_-_published:700;Over500_2026_P02_-_published:701;Over500_2026_P02_-_published:710;Over500_2026_P02_-_published:714;Over500_2026_P02_-_published:720;Over500_2026_P02_-_published:724;Over500_2026_P02_-_published:692;Over500_2026_P02_-_published:702;Over500_2026_P02_-_published:703;Over500_2026_P02_-_published:2173;Over500_2026_P02_-_published:2176;Over500_2026_P02_-_published:2179;Over500_2026_P02_-_published:2184;Over500_2026_P02_-_published:2193;Over500_2026_P02_-_published:2170;Over500_2026_P02_-_published:2185;Over500_2026_P02_-_published:704;Over500_2026_P02_-_published:705;Over500_2026_P02_-_published:728;Over500_2026_P02_-_published:731;Over500_2026_P02_-_published:2172;Over500_2026_P02_-_published:729;Over500_2026_P02_-_published:730;Over500_2026_P02_-_published:734;Over500_2026_P02_-_published:2180;Over500_2026_P02_-_published:2182;Over500_2026_P02_-_published:697;Over500_2026_P02_-_published:711;Over500_2026_P02_-_published:712;Over500_2026_P02_-_published:715;Over500_2026_P02_-_published:716;Over500_2026_P02_-_published:721;Over500_2026_P02_-_published:725;Over500_2026_P02_-_published:726;Over500_2026_P02_-_published:693;Over500_2026_P02_-_published:694;Over500_2026_P02_-_published:698;Over500_2026_P02_-_published:699;Over500_2026_P02_-_published:706;Over500_2026_P02_-_published:722;Over500_2026_P02_-_published:707
500000,VOLKERHIGHWAYS,VolkerHighways Ltd,2026-05-01,2026-05-28,27,55,2524806.85,311353.42,general_procurement,Over500_2026_P02_-_published:691;Over500_2026_P02_-_published:2174;Over500_2026_P02_-_published:2175;Over500_2026_P02_-_published:2177;Over500_2026_P02_-_published:2178;Over500_2026_P02_-_published:2181;Over500_2026_P02_-_published:2183;Over500_2026_P02_-_published:695;Over500_2026_P02_-_published:709;Over500_2026_P02_-_published:713;Over500_2026_P02_-_published:717;Over500_2026_P02_-_published:723;Over500_2026_P02_-_published:727;Over500_2026_P02_-_published:696;Over500_2026_P02_-_published:700;Over500_2026_P02_-_published:701;Over500_2026_P02_-_published:710;Over500_2026_P02_-_published:714;Over500_2026_P02_-_published:720;Over500_2026_P02_-_published:724;Over500_2026_P02_-_published:692;Over500_2026_P02_-_published:702;Over500_2026_P02_-_published:703;Over500_2026_P02_-_published:2173;Over500_2026_P02_-_published:2176;Over500_2026_P02_-_published:2179;Over500_2026_P02_-_published:2184;Over500_2026_P02_-_published:2193;Over500_2026_P02_-_published:2170;Over500_2026_P02_-_published:2185;Over500_2026_P02_-_published:704;Over500_2026_P02_-_published:705;Over500_2026_P02_-_published:728;Over500_2026_P02_-_published:731;Over500_2026_P02_-_published:2172;Over500_2026_P02_-_published:729;Over500_2026_P02_-_published:730;Over500_2026_P02_-_published:734;Over500_2026_P02_-_published:2180;Over500_2026_P02_-_published:2182;Over500_2026_P02_-_published:697;Over500_2026_P02_-_published:711;Over500_2026_P02_-_published:712;Over500_2026_P02_-_published:715;Over500_2026_P02_-_published:716;Over500_2026_P02_-_published:721;Over500_2026_P02_-_published:725;Over500_2026_P02_-_published:726;Over500_2026_P02_-_published:693;Over500_2026_P02_-_published:694;Over500_2026_P02_-_published:698;Over500_2026_P02_-_published:699;Over500_2026_P02_-_published:706;Over500_2026_P02_-_published:722;Over500_2026_P02_-_published:707
500000,VOLKERHIGHWAYS,VolkerHighways Ltd,2026-06-08,2026-07-07,29,18,1690085.96,366872.38,general_procurement,Over500_2026_P03_-_published:2117;Over500_2026_P03_-_published:2133;Over500_2026_P03_-_published:2402;Over500_2026_P03_-_published:683;Over500_2026_P03_-_published:699;Over500_2026_P03_-_published:700;Over500_2026_P03_-_published:702;Over500_2026_P03_-_published:703;Over500_2026_P03_-_published:728;Over500_2026_P03_-_published:729;Over500_2026_P03_-_published:701;Over500_2026_P03_-_published:2403;Over500_2026_P03_-_published:2401;Over500_2026_P03_-_published:684;Over500_2026_P03_-_published:727;Over500_2026_P04_-_published:1291;Over500_2026_P04_-_published:3192;Over500_2026_P04_-_published:792
500000,VOLKERHIGHWAYS,VolkerHighways Ltd,2026-07-13,2026-07-31,18,51,1308291.51,195182.14,general_procurement,Over500_2026_P04_-_published:1289;Over500_2026_P04_-_published:3184;Over500_2026_P04_-_published:3210;Over500_2026_P04_-_published:3786;Over500_2026_P04_-_published:602;Over500_2026_P04_-_published:621;Over500_2026_P04_-_published:736;Over500_2026_P04_-_published:791;Over500_2026_P04_-_published:799;Over500_2026_P04_-_published:1295;Over500_2026_P04_-_published:1310;Over500_2026_P04_-_published:3186;Over500_2026_P04_-_published:3303;Over500_2026_P04_-_published:794;Over500_2026_P04_-_published:795;Over500_2026_P04_-_published:798;Over500_2026_P04_-_published:1292;Over500_2026_P04_-_published:1293;Over500_2026_P04_-_published:3187;Over500_2026_P04_-_published:3211;Over500_2026_P04_-_published:3304;Over500_2026_P04_-_published:3308;Over500_2026_P04_-_published:3787;Over500_2026_P04_-_published:619;Over500_2026_P04_-_published:620;Over500_2026_P04_-_published:739;Over500_2026_P04_-_published:819;Over500_2026_P04_-_published:821;Over500_2026_P04_-_published:822;Over500_2026_P04_-_published:1296;Over500_2026_P04_-_published:3185;Over500_2026_P04_-_published:3302;Over500_2026_P04_-_published:3309;Over500_2026_P04_-_published:618;Over500_2026_P04_-_published:742;Over500_2026_P04_-_published:777;Over500_2026_P04_-_published:3784;Over500_2026_P04_-_published:600;Over500_2026_P04_-_published:796;Over500_2026_P04_-_published:828;Over500_2026_P04_-_published:599;Over500_2026_P04_-_published:3212;Over500_2026_P04_-_published:3305;Over500_2026_P04_-_published:3306;Over500_2026_P04_-_published:3785;Over500_2026_P04_-_published:3188;Over500_2026_P04_-_published:3213;Over500_2026_P04_-_published:3307;Over500_2026_P04_-_published:737;Over500_2026_P04_-_published:778;Over500_2026_P04_-_published:790
500000,BUPA CARE SERVICES,BUPA Care Services,2026-06-10,2026-07-08,28,248,1259714.57,10400.0,placement,Over500_2026_P03_-_published:1003;Over500_2026_P03_-_published:1005;Over500_2026_P03_-_published:1006;Over500_2026_P03_-_published:1011;Over500_2026_P03_-_published:1012;Over500_2026_P03_-_published:1027;Over500_2026_P03_-_published:1028;Over500_2026_P03_-_published:1312;Over500_2026_P03_-_published:1323;Over500_2026_P03_-_published:1324;Over500_2026_P03_-_published:1325;Over500_2026_P03_-_published:1326;Over500_2026_P03_-_published:1327;Over500_2026_P03_-_published:1328;Over500_2026_P03_-_published:1329;Over500_2026_P03_-_published:1330;Over500_2026_P03_-_published:1336;Over500_2026_P03_-_published:1342;Over500_2026_P03_-_published:1343;Over500_2026_P03_-_published:1344;Over500_2026_P03_-_published:1345;Over500_2026_P03_-_published:1346;Over500_2026_P03_-_published:1371;Over500_2026_P03_-_published:1372;Over500_2026_P03_-_published:1377;Over500_2026_P03_-_published:1378;Over500_2026_P03_-_published:1379;Over500_2026_P03_-_published:1380;Over500_2026_P03_-_published:1412;Over500_2026_P03_-_published:1413;Over500_2026_P03_-_published:1414;Over500_2026_P03_-_published:1460;Over500_2026_P03_-_published:1470;Over500_2026_P03_-_published:1477;Over500_2026_P03_-_published:1485;Over500_2026_P03_-_published:1486;Over500_2026_P03_-_published:1487;Over500_2026_P03_-_published:1759;Over500_2026_P03_-_published:1822;Over500_2026_P03_-_published:2690;Over500_2026_P03_-_published:2691;Over500_2026_P03_-_published:2700;Over500_2026_P03_-_published:2701;Over500_2026_P03_-_published:2702;Over500_2026_P03_-_published:2703;Over500_2026_P03_-_published:2709;Over500_2026_P03_-_published:2710;Over500_2026_P03_-_published:2716;Over500_2026_P03_-_published:2825;Over500_2026_P03_-_published:2831;Over500_2026_P03_-_published:2832;Over500_2026_P03_-_published:2833;Over500_2026_P03_-_published:2834;Over500_2026_P03_-_published:2844;Over500_2026_P03_-_published:2849;Over500_2026_P03_-_published:2850;Over500_2026_P03_-_published:2851;Over500_2026_P03_-_published:2890;Over500_2026_P03_-_published:3020;Over500_2026_P03_-_published:3023;Over500_2026_P03_-_published:837;Over500_2026_P03_-_published:852;Over500_2026_P03_-_published:871;Over500_2026_P03_-_published:872;Over500_2026_P03_-_published:893;Over500_2026_P03_-_published:894;Over500_2026_P03_-_published:895;Over500_2026_P03_-_published:896;Over500_2026_P03_-_published:897;Over500_2026_P03_-_published:898;Over500_2026_P03_-_published:903;Over500_2026_P03_-_published:904;Over500_2026_P03_-_published:919;Over500_2026_P03_-_published:920;Over500_2026_P03_-_published:921;Over500_2026_P03_-_published:922;Over500_2026_P03_-_published:923;Over500_2026_P03_-_published:940;Over500_2026_P03_-_published:941;Over500_2026_P03_-_published:942;Over500_2026_P03_-_published:943;Over500_2026_P03_-_published:944;Over500_2026_P03_-_published:945;Over500_2026_P03_-_published:946;Over500_2026_P03_-_published:947;Over500_2026_P03_-_published:953;Over500_2026_P03_-_published:954;Over500_2026_P03_-_published:960;Over500_2026_P03_-_published:961;Over500_2026_P03_-_published:962;Over500_2026_P03_-_published:975;Over500_2026_P03_-_published:976;Over500_2026_P03_-_published:977;Over500_2026_P03_-_published:980;Over500_2026_P03_-_published:981;Over500_2026_P03_-_published:987;Over500_2026_P04_-_published:1028;Over500_2026_P04_-_published:1029;Over500_2026_P04_-_published:1030;Over500_2026_P04_-_published:1031;Over500_2026_P04_-_published:1051;Over500_2026_P04_-_published:1067;Over500_2026_P04_-_published:1068;Over500_2026_P04_-_published:1069;Over500_2026_P04_-_published:1075;Over500_2026_P04_-_published:1076;Over500_2026_P04_-_published:1077;Over500_2026_P04_-_published:1078;Over500_2026_P04_-_published:1079;Over500_2026_P04_-_published:1080;Over500_2026_P04_-_published:1100;Over500_2026_P04_-_published:1132;Over500_2026_P04_-_published:1133;Over500_2026_P04_-_published:1151;Over500_2026_P04_-_published:1817;Over500_2026_P04_-_published:1841;Over500_2026_P04_-_published:1889;Over500_2026_P04_-_published:1925;Over500_2026_P04_-_published:1944;Over500_2026_P04_-_published:2770;Over500_2026_P04_-_published:2869;Over500_2026_P04_-_published:1032;Over500_2026_P04_-_published:1033;Over500_2026_P04_-_published:1034;Over500_2026_P04_-_published:1035;Over500_2026_P04_-_published:1036;Over500_2026_P04_-_published:1037;Over500_2026_P04_-_published:1038;Over500_2026_P04_-_published:1039;Over500_2026_P04_-_published:1040;Over500_2026_P04_-_published:1041;Over500_2026_P04_-_published:1042;Over500_2026_P04_-_published:1043;Over500_2026_P04_-_published:1070;Over500_2026_P04_-_published:1071;Over500_2026_P04_-_published:1072;Over500_2026_P04_-_published:1073;Over500_2026_P04_-_published:1081;Over500_2026_P04_-_published:1082;Over500_2026_P04_-_published:1083;Over500_2026_P04_-_published:1084;Over500_2026_P04_-_published:1085;Over500_2026_P04_-_published:1086;Over500_2026_P04_-_published:1087;Over500_2026_P04_-_published:1088;Over500_2026_P04_-_published:1089;Over500_2026_P04_-_published:1090;Over500_2026_P04_-_published:1091;Over500_2026_P04_-_published:1103;Over500_2026_P04_-_published:1104;Over500_2026_P04_-_published:1105;Over500_2026_P04_-_published:1106;Over500_2026_P04_-_published:1107;Over500_2026_P04_-_published:1115;Over500_2026_P04_-_published:1116;Over500_2026_P04_-_published:1117;Over500_2026_P04_-_published:1118;Over500_2026_P04_-_published:1119;Over500_2026_P04_-_published:1120;Over500_2026_P04_-_published:1135;Over500_2026_P04_-_published:1136;Over500_2026_P04_-_published:1137;Over500_2026_P04_-_published:1153;Over500_2026_P04_-_published:1154;Over500_2026_P04_-_published:1155;Over500_2026_P04_-_published:1156;Over500_2026_P04_-_published:1157;Over500_2026_P04_-_published:1158;Over500_2026_P04_-_published:1563;Over500_2026_P04_-_published:1565;Over500_2026_P04_-_published:1791;Over500_2026_P04_-_published:1792;Over500_2026_P04_-_published:1813;Over500_2026_P04_-_published:1814;Over500_2026_P04_-_published:1818;Over500_2026_P04_-_published:1819;Over500_2026_P04_-_published:1820;Over500_2026_P04_-_published:1821;Over500_2026_P04_-_published:1822;Over500_2026_P04_-_published:1823;Over500_2026_P04_-_published:1824;Over500_2026_P04_-_published:1825;Over500_2026_P04_-_published:1826;Over500_2026_P04_-_published:1827;Over500_2026_P04_-_published:1828;Over500_2026_P04_-_published:1829;Over500_2026_P04_-_published:1830;Over500_2026_P04_-_published:1831;Over500_2026_P04_-_published:1845;Over500_2026_P04_-_published:1846;Over500_2026_P04_-_published:1847;Over500_2026_P04_-_published:1848;Over500_2026_P04_-_published:1849;Over500_2026_P04_-_published:1850;Over500_2026_P04_-_published:1871;Over500_2026_P04_-_published:1881;Over500_2026_P04_-_published:1890;Over500_2026_P04_-_published:1891;Over500_2026_P04_-_published:1892;Over500_2026_P04_-_published:1893;Over500_2026_P04_-_published:1894;Over500_2026_P04_-_published:1895;Over500_2026_P04_-_published:1896;Over500_2026_P04_-_published:1904;Over500_2026_P04_-_published:1905;Over500_2026_P04_-_published:1906;Over500_2026_P04_-_published:1907;Over500_2026_P04_-_published:1908;Over500_2026_P04_-_published:1922;Over500_2026_P04_-_published:1923;Over500_2026_P04_-_published:1924;Over500_2026_P04_-_published:1926;Over500_2026_P04_-_published:1927;Over500_2026_P04_-_published:1928;Over500_2026_P04_-_published:1929;Over500_2026_P04_-_published:1930;Over500_2026_P04_-_published:1931;Over500_2026_P04_-_published:1948;Over500_2026_P04_-_published:1949;Over500_2026_P04_-_published:1950;Over500_2026_P04_-_published:1951;Over500_2026_P04_-_published:1952;Over500_2026_P04_-_published:1963;Over500_2026_P04_-_published:2003;Over500_2026_P04_-_published:2004;Over500_2026_P04_-_published:2005;Over500_2026_P04_-_published:2006;Over500_2026_P04_-_published:2131;Over500_2026_P04_-_published:2178;Over500_2026_P04_-_published:2656;Over500_2026_P04_-_published:2664;Over500_2026_P04_-_published:2665;Over500_2026_P04_-_published:2666;Over500_2026_P04_-_published:2676;Over500_2026_P04_-_published:2677;Over500_2026_P04_-_published:2678;Over500_2026_P04_-_published:2717;Over500_2026_P04_-_published:2884;Over500_2026_P04_-_published:2908;Over500_2026_P04_-_published:2931;Over500_2026_P04_-_published:2932;Over500_2026_P04_-_published:3006;Over500_2026_P04_-_published:3699;Over500_2026_P04_-_published:3704;Over500_2026_P04_-_published:724;Over500_2026_P04_-_published:887;Over500_2026_P04_-_published:916;Over500_2026_P04_-_published:927
500000,OAKLANDS SEN SCHOOL BERKSHIRE,Oaklands SEN School Berkshire Limited,2026-06-17,2026-06-17,0,54,1026661.89,20534.9,placement,Over500_2026_P03_-_published:2164;Over500_2026_P03_-_published:2165;Over500_2026_P03_-_published:2166;Over500_2026_P03_-_published:2167;Over500_2026_P03_-_published:2169;Over500_2026_P03_-_published:2170;Over500_2026_P03_-_published:2171;Over500_2026_P03_-_published:2172;Over500_2026_P03_-_published:2173;Over500_2026_P03_-_published:2174;Over500_2026_P03_-_published:2175;Over500_2026_P03_-_published:2176;Over500_2026_P03_-_published:2177;Over500_2026_P03_-_published:2189;Over500_2026_P03_-_published:2190;Over500_2026_P03_-_published:2191;Over500_2026_P03_-_published:2192;Over500_2026_P03_-_published:2193;Over500_2026_P03_-_published:2194;Over500_2026_P03_-_published:2195;Over500_2026_P03_-_published:2196;Over500_2026_P03_-_published:2197;Over500_2026_P03_-_published:2198;Over500_2026_P03_-_published:2199;Over500_2026_P03_-_published:2200;Over500_2026_P03_-_published:2201;Over500_2026_P03_-_published:2202;Over500_2026_P03_-_published:2203;Over500_2026_P03_-_published:2204;Over500_2026_P03_-_published:2310;Over500_2026_P03_-_published:2311;Over500_2026_P03_-_published:2312;Over500_2026_P03_-_published:2313;Over500_2026_P03_-_published:2314;Over500_2026_P03_-_published:2315;Over500_2026_P03_-_published:2316;Over500_2026_P03_-_published:2317;Over500_2026_P03_-_published:2318;Over500_2026_P03_-_published:2319;Over500_2026_P03_-_published:2320;Over500_2026_P03_-_published:2321;Over500_2026_P03_-_published:2322;Over500_2026_P03_-_published:2323;Over500_2026_P03_-_published:3106;Over500_2026_P03_-_published:3107;Over500_2026_P03_-_published:3108;Over500_2026_P03_-_published:3109;Over500_2026_P03_-_published:3110;Over500_2026_P03_-_published:3111;Over500_2026_P03_-_published:3112;Over500_2026_P03_-_published:3113;Over500_2026_P03_-_published:3114;Over500_2026_P03_-_published:3115;Over500_2026_P03_-_published:3116
500000,AFFINITY TRUST SUPPORT,Affinity Trust Support Ltd,2026-06-03,2026-07-01,28,161,688928.15,26394.66,placement,Over500_2026_P03_-_published:1447;Over500_2026_P03_-_published:1450;Over500_2026_P03_-_published:1518;Over500_2026_P03_-_published:1521;Over500_2026_P03_-_published:1522;Over500_2026_P03_-_published:1523;Over500_2026_P03_-_published:1524;Over500_2026_P03_-_published:1525;Over500_2026_P03_-_published:1609;Over500_2026_P03_-_published:1611;Over500_2026_P03_-_published:1612;Over500_2026_P03_-_published:1613;Over500_2026_P03_-_published:1614;Over500_2026_P03_-_published:2920;Over500_2026_P03_-_published:2921;Over500_2026_P03_-_published:2922;Over500_2026_P03_-_published:2923;Over500_2026_P03_-_published:1444;Over500_2026_P03_-_published:1531;Over500_2026_P03_-_published:1532;Over500_2026_P03_-_published:1533;Over500_2026_P03_-_published:1539;Over500_2026_P03_-_published:1540;Over500_2026_P03_-_published:1541;Over500_2026_P03_-_published:1542;Over500_2026_P03_-_published:1543;Over500_2026_P03_-_published:1544;Over500_2026_P03_-_published:1545;Over500_2026_P03_-_published:1546;Over500_2026_P03_-_published:1547;Over500_2026_P03_-_published:1548;Over500_2026_P03_-_published:1549;Over500_2026_P03_-_published:1550;Over500_2026_P03_-_published:1551;Over500_2026_P03_-_published:1588;Over500_2026_P03_-_published:1589;Over500_2026_P03_-_published:1590;Over500_2026_P03_-_published:1591;Over500_2026_P03_-_published:1592;Over500_2026_P03_-_published:1595;Over500_2026_P03_-_published:1627;Over500_2026_P03_-_published:1628;Over500_2026_P03_-_published:1629;Over500_2026_P03_-_published:1630;Over500_2026_P03_-_published:1633;Over500_2026_P03_-_published:1634;Over500_2026_P03_-_published:1635;Over500_2026_P03_-_published:1640;Over500_2026_P03_-_published:1641;Over500_2026_P03_-_published:1642;Over500_2026_P03_-_published:1643;Over500_2026_P03_-_published:1644;Over500_2026_P03_-_published:1663;Over500_2026_P03_-_published:1664;Over500_2026_P03_-_published:1665;Over500_2026_P03_-_published:1666;Over500_2026_P03_-_published:1667;Over500_2026_P03_-_published:1674;Over500_2026_P03_-_published:1678;Over500_2026_P03_-_published:1689;Over500_2026_P03_-_published:1690;Over500_2026_P03_-_published:1691;Over500_2026_P03_-_published:1692;Over500_2026_P03_-_published:1693;Over500_2026_P03_-_published:1694;Over500_2026_P03_-_published:1695;Over500_2026_P03_-_published:1696;Over500_2026_P03_-_published:1699;Over500_2026_P03_-_published:1700;Over500_2026_P03_-_published:1701;Over500_2026_P03_-_published:1702;Over500_2026_P03_-_published:1703;Over500_2026_P03_-_published:1704;Over500_2026_P03_-_published:1715;Over500_2026_P03_-_published:1716;Over500_2026_P03_-_published:1754;Over500_2026_P03_-_published:1764;Over500_2026_P03_-_published:1768;Over500_2026_P03_-_published:1770;Over500_2026_P03_-_published:1771;Over500_2026_P03_-_published:1831;Over500_2026_P03_-_published:1832;Over500_2026_P03_-_published:1844;Over500_2026_P03_-_published:1855;Over500_2026_P03_-_published:1856;Over500_2026_P03_-_published:1875;Over500_2026_P03_-_published:1977;Over500_2026_P03_-_published:1983;Over500_2026_P03_-_published:2914;Over500_2026_P03_-_published:2939;Over500_2026_P03_-_published:2940;Over500_2026_P03_-_published:2941;Over500_2026_P03_-_published:2942;Over500_2026_P03_-_published:2943;Over500_2026_P03_-_published:2944;Over500_2026_P03_-_published:2955;Over500_2026_P03_-_published:2956;Over500_2026_P03_-_published:2957;Over500_2026_P03_-_published:2958;Over500_2026_P03_-_published:2959;Over500_2026_P03_-_published:2978;Over500_2026_P03_-_published:2986;Over500_2026_P03_-_published:935;Over500_2026_P04_-_published:2222;Over500_2026_P04_-_published:2224;Over500_2026_P04_-_published:2226;Over500_2026_P04_-_published:2227;Over500_2026_P04_-_published:2239;Over500_2026_P04_-_published:2240;Over500_2026_P04_-_published:2241;Over500_2026_P04_-_published:2251;Over500_2026_P04_-_published:2252;Over500_2026_P04_-_published:2253;Over500_2026_P04_-_published:2257;Over500_2026_P04_-_published:2258;Over500_2026_P04_-_published:2259;Over500_2026_P04_-_published:2267;Over500_2026_P04_-_published:2268;Over500_2026_P04_-_published:2269;Over500_2026_P04_-_published:2270;Over500_2026_P04_-_published:2271;Over500_2026_P04_-_published:2272;Over500_2026_P04_-_published:2294;Over500_2026_P04_-_published:2295;Over500_2026_P04_-_published:2313;Over500_2026_P04_-_published:2314;Over500_2026_P04_-_published:2315;Over500_2026_P04_-_published:2316;Over500_2026_P04_-_published:2337;Over500_2026_P04_-_published:2338;Over500_2026_P04_-_published:2339;Over500_2026_P04_-_published:2340;Over500_2026_P04_-_published:2341;Over500_2026_P04_-_published:2342;Over500_2026_P04_-_published:2343;Over500_2026_P04_-_published:2344;Over500_2026_P04_-_published:2603;Over500_2026_P04_-_published:2707;Over500_2026_P04_-_published:2742;Over500_2026_P04_-_published:2765;Over500_2026_P04_-_published:2960;Over500_2026_P04_-_published:2961;Over500_2026_P04_-_published:2970;Over500_2026_P04_-_published:2971;Over500_2026_P04_-_published:2972;Over500_2026_P04_-_published:2973;Over500_2026_P04_-_published:2974;Over500_2026_P04_-_published:2975;Over500_2026_P04_-_published:2976;Over500_2026_P04_-_published:2977;Over500_2026_P04_-_published:2978;Over500_2026_P04_-_published:2979;Over500_2026_P04_-_published:2980;Over500_2026_P04_-_published:2981;Over500_2026_P04_-_published:2982;Over500_2026_P04_-_published:3066;Over500_2026_P04_-_published:3564;Over500_2026_P04_-_published:3629;Over500_2026_P04_-_published:3730;Over500_2026_P04_-_published:3731;Over500_2026_P04_-_published:972
500000,BUPA CARE SERVICES,BUPA Care Services,2026-05-06,2026-06-03,28,120,605975.41,8077.32,placement,Over500_2026_P02_-_published:1509;Over500_2026_P02_-_published:1034;Over500_2026_P02_-_published:1035;Over500_2026_P02_-_published:1036;Over500_2026_P02_-_published:1037;Over500_2026_P02_-_published:1038;Over500_2026_P02_-_published:1039;Over500_2026_P02_-_published:1040;Over500_2026_P02_-_published:1041;Over500_2026_P02_-_published:1042;Over500_2026_P02_-_published:1043;Over500_2026_P02_-_published:1044;Over500_2026_P02_-_published:1045;Over500_2026_P02_-_published:1431;Over500_2026_P02_-_published:1443;Over500_2026_P02_-_published:1444;Over500_2026_P02_-_published:1455;Over500_2026_P02_-_published:1456;Over500_2026_P02_-_published:1457;Over500_2026_P02_-_published:1458;Over500_2026_P02_-_published:1459;Over500_2026_P02_-_published:1460;Over500_2026_P02_-_published:1461;Over500_2026_P02_-_published:1462;Over500_2026_P02_-_published:1463;Over500_2026_P02_-_published:1464;Over500_2026_P02_-_published:1465;Over500_2026_P02_-_published:1466;Over500_2026_P02_-_published:1467;Over500_2026_P02_-_published:1468;Over500_2026_P02_-_published:1469;Over500_2026_P02_-_published:1470;Over500_2026_P02_-_published:1471;Over500_2026_P02_-_published:1472;Over500_2026_P02_-_published:1473;Over500_2026_P02_-_published:1474;Over500_2026_P02_-_published:1475;Over500_2026_P02_-_published:1524;Over500_2026_P02_-_published:1525;Over500_2026_P02_-_published:1526;Over500_2026_P02_-_published:1527;Over500_2026_P02_-_published:1528;Over500_2026_P02_-_published:1529;Over500_2026_P02_-_published:1530;Over500_2026_P02_-_published:1531;Over500_2026_P02_-_published:1532;Over500_2026_P02_-_published:1533;Over500_2026_P02_-_published:1534;Over500_2026_P02_-_published:1535;Over500_2026_P02_-_published:1536;Over500_2026_P02_-_published:1537;Over500_2026_P02_-_published:1627;Over500_2026_P02_-_published:1630;Over500_2026_P02_-_published:1832;Over500_2026_P02_-_published:1850;Over500_2026_P02_-_published:1962;Over500_2026_P02_-_published:1963;Over500_2026_P02_-_published:1976;Over500_2026_P02_-_published:868;Over500_2026_P02_-_published:869;Over500_2026_P02_-_published:870;Over500_2026_P02_-_published:871;Over500_2026_P02_-_published:872;Over500_2026_P02_-_published:875;Over500_2026_P02_-_published:958;Over500_2026_P02_-_published:959;Over500_2026_P02_-_published:960;Over500_2026_P02_-_published:961;Over500_2026_P02_-_published:962;Over500_2026_P02_-_published:963;Over500_2026_P02_-_published:964;Over500_2026_P02_-_published:965;Over500_2026_P02_-_published:966;Over500_2026_P02_-_published:967;Over500_2026_P02_-_published:968;Over500_2026_P02_-_published:969;Over500_2026_P02_-_published:970;Over500_2026_P02_-_published:971;Over500_2026_P02_-_published:972;Over500_2026_P02_-_published:973;Over500_2026_P02_-_published:974;Over500_2026_P02_-_published:975;Over500_2026_P02_-_published:976;Over500_2026_P02_-_published:977;Over500_2026_P02_-_published:978;Over500_2026_P02_-_published:979;Over500_2026_P02_-_published:980;Over500_2026_P02_-_published:981;Over500_2026_P02_-_published:982;Over500_2026_P02_-_published:983;Over500_2026_P02_-_published:984;Over500_2026_P02_-_published:985;Over500_2026_P02_-_published:986;Over500_2026_P02_-_published:987;Over500_2026_P02_-_published:988;Over500_2026_P02_-_published:1023;Over500_2026_P02_-_published:1024;Over500_2026_P02_-_published:1025;Over500_2026_P02_-_published:1026;Over500_2026_P02_-_published:1069;Over500_2026_P02_-_published:1070;Over500_2026_P02_-_published:1071;Over500_2026_P02_-_published:1072;Over500_2026_P02_-_published:1967;Over500_2026_P03_-_published:1018;Over500_2026_P03_-_published:1322;Over500_2026_P03_-_published:1857;Over500_2026_P03_-_published:2830;Over500_2026_P03_-_published:2845;Over500_2026_P03_-_published:890;Over500_2026_P03_-_published:891;Over500_2026_P03_-_published:892;Over500_2026_P03_-_published:915;Over500_2026_P03_-_published:916;Over500_2026_P03_-_published:917;Over500_2026_P03_-_published:918;Over500_2026_P03_-_published:937;Over500_2026_P03_-_published:938;Over500_2026_P03_-_published:939;Over500_2026_P03_-_published:951
500000,PHOENIX CHILD CARE THE GRANGE SCHOOL,Phoenix Child Care Limited -The Grange School,2026-05-19,2026-06-17,29,23,566088.82,33799.71,placement,Over500_2026_P02_-_published:2242;Over500_2026_P02_-_published:2243;Over500_2026_P02_-_published:2244;Over500_2026_P02_-_published:2245;Over500_2026_P02_-_published:2246;Over500_2026_P02_-_published:2247;Over500_2026_P02_-_published:2248;Over500_2026_P02_-_published:2249;Over500_2026_P02_-_published:2250;Over500_2026_P02_-_published:2251;Over500_2026_P02_-_published:2252;Over500_2026_P02_-_published:2253;Over500_2026_P02_-_published:2254;Over500_2026_P02_-_published:2255;Over500_2026_P02_-_published:2256;Over500_2026_P02_-_published:2257;Over500_2026_P02_-_published:2258;Over500_2026_P02_-_published:2259;Over500_2026_P02_-_published:2260;Over500_2026_P02_-_published:2262;Over500_2026_P02_-_published:2263;Over500_2026_P03_-_published:2179;Over500_2026_P03_-_published:2229
500000,RUSKIN MILL TRUST,RUSKIN MILL TRUST,2026-05-13,2026-06-02,20,5,550097.21,179236.76,grant,Over500_2026_P02_-_published:1822;Over500_2026_P02_-_published:823;Over500_2026_P03_-_published:2676;Over500_2026_P03_-_published:801;Over500_2026_P03_-_published:802
500000,COMENSURA,Comensura Ltd,2026-05-19,2026-06-16,28,6,530906.97,107880.99,agency_staff,Over500_2026_P02_-_published:6;Over500_2026_P02_-_published:7;Over500_2026_P03_-_published:14;Over500_2026_P03_-_published:12;Over500_2026_P03_-_published:9;Over500_2026_P03_-_published:10
500000,SOFTWAREONE UK,SoftwareONE UK Ltd,2026-05-27,2026-05-27,0,4,522978.62,375697.68,general_procurement,Over500_2026_P02_-_published:473;Over500_2026_P02_-_published:474;Over500_2026_P02_-_published:653;Over500_2026_P02_-_published:654
25000,BUPA CARE SERVICES,BUPA Care Services,2026-06-10,2026-07-08,28,248,1259714.57,10400.0,placement,Over500_2026_P03_-_published:1003;Over500_2026_P03_-_published:1005;Over500_2026_P03_-_published:1006;Over500_2026_P03_-_published:1011;Over500_2026_P03_-_published:1012;Over500_2026_P03_-_published:1027;Over500_2026_P03_-_published:1028;Over500_2026_P03_-_published:1312;Over500_2026_P03_-_published:1323;Over500_2026_P03_-_published:1324;Over500_2026_P03_-_published:1325;Over500_2026_P03_-_published:1326;Over500_2026_P03_-_published:1327;Over500_2026_P03_-_published:1328;Over500_2026_P03_-_published:1329;Over500_2026_P03_-_published:1330;Over500_2026_P03_-_published:1336;Over500_2026_P03_-_published:1342;Over500_2026_P03_-_published:1343;Over500_2026_P03_-_published:1344;Over500_2026_P03_-_published:1345;Over500_2026_P03_-_published:1346;Over500_2026_P03_-_published:1371;Over500_2026_P03_-_published:1372;Over500_2026_P03_-_published:1377;Over500_2026_P03_-_published:1378;Over500_2026_P03_-_published:1379;Over500_2026_P03_-_published:1380;Over500_2026_P03_-_published:1412;Over500_2026_P03_-_published:1413;Over500_2026_P03_-_published:1414;Over500_2026_P03_-_published:1460;Over500_2026_P03_-_published:1470;Over500_2026_P03_-_published:1477;Over500_2026_P03_-_published:1485;Over500_2026_P03_-_published:1486;Over500_2026_P03_-_published:1487;Over500_2026_P03_-_published:1759;Over500_2026_P03_-_published:1822;Over500_2026_P03_-_published:2690;Over500_2026_P03_-_published:2691;Over500_2026_P03_-_published:2700;Over500_2026_P03_-_published:2701;Over500_2026_P03_-_published:2702;Over500_2026_P03_-_published:2703;Over500_2026_P03_-_published:2709;Over500_2026_P03_-_published:2710;Over500_2026_P03_-_published:2716;Over500_2026_P03_-_published:2825;Over500_2026_P03_-_published:2831;Over500_2026_P03_-_published:2832;Over500_2026_P03_-_published:2833;Over500_2026_P03_-_published:2834;Over500_2026_P03_-_published:2844;Over500_2026_P03_-_published:2849;Over500_2026_P03_-_published:2850;Over500_2026_P03_-_published:2851;Over500_2026_P03_-_published:2890;Over500_2026_P03_-_published:3020;Over500_2026_P03_-_published:3023;Over500_2026_P03_-_published:837;Over500_2026_P03_-_published:852;Over500_2026_P03_-_published:871;Over500_2026_P03_-_published:872;Over500_2026_P03_-_published:893;Over500_2026_P03_-_published:894;Over500_2026_P03_-_published:895;Over500_2026_P03_-_published:896;Over500_2026_P03_-_published:897;Over500_2026_P03_-_published:898;Over500_2026_P03_-_published:903;Over500_2026_P03_-_published:904;Over500_2026_P03_-_published:919;Over500_2026_P03_-_published:920;Over500_2026_P03_-_published:921;Over500_2026_P03_-_published:922;Over500_2026_P03_-_published:923;Over500_2026_P03_-_published:940;Over500_2026_P03_-_published:941;Over500_2026_P03_-_published:942;Over500_2026_P03_-_published:943;Over500_2026_P03_-_published:944;Over500_2026_P03_-_published:945;Over500_2026_P03_-_published:946;Over500_2026_P03_-_published:947;Over500_2026_P03_-_published:953;Over500_2026_P03_-_published:954;Over500_2026_P03_-_published:960;Over500_2026_P03_-_published:961;Over500_2026_P03_-_published:962;Over500_2026_P03_-_published:975;Over500_2026_P03_-_published:976;Over500_2026_P03_-_published:977;Over500_2026_P03_-_published:980;Over500_2026_P03_-_published:981;Over500_2026_P03_-_published:987;Over500_2026_P04_-_published:1028;Over500_2026_P04_-_published:1029;Over500_2026_P04_-_published:1030;Over500_2026_P04_-_published:1031;Over500_2026_P04_-_published:1051;Over500_2026_P04_-_published:1067;Over500_2026_P04_-_published:1068;Over500_2026_P04_-_published:1069;Over500_2026_P04_-_published:1075;Over500_2026_P04_-_published:1076;Over500_2026_P04_-_published:1077;Over500_2026_P04_-_published:1078;Over500_2026_P04_-_published:1079;Over500_2026_P04_-_published:1080;Over500_2026_P04_-_published:1100;Over500_2026_P04_-_published:1132;Over500_2026_P04_-_published:1133;Over500_2026_P04_-_published:1151;Over500_2026_P04_-_published:1817;Over500_2026_P04_-_published:1841;Over500_2026_P04_-_published:1889;Over500_2026_P04_-_published:1925;Over500_2026_P04_-_published:1944;Over500_2026_P04_-_published:2770;Over500_2026_P04_-_published:2869;Over500_2026_P04_-_published:1032;Over500_2026_P04_-_published:1033;Over500_2026_P04_-_published:1034;Over500_2026_P04_-_published:1035;Over500_2026_P04_-_published:1036;Over500_2026_P04_-_published:1037;Over500_2026_P04_-_published:1038;Over500_2026_P04_-_published:1039;Over500_2026_P04_-_published:1040;Over500_2026_P04_-_published:1041;Over500_2026_P04_-_published:1042;Over500_2026_P04_-_published:1043;Over500_2026_P04_-_published:1070;Over500_2026_P04_-_published:1071;Over500_2026_P04_-_published:1072;Over500_2026_P04_-_published:1073;Over500_2026_P04_-_published:1081;Over500_2026_P04_-_published:1082;Over500_2026_P04_-_published:1083;Over500_2026_P04_-_published:1084;Over500_2026_P04_-_published:1085;Over500_2026_P04_-_published:1086;Over500_2026_P04_-_published:1087;Over500_2026_P04_-_published:1088;Over500_2026_P04_-_published:1089;Over500_2026_P04_-_published:1090;Over500_2026_P04_-_published:1091;Over500_2026_P04_-_published:1103;Over500_2026_P04_-_published:1104;Over500_2026_P04_-_published:1105;Over500_2026_P04_-_published:1106;Over500_2026_P04_-_published:1107;Over500_2026_P04_-_published:1115;Over500_2026_P04_-_published:1116;Over500_2026_P04_-_published:1117;Over500_2026_P04_-_published:1118;Over500_2026_P04_-_published:1119;Over500_2026_P04_-_published:1120;Over500_2026_P04_-_published:1135;Over500_2026_P04_-_published:1136;Over500_2026_P04_-_published:1137;Over500_2026_P04_-_published:1153;Over500_2026_P04_-_published:1154;Over500_2026_P04_-_published:1155;Over500_2026_P04_-_published:1156;Over500_2026_P04_-_published:1157;Over500_2026_P04_-_published:1158;Over500_2026_P04_-_published:1563;Over500_2026_P04_-_published:1565;Over500_2026_P04_-_published:1791;Over500_2026_P04_-_published:1792;Over500_2026_P04_-_published:1813;Over500_2026_P04_-_published:1814;Over500_2026_P04_-_published:1818;Over500_2026_P04_-_published:1819;Over500_2026_P04_-_published:1820;Over500_2026_P04_-_published:1821;Over500_2026_P04_-_published:1822;Over500_2026_P04_-_published:1823;Over500_2026_P04_-_published:1824;Over500_2026_P04_-_published:1825;Over500_2026_P04_-_published:1826;Over500_2026_P04_-_published:1827;Over500_2026_P04_-_published:1828;Over500_2026_P04_-_published:1829;Over500_2026_P04_-_published:1830;Over500_2026_P04_-_published:1831;Over500_2026_P04_-_published:1845;Over500_2026_P04_-_published:1846;Over500_2026_P04_-_published:1847;Over500_2026_P04_-_published:1848;Over500_2026_P04_-_published:1849;Over500_2026_P04_-_published:1850;Over500_2026_P04_-_published:1871;Over500_2026_P04_-_published:1881;Over500_2026_P04_-_published:1890;Over500_2026_P04_-_published:1891;Over500_2026_P04_-_published:1892;Over500_2026_P04_-_published:1893;Over500_2026_P04_-_published:1894;Over500_2026_P04_-_published:1895;Over500_2026_P04_-_published:1896;Over500_2026_P04_-_published:1904;Over500_2026_P04_-_published:1905;Over500_2026_P04_-_published:1906;Over500_2026_P04_-_published:1907;Over500_2026_P04_-_published:1908;Over500_2026_P04_-_published:1922;Over500_2026_P04_-_published:1923;Over500_2026_P04_-_published:1924;Over500_2026_P04_-_published:1926;Over500_2026_P04_-_published:1927;Over500_2026_P04_-_published:1928;Over500_2026_P04_-_published:1929;Over500_2026_P04_-_published:1930;Over500_2026_P04_-_published:1931;Over500_2026_P04_-_published:1948;Over500_2026_P04_-_published:1949;Over500_2026_P04_-_published:1950;Over500_2026_P04_-_published:1951;Over500_2026_P04_-_published:1952;Over500_2026_P04_-_published:1963;Over500_2026_P04_-_published:2003;Over500_2026_P04_-_published:2004;Over500_2026_P04_-_published:2005;Over500_2026_P04_-_published:2006;Over500_2026_P04_-_published:2131;Over500_2026_P04_-_published:2178;Over500_2026_P04_-_published:2656;Over500_2026_P04_-_published:2664;Over500_2026_P04_-_published:2665;Over500_2026_P04_-_published:2666;Over500_2026_P04_-_published:2676;Over500_2026_P04_-_published:2677;Over500_2026_P04_-_published:2678;Over500_2026_P04_-_published:2717;Over500_2026_P04_-_published:2884;Over500_2026_P04_-_published:2908;Over500_2026_P04_-_published:2931;Over500_2026_P04_-_published:2932;Over500_2026_P04_-_published:3006;Over500_2026_P04_-_published:3699;Over500_2026_P04_-_published:3704;Over500_2026_P04_-_published:724;Over500_2026_P04_-_published:887;Over500_2026_P04_-_published:916;Over500_2026_P04_-_published:927
25000,OAKLANDS SEN SCHOOL BERKSHIRE,Oaklands SEN School Berkshire Limited,2026-06-17,2026-06-17,0,54,1026661.89,20534.9,placement,Over500_2026_P03_-_published:2164;Over500_2026_P03_-_published:2165;Over500_2026_P03_-_published:2166;Over500_2026_P03_-_published:2167;Over500_2026_P03_-_published:2169;Over500_2026_P03_-_published:2170;Over500_2026_P03_-_published:2171;Over500_2026_P03_-_published:2172;Over500_2026_P03_-_published:2173;Over500_2026_P03_-_published:2174;Over500_2026_P03_-_published:2175;Over500_2026_P03_-_published:2176;Over500_2026_P03_-_published:2177;Over500_2026_P03_-_published:2189;Over500_2026_P03_-_published:2190;Over500_2026_P03_-_published:2191;Over500_2026_P03_-_published:2192;Over500_2026_P03_-_published:2193;Over500_2026_P03_-_published:2194;Over500_2026_P03_-_published:2195;Over500_2026_P03_-_published:2196;Over500_2026_P03_-_published:2197;Over500_2026_P03_-_published:2198;Over500_2026_P03_-_published:2199;Over500_2026_P03_-_published:2200;Over500_2026_P03_-_published:2201;Over500_2026_P03_-_published:2202;Over500_2026_P03_-_published:2203;Over500_2026_P03_-_published:2204;Over500_2026_P03_-_published:2310;Over500_2026_P03_-_published:2311;Over500_2026_P03_-_published:2312;Over500_2026_P03_-_published:2313;Over500_2026_P03_-_published:2314;Over500_2026_P03_-_published:2315;Over500_2026_P03_-_published:2316;Over500_2026_P03_-_published:2317;Over500_2026_P03_-_published:2318;Over500_2026_P03_-_published:2319;Over500_2026_P03_-_published:2320;Over500_2026_P03_-_published:2321;Over500_2026_P03_-_published:2322;Over500_2026_P03_-_published:2323;Over500_2026_P03_-_published:3106;Over500_2026_P03_-_published:3107;Over500_2026_P03_-_published:3108;Over500_2026_P03_-_published:3109;Over500_2026_P03_-_published:3110;Over500_2026_P03_-_published:3111;Over500_2026_P03_-_published:3112;Over500_2026_P03_-_published:3113;Over500_2026_P03_-_published:3114;Over500_2026_P03_-_published:3115;Over500_2026_P03_-_published:3116
25000,AFFINITY TRUST SUPPORT,Affinity Trust Support Ltd,2026-06-24,2026-07-22,28,180,758590.31,24926.0,placement,Over500_2026_P03_-_published:1444;Over500_2026_P03_-_published:1531;Over500_2026_P03_-_published:1532;Over500_2026_P03_-_published:1533;Over500_2026_P03_-_published:1539;Over500_2026_P03_-_published:1540;Over500_2026_P03_-_published:1541;Over500_2026_P03_-_published:1542;Over500_2026_P03_-_published:1543;Over500_2026_P03_-_published:1544;Over500_2026_P03_-_published:1545;Over500_2026_P03_-_published:1546;Over500_2026_P03_-_published:1547;Over500_2026_P03_-_published:1548;Over500_2026_P03_-_published:1549;Over500_2026_P03_-_published:1550;Over500_2026_P03_-_published:1551;Over500_2026_P03_-_published:1588;Over500_2026_P03_-_published:1589;Over500_2026_P03_-_published:1590;Over500_2026_P03_-_published:1591;Over500_2026_P03_-_published:1592;Over500_2026_P03_-_published:1595;Over500_2026_P03_-_published:1627;Over500_2026_P03_-_published:1629;Over500_2026_P03_-_published:1630;Over500_2026_P03_-_published:1633;Over500_2026_P03_-_published:1634;Over500_2026_P03_-_published:1635;Over500_2026_P03_-_published:1640;Over500_2026_P03_-_published:1641;Over500_2026_P03_-_published:1642;Over500_2026_P03_-_published:1643;Over500_2026_P03_-_published:1644;Over500_2026_P03_-_published:1663;Over500_2026_P03_-_published:1664;Over500_2026_P03_-_published:1665;Over500_2026_P03_-_published:1666;Over500_2026_P03_-_published:1667;Over500_2026_P03_-_published:1674;Over500_2026_P03_-_published:1678;Over500_2026_P03_-_published:1689;Over500_2026_P03_-_published:1690;Over500_2026_P03_-_published:1691;Over500_2026_P03_-_published:1692;Over500_2026_P03_-_published:1693;Over500_2026_P03_-_published:1694;Over500_2026_P03_-_published:1695;Over500_2026_P03_-_published:1696;Over500_2026_P03_-_published:1699;Over500_2026_P03_-_published:1700;Over500_2026_P03_-_published:1701;Over500_2026_P03_-_published:1702;Over500_2026_P03_-_published:1703;Over500_2026_P03_-_published:1704;Over500_2026_P03_-_published:1715;Over500_2026_P03_-_published:1716;Over500_2026_P03_-_published:1754;Over500_2026_P03_-_published:1764;Over500_2026_P03_-_published:1768;Over500_2026_P03_-_published:1770;Over500_2026_P03_-_published:1771;Over500_2026_P03_-_published:1831;Over500_2026_P03_-_published:1832;Over500_2026_P03_-_published:1844;Over500_2026_P03_-_published:1855;Over500_2026_P03_-_published:1856;Over500_2026_P03_-_published:1875;Over500_2026_P03_-_published:1977;Over500_2026_P03_-_published:1983;Over500_2026_P03_-_published:2914;Over500_2026_P03_-_published:2939;Over500_2026_P03_-_published:2940;Over500_2026_P03_-_published:2941;Over500_2026_P03_-_published:2942;Over500_2026_P03_-_published:2943;Over500_2026_P03_-_published:2944;Over500_2026_P03_-_published:2955;Over500_2026_P03_-_published:2956;Over500_2026_P03_-_published:2957;Over500_2026_P03_-_published:2958;Over500_2026_P03_-_published:2959;Over500_2026_P03_-_published:2978;Over500_2026_P03_-_published:2986;Over500_2026_P03_-_published:935;Over500_2026_P04_-_published:2222;Over500_2026_P04_-_published:2224;Over500_2026_P04_-_published:2226;Over500_2026_P04_-_published:2227;Over500_2026_P04_-_published:2239;Over500_2026_P04_-_published:2240;Over500_2026_P04_-_published:2241;Over500_2026_P04_-_published:2251;Over500_2026_P04_-_published:2252;Over500_2026_P04_-_published:2253;Over500_2026_P04_-_published:2257;Over500_2026_P04_-_published:2258;Over500_2026_P04_-_published:2259;Over500_2026_P04_-_published:2267;Over500_2026_P04_-_published:2268;Over500_2026_P04_-_published:2269;Over500_2026_P04_-_published:2270;Over500_2026_P04_-_published:2271;Over500_2026_P04_-_published:2272;Over500_2026_P04_-_published:2294;Over500_2026_P04_-_published:2295;Over500_2026_P04_-_published:2313;Over500_2026_P04_-_published:2314;Over500_2026_P04_-_published:2315;Over500_2026_P04_-_published:2316;Over500_2026_P04_-_published:2337;Over500_2026_P04_-_published:2338;Over500_2026_P04_-_published:2339;Over500_2026_P04_-_published:2340;Over500_2026_P04_-_published:2341;Over500_2026_P04_-_published:2342;Over500_2026_P04_-_published:2343;Over500_2026_P04_-_published:2344;Over500_2026_P04_-_published:2603;Over500_2026_P04_-_published:2707;Over500_2026_P04_-_published:2742;Over500_2026_P04_-_published:2765;Over500_2026_P04_-_published:2960;Over500_2026_P04_-_published:2961;Over500_2026_P04_-_published:2970;Over500_2026_P04_-_published:2971;Over500_2026_P04_-_published:2972;Over500_2026_P04_-_published:2973;Over500_2026_P04_-_published:2974;Over500_2026_P04_-_published:2975;Over500_2026_P04_-_published:2976;Over500_2026_P04_-_published:2977;Over500_2026_P04_-_published:2978;Over500_2026_P04_-_published:2979;Over500_2026_P04_-_published:2980;Over500_2026_P04_-_published:2981;Over500_2026_P04_-_published:2982;Over500_2026_P04_-_published:3066;Over500_2026_P04_-_published:3564;Over500_2026_P04_-_published:3629;Over500_2026_P04_-_published:3730;Over500_2026_P04_-_published:3731;Over500_2026_P04_-_published:972;Over500_2026_P04_-_published:2297;Over500_2026_P04_-_published:2298;Over500_2026_P04_-_published:2299;Over500_2026_P04_-_published:2300;Over500_2026_P04_-_published:2301;Over500_2026_P04_-_published:2302;Over500_2026_P04_-_published:2317;Over500_2026_P04_-_published:2318;Over500_2026_P04_-_published:2319;Over500_2026_P04_-_published:2321;Over500_2026_P04_-_published:2322;Over500_2026_P04_-_published:2334;Over500_2026_P04_-_published:2345;Over500_2026_P04_-_published:2346;Over500_2026_P04_-_published:2347;Over500_2026_P04_-_published:2348;Over500_2026_P04_-_published:2350;Over500_2026_P04_-_published:2351;Over500_2026_P04_-_published:2391;Over500_2026_P04_-_published:2693;Over500_2026_P04_-_published:2694;Over500_2026_P04_-_published:2985;Over500_2026_P04_-_published:2986;Over500_2026_P04_-_published:2989;Over500_2026_P04_-_published:3008;Over500_2026_P04_-_published:3565;Over500_2026_P04_-_published:974;Over500_2026_P04_-_published:993;Over500_2026_P04_-_published:2401;Over500_2026_P04_-_published:2402;Over500_2026_P04_-_published:2422;Over500_2026_P04_-_published:2423;Over500_2026_P04_-_published:2441;Over500_2026_P04_-_published:2709;Over500_2026_P04_-_published:3028;Over500_2026_P04_-_published:3029;Over500_2026_P04_-_published:3045
25000,BUPA CARE SERVICES,BUPA Care Services,2026-05-06,2026-06-03,28,120,605975.41,8077.32,placement,Over500_2026_P02_-_published:1509;Over500_2026_P02_-_published:1034;Over500_2026_P02_-_published:1035;Over500_2026_P02_-_published:1036;Over500_2026_P02_-_published:1037;Over500_2026_P02_-_published:1038;Over500_2026_P02_-_published:1039;Over500_2026_P02_-_published:1040;Over500_2026_P02_-_published:1041;Over500_2026_P02_-_published:1042;Over500_2026_P02_-_published:1043;Over500_2026_P02_-_published:1044;Over500_2026_P02_-_published:1045;Over500_2026_P02_-_published:1431;Over500_2026_P02_-_published:1443;Over500_2026_P02_-_published:1444;Over500_2026_P02_-_published:1455;Over500_2026_P02_-_published:1456;Over500_2026_P02_-_published:1457;Over500_2026_P02_-_published:1458;Over500_2026_P02_-_published:1459;Over500_2026_P02_-_published:1460;Over500_2026_P02_-_published:1461;Over500_2026_P02_-_published:1462;Over500_2026_P02_-_published:1463;Over500_2026_P02_-_published:1464;Over500_2026_P02_-_published:1465;Over500_2026_P02_-_published:1466;Over500_2026_P02_-_published:1467;Over500_2026_P02_-_published:1468;Over500_2026_P02_-_published:1469;Over500_2026_P02_-_published:1470;Over500_2026_P02_-_published:1471;Over500_2026_P02_-_published:1472;Over500_2026_P02_-_published:1473;Over500_2026_P02_-_published:1474;Over500_2026_P02_-_published:1475;Over500_2026_P02_-_published:1524;Over500_2026_P02_-_published:1525;Over500_2026_P02_-_published:1526;Over500_2026_P02_-_published:1527;Over500_2026_P02_-_published:1528;Over500_2026_P02_-_published:1529;Over500_2026_P02_-_published:1530;Over500_2026_P02_-_published:1531;Over500_2026_P02_-_published:1532;Over500_2026_P02_-_published:1533;Over500_2026_P02_-_published:1534;Over500_2026_P02_-_published:1535;Over500_2026_P02_-_published:1536;Over500_2026_P02_-_published:1537;Over500_2026_P02_-_published:1627;Over500_2026_P02_-_published:1630;Over500_2026_P02_-_published:1832;Over500_2026_P02_-_published:1850;Over500_2026_P02_-_published:1962;Over500_2026_P02_-_published:1963;Over500_2026_P02_-_published:1976;Over500_2026_P02_-_published:868;Over500_2026_P02_-_published:869;Over500_2026_P02_-_published:870;Over500_2026_P02_-_published:871;Over500_2026_P02_-_published:872;Over500_2026_P02_-_published:875;Over500_2026_P02_-_published:958;Over500_2026_P02_-_published:959;Over500_2026_P02_-_published:960;Over500_2026_P02_-_published:961;Over500_2026_P02_-_published:962;Over500_2026_P02_-_published:963;Over500_2026_P02_-_published:964;Over500_2026_P02_-_published:965;Over500_2026_P02_-_published:966;Over500_2026_P02_-_published:967;Over500_2026_P02_-_published:968;Over500_2026_P02_-_published:969;Over500_2026_P02_-_published:970;Over500_2026_P02_-_published:971;Over500_2026_P02_-_published:972;Over500_2026_P02_-_published:973;Over500_2026_P02_-_published:974;Over500_2026_P02_-_published:975;Over500_2026_P02_-_published:976;Over500_2026_P02_-_published:977;Over500_2026_P02_-_published:978;Over500_2026_P02_-_published:979;Over500_2026_P02_-_published:980;Over500_2026_P02_-_published:981;Over500_2026_P02_-_published:982;Over500_2026_P02_-_published:983;Over500_2026_P02_-_published:984;Over500_2026_P02_-_published:985;Over500_2026_P02_-_published:986;Over500_2026_P02_-_published:987;Over500_2026_P02_-_published:988;Over500_2026_P02_-_published:1023;Over500_2026_P02_-_published:1024;Over500_2026_P02_-_published:1025;Over500_2026_P02_-_published:1026;Over500_2026_P02_-_published:1069;Over500_2026_P02_-_published:1070;Over500_2026_P02_-_published:1071;Over500_2026_P02_-_published:1072;Over500_2026_P02_-_published:1967;Over500_2026_P03_-_published:1018;Over500_2026_P03_-_published:1322;Over500_2026_P03_-_published:1857;Over500_2026_P03_-_published:2830;Over500_2026_P03_-_published:2845;Over500_2026_P03_-_published:890;Over500_2026_P03_-_published:891;Over500_2026_P03_-_published:892;Over500_2026_P03_-_published:915;Over500_2026_P03_-_published:916;Over500_2026_P03_-_published:917;Over500_2026_P03_-_published:918;Over500_2026_P03_-_published:937;Over500_2026_P03_-_published:938;Over500_2026_P03_-_published:939;Over500_2026_P03_-_published:951
25000,PHOENIX CHILD CARE THE GRANGE SCHOOL,Phoenix Child Care Limited -The Grange School,2026-05-19,2026-06-17,29,18,401210.46,23210.0,placement,Over500_2026_P02_-_published:2242;Over500_2026_P02_-_published:2243;Over500_2026_P02_-_published:2245;Over500_2026_P02_-_published:2247;Over500_2026_P02_-_published:2249;Over500_2026_P02_-_published:2250;Over500_2026_P02_-_published:2252;Over500_2026_P02_-_published:2253;Over500_2026_P02_-_published:2255;Over500_2026_P02_-_published:2256;Over500_2026_P02_-_published:2257;Over500_2026_P02_-_published:2258;Over500_2026_P02_-_published:2259;Over500_2026_P02_-_published:2260;Over500_2026_P02_-_published:2262;Over500_2026_P02_-_published:2263;Over500_2026_P03_-_published:2179;Over500_2026_P03_-_published:2229
25000,VOYAGE CARE,VOYAGE CARE,2026-05-13,2026-06-10,28,44,337815.88,14756.16,placement,Over500_2026_P02_-_published:1638;Over500_2026_P02_-_published:1639;Over500_2026_P02_-_published:1640;Over500_2026_P02_-_published:1641;Over500_2026_P02_-_published:1642;Over500_2026_P02_-_published:1643;Over500_2026_P02_-_published:1644;Over500_2026_P02_-_published:1645;Over500_2026_P02_-_published:1646;Over500_2026_P02_-_published:1835;Over500_2026_P02_-_published:1836;Over500_2026_P02_-_published:1837;Over500_2026_P02_-_published:1838;Over500_2026_P02_-_published:1839;Over500_2026_P02_-_published:1840;Over500_2026_P02_-_published:1841;Over500_2026_P02_-_published:1842;Over500_2026_P02_-_published:1843;Over500_2026_P02_-_published:1695;Over500_2026_P02_-_published:1791;Over500_2026_P02_-_published:1855;Over500_2026_P02_-_published:1944;Over500_2026_P02_-_published:1805;Over500_2026_P02_-_published:1814;Over500_2026_P03_-_published:1607;Over500_2026_P03_-_published:2918;Over500_2026_P03_-_published:1405;Over500_2026_P03_-_published:1433;Over500_2026_P03_-_published:1465;Over500_2026_P03_-_published:1466;Over500_2026_P03_-_published:1467;Over500_2026_P03_-_published:1572;Over500_2026_P03_-_published:1573;Over500_2026_P03_-_published:1735;Over500_2026_P03_-_published:1736;Over500_2026_P03_-_published:1758;Over500_2026_P03_-_published:1825;Over500_2026_P03_-_published:1847;Over500_2026_P03_-_published:1848;Over500_2026_P03_-_published:1849;Over500_2026_P03_-_published:1850;Over500_2026_P03_-_published:2893;Over500_2026_P03_-_published:2894;Over500_2026_P03_-_published:2974
25000,GCH ALDER TA HUNGERFORD CARE HOME,GCH (Alder) Ltd t/a Hungerford Care Home,2026-06-17,2026-07-15,28,60,314772.4,6580.0,placement,Over500_2026_P03_-_published:1013;Over500_2026_P03_-_published:1014;Over500_2026_P03_-_published:1015;Over500_2026_P03_-_published:1016;Over500_2026_P03_-_published:1017;Over500_2026_P03_-_published:1337;Over500_2026_P03_-_published:1383;Over500_2026_P03_-_published:1384;Over500_2026_P03_-_published:1406;Over500_2026_P03_-_published:1424;Over500_2026_P03_-_published:1425;Over500_2026_P03_-_published:1478;Over500_2026_P03_-_published:1479;Over500_2026_P03_-_published:1480;Over500_2026_P03_-_published:1495;Over500_2026_P03_-_published:1496;Over500_2026_P03_-_published:1497;Over500_2026_P03_-_published:2711;Over500_2026_P03_-_published:2712;Over500_2026_P03_-_published:2713;Over500_2026_P03_-_published:2714;Over500_2026_P03_-_published:2719;Over500_2026_P03_-_published:2858;Over500_2026_P03_-_published:905;Over500_2026_P03_-_published:906;Over500_2026_P03_-_published:948;Over500_2026_P03_-_published:949;Over500_2026_P03_-_published:950;Over500_2026_P03_-_published:963;Over500_2026_P03_-_published:964;Over500_2026_P03_-_published:988;Over500_2026_P04_-_published:1048;Over500_2026_P04_-_published:1049;Over500_2026_P04_-_published:1050;Over500_2026_P04_-_published:1097;Over500_2026_P04_-_published:1098;Over500_2026_P04_-_published:1099;Over500_2026_P04_-_published:1114;Over500_2026_P04_-_published:1126;Over500_2026_P04_-_published:1127;Over500_2026_P04_-_published:1128;Over500_2026_P04_-_published:1129;Over500_2026_P04_-_published:1130;Over500_2026_P04_-_published:1146;Over500_2026_P04_-_published:1241;Over500_2026_P04_-_published:1839;Over500_2026_P04_-_published:1840;Over500_2026_P04_-_published:1854;Over500_2026_P04_-_published:1917;Over500_2026_P04_-_published:1941;Over500_2026_P04_-_published:1942;Over500_2026_P04_-_published:1943;Over500_2026_P04_-_published:1973;Over500_2026_P04_-_published:1974;Over500_2026_P04_-_published:1996;Over500_2026_P04_-_published:2014;Over500_2026_P04_-_published:2023;Over500_2026_P04_-_published:2024;Over500_2026_P04_-_published:2670;Over500_2026_P04_-_published:2671
25000,WEST BERKSHIRE MENCAP,WEST BERKSHIRE MENCAP,2026-07-09,2026-07-30,21,50,285760.79,18035.64,grant,Over500_2026_P04_-_published:722;Over500_2026_P04_-_published:886;Over500_2026_P04_-_published:1411;Over500_2026_P04_-_published:1412;Over500_2026_P04_-_published:1413;Over500_2026_P04_-_published:1414;Over500_2026_P04_-_published:1415;Over500_2026_P04_-_published:1416;Over500_2026_P04_-_published:1417;Over500_2026_P04_-_published:1418;Over500_2026_P04_-_published:658;Over500_2026_P04_-_published:659;Over500_2026_P04_-_published:660;Over500_2026_P04_-_published:661;Over500_2026_P04_-_published:662;Over500_2026_P04_-_published:663;Over500_2026_P04_-_published:810;Over500_2026_P04_-_published:811;Over500_2026_P04_-_published:862;Over500_2026_P04_-_published:863;Over500_2026_P04_-_published:864;Over500_2026_P04_-_published:865;Over500_2026_P04_-_published:866;Over500_2026_P04_-_published:867;Over500_2026_P04_-_published:868;Over500_2026_P04_-_published:869;Over500_2026_P04_-_published:1561;Over500_2026_P04_-_published:1419;Over500_2026_P04_-_published:2432;Over500_2026_P04_-_published:854;Over500_2026_P04_-_published:1420;Over500_2026_P04_-_published:1421;Over500_2026_P04_-_published:1422;Over500_2026_P04_-_published:1423;Over500_2026_P04_-_published:1559;Over500_2026_P04_-_published:1560;Over500_2026_P04_-_published:679;Over500_2026_P04_-_published:680;Over500_2026_P04_-_published:681;Over500_2026_P04_-_published:682;Over500_2026_P04_-_published:812;Over500_2026_P04_-_published:813;Over500_2026_P04_-_published:814;Over500_2026_P04_-_published:815;Over500_2026_P04_-_published:816;Over500_2026_P04_-_published:871;Over500_2026_P04_-_published:872;Over500_2026_P04_-_published:873;Over500_2026_P04_-_published:913;Over500_2026_P04_-_published:723
25000,SUKHBIR SINGH AND HARVINDER SINGH TA CALCOT SERVICES FOR CHILDREN CSFC,Sukhbir Singh and Harvinder Singh T/A Calcot Services for Children (CSFC),2026-05-12,2026-06-03,22,15,277338.33,24788.75,placement,Over500_2026_P02_-_published:2238;Over500_2026_P02_-_published:2240;Over500_2026_P02_-_published:2241;Over500_2026_P03_-_published:2156;Over500_2026_P03_-_published:2157;Over500_2026_P03_-_published:2158;Over500_2026_P03_-_published:2159;Over500_2026_P03_-_published:2160;Over500_2026_P03_-_published:2184;Over500_2026_P03_-_published:2185;Over500_2026_P03_-_published:2306;Over500_2026_P03_-_published:2307;Over500_2026_P03_-_published:3102;Over500_2026_P03_-_published:3103;Over500_2026_P03_-_published:3104
25000,WE ARE THE CARE COMPANY,We Are The Care Company Ltd,2026-06-10,2026-07-08,28,156,275693.57,7618.32,placement,Over500_2026_P03_-_published:1054;Over500_2026_P03_-_published:1055;Over500_2026_P03_-_published:1056;Over500_2026_P03_-_published:1057;Over500_2026_P03_-_published:1058;Over500_2026_P03_-_published:1059;Over500_2026_P03_-_published:1060;Over500_2026_P03_-_published:1064;Over500_2026_P03_-_published:1065;Over500_2026_P03_-_published:1066;Over500_2026_P03_-_published:1067;Over500_2026_P03_-_published:1068;Over500_2026_P03_-_published:1069;Over500_2026_P03_-_published:1070;Over500_2026_P03_-_published:1071;Over500_2026_P03_-_published:1072;Over500_2026_P03_-_published:1073;Over500_2026_P03_-_published:1074;Over500_2026_P03_-_published:1075;Over500_2026_P03_-_published:1076;Over500_2026_P03_-_published:1077;Over500_2026_P03_-_published:1078;Over500_2026_P03_-_published:1098;Over500_2026_P03_-_published:1104;Over500_2026_P03_-_published:1105;Over500_2026_P03_-_published:1106;Over500_2026_P03_-_published:1107;Over500_2026_P03_-_published:1108;Over500_2026_P03_-_published:1109;Over500_2026_P03_-_published:1110;Over500_2026_P03_-_published:1111;Over500_2026_P03_-_published:1112;Over500_2026_P03_-_published:1113;Over500_2026_P03_-_published:1118;Over500_2026_P03_-_published:1358;Over500_2026_P03_-_published:1500;Over500_2026_P03_-_published:1567;Over500_2026_P03_-_published:2692;Over500_2026_P03_-_published:2693;Over500_2026_P03_-_published:2733;Over500_2026_P03_-_published:2741;Over500_2026_P03_-_published:2742;Over500_2026_P03_-_published:2743;Over500_2026_P03_-_published:2744;Over500_2026_P03_-_published:2745;Over500_2026_P03_-_published:2746;Over500_2026_P03_-_published:2747;Over500_2026_P03_-_published:2748;Over500_2026_P03_-_published:2749;Over500_2026_P03_-_published:2865;Over500_2026_P03_-_published:2866;Over500_2026_P03_-_published:2867;Over500_2026_P03_-_published:838;Over500_2026_P03_-_published:858;Over500_2026_P03_-_published:859;Over500_2026_P03_-_published:878;Over500_2026_P03_-_published:879;Over500_2026_P03_-_published:1386;Over500_2026_P03_-_published:1159;Over500_2026_P03_-_published:1199;Over500_2026_P03_-_published:1200;Over500_2026_P03_-_published:1201;Over500_2026_P03_-_published:1202;Over500_2026_P03_-_published:1209;Over500_2026_P03_-_published:1210;Over500_2026_P03_-_published:1211;Over500_2026_P03_-_published:1212;Over500_2026_P03_-_published:1213;Over500_2026_P03_-_published:1214;Over500_2026_P03_-_published:1215;Over500_2026_P03_-_published:1228;Over500_2026_P03_-_published:1229;Over500_2026_P03_-_published:1230;Over500_2026_P03_-_published:1231;Over500_2026_P03_-_published:1232;Over500_2026_P03_-_published:1264;Over500_2026_P03_-_published:1318;Over500_2026_P03_-_published:1364;Over500_2026_P03_-_published:1393;Over500_2026_P03_-_published:1398;Over500_2026_P03_-_published:1454;Over500_2026_P03_-_published:2793;Over500_2026_P03_-_published:2794;Over500_2026_P03_-_published:2795;Over500_2026_P03_-_published:2796;Over500_2026_P03_-_published:2807;Over500_2026_P03_-_published:2828;Over500_2026_P03_-_published:842;Over500_2026_P03_-_published:844;Over500_2026_P03_-_published:867;Over500_2026_P03_-_published:885;Over500_2026_P03_-_published:928;Over500_2026_P03_-_published:929;Over500_2026_P04_-_published:1237;Over500_2026_P04_-_published:1238;Over500_2026_P04_-_published:1239;Over500_2026_P04_-_published:1240;Over500_2026_P04_-_published:1321;Over500_2026_P04_-_published:1322;Over500_2026_P04_-_published:1323;Over500_2026_P04_-_published:1324;Over500_2026_P04_-_published:1325;Over500_2026_P04_-_published:1326;Over500_2026_P04_-_published:1327;Over500_2026_P04_-_published:1328;Over500_2026_P04_-_published:1329;Over500_2026_P04_-_published:1330;Over500_2026_P04_-_published:1331;Over500_2026_P04_-_published:1332;Over500_2026_P04_-_published:1333;Over500_2026_P04_-_published:1334;Over500_2026_P04_-_published:1335;Over500_2026_P04_-_published:1336;Over500_2026_P04_-_published:1337;Over500_2026_P04_-_published:1338;Over500_2026_P04_-_published:1339;Over500_2026_P04_-_published:1369;Over500_2026_P04_-_published:1370;Over500_2026_P04_-_published:1371;Over500_2026_P04_-_published:1372;Over500_2026_P04_-_published:1373;Over500_2026_P04_-_published:1374;Over500_2026_P04_-_published:1375;Over500_2026_P04_-_published:1376;Over500_2026_P04_-_published:1377;Over500_2026_P04_-_published:1378;Over500_2026_P04_-_published:1379;Over500_2026_P04_-_published:1443;Over500_2026_P04_-_published:1451;Over500_2026_P04_-_published:1567;Over500_2026_P04_-_published:1568;Over500_2026_P04_-_published:1771;Over500_2026_P04_-_published:1793;Over500_2026_P04_-_published:1816;Over500_2026_P04_-_published:2027;Over500_2026_P04_-_published:2028;Over500_2026_P04_-_published:2054;Over500_2026_P04_-_published:2055;Over500_2026_P04_-_published:2056;Over500_2026_P04_-_published:2057;Over500_2026_P04_-_published:2058;Over500_2026_P04_-_published:2059;Over500_2026_P04_-_published:2060;Over500_2026_P04_-_published:2061;Over500_2026_P04_-_published:2062;Over500_2026_P04_-_published:2063;Over500_2026_P04_-_published:2075;Over500_2026_P04_-_published:2076;Over500_2026_P04_-_published:2803;Over500_2026_P04_-_published:2804;Over500_2026_P04_-_published:896;Over500_2026_P04_-_published:921;Over500_2026_P04_-_published:922;Over500_2026_P04_-_published:923;Over500_2026_P04_-_published:933;Over500_2026_P04_-_published:946
25000,VOLKERHIGHWAYS,VolkerHighways Ltd,2026-05-05,2026-05-27,22,32,258306.28,19420.72,general_procurement,Over500_2026_P02_-_published:2174;Over500_2026_P02_-_published:2177;Over500_2026_P02_-_published:2178;Over500_2026_P02_-_published:2181;Over500_2026_P02_-_published:695;Over500_2026_P02_-_published:713;Over500_2026_P02_-_published:723;Over500_2026_P02_-_published:727;Over500_2026_P02_-_published:696;Over500_2026_P02_-_published:701;Over500_2026_P02_-_published:714;Over500_2026_P02_-_published:724;Over500_2026_P02_-_published:703;Over500_2026_P02_-_published:2179;Over500_2026_P02_-_published:2193;Over500_2026_P02_-_published:2170;Over500_2026_P02_-_published:2185;Over500_2026_P02_-_published:728;Over500_2026_P02_-_published:731;Over500_2026_P02_-_published:2172;Over500_2026_P02_-_published:730;Over500_2026_P02_-_published:734;Over500_2026_P02_-_published:2180;Over500_2026_P02_-_published:2182;Over500_2026_P02_-_published:697;Over500_2026_P02_-_published:715;Over500_2026_P02_-_published:716;Over500_2026_P02_-_published:721;Over500_2026_P02_-_published:726;Over500_2026_P02_-_published:693;Over500_2026_P02_-_published:694;Over500_2026_P02_-_published:699
25000,AFFINITY TRUST SUPPORT,Affinity Trust Support Ltd,2026-07-29,2026-07-29,0,54,234600.7,14256.0,placement,Over500_2026_P04_-_published:1052;Over500_2026_P04_-_published:2482;Over500_2026_P04_-_published:2514;Over500_2026_P04_-_published:2515;Over500_2026_P04_-_published:2532;Over500_2026_P04_-_published:2533;Over500_2026_P04_-_published:2534;Over500_2026_P04_-_published:2535;Over500_2026_P04_-_published:2536;Over500_2026_P04_-_published:2537;Over500_2026_P04_-_published:2538;Over500_2026_P04_-_published:2539;Over500_2026_P04_-_published:2540;Over500_2026_P04_-_published:2541;Over500_2026_P04_-_published:2542;Over500_2026_P04_-_published:2543;Over500_2026_P04_-_published:2554;Over500_2026_P04_-_published:2555;Over500_2026_P04_-_published:2556;Over500_2026_P04_-_published:2557;Over500_2026_P04_-_published:2558;Over500_2026_P04_-_published:2559;Over500_2026_P04_-_published:2560;Over500_2026_P04_-_published:2561;Over500_2026_P04_-_published:2562;Over500_2026_P04_-_published:2583;Over500_2026_P04_-_published:2584;Over500_2026_P04_-_published:2585;Over500_2026_P04_-_published:2586;Over500_2026_P04_-_published:2587;Over500_2026_P04_-_published:2588;Over500_2026_P04_-_published:2589;Over500_2026_P04_-_published:2590;Over500_2026_P04_-_published:2726;Over500_2026_P04_-_published:2745;Over500_2026_P04_-_published:2768;Over500_2026_P04_-_published:3149;Over500_2026_P04_-_published:3456;Over500_2026_P04_-_published:3457;Over500_2026_P04_-_published:3458;Over500_2026_P04_-_published:3459;Over500_2026_P04_-_published:3460;Over500_2026_P04_-_published:3461;Over500_2026_P04_-_published:3462;Over500_2026_P04_-_published:3463;Over500_2026_P04_-_published:3464;Over500_2026_P04_-_published:3465;Over500_2026_P04_-_published:3466;Over500_2026_P04_-_published:3467;Over500_2026_P04_-_published:3468;Over500_2026_P04_-_published:3469;Over500_2026_P04_-_published:3470;Over500_2026_P04_-_published:3634;Over500_2026_P04_-_published:3733
25000,PURLEY PARK TRUST,PURLEY PARK TRUST LTD,2026-06-24,2026-07-17,23,51,231705.26,10156.0,grant,Over500_2026_P03_-_published:1537;Over500_2026_P03_-_published:1586;Over500_2026_P03_-_published:1631;Over500_2026_P03_-_published:1632;Over500_2026_P03_-_published:1658;Over500_2026_P03_-_published:1767;Over500_2026_P03_-_published:2934;Over500_2026_P03_-_published:2935;Over500_2026_P03_-_published:2936;Over500_2026_P03_-_published:2950;Over500_2026_P03_-_published:2953;Over500_2026_P03_-_published:799;Over500_2026_P04_-_published:1408;Over500_2026_P04_-_published:1409;Over500_2026_P04_-_published:1410;Over500_2026_P04_-_published:2232;Over500_2026_P04_-_published:2233;Over500_2026_P04_-_published:2245;Over500_2026_P04_-_published:2247;Over500_2026_P04_-_published:2248;Over500_2026_P04_-_published:2255;Over500_2026_P04_-_published:2264;Over500_2026_P04_-_published:2964;Over500_2026_P04_-_published:2965;Over500_2026_P04_-_published:654;Over500_2026_P04_-_published:655;Over500_2026_P04_-_published:808;Over500_2026_P04_-_published:809;Over500_2026_P04_-_published:859;Over500_2026_P04_-_published:860;Over500_2026_P04_-_published:861;Over500_2026_P04_-_published:1405;Over500_2026_P04_-_published:1406;Over500_2026_P04_-_published:1513;Over500_2026_P04_-_published:649;Over500_2026_P04_-_published:650;Over500_2026_P04_-_published:687;Over500_2026_P04_-_published:688;Over500_2026_P04_-_published:802;Over500_2026_P04_-_published:805;Over500_2026_P04_-_published:806;Over500_2026_P04_-_published:807;Over500_2026_P04_-_published:847;Over500_2026_P04_-_published:850;Over500_2026_P04_-_published:878;Over500_2026_P04_-_published:2400;Over500_2026_P04_-_published:2410;Over500_2026_P04_-_published:2599;Over500_2026_P04_-_published:2645;Over500_2026_P04_-_published:3560;Over500_2026_P04_-_published:3561
25000,VOLKERHIGHWAYS,VolkerHighways Ltd,2026-07-13,2026-07-31,18,37,223741.08,17882.35,general_procurement,Over500_2026_P04_-_published:1289;Over500_2026_P04_-_published:3184;Over500_2026_P04_-_published:3786;Over500_2026_P04_-_published:602;Over500_2026_P04_-_published:621;Over500_2026_P04_-_published:736;Over500_2026_P04_-_published:791;Over500_2026_P04_-_published:799;Over500_2026_P04_-_published:1295;Over500_2026_P04_-_published:1310;Over500_2026_P04_-_published:3186;Over500_2026_P04_-_published:3303;Over500_2026_P04_-_published:1293;Over500_2026_P04_-_published:3187;Over500_2026_P04_-_published:3211;Over500_2026_P04_-_published:3304;Over500_2026_P04_-_published:3787;Over500_2026_P04_-_published:739;Over500_2026_P04_-_published:819;Over500_2026_P04_-_published:821;Over500_2026_P04_-_published:822;Over500_2026_P04_-_published:1296;Over500_2026_P04_-_published:3185;Over500_2026_P04_-_published:3309;Over500_2026_P04_-_published:742;Over500_2026_P04_-_published:777;Over500_2026_P04_-_published:600;Over500_2026_P04_-_published:796;Over500_2026_P04_-_published:828;Over500_2026_P04_-_published:599;Over500_2026_P04_-_published:3212;Over500_2026_P04_-_published:3305;Over500_2026_P04_-_published:3306;Over500_2026_P04_-_published:3188;Over500_2026_P04_-_published:3213;Over500_2026_P04_-_published:3307;Over500_2026_P04_-_published:778
25000,GCH ALDER TA HUNGERFORD CARE HOME,GCH (Alder) Ltd t/a Hungerford Care Home,2026-05-01,2026-05-20,19,41,223277.1,18144.0,placement,Over500_2026_P02_-_published:1454;Over500_2026_P02_-_published:955;Over500_2026_P02_-_published:956;Over500_2026_P02_-_published:1427;Over500_2026_P02_-_published:2006;Over500_2026_P02_-_published:2009;Over500_2026_P02_-_published:1008;Over500_2026_P02_-_published:1009;Over500_2026_P02_-_published:1010;Over500_2026_P02_-_published:1011;Over500_2026_P02_-_published:1012;Over500_2026_P02_-_published:1013;Over500_2026_P02_-_published:1014;Over500_2026_P02_-_published:1015;Over500_2026_P02_-_published:1016;Over500_2026_P02_-_published:1017;Over500_2026_P02_-_published:1018;Over500_2026_P02_-_published:1019;Over500_2026_P02_-_published:1020;Over500_2026_P02_-_published:1021;Over500_2026_P02_-_published:1022;Over500_2026_P02_-_published:1065;Over500_2026_P02_-_published:1066;Over500_2026_P02_-_published:1067;Over500_2026_P02_-_published:1068;Over500_2026_P02_-_published:1500;Over500_2026_P02_-_published:1501;Over500_2026_P02_-_published:1502;Over500_2026_P02_-_published:1503;Over500_2026_P02_-_published:1504;Over500_2026_P02_-_published:1505;Over500_2026_P02_-_published:1506;Over500_2026_P02_-_published:1507;Over500_2026_P02_-_published:1508;Over500_2026_P02_-_published:1570;Over500_2026_P02_-_published:1571;Over500_2026_P02_-_published:1572;Over500_2026_P02_-_published:1573;Over500_2026_P02_-_published:1574;Over500_2026_P02_-_published:1575;Over500_2026_P02_-_published:1990
25000,DIMENSIONS NSO,DIMENSIONS (NSO) LTD,2026-07-08,2026-07-22,14,55,219163.69,12436.96,placement,Over500_2026_P04_-_published:2164;Over500_2026_P04_-_published:2698;Over500_2026_P04_-_published:3576;Over500_2026_P04_-_published:3577;Over500_2026_P04_-_published:103;Over500_2026_P04_-_published:2196;Over500_2026_P04_-_published:2197;Over500_2026_P04_-_published:2393;Over500_2026_P04_-_published:2394;Over500_2026_P04_-_published:2396;Over500_2026_P04_-_published:2408;Over500_2026_P04_-_published:2409;Over500_2026_P04_-_published:2411;Over500_2026_P04_-_published:2413;Over500_2026_P04_-_published:2427;Over500_2026_P04_-_published:2434;Over500_2026_P04_-_published:2437;Over500_2026_P04_-_published:2951;Over500_2026_P04_-_published:3019;Over500_2026_P04_-_published:3020;Over500_2026_P04_-_published:3021;Over500_2026_P04_-_published:3023;Over500_2026_P04_-_published:3032;Over500_2026_P04_-_published:2217;Over500_2026_P04_-_published:2449;Over500_2026_P04_-_published:2450;Over500_2026_P04_-_published:2462;Over500_2026_P04_-_published:2463;Over500_2026_P04_-_published:2464;Over500_2026_P04_-_published:2465;Over500_2026_P04_-_published:2466;Over500_2026_P04_-_published:2469;Over500_2026_P04_-_published:2470;Over500_2026_P04_-_published:2471;Over500_2026_P04_-_published:2475;Over500_2026_P04_-_published:2476;Over500_2026_P04_-_published:2477;Over500_2026_P04_-_published:2493;Over500_2026_P04_-_published:2494;Over500_2026_P04_-_published:2495;Over500_2026_P04_-_published:2496;Over500_2026_P04_-_published:2497;Over500_2026_P04_-_published:2498;Over500_2026_P04_-_published:2500;Over500_2026_P04_-_published:2501;Over500_2026_P04_-_published:2504;Over500_2026_P04_-_published:2505;Over500_2026_P04_-_published:2506;Over500_2026_P04_-_published:3040;Over500_2026_P04_-_published:3041;Over500_2026_P04_-_published:3042;Over500_2026_P04_-_published:3043;Over500_2026_P04_-_published:3046;Over500_2026_P04_-_published:3048;Over500_2026_P04_-_published:3049
25000,TRANSPARENT CARE,Transparent Care Ltd,2026-06-24,2026-07-22,28,36,218359.1,14388.6,placement,Over500_2026_P03_-_published:1516;Over500_2026_P03_-_published:1535;Over500_2026_P03_-_published:1649;Over500_2026_P03_-_published:1675;Over500_2026_P03_-_published:1676;Over500_2026_P03_-_published:1677;Over500_2026_P03_-_published:2945;Over500_2026_P03_-_published:2960;Over500_2026_P03_-_published:912;Over500_2026_P04_-_published:2148;Over500_2026_P04_-_published:2307;Over500_2026_P04_-_published:2308;Over500_2026_P04_-_published:2309;Over500_2026_P04_-_published:2323;Over500_2026_P04_-_published:2324;Over500_2026_P04_-_published:2330;Over500_2026_P04_-_published:2331;Over500_2026_P04_-_published:2352;Over500_2026_P04_-_published:2389;Over500_2026_P04_-_published:2390;Over500_2026_P04_-_published:2613;Over500_2026_P04_-_published:2614;Over500_2026_P04_-_published:3014;Over500_2026_P04_-_published:3015;Over500_2026_P04_-_published:3016;Over500_2026_P04_-_published:997;Over500_2026_P04_-_published:1752;Over500_2026_P04_-_published:2472;Over500_2026_P04_-_published:2478;Over500_2026_P04_-_published:2479;Over500_2026_P04_-_published:2480;Over500_2026_P04_-_published:2508;Over500_2026_P04_-_published:2958;Over500_2026_P04_-_published:3354;Over500_2026_P04_-_published:3355;Over500_2026_P04_-_published:3356
25000,VOYAGE CARE,VOYAGE CARE,2026-06-24,2026-07-22,28,34,209057.76,14756.16,placement,Over500_2026_P03_-_published:1515;Over500_2026_P03_-_published:1679;Over500_2026_P03_-_published:1680;Over500_2026_P03_-_published:1707;Over500_2026_P03_-_published:1760;Over500_2026_P03_-_published:2946;Over500_2026_P04_-_published:2754;Over500_2026_P04_-_published:2159;Over500_2026_P04_-_published:2160;Over500_2026_P04_-_published:2161;Over500_2026_P04_-_published:2180;Over500_2026_P04_-_published:2181;Over500_2026_P04_-_published:2182;Over500_2026_P04_-_published:2696;Over500_2026_P04_-_published:2697;Over500_2026_P04_-_published:2714;Over500_2026_P04_-_published:2732;Over500_2026_P04_-_published:2733;Over500_2026_P04_-_published:2734;Over500_2026_P04_-_published:2935;Over500_2026_P04_-_published:2936;Over500_2026_P04_-_published:2937;Over500_2026_P04_-_published:3573;Over500_2026_P04_-_published:3574;Over500_2026_P04_-_published:3575;Over500_2026_P04_-_published:2174;Over500_2026_P04_-_published:2403;Over500_2026_P04_-_published:2404;Over500_2026_P04_-_published:2417;Over500_2026_P04_-_published:3027;Over500_2026_P04_-_published:3579;Over500_2026_P04_-_published:3681;Over500_2026_P04_-_published:2200;Over500_2026_P04_-_published:2736
25000,BRIGHTER LIVING CARE,Brighter Living Care Ltd,2026-06-10,2026-07-01,21,28,206880.41,19317.76,placement,Over500_2026_P03_-_published:2926;Over500_2026_P03_-_published:1655;Over500_2026_P03_-_published:1657;Over500_2026_P03_-_published:1683;Over500_2026_P03_-_published:1684;Over500_2026_P03_-_published:1685;Over500_2026_P03_-_published:1904;Over500_2026_P03_-_published:1905;Over500_2026_P03_-_published:1906;Over500_2026_P03_-_published:1907;Over500_2026_P03_-_published:1951;Over500_2026_P03_-_published:2948;Over500_2026_P04_-_published:2229;Over500_2026_P04_-_published:2234;Over500_2026_P04_-_published:2260;Over500_2026_P04_-_published:2261;Over500_2026_P04_-_published:2265;Over500_2026_P04_-_published:2266;Over500_2026_P04_-_published:2335;Over500_2026_P04_-_published:2336;Over500_2026_P04_-_published:2755;Over500_2026_P04_-_published:2778;Over500_2026_P04_-_published:2780;Over500_2026_P04_-_published:2781;Over500_2026_P04_-_published:2966;Over500_2026_P04_-_published:2967;Over500_2026_P04_-_published:2968;Over500_2026_P04_-_published:2969
25000,PURLEY PARK TRUST,PURLEY PARK TRUST LTD,2026-05-13,2026-06-10,28,28,195203.07,10156.0,grant,Over500_2026_P02_-_published:768;Over500_2026_P02_-_published:774;Over500_2026_P02_-_published:775;Over500_2026_P02_-_published:776;Over500_2026_P02_-_published:777;Over500_2026_P02_-_published:778;Over500_2026_P02_-_published:779;Over500_2026_P02_-_published:780;Over500_2026_P02_-_published:781;Over500_2026_P02_-_published:824;Over500_2026_P02_-_published:825;Over500_2026_P02_-_published:826;Over500_2026_P02_-_published:827;Over500_2026_P02_-_published:828;Over500_2026_P03_-_published:2667;Over500_2026_P03_-_published:2670;Over500_2026_P03_-_published:2671;Over500_2026_P03_-_published:2677;Over500_2026_P03_-_published:752;Over500_2026_P03_-_published:753;Over500_2026_P03_-_published:754;Over500_2026_P03_-_published:772;Over500_2026_P03_-_published:773;Over500_2026_P03_-_published:779;Over500_2026_P03_-_published:786;Over500_2026_P03_-_published:787;Over500_2026_P03_-_published:803;Over500_2026_P03_-_published:804
25000,ACORN CARE AND EDUCATION,ACORN CARE & EDUCATION LTD,2026-05-22,2026-06-17,26,9,194549.16,24578.67,placement,Over500_2026_P02_-_published:2265;Over500_2026_P02_-_published:2271;Over500_2026_P02_-_published:2274;Over500_2026_P02_-_published:2275;Over500_2026_P02_-_published:2279;Over500_2026_P02_-_published:2280;Over500_2026_P03_-_published:2206;Over500_2026_P03_-_published:2326;Over500_2026_P03_-_published:2328
25000,CARE UK COMMUNITY PARTNERSHIPS,CARE UK Community Partnerships Ltd,2026-05-13,2026-06-10,28,36,190230.34,8529.07,placement,Over500_2026_P02_-_published:1030;Over500_2026_P02_-_published:1031;Over500_2026_P02_-_published:1032;Over500_2026_P02_-_published:1033;Over500_2026_P02_-_published:1430;Over500_2026_P02_-_published:1515;Over500_2026_P02_-_published:1516;Over500_2026_P02_-_published:1517;Over500_2026_P02_-_published:1518;Over500_2026_P02_-_published:1519;Over500_2026_P02_-_published:1520;Over500_2026_P02_-_published:1521;Over500_2026_P02_-_published:1522;Over500_2026_P02_-_published:1523;Over500_2026_P03_-_published:1019;Over500_2026_P03_-_published:1309;Over500_2026_P03_-_published:1339;Over500_2026_P03_-_published:1340;Over500_2026_P03_-_published:1366;Over500_2026_P03_-_published:1407;Over500_2026_P03_-_published:1408;Over500_2026_P03_-_published:1409;Over500_2026_P03_-_published:1481;Over500_2026_P03_-_published:1482;Over500_2026_P03_-_published:1483;Over500_2026_P03_-_published:1912;Over500_2026_P03_-_published:1973;Over500_2026_P03_-_published:1974;Over500_2026_P03_-_published:1976;Over500_2026_P03_-_published:2715;Over500_2026_P03_-_published:2823;Over500_2026_P03_-_published:2827;Over500_2026_P03_-_published:2846;Over500_2026_P03_-_published:2847;Over500_2026_P03_-_published:907;Over500_2026_P03_-_published:952
25000,THE BETTER GROUP,The Better Group Ltd,2026-05-28,2026-06-25,28,15,187440.02,24088.98,general_procurement,Over500_2026_P02_-_published:10;Over500_2026_P02_-_published:11;Over500_2026_P02_-_published:9;Over500_2026_P03_-_published:13;Over500_2026_P03_-_published:16;Over500_2026_P03_-_published:19;Over500_2026_P03_-_published:20;Over500_2026_P03_-_published:2396;Over500_2026_P03_-_published:2397;Over500_2026_P03_-_published:26;Over500_2026_P03_-_published:379;Over500_2026_P03_-_published:394;Over500_2026_P03_-_published:395;Over500_2026_P03_-_published:15;Over500_2026_P03_-_published:27
25000,SM VOICE ADVOCACY,SM Voice Advocacy Limited,2026-06-17,2026-07-15,28,32,178920.76,15847.26,placement,Over500_2026_P03_-_published:1625;Over500_2026_P03_-_published:1888;Over500_2026_P03_-_published:2930;Over500_2026_P03_-_published:1653;Over500_2026_P03_-_published:1654;Over500_2026_P03_-_published:1681;Over500_2026_P03_-_published:1706;Over500_2026_P03_-_published:1814;Over500_2026_P03_-_published:1815;Over500_2026_P03_-_published:1834;Over500_2026_P03_-_published:1949;Over500_2026_P03_-_published:1950;Over500_2026_P03_-_published:2947;Over500_2026_P03_-_published:2987;Over500_2026_P03_-_published:3015;Over500_2026_P04_-_published:2306;Over500_2026_P04_-_published:2327;Over500_2026_P04_-_published:2328;Over500_2026_P04_-_published:2329;Over500_2026_P04_-_published:2720;Over500_2026_P04_-_published:2757;Over500_2026_P04_-_published:2783;Over500_2026_P04_-_published:2784;Over500_2026_P04_-_published:2826;Over500_2026_P04_-_published:3011;Over500_2026_P04_-_published:3012;Over500_2026_P04_-_published:3013;Over500_2026_P04_-_published:3637;Over500_2026_P04_-_published:3672;Over500_2026_P04_-_published:3673;Over500_2026_P04_-_published:2419;Over500_2026_P04_-_published:2762
25000,WE ARE THE CARE COMPANY,We Are The Care Company Ltd,2026-07-15,2026-07-29,14,100,168323.39,5175.36,placement,Over500_2026_P04_-_published:1463;Over500_2026_P04_-_published:1464;Over500_2026_P04_-_published:1465;Over500_2026_P04_-_published:1481;Over500_2026_P04_-_published:1572;Over500_2026_P04_-_published:2092;Over500_2026_P04_-_published:2704;Over500_2026_P04_-_published:2723;Over500_2026_P04_-_published:2737;Over500_2026_P04_-_published:2766;Over500_2026_P04_-_published:937;Over500_2026_P04_-_published:1531;Over500_2026_P04_-_published:1532;Over500_2026_P04_-_published:1541;Over500_2026_P04_-_published:1542;Over500_2026_P04_-_published:1543;Over500_2026_P04_-_published:1582;Over500_2026_P04_-_published:1583;Over500_2026_P04_-_published:1584;Over500_2026_P04_-_published:2097;Over500_2026_P04_-_published:2112;Over500_2026_P04_-_published:2216;Over500_2026_P04_-_published:2650;Over500_2026_P04_-_published:942;Over500_2026_P04_-_published:943;Over500_2026_P04_-_published:966;Over500_2026_P04_-_published:1588;Over500_2026_P04_-_published:1605;Over500_2026_P04_-_published:1606;Over500_2026_P04_-_published:1607;Over500_2026_P04_-_published:1608;Over500_2026_P04_-_published:1609;Over500_2026_P04_-_published:1610;Over500_2026_P04_-_published:1611;Over500_2026_P04_-_published:1612;Over500_2026_P04_-_published:1626;Over500_2026_P04_-_published:1645;Over500_2026_P04_-_published:1646;Over500_2026_P04_-_published:1647;Over500_2026_P04_-_published:1648;Over500_2026_P04_-_published:1664;Over500_2026_P04_-_published:1665;Over500_2026_P04_-_published:1666;Over500_2026_P04_-_published:1667;Over500_2026_P04_-_published:1668;Over500_2026_P04_-_published:1669;Over500_2026_P04_-_published:1670;Over500_2026_P04_-_published:1671;Over500_2026_P04_-_published:1672;Over500_2026_P04_-_published:1673;Over500_2026_P04_-_published:1674;Over500_2026_P04_-_published:1675;Over500_2026_P04_-_published:1676;Over500_2026_P04_-_published:1677;Over500_2026_P04_-_published:1681;Over500_2026_P04_-_published:1682;Over500_2026_P04_-_published:1683;Over500_2026_P04_-_published:1684;Over500_2026_P04_-_published:1685;Over500_2026_P04_-_published:1686;Over500_2026_P04_-_published:1687;Over500_2026_P04_-_published:1688;Over500_2026_P04_-_published:1689;Over500_2026_P04_-_published:1690;Over500_2026_P04_-_published:1691;Over500_2026_P04_-_published:1692;Over500_2026_P04_-_published:1741;Over500_2026_P04_-_published:1742;Over500_2026_P04_-_published:1746;Over500_2026_P04_-_published:1774;Over500_2026_P04_-_published:1884;Over500_2026_P04_-_published:2065;Over500_2026_P04_-_published:2066;Over500_2026_P04_-_published:2101;Over500_2026_P04_-_published:2102;Over500_2026_P04_-_published:2113;Over500_2026_P04_-_published:2363;Over500_2026_P04_-_published:2364;Over500_2026_P04_-_published:2365;Over500_2026_P04_-_published:2366;Over500_2026_P04_-_published:2367;Over500_2026_P04_-_published:2368;Over500_2026_P04_-_published:2369;Over500_2026_P04_-_published:2370;Over500_2026_P04_-_published:2371;Over500_2026_P04_-_published:2372;Over500_2026_P04_-_published:2373;Over500_2026_P04_-_published:2374;Over500_2026_P04_-_published:2375;Over500_2026_P04_-_published:2376;Over500_2026_P04_-_published:2655;Over500_2026_P04_-_published:2811;Over500_2026_P04_-_published:2813;Over500_2026_P04_-_published:2814;Over500_2026_P04_-_published:956;Over500_2026_P04_-_published:957;Over500_2026_P04_-_published:958;Over500_2026_P04_-_published:959;Over500_2026_P04_-_published:968;Over500_2026_P04_-_published:987
25000,MARY HARE SCHOOL,MARY HARE SCHOOL,2026-05-12,2026-05-14,2,12,164681.0,18447.0,placement,Over500_2026_P02_-_published:2216;Over500_2026_P02_-_published:2217;Over500_2026_P02_-_published:2218;Over500_2026_P02_-_published:2219;Over500_2026_P02_-_published:2220;Over500_2026_P02_-_published:2221;Over500_2026_P02_-_published:2222;Over500_2026_P02_-_published:2223;Over500_2026_P02_-_published:2224;Over500_2026_P02_-_published:2225;Over500_2026_P02_-_published:2226;Over500_2026_P02_-_published:2227
25000,WE ARE THE CARE COMPANY,We Are The Care Company Ltd,2026-05-06,2026-06-03,28,93,144995.35,5162.88,placement,Over500_2026_P02_-_published:1113;Over500_2026_P02_-_published:1114;Over500_2026_P02_-_published:1115;Over500_2026_P02_-_published:1116;Over500_2026_P02_-_published:1117;Over500_2026_P02_-_published:1118;Over500_2026_P02_-_published:1119;Over500_2026_P02_-_published:1120;Over500_2026_P02_-_published:1121;Over500_2026_P02_-_published:1122;Over500_2026_P02_-_published:1123;Over500_2026_P02_-_published:1124;Over500_2026_P02_-_published:1125;Over500_2026_P02_-_published:1126;Over500_2026_P02_-_published:1127;Over500_2026_P02_-_published:1128;Over500_2026_P02_-_published:1129;Over500_2026_P02_-_published:1130;Over500_2026_P02_-_published:1131;Over500_2026_P02_-_published:1132;Over500_2026_P02_-_published:1133;Over500_2026_P02_-_published:1134;Over500_2026_P02_-_published:1135;Over500_2026_P02_-_published:1136;Over500_2026_P02_-_published:1137;Over500_2026_P02_-_published:1138;Over500_2026_P02_-_published:1139;Over500_2026_P02_-_published:1140;Over500_2026_P02_-_published:1141;Over500_2026_P02_-_published:1142;Over500_2026_P02_-_published:1143;Over500_2026_P02_-_published:1144;Over500_2026_P02_-_published:1145;Over500_2026_P02_-_published:1146;Over500_2026_P02_-_published:1147;Over500_2026_P02_-_published:1148;Over500_2026_P02_-_published:1149;Over500_2026_P02_-_published:1150;Over500_2026_P02_-_published:1151;Over500_2026_P02_-_published:1152;Over500_2026_P02_-_published:1153;Over500_2026_P02_-_published:1154;Over500_2026_P02_-_published:1155;Over500_2026_P02_-_published:1156;Over500_2026_P02_-_published:1157;Over500_2026_P02_-_published:1158;Over500_2026_P02_-_published:1159;Over500_2026_P02_-_published:1428;Over500_2026_P02_-_published:1583;Over500_2026_P02_-_published:1584;Over500_2026_P02_-_published:1585;Over500_2026_P02_-_published:1586;Over500_2026_P02_-_published:1587;Over500_2026_P02_-_published:1588;Over500_2026_P02_-_published:881;Over500_2026_P02_-_published:882;Over500_2026_P02_-_published:1199;Over500_2026_P02_-_published:1200;Over500_2026_P02_-_published:1201;Over500_2026_P02_-_published:1202;Over500_2026_P02_-_published:1203;Over500_2026_P02_-_published:1204;Over500_2026_P02_-_published:1593;Over500_2026_P02_-_published:1594;Over500_2026_P02_-_published:888;Over500_2026_P02_-_published:889;Over500_2026_P02_-_published:890;Over500_2026_P02_-_published:891;Over500_2026_P02_-_published:892;Over500_2026_P02_-_published:1283;Over500_2026_P02_-_published:1333;Over500_2026_P02_-_published:1334;Over500_2026_P02_-_published:1335;Over500_2026_P02_-_published:1336;Over500_2026_P02_-_published:1337;Over500_2026_P02_-_published:1338;Over500_2026_P02_-_published:1339;Over500_2026_P02_-_published:910;Over500_2026_P02_-_published:911;Over500_2026_P02_-_published:912;Over500_2026_P02_-_published:1357;Over500_2026_P02_-_published:1629;Over500_2026_P02_-_published:917;Over500_2026_P02_-_published:918;Over500_2026_P02_-_published:919;Over500_2026_P03_-_published:1032;Over500_2026_P03_-_published:1355;Over500_2026_P03_-_published:1356;Over500_2026_P03_-_published:2720;Over500_2026_P03_-_published:855;Over500_2026_P03_-_published:874;Over500_2026_P03_-_published:991;Over500_2026_P03_-_published:992
25000,ABI SUPPORT,Abi-support Ltd,2026-06-03,2026-07-01,28,56,138714.0,10329.32,placement,Over500_2026_P03_-_published:1357;Over500_2026_P03_-_published:1427;Over500_2026_P03_-_published:1565;Over500_2026_P03_-_published:2861;Over500_2026_P03_-_published:993;Over500_2026_P03_-_published:994;Over500_2026_P03_-_published:1083;Over500_2026_P03_-_published:1084;Over500_2026_P03_-_published:1085;Over500_2026_P03_-_published:1123;Over500_2026_P03_-_published:1124;Over500_2026_P03_-_published:1125;Over500_2026_P03_-_published:1126;Over500_2026_P03_-_published:1165;Over500_2026_P03_-_published:1385;Over500_2026_P03_-_published:1429;Over500_2026_P03_-_published:1430;Over500_2026_P03_-_published:2694;Over500_2026_P03_-_published:2755;Over500_2026_P03_-_published:2756;Over500_2026_P03_-_published:2868;Over500_2026_P03_-_published:839;Over500_2026_P03_-_published:881;Over500_2026_P03_-_published:1141;Over500_2026_P03_-_published:1149;Over500_2026_P03_-_published:1556;Over500_2026_P03_-_published:2779;Over500_2026_P03_-_published:2780;Over500_2026_P03_-_published:2876;Over500_2026_P03_-_published:864;Over500_2026_P03_-_published:1153;Over500_2026_P03_-_published:1181;Over500_2026_P03_-_published:1188;Over500_2026_P03_-_published:1236;Over500_2026_P03_-_published:1242;Over500_2026_P03_-_published:1243;Over500_2026_P03_-_published:1257;Over500_2026_P03_-_published:1280;Over500_2026_P03_-_published:1302;Over500_2026_P03_-_published:1306;Over500_2026_P03_-_published:1307;Over500_2026_P03_-_published:1313;Over500_2026_P03_-_published:1397;Over500_2026_P03_-_published:1517;Over500_2026_P03_-_published:1604;Over500_2026_P03_-_published:1668;Over500_2026_P03_-_published:2885;Over500_2026_P03_-_published:2889;Over500_2026_P03_-_published:2937;Over500_2026_P04_-_published:1176;Over500_2026_P04_-_published:1177;Over500_2026_P04_-_published:1247;Over500_2026_P04_-_published:1856;Over500_2026_P04_-_published:1869;Over500_2026_P04_-_published:1978;Over500_2026_P04_-_published:2025
25000,LIAISE LODDON,LIAISE LODDON LTD,2026-06-24,2026-07-15,21,11,138219.0,14806.32,placement,Over500_2026_P03_-_published:1440;Over500_2026_P03_-_published:1441;Over500_2026_P03_-_published:1514;Over500_2026_P03_-_published:1602;Over500_2026_P04_-_published:2133;Over500_2026_P04_-_published:2179;Over500_2026_P04_-_published:2823;Over500_2026_P04_-_published:2162;Over500_2026_P04_-_published:2183;Over500_2026_P04_-_published:2146;Over500_2026_P04_-_published:2952
25000,CYGNET CARE SERVICES,Cygnet Care Services Ltd,2026-05-13,2026-06-10,28,16,136359.99,12228.04,placement,Over500_2026_P02_-_published:1681;Over500_2026_P02_-_published:1682;Over500_2026_P02_-_published:1683;Over500_2026_P02_-_published:1684;Over500_2026_P02_-_published:1685;Over500_2026_P02_-_published:1686;Over500_2026_P02_-_published:1687;Over500_2026_P02_-_published:1854;Over500_2026_P03_-_published:1439;Over500_2026_P03_-_published:1511;Over500_2026_P03_-_published:1597;Over500_2026_P03_-_published:1598;Over500_2026_P03_-_published:1599;Over500_2026_P03_-_published:2903;Over500_2026_P03_-_published:2904;Over500_2026_P03_-_published:2977
25000,VALUED CARE SUPPORTED LIVING,Valued Care Supported Living,2026-05-20,2026-06-17,28,32,135657.79,7869.12,placement,Over500_2026_P02_-_published:1919;Over500_2026_P02_-_published:1924;Over500_2026_P02_-_published:1925;Over500_2026_P02_-_published:1926;Over500_2026_P02_-_published:1927;Over500_2026_P02_-_published:1928;Over500_2026_P02_-_published:1929;Over500_2026_P02_-_published:1930;Over500_2026_P02_-_published:1931;Over500_2026_P02_-_published:1953;Over500_2026_P02_-_published:1955;Over500_2026_P02_-_published:1956;Over500_2026_P02_-_published:1999;Over500_2026_P02_-_published:2000;Over500_2026_P02_-_published:2001;Over500_2026_P03_-_published:1807;Over500_2026_P03_-_published:1810;Over500_2026_P03_-_published:1811;Over500_2026_P03_-_published:1882;Over500_2026_P03_-_published:1883;Over500_2026_P03_-_published:1884;Over500_2026_P03_-_published:1887;Over500_2026_P03_-_published:1895;Over500_2026_P03_-_published:1899;Over500_2026_P03_-_published:1958;Over500_2026_P03_-_published:1971;Over500_2026_P03_-_published:3002;Over500_2026_P03_-_published:3003;Over500_2026_P03_-_published:3004;Over500_2026_P03_-_published:3011;Over500_2026_P03_-_published:3012;Over500_2026_P03_-_published:3019
25000,JOHAV CARE SUPPORT HEALTHCARE,Johav Care support Healthcare Limited,2026-05-20,2026-06-17,28,21,134327.27,14038.29,placement,Over500_2026_P02_-_published:1752;Over500_2026_P02_-_published:1920;Over500_2026_P02_-_published:1788;Over500_2026_P02_-_published:1830;Over500_2026_P02_-_published:1831;Over500_2026_P03_-_published:1526;Over500_2026_P03_-_published:1616;Over500_2026_P03_-_published:1617;Over500_2026_P03_-_published:1618;Over500_2026_P03_-_published:1753;Over500_2026_P03_-_published:1793;Over500_2026_P03_-_published:1874;Over500_2026_P03_-_published:2105;Over500_2026_P03_-_published:2912;Over500_2026_P03_-_published:2924;Over500_2026_P03_-_published:2995;Over500_2026_P03_-_published:1626;Over500_2026_P03_-_published:1731;Over500_2026_P03_-_published:1732;Over500_2026_P03_-_published:1982;Over500_2026_P03_-_published:2929
25000,WEST BERKSHIRE MENCAP,WEST BERKSHIRE MENCAP,2026-05-06,2026-06-03,28,35,131480.74,17986.32,grant,Over500_2026_P02_-_published:787;Over500_2026_P02_-_published:788;Over500_2026_P02_-_published:789;Over500_2026_P02_-_published:790;Over500_2026_P02_-_published:809;Over500_2026_P02_-_published:810;Over500_2026_P02_-_published:811;Over500_2026_P02_-_published:812;Over500_2026_P02_-_published:813;Over500_2026_P02_-_published:814;Over500_2026_P02_-_published:815;Over500_2026_P02_-_published:816;Over500_2026_P02_-_published:817;Over500_2026_P02_-_published:818;Over500_2026_P02_-_published:819;Over500_2026_P02_-_published:820;Over500_2026_P02_-_published:821;Over500_2026_P02_-_published:822;Over500_2026_P02_-_published:628;Over500_2026_P02_-_published:856;Over500_2026_P03_-_published:2673;Over500_2026_P03_-_published:2674;Over500_2026_P03_-_published:2675;Over500_2026_P03_-_published:758;Over500_2026_P03_-_published:759;Over500_2026_P03_-_published:775;Over500_2026_P03_-_published:776;Over500_2026_P03_-_published:777;Over500_2026_P03_-_published:780;Over500_2026_P03_-_published:781;Over500_2026_P03_-_published:782;Over500_2026_P03_-_published:783;Over500_2026_P03_-_published:784;Over500_2026_P03_-_published:795;Over500_2026_P03_-_published:796
25000,THINKEMPATHY,Thinkempathy,2026-05-27,2026-06-24,28,16,130947.92,19808.56,placement,Over500_2026_P02_-_published:1806;Over500_2026_P02_-_published:1807;Over500_2026_P02_-_published:1808;Over500_2026_P02_-_published:1809;Over500_2026_P02_-_published:1810;Over500_2026_P02_-_published:1811;Over500_2026_P02_-_published:1948;Over500_2026_P02_-_published:1949;Over500_2026_P02_-_published:933;Over500_2026_P03_-_published:1555;Over500_2026_P03_-_published:1637;Over500_2026_P03_-_published:1638;Over500_2026_P03_-_published:1639;Over500_2026_P03_-_published:1697;Over500_2026_P03_-_published:1893;Over500_2026_P03_-_published:932
25000,PURESOUL CARE,PureSoul Care Ltd,2026-06-17,2026-07-15,28,89,128005.05,5361.6,placement,Over500_2026_P03_-_published:1137;Over500_2026_P03_-_published:1138;Over500_2026_P03_-_published:1139;Over500_2026_P03_-_published:1140;Over500_2026_P03_-_published:1144;Over500_2026_P03_-_published:1145;Over500_2026_P03_-_published:1146;Over500_2026_P03_-_published:1147;Over500_2026_P03_-_published:1148;Over500_2026_P03_-_published:1176;Over500_2026_P03_-_published:1177;Over500_2026_P03_-_published:1178;Over500_2026_P03_-_published:1179;Over500_2026_P03_-_published:1305;Over500_2026_P03_-_published:1317;Over500_2026_P03_-_published:1368;Over500_2026_P03_-_published:1443;Over500_2026_P03_-_published:1812;Over500_2026_P03_-_published:2696;Over500_2026_P03_-_published:2772;Over500_2026_P03_-_published:2773;Over500_2026_P03_-_published:2774;Over500_2026_P03_-_published:2775;Over500_2026_P03_-_published:2776;Over500_2026_P03_-_published:2777;Over500_2026_P03_-_published:2778;Over500_2026_P03_-_published:2808;Over500_2026_P03_-_published:2874;Over500_2026_P03_-_published:2875;Over500_2026_P03_-_published:3026;Over500_2026_P03_-_published:862;Over500_2026_P03_-_published:883;Over500_2026_P03_-_published:1164;Over500_2026_P03_-_published:1197;Over500_2026_P03_-_published:1198;Over500_2026_P03_-_published:1207;Over500_2026_P03_-_published:1208;Over500_2026_P03_-_published:1226;Over500_2026_P03_-_published:1227;Over500_2026_P03_-_published:2791;Over500_2026_P03_-_published:2792;Over500_2026_P04_-_published:1172;Over500_2026_P04_-_published:1173;Over500_2026_P04_-_published:1174;Over500_2026_P04_-_published:1197;Over500_2026_P04_-_published:1245;Over500_2026_P04_-_published:1246;Over500_2026_P04_-_published:1801;Over500_2026_P04_-_published:2800;Over500_2026_P04_-_published:1236;Over500_2026_P04_-_published:1320;Over500_2026_P04_-_published:1365;Over500_2026_P04_-_published:1366;Over500_2026_P04_-_published:1367;Over500_2026_P04_-_published:1368;Over500_2026_P04_-_published:2052;Over500_2026_P04_-_published:2053;Over500_2026_P04_-_published:2828;Over500_2026_P04_-_published:920;Over500_2026_P04_-_published:1395;Over500_2026_P04_-_published:1396;Over500_2026_P04_-_published:1397;Over500_2026_P04_-_published:1398;Over500_2026_P04_-_published:1399;Over500_2026_P04_-_published:1400;Over500_2026_P04_-_published:1460;Over500_2026_P04_-_published:1461;Over500_2026_P04_-_published:1462;Over500_2026_P04_-_published:1470;Over500_2026_P04_-_published:1471;Over500_2026_P04_-_published:1472;Over500_2026_P04_-_published:1473;Over500_2026_P04_-_published:1474;Over500_2026_P04_-_published:1475;Over500_2026_P04_-_published:1476;Over500_2026_P04_-_published:1477;Over500_2026_P04_-_published:1478;Over500_2026_P04_-_published:1479;Over500_2026_P04_-_published:1480;Over500_2026_P04_-_published:1571;Over500_2026_P04_-_published:1787;Over500_2026_P04_-_published:1809;Over500_2026_P04_-_published:2031;Over500_2026_P04_-_published:2033;Over500_2026_P04_-_published:2088;Over500_2026_P04_-_published:2089;Over500_2026_P04_-_published:2090;Over500_2026_P04_-_published:2091;Over500_2026_P04_-_published:2917
25000,BRIGHTER LIVING CARE,Brighter Living Care Ltd,2026-07-22,2026-07-29,7,21,127670.93,19317.76,placement,Over500_2026_P04_-_published:2473;Over500_2026_P04_-_published:2513;Over500_2026_P04_-_published:2545;Over500_2026_P04_-_published:2546;Over500_2026_P04_-_published:2564;Over500_2026_P04_-_published:2565;Over500_2026_P04_-_published:2566;Over500_2026_P04_-_published:2567;Over500_2026_P04_-_published:2571;Over500_2026_P04_-_published:2631;Over500_2026_P04_-_published:2635;Over500_2026_P04_-_published:2865;Over500_2026_P04_-_published:2883;Over500_2026_P04_-_published:2902;Over500_2026_P04_-_published:2959;Over500_2026_P04_-_published:3360;Over500_2026_P04_-_published:3472;Over500_2026_P04_-_published:3474;Over500_2026_P04_-_published:3475;Over500_2026_P04_-_published:3695;Over500_2026_P04_-_published:3696
25000,AMEGREEN CHILDRENS SERVICES,Amegreen Childrens Services,2026-05-28,2026-06-24,27,8,126158.95,18821.34,placement,Over500_2026_P02_-_published:2076;Over500_2026_P03_-_published:1987;Over500_2026_P03_-_published:1993;Over500_2026_P03_-_published:2026;Over500_2026_P03_-_published:3038;Over500_2026_P03_-_published:1938;Over500_2026_P03_-_published:3033;Over500_2026_P03_-_published:1921
25000,JOHAV CARE SUPPORT HEALTHCARE,Johav Care support Healthcare Limited,2026-06-24,2026-07-17,23,21,123951.52,14070.0,placement,Over500_2026_P03_-_published:1446;Over500_2026_P03_-_published:1587;Over500_2026_P03_-_published:1686;Over500_2026_P03_-_published:1712;Over500_2026_P03_-_published:1752;Over500_2026_P03_-_published:1755;Over500_2026_P03_-_published:1818;Over500_2026_P03_-_published:2973;Over500_2026_P04_-_published:2231;Over500_2026_P04_-_published:2246;Over500_2026_P04_-_published:3009;Over500_2026_P04_-_published:2151;Over500_2026_P04_-_published:2457;Over500_2026_P04_-_published:2458;Over500_2026_P04_-_published:2622;Over500_2026_P04_-_published:2730;Over500_2026_P04_-_published:2840;Over500_2026_P04_-_published:3036;Over500_2026_P04_-_published:3037;Over500_2026_P04_-_published:3052;Over500_2026_P04_-_published:2492
25000,CHOICE,Choice LTD,2026-05-13,2026-06-10,28,12,123630.68,13777.88,placement,Over500_2026_P02_-_published:1664;Over500_2026_P02_-_published:1665;Over500_2026_P02_-_published:1666;Over500_2026_P02_-_published:1667;Over500_2026_P02_-_published:1668;Over500_2026_P02_-_published:1849;Over500_2026_P03_-_published:1435;Over500_2026_P03_-_published:1436;Over500_2026_P03_-_published:1506;Over500_2026_P03_-_published:1852;Over500_2026_P03_-_published:2898;Over500_2026_P03_-_published:2899
25000,CREATIVE SUPPORT,CREATIVE SUPPORT,2026-05-20,2026-06-10,21,29,122819.22,12670.44,placement,Over500_2026_P02_-_published:1772;Over500_2026_P02_-_published:1773;Over500_2026_P02_-_published:1774;Over500_2026_P02_-_published:1775;Over500_2026_P02_-_published:1776;Over500_2026_P02_-_published:1777;Over500_2026_P02_-_published:1778;Over500_2026_P02_-_published:1779;Over500_2026_P02_-_published:1780;Over500_2026_P02_-_published:1781;Over500_2026_P02_-_published:1782;Over500_2026_P02_-_published:1864;Over500_2026_P02_-_published:1865;Over500_2026_P02_-_published:1940;Over500_2026_P02_-_published:1815;Over500_2026_P03_-_published:1529;Over500_2026_P03_-_published:1581;Over500_2026_P03_-_published:1582;Over500_2026_P03_-_published:1583;Over500_2026_P03_-_published:1620;Over500_2026_P03_-_published:1621;Over500_2026_P03_-_published:1622;Over500_2026_P03_-_published:1623;Over500_2026_P03_-_published:1624;Over500_2026_P03_-_published:1765;Over500_2026_P03_-_published:1881;Over500_2026_P03_-_published:2927;Over500_2026_P03_-_published:2928;Over500_2026_P03_-_published:2984
25000,BRIGHTER LIVING CARE,Brighter Living Care Ltd,2026-05-01,2026-05-13,12,16,120837.57,19271.28,placement,Over500_2026_P02_-_published:1705;Over500_2026_P02_-_published:1719;Over500_2026_P02_-_published:1728;Over500_2026_P02_-_published:1729;Over500_2026_P02_-_published:1731;Over500_2026_P02_-_published:1732;Over500_2026_P02_-_published:1733;Over500_2026_P02_-_published:1734;Over500_2026_P02_-_published:1735;Over500_2026_P02_-_published:1736;Over500_2026_P02_-_published:1738;Over500_2026_P02_-_published:1910;Over500_2026_P02_-_published:1911;Over500_2026_P02_-_published:1912;Over500_2026_P02_-_published:1913;Over500_2026_P02_-_published:1914
25000,CARE SERVICES TO YOU,Care Services To You,2026-06-03,2026-07-01,28,5,119948.85,23989.77,placement,Over500_2026_P03_-_published:2004;Over500_2026_P03_-_published:1931;Over500_2026_P03_-_published:2008;Over500_2026_P03_-_published:3044;Over500_2026_P04_-_published:3743
25000,CARE SERVICES TO YOU,Care Services To You,2026-07-06,2026-07-31,25,5,119948.85,23989.77,placement,Over500_2026_P04_-_published:3154;Over500_2026_P04_-_published:3750;Over500_2026_P04_-_published:3092;Over500_2026_P04_-_published:3161;Over500_2026_P04_-_published:3165
25000,ACHIEVE TOGETHER,Achieve Together Limited,2026-05-13,2026-06-10,28,12,118967.47,19097.6,placement,Over500_2026_P02_-_published:1661;Over500_2026_P02_-_published:1662;Over500_2026_P02_-_published:1663;Over500_2026_P02_-_published:782;Over500_2026_P02_-_published:783;Over500_2026_P02_-_published:874;Over500_2026_P03_-_published:1504;Over500_2026_P03_-_published:1505;Over500_2026_P03_-_published:2672;Over500_2026_P03_-_published:2897;Over500_2026_P03_-_published:755;Over500_2026_P03_-_published:853
25000,FIDELITY HEALTHCARE TA MARLBOROUGH LODGE CARE HOME,Fidelity Healthcare Ltd t/a Marlborough Lodge Care Home,2026-05-13,2026-06-10,28,26,114732.55,6624.0,placement,Over500_2026_P02_-_published:1058;Over500_2026_P02_-_published:1059;Over500_2026_P02_-_published:1549;Over500_2026_P02_-_published:1550;Over500_2026_P02_-_published:1551;Over500_2026_P02_-_published:1552;Over500_2026_P02_-_published:1553;Over500_2026_P02_-_published:1554;Over500_2026_P02_-_published:1555;Over500_2026_P02_-_published:1556;Over500_2026_P02_-_published:1979;Over500_2026_P02_-_published:1980;Over500_2026_P02_-_published:1981;Over500_2026_P03_-_published:1025;Over500_2026_P03_-_published:1351;Over500_2026_P03_-_published:1418;Over500_2026_P03_-_published:1419;Over500_2026_P03_-_published:1491;Over500_2026_P03_-_published:1492;Over500_2026_P03_-_published:1864;Over500_2026_P03_-_published:1962;Over500_2026_P03_-_published:2852;Over500_2026_P03_-_published:2853;Over500_2026_P03_-_published:2854;Over500_2026_P03_-_published:3024;Over500_2026_P03_-_published:984
25000,THE UNICORN SCHOOL,The Unicorn School,2026-05-11,2026-05-11,0,9,110305.33,13771.0,placement,Over500_2026_P02_-_published:2229;Over500_2026_P02_-_published:2230;Over500_2026_P02_-_published:2231;Over500_2026_P02_-_published:2232;Over500_2026_P02_-_published:2233;Over500_2026_P02_-_published:2234;Over500_2026_P02_-_published:2235;Over500_2026_P02_-_published:2236;Over500_2026_P02_-_published:2237
25000,UNITED DOMCILIARY AND SUPPORT SERVICES,UNITED DOMCILIARY AND SUPPORT SERVICES,2026-06-03,2026-07-01,28,21,109804.76,15648.8,placement,Over500_2026_P03_-_published:1449;Over500_2026_P03_-_published:1610;Over500_2026_P03_-_published:1453;Over500_2026_P03_-_published:1579;Over500_2026_P03_-_published:1619;Over500_2026_P03_-_published:1806;Over500_2026_P03_-_published:3000;Over500_2026_P03_-_published:1530;Over500_2026_P03_-_published:3007;Over500_2026_P03_-_published:3008;Over500_2026_P03_-_published:3009;Over500_2026_P03_-_published:1662;Over500_2026_P03_-_published:1734;Over500_2026_P03_-_published:1772;Over500_2026_P03_-_published:1957;Over500_2026_P03_-_published:3018;Over500_2026_P04_-_published:2256;Over500_2026_P04_-_published:2692;Over500_2026_P04_-_published:2962;Over500_2026_P04_-_published:2963;Over500_2026_P04_-_published:2998
25000,ABI SUPPORT,Abi-support Ltd,2026-05-01,2026-05-20,19,39,106305.26,9980.72,placement,Over500_2026_P02_-_published:1425;Over500_2026_P02_-_published:1094;Over500_2026_P02_-_published:1100;Over500_2026_P02_-_published:1101;Over500_2026_P02_-_published:1102;Over500_2026_P02_-_published:1103;Over500_2026_P02_-_published:1364;Over500_2026_P02_-_published:1365;Over500_2026_P02_-_published:1426;Over500_2026_P02_-_published:1580;Over500_2026_P02_-_published:1699;Over500_2026_P02_-_published:1718;Over500_2026_P02_-_published:1205;Over500_2026_P02_-_published:1206;Over500_2026_P02_-_published:1207;Over500_2026_P02_-_published:1208;Over500_2026_P02_-_published:1209;Over500_2026_P02_-_published:1210;Over500_2026_P02_-_published:1211;Over500_2026_P02_-_published:1212;Over500_2026_P02_-_published:1213;Over500_2026_P02_-_published:1214;Over500_2026_P02_-_published:1215;Over500_2026_P02_-_published:1216;Over500_2026_P02_-_published:1217;Over500_2026_P02_-_published:1218;Over500_2026_P02_-_published:1219;Over500_2026_P02_-_published:1220;Over500_2026_P02_-_published:1433;Over500_2026_P02_-_published:1596;Over500_2026_P02_-_published:1597;Over500_2026_P02_-_published:1598;Over500_2026_P02_-_published:1599;Over500_2026_P02_-_published:1600;Over500_2026_P02_-_published:1601;Over500_2026_P02_-_published:1602;Over500_2026_P02_-_published:893;Over500_2026_P02_-_published:894;Over500_2026_P02_-_published:908
25000,BROADMEAD RESTHOME,BROADMEAD RESTHOME LTD,2026-07-08,2026-07-08,0,12,105398.94,14058.16,placement,Over500_2026_P04_-_published:1101;Over500_2026_P04_-_published:1842;Over500_2026_P04_-_published:1843;Over500_2026_P04_-_published:1903;Over500_2026_P04_-_published:1919;Over500_2026_P04_-_published:1998;Over500_2026_P04_-_published:2673;Over500_2026_P04_-_published:2870;Over500_2026_P04_-_published:2887;Over500_2026_P04_-_published:2910;Over500_2026_P04_-_published:3004;Over500_2026_P04_-_published:3702
25000,CARE UK COMMUNITY PARTNERSHIPS,CARE UK Community Partnerships Ltd,2026-07-08,2026-07-08,0,17,103277.65,8615.36,placement,Over500_2026_P04_-_published:1102;Over500_2026_P04_-_published:1134;Over500_2026_P04_-_published:1152;Over500_2026_P04_-_published:1790;Over500_2026_P04_-_published:1844;Over500_2026_P04_-_published:1920;Over500_2026_P04_-_published:1921;Over500_2026_P04_-_published:1945;Over500_2026_P04_-_published:1946;Over500_2026_P04_-_published:1947;Over500_2026_P04_-_published:1999;Over500_2026_P04_-_published:2000;Over500_2026_P04_-_published:2001;Over500_2026_P04_-_published:2002;Over500_2026_P04_-_published:2674;Over500_2026_P04_-_published:2675;Over500_2026_P04_-_published:3005
25000,DOWNVIEW RESIDENTIAL HOME,DOWNVIEW RESIDENTIAL HOME LIMITED,2026-05-13,2026-06-10,28,18,102580.18,10672.45,placement,Over500_2026_P02_-_published:1649;Over500_2026_P02_-_published:1650;Over500_2026_P02_-_published:1651;Over500_2026_P02_-_published:1652;Over500_2026_P02_-_published:1653;Over500_2026_P02_-_published:1654;Over500_2026_P02_-_published:1655;Over500_2026_P02_-_published:1656;Over500_2026_P02_-_published:1844;Over500_2026_P03_-_published:1403;Over500_2026_P03_-_published:1404;Over500_2026_P03_-_published:1461;Over500_2026_P03_-_published:1462;Over500_2026_P03_-_published:1568;Over500_2026_P03_-_published:1569;Over500_2026_P03_-_published:1757;Over500_2026_P03_-_published:2891;Over500_2026_P03_-_published:2892
25000,NEXT STEP SERVICES,Next Step Services,2026-06-17,2026-07-14,27,24,99590.96,7476.86,placement,Over500_2026_P03_-_published:2122;Over500_2026_P03_-_published:3070;Over500_2026_P04_-_published:3145;Over500_2026_P04_-_published:3225;Over500_2026_P04_-_published:3108;Over500_2026_P04_-_published:3109;Over500_2026_P04_-_published:3141;Over500_2026_P04_-_published:3146;Over500_2026_P04_-_published:3178;Over500_2026_P04_-_published:3226;Over500_2026_P04_-_published:3771;Over500_2026_P04_-_published:3775;Over500_2026_P04_-_published:3217;Over500_2026_P04_-_published:3218;Over500_2026_P04_-_published:3110;Over500_2026_P04_-_published:3111;Over500_2026_P04_-_published:3219;Over500_2026_P04_-_published:3142;Over500_2026_P04_-_published:3147;Over500_2026_P04_-_published:3221;Over500_2026_P04_-_published:3227;Over500_2026_P04_-_published:3113;Over500_2026_P04_-_published:3114;Over500_2026_P04_-_published:3777
25000,THINKEMPATHY,Thinkempathy,2026-07-01,2026-07-29,28,15,99376.76,7755.8,placement,Over500_2026_P04_-_published:2223;Over500_2026_P04_-_published:2753;Over500_2026_P04_-_published:2303;Over500_2026_P04_-_published:2304;Over500_2026_P04_-_published:2326;Over500_2026_P04_-_published:2353;Over500_2026_P04_-_published:2354;Over500_2026_P04_-_published:2355;Over500_2026_P04_-_published:996;Over500_2026_P04_-_published:1062;Over500_2026_P04_-_published:2487;Over500_2026_P04_-_published:2518;Over500_2026_P04_-_published:3364;Over500_2026_P04_-_published:3365;Over500_2026_P04_-_published:3366
25000,UNITED DOMCILIARY AND SUPPORT SERVICES,UNITED DOMCILIARY AND SUPPORT SERVICES,2026-07-15,2026-07-29,14,16,99077.28,15648.8,placement,Over500_2026_P04_-_published:2414;Over500_2026_P04_-_published:2415;Over500_2026_P04_-_published:2438;Over500_2026_P04_-_published:2445;Over500_2026_P04_-_published:2711;Over500_2026_P04_-_published:2833;Over500_2026_P04_-_published:2834;Over500_2026_P04_-_published:3685;Over500_2026_P04_-_published:2544;Over500_2026_P04_-_published:2628;Over500_2026_P04_-_published:2629;Over500_2026_P04_-_published:2630;Over500_2026_P04_-_published:2864;Over500_2026_P04_-_published:2901;Over500_2026_P04_-_published:3571;Over500_2026_P04_-_published:3694
25000,ENIRO CARE,Eniro Care Ltd,2026-06-03,2026-06-24,21,62,98673.77,6802.8,placement,Over500_2026_P03_-_published:1000;Over500_2026_P03_-_published:1001;Over500_2026_P03_-_published:1042;Over500_2026_P03_-_published:1043;Over500_2026_P03_-_published:1044;Over500_2026_P03_-_published:1045;Over500_2026_P03_-_published:1089;Over500_2026_P03_-_published:1090;Over500_2026_P03_-_published:1091;Over500_2026_P03_-_published:1092;Over500_2026_P03_-_published:1093;Over500_2026_P03_-_published:1094;Over500_2026_P03_-_published:1267;Over500_2026_P03_-_published:1428;Over500_2026_P03_-_published:2724;Over500_2026_P03_-_published:2725;Over500_2026_P03_-_published:2726;Over500_2026_P03_-_published:2727;Over500_2026_P03_-_published:2822;Over500_2026_P03_-_published:856;Over500_2026_P03_-_published:914;Over500_2026_P03_-_published:996;Over500_2026_P03_-_published:997;Over500_2026_P03_-_published:998;Over500_2026_P03_-_published:999;Over500_2026_P03_-_published:1086;Over500_2026_P03_-_published:1087;Over500_2026_P03_-_published:1088;Over500_2026_P03_-_published:1122;Over500_2026_P03_-_published:1127;Over500_2026_P03_-_published:1128;Over500_2026_P03_-_published:1129;Over500_2026_P03_-_published:1130;Over500_2026_P03_-_published:1131;Over500_2026_P03_-_published:1132;Over500_2026_P03_-_published:1142;Over500_2026_P03_-_published:1166;Over500_2026_P03_-_published:1167;Over500_2026_P03_-_published:1168;Over500_2026_P03_-_published:1169;Over500_2026_P03_-_published:1170;Over500_2026_P03_-_published:1171;Over500_2026_P03_-_published:1172;Over500_2026_P03_-_published:1268;Over500_2026_P03_-_published:1363;Over500_2026_P03_-_published:1367;Over500_2026_P03_-_published:1501;Over500_2026_P03_-_published:1502;Over500_2026_P03_-_published:2695;Over500_2026_P03_-_published:2753;Over500_2026_P03_-_published:2757;Over500_2026_P03_-_published:2758;Over500_2026_P03_-_published:2759;Over500_2026_P03_-_published:2760;Over500_2026_P03_-_published:2761;Over500_2026_P03_-_published:2826;Over500_2026_P03_-_published:2869;Over500_2026_P03_-_published:1219;Over500_2026_P03_-_published:1237;Over500_2026_P03_-_published:1244;Over500_2026_P03_-_published:1561;Over500_2026_P03_-_published:2877
25000,ABI SUPPORT,Abi-support Ltd,2026-07-08,2026-07-29,21,52,98396.33,5981.15,placement,Over500_2026_P04_-_published:1343;Over500_2026_P04_-_published:1344;Over500_2026_P04_-_published:1345;Over500_2026_P04_-_published:1346;Over500_2026_P04_-_published:1347;Over500_2026_P04_-_published:1383;Over500_2026_P04_-_published:1384;Over500_2026_P04_-_published:1385;Over500_2026_P04_-_published:1386;Over500_2026_P04_-_published:1447;Over500_2026_P04_-_published:1448;Over500_2026_P04_-_published:1449;Over500_2026_P04_-_published:1450;Over500_2026_P04_-_published:1569;Over500_2026_P04_-_published:1806;Over500_2026_P04_-_published:1807;Over500_2026_P04_-_published:1883;Over500_2026_P04_-_published:1987;Over500_2026_P04_-_published:1988;Over500_2026_P04_-_published:1989;Over500_2026_P04_-_published:2021;Over500_2026_P04_-_published:2079;Over500_2026_P04_-_published:2080;Over500_2026_P04_-_published:2081;Over500_2026_P04_-_published:2082;Over500_2026_P04_-_published:2653;Over500_2026_P04_-_published:2805;Over500_2026_P04_-_published:2806;Over500_2026_P04_-_published:924;Over500_2026_P04_-_published:935;Over500_2026_P04_-_published:1441;Over500_2026_P04_-_published:1452;Over500_2026_P04_-_published:1453;Over500_2026_P04_-_published:1810;Over500_2026_P04_-_published:2035;Over500_2026_P04_-_published:2036;Over500_2026_P04_-_published:2150;Over500_2026_P04_-_published:2208;Over500_2026_P04_-_published:2426;Over500_2026_P04_-_published:2524;Over500_2026_P04_-_published:2809;Over500_2026_P04_-_published:2810;Over500_2026_P04_-_published:2822;Over500_2026_P04_-_published:1545;Over500_2026_P04_-_published:1585;Over500_2026_P04_-_published:1762;Over500_2026_P04_-_published:1549;Over500_2026_P04_-_published:1627;Over500_2026_P04_-_published:1696;Over500_2026_P04_-_published:1727;Over500_2026_P04_-_published:2123;Over500_2026_P04_-_published:2282
25000,ENIRO CARE,Eniro Care Ltd,2026-07-08,2026-07-29,21,53,96936.11,5495.6,placement,Over500_2026_P04_-_published:1340;Over500_2026_P04_-_published:1341;Over500_2026_P04_-_published:1342;Over500_2026_P04_-_published:1380;Over500_2026_P04_-_published:1381;Over500_2026_P04_-_published:1382;Over500_2026_P04_-_published:1444;Over500_2026_P04_-_published:1445;Over500_2026_P04_-_published:1446;Over500_2026_P04_-_published:1985;Over500_2026_P04_-_published:1986;Over500_2026_P04_-_published:2029;Over500_2026_P04_-_published:2030;Over500_2026_P04_-_published:2077;Over500_2026_P04_-_published:2078;Over500_2026_P04_-_published:925;Over500_2026_P04_-_published:930;Over500_2026_P04_-_published:934;Over500_2026_P04_-_published:1524;Over500_2026_P04_-_published:2111;Over500_2026_P04_-_published:2523;Over500_2026_P04_-_published:1529;Over500_2026_P04_-_published:1533;Over500_2026_P04_-_published:1580;Over500_2026_P04_-_published:1581;Over500_2026_P04_-_published:2774;Over500_2026_P04_-_published:1536;Over500_2026_P04_-_published:1550;Over500_2026_P04_-_published:1551;Over500_2026_P04_-_published:1613;Over500_2026_P04_-_published:1628;Over500_2026_P04_-_published:1629;Over500_2026_P04_-_published:1630;Over500_2026_P04_-_published:1657;Over500_2026_P04_-_published:1697;Over500_2026_P04_-_published:1712;Over500_2026_P04_-_published:1713;Over500_2026_P04_-_published:1714;Over500_2026_P04_-_published:1715;Over500_2026_P04_-_published:1716;Over500_2026_P04_-_published:1717;Over500_2026_P04_-_published:1728;Over500_2026_P04_-_published:1729;Over500_2026_P04_-_published:1730;Over500_2026_P04_-_published:1778;Over500_2026_P04_-_published:1797;Over500_2026_P04_-_published:1812;Over500_2026_P04_-_published:2071;Over500_2026_P04_-_published:2283;Over500_2026_P04_-_published:2386;Over500_2026_P04_-_published:2387;Over500_2026_P04_-_published:990;Over500_2026_P04_-_published:991
25000,CARE SERVICES TO YOU,Care Services To You,2026-05-01,2026-05-26,25,4,95959.08,23989.77,placement,Over500_2026_P02_-_published:2021;Over500_2026_P02_-_published:2033;Over500_2026_P02_-_published:2037;Over500_2026_P02_-_published:2096
25000,BLEEP 360 CARE,Bleep 360 Care Limited,2026-05-06,2026-05-22,16,5,95431.35,22081.37,placement,Over500_2026_P02_-_published:1714;Over500_2026_P02_-_published:1715;Over500_2026_P02_-_published:1890;Over500_2026_P02_-_published:1789;Over500_2026_P02_-_published:1790
25000,WEAVAWAY TRAVEL,WEAVAWAY TRAVEL LTD,2026-07-08,2026-07-24,16,25,94891.38,9615.23,general_procurement,Over500_2026_P04_-_published:181;Over500_2026_P04_-_published:183;Over500_2026_P04_-_published:195;Over500_2026_P04_-_published:196;Over500_2026_P04_-_published:245;Over500_2026_P04_-_published:246;Over500_2026_P04_-_published:253;Over500_2026_P04_-_published:300;Over500_2026_P04_-_published:301;Over500_2026_P04_-_published:302;Over500_2026_P04_-_published:309;Over500_2026_P04_-_published:450;Over500_2026_P04_-_published:451;Over500_2026_P04_-_published:452;Over500_2026_P04_-_published:459;Over500_2026_P04_-_published:192;Over500_2026_P04_-_published:197;Over500_2026_P04_-_published:198;Over500_2026_P04_-_published:249;Over500_2026_P04_-_published:250;Over500_2026_P04_-_published:305;Over500_2026_P04_-_published:310;Over500_2026_P04_-_published:311;Over500_2026_P04_-_published:456;Over500_2026_P04_-_published:460
25000,JACARANDA SUPPORTED LIVING,Jacaranda Supported Living,2026-07-15,2026-07-29,14,21,94092.35,9726.87,placement,Over500_2026_P04_-_published:2759;Over500_2026_P04_-_published:2760;Over500_2026_P04_-_published:2795;Over500_2026_P04_-_published:2796;Over500_2026_P04_-_published:2831;Over500_2026_P04_-_published:2832;Over500_2026_P04_-_published:2847;Over500_2026_P04_-_published:2848;Over500_2026_P04_-_published:2921;Over500_2026_P04_-_published:2929;Over500_2026_P04_-_published:2990;Over500_2026_P04_-_published:3676;Over500_2026_P04_-_published:3678;Over500_2026_P04_-_published:3679;Over500_2026_P04_-_published:3684;Over500_2026_P04_-_published:3726;Over500_2026_P04_-_published:2842;Over500_2026_P04_-_published:2855;Over500_2026_P04_-_published:3687;Over500_2026_P04_-_published:3688;Over500_2026_P04_-_published:2860
25000,CARE OUTLOOK,Care Outlook Ltd,2026-06-24,2026-07-15,21,60,93805.45,5701.93,placement,Over500_2026_P03_-_published:1293;Over500_2026_P03_-_published:1294;Over500_2026_P03_-_published:1295;Over500_2026_P03_-_published:1297;Over500_2026_P03_-_published:1298;Over500_2026_P03_-_published:1299;Over500_2026_P03_-_published:1300;Over500_2026_P03_-_published:1301;Over500_2026_P03_-_published:1314;Over500_2026_P03_-_published:1321;Over500_2026_P03_-_published:1370;Over500_2026_P03_-_published:1458;Over500_2026_P03_-_published:2698;Over500_2026_P03_-_published:2811;Over500_2026_P03_-_published:2812;Over500_2026_P03_-_published:2813;Over500_2026_P03_-_published:2814;Over500_2026_P03_-_published:2815;Over500_2026_P03_-_published:2816;Over500_2026_P03_-_published:2817;Over500_2026_P03_-_published:2887;Over500_2026_P03_-_published:2888;Over500_2026_P03_-_published:2979;Over500_2026_P03_-_published:888;Over500_2026_P03_-_published:933;Over500_2026_P03_-_published:934;Over500_2026_P04_-_published:1700;Over500_2026_P04_-_published:1701;Over500_2026_P04_-_published:1702;Over500_2026_P04_-_published:1703;Over500_2026_P04_-_published:1720;Over500_2026_P04_-_published:1721;Over500_2026_P04_-_published:1722;Over500_2026_P04_-_published:1723;Over500_2026_P04_-_published:1724;Over500_2026_P04_-_published:1734;Over500_2026_P04_-_published:1735;Over500_2026_P04_-_published:1736;Over500_2026_P04_-_published:1737;Over500_2026_P04_-_published:1738;Over500_2026_P04_-_published:1750;Over500_2026_P04_-_published:1878;Over500_2026_P04_-_published:2072;Over500_2026_P04_-_published:2124;Over500_2026_P04_-_published:2125;Over500_2026_P04_-_published:2126;Over500_2026_P04_-_published:2296;Over500_2026_P04_-_published:2519;Over500_2026_P04_-_published:2520;Over500_2026_P04_-_published:2659;Over500_2026_P04_-_published:973;Over500_2026_P04_-_published:992;Over500_2026_P04_-_published:998;Over500_2026_P04_-_published:1704;Over500_2026_P04_-_published:1739;Over500_2026_P04_-_published:1757;Over500_2026_P04_-_published:1760;Over500_2026_P04_-_published:1761;Over500_2026_P04_-_published:2703;Over500_2026_P04_-_published:2037
25000,ADDRESS ENTERPRISE,Address Enterprise Ltd,2026-07-08,2026-07-29,21,54,92370.17,4546.56,placement,Over500_2026_P04_-_published:3732;Over500_2026_P04_-_published:1435;Over500_2026_P04_-_published:1455;Over500_2026_P04_-_published:1488;Over500_2026_P04_-_published:1489;Over500_2026_P04_-_published:1490;Over500_2026_P04_-_published:1491;Over500_2026_P04_-_published:1492;Over500_2026_P04_-_published:1496;Over500_2026_P04_-_published:1497;Over500_2026_P04_-_published:1498;Over500_2026_P04_-_published:1499;Over500_2026_P04_-_published:1500;Over500_2026_P04_-_published:1502;Over500_2026_P04_-_published:1570;Over500_2026_P04_-_published:2034;Over500_2026_P04_-_published:2108;Over500_2026_P04_-_published:2203;Over500_2026_P04_-_published:2204;Over500_2026_P04_-_published:2205;Over500_2026_P04_-_published:2206;Over500_2026_P04_-_published:2406;Over500_2026_P04_-_published:3051;Over500_2026_P04_-_published:926;Over500_2026_P04_-_published:939;Over500_2026_P04_-_published:940;Over500_2026_P04_-_published:941;Over500_2026_P04_-_published:947;Over500_2026_P04_-_published:948;Over500_2026_P04_-_published:1653;Over500_2026_P04_-_published:1654;Over500_2026_P04_-_published:1655;Over500_2026_P04_-_published:1695;Over500_2026_P04_-_published:1705;Over500_2026_P04_-_published:1706;Over500_2026_P04_-_published:1707;Over500_2026_P04_-_published:1708;Over500_2026_P04_-_published:1709;Over500_2026_P04_-_published:1725;Over500_2026_P04_-_published:1726;Over500_2026_P04_-_published:1748;Over500_2026_P04_-_published:2105;Over500_2026_P04_-_published:2383;Over500_2026_P04_-_published:2384;Over500_2026_P04_-_published:2385;Over500_2026_P04_-_published:2817;Over500_2026_P04_-_published:3053;Over500_2026_P04_-_published:3477;Over500_2026_P04_-_published:961;Over500_2026_P04_-_published:962;Over500_2026_P04_-_published:970;Over500_2026_P04_-_published:971;Over500_2026_P04_-_published:988;Over500_2026_P04_-_published:989
25000,GRACEWELL HEALTHCARE,Gracewell Healthcare Ltd,2026-05-13,2026-06-10,28,15,91046.68,12968.3,placement,Over500_2026_P02_-_published:1053;Over500_2026_P02_-_published:1054;Over500_2026_P02_-_published:1055;Over500_2026_P02_-_published:1483;Over500_2026_P02_-_published:1484;Over500_2026_P02_-_published:994;Over500_2026_P02_-_published:995;Over500_2026_P02_-_published:996;Over500_2026_P03_-_published:1023;Over500_2026_P03_-_published:1473;Over500_2026_P03_-_published:2706;Over500_2026_P03_-_published:2839;Over500_2026_P03_-_published:925;Over500_2026_P03_-_published:956;Over500_2026_P03_-_published:983
25000,COMFORT HARMONY CARE,Comfort Harmony Care Ltd,2026-06-17,2026-07-08,21,45,90940.63,4369.24,placement,Over500_2026_P03_-_published:1503;Over500_2026_P03_-_published:2871;Over500_2026_P03_-_published:2872;Over500_2026_P03_-_published:2873;Over500_2026_P03_-_published:2913;Over500_2026_P03_-_published:840;Over500_2026_P03_-_published:1157;Over500_2026_P03_-_published:1158;Over500_2026_P03_-_published:1184;Over500_2026_P03_-_published:1185;Over500_2026_P03_-_published:1190;Over500_2026_P03_-_published:1191;Over500_2026_P03_-_published:1391;Over500_2026_P03_-_published:1399;Over500_2026_P03_-_published:1431;Over500_2026_P03_-_published:1558;Over500_2026_P03_-_published:1965;Over500_2026_P03_-_published:2783;Over500_2026_P03_-_published:2878;Over500_2026_P03_-_published:2879;Over500_2026_P03_-_published:2992;Over500_2026_P03_-_published:866;Over500_2026_P04_-_published:2955;Over500_2026_P04_-_published:889;Over500_2026_P04_-_published:1231;Over500_2026_P04_-_published:1232;Over500_2026_P04_-_published:1311;Over500_2026_P04_-_published:1312;Over500_2026_P04_-_published:1313;Over500_2026_P04_-_published:1358;Over500_2026_P04_-_published:1359;Over500_2026_P04_-_published:1360;Over500_2026_P04_-_published:2016;Over500_2026_P04_-_published:2017;Over500_2026_P04_-_published:2018;Over500_2026_P04_-_published:2019;Over500_2026_P04_-_published:2044;Over500_2026_P04_-_published:2107;Over500_2026_P04_-_published:2147;Over500_2026_P04_-_published:2773;Over500_2026_P04_-_published:2802;Over500_2026_P04_-_published:2894;Over500_2026_P04_-_published:919;Over500_2026_P04_-_published:932;Over500_2026_P04_-_published:995
25000,WEST BERKSHIRE MENCAP,WEST BERKSHIRE MENCAP,2026-06-09,2026-07-01,22,30,88044.68,18035.64,grant,Over500_2026_P03_-_published:2684;Over500_2026_P03_-_published:2685;Over500_2026_P03_-_published:792;Over500_2026_P03_-_published:793;Over500_2026_P03_-_published:794;Over500_2026_P03_-_published:832;Over500_2026_P03_-_published:868;Over500_2026_P03_-_published:760;Over500_2026_P03_-_published:761;Over500_2026_P03_-_published:762;Over500_2026_P03_-_published:763;Over500_2026_P03_-_published:785;Over500_2026_P03_-_published:797;Over500_2026_P03_-_published:798;Over500_2026_P03_-_published:810;Over500_2026_P03_-_published:833;Over500_2026_P04_-_published:1427;Over500_2026_P04_-_published:1428;Over500_2026_P04_-_published:1429;Over500_2026_P04_-_published:1430;Over500_2026_P04_-_published:683;Over500_2026_P04_-_published:684;Over500_2026_P04_-_published:685;Over500_2026_P04_-_published:686;Over500_2026_P04_-_published:817;Over500_2026_P04_-_published:818;Over500_2026_P04_-_published:848;Over500_2026_P04_-_published:849;Over500_2026_P04_-_published:875;Over500_2026_P04_-_published:876
25000,OPTALIS,OPTALIS LTD,2026-05-13,2026-06-10,28,16,87949.76,6210.0,placement,Over500_2026_P02_-_published:1048;Over500_2026_P02_-_published:1477;Over500_2026_P02_-_published:1478;Over500_2026_P02_-_published:1479;Over500_2026_P02_-_published:1480;Over500_2026_P02_-_published:1481;Over500_2026_P02_-_published:993;Over500_2026_P02_-_published:1693;Over500_2026_P02_-_published:1823;Over500_2026_P03_-_published:1021;Over500_2026_P03_-_published:1381;Over500_2026_P03_-_published:1471;Over500_2026_P03_-_published:1472;Over500_2026_P03_-_published:2836;Over500_2026_P03_-_published:2837;Over500_2026_P03_-_published:901
25000,VOLKERHIGHWAYS,VolkerHighways Ltd,2026-06-08,2026-07-07,29,10,87809.91,23591.22,general_procurement,Over500_2026_P03_-_published:2117;Over500_2026_P03_-_published:2133;Over500_2026_P03_-_published:2402;Over500_2026_P03_-_published:683;Over500_2026_P03_-_published:702;Over500_2026_P03_-_published:728;Over500_2026_P03_-_published:2403;Over500_2026_P03_-_published:727;Over500_2026_P04_-_published:3192;Over500_2026_P04_-_published:792
25000,CREATIVE SUPPORT,CREATIVE SUPPORT,2026-06-23,2026-07-22,29,20,86343.28,12670.44,placement,Over500_2026_P03_-_published:2149;Over500_2026_P03_-_published:2219;Over500_2026_P03_-_published:2220;Over500_2026_P03_-_published:2147;Over500_2026_P03_-_published:2150;Over500_2026_P03_-_published:3090;Over500_2026_P04_-_published:2263;Over500_2026_P04_-_published:2429;Over500_2026_P04_-_published:2430;Over500_2026_P04_-_published:2443;Over500_2026_P04_-_published:2444;Over500_2026_P04_-_published:2454;Over500_2026_P04_-_published:2455;Over500_2026_P04_-_published:2456;Over500_2026_P04_-_published:2849;Over500_2026_P04_-_published:3033;Over500_2026_P04_-_published:3034;Over500_2026_P04_-_published:3035;Over500_2026_P04_-_published:3633;Over500_2026_P04_-_published:2467
25000,SM VOICE ADVOCACY,SM Voice Advocacy Limited,2026-07-29,2026-07-29,0,15,85199.4,15364.44,placement,Over500_2026_P04_-_published:2528;Over500_2026_P04_-_published:2529;Over500_2026_P04_-_published:2530;Over500_2026_P04_-_published:2549;Over500_2026_P04_-_published:2550;Over500_2026_P04_-_published:2551;Over500_2026_P04_-_published:2579;Over500_2026_P04_-_published:2725;Over500_2026_P04_-_published:2877;Over500_2026_P04_-_published:2878;Over500_2026_P04_-_published:2896;Over500_2026_P04_-_published:2897;Over500_2026_P04_-_published:3371;Over500_2026_P04_-_published:3692;Over500_2026_P04_-_published:3693
25000,ROADSIDE TECHNOLOGIES,Roadside Technologies Ltd,2026-07-13,2026-07-30,17,10,84070.16,21000.0,general_procurement,Over500_2026_P04_-_published:1287;Over500_2026_P04_-_published:1288;Over500_2026_P04_-_published:598;Over500_2026_P04_-_published:601;Over500_2026_P04_-_published:733;Over500_2026_P04_-_published:734;Over500_2026_P04_-_published:735;Over500_2026_P04_-_published:740;Over500_2026_P04_-_published:789;Over500_2026_P04_-_published:597
25000,SM VOICE ADVOCACY,SM Voice Advocacy Limited,2026-05-01,2026-05-01,0,15,83016.96,14844.48,placement,Over500_2026_P02_-_published:1703;Over500_2026_P02_-_published:1707;Over500_2026_P02_-_published:1708;Over500_2026_P02_-_published:1709;Over500_2026_P02_-_published:1710;Over500_2026_P02_-_published:1711;Over500_2026_P02_-_published:1712;Over500_2026_P02_-_published:1713;Over500_2026_P02_-_published:1861;Over500_2026_P02_-_published:1866;Over500_2026_P02_-_published:1883;Over500_2026_P02_-_published:1884;Over500_2026_P02_-_published:1885;Over500_2026_P02_-_published:1886;Over500_2026_P02_-_published:1887
25000,TRANSPARENT CARE,Transparent Care Ltd,2026-05-01,2026-05-22,21,14,82405.75,14388.6,placement,Over500_2026_P02_-_published:1704;Over500_2026_P02_-_published:1700;Over500_2026_P02_-_published:1727;Over500_2026_P02_-_published:1793;Over500_2026_P02_-_published:1794;Over500_2026_P02_-_published:1795;Over500_2026_P02_-_published:1796;Over500_2026_P02_-_published:1797;Over500_2026_P02_-_published:1798;Over500_2026_P02_-_published:1799;Over500_2026_P02_-_published:1800;Over500_2026_P02_-_published:1801;Over500_2026_P02_-_published:1819;Over500_2026_P02_-_published:931
25000,GRACEWELL HEALTHCARE,Gracewell Healthcare Ltd,2026-07-08,2026-07-08,0,11,79915.65,15000.0,placement,Over500_2026_P04_-_published:1094;Over500_2026_P04_-_published:1110;Over500_2026_P04_-_published:1123;Over500_2026_P04_-_published:1160;Over500_2026_P04_-_published:1161;Over500_2026_P04_-_published:1832;Over500_2026_P04_-_published:1897;Over500_2026_P04_-_published:1898;Over500_2026_P04_-_published:1911;Over500_2026_P04_-_published:1935;Over500_2026_P04_-_published:2155
25000,ENRICHED CARE SUPPORT SERVICES,Enriched Care Support Services Ltd,2026-05-06,2026-06-03,28,21,78735.2,8739.2,placement,Over500_2026_P02_-_published:1891;Over500_2026_P02_-_published:1892;Over500_2026_P02_-_published:1895;Over500_2026_P02_-_published:1896;Over500_2026_P02_-_published:1897;Over500_2026_P02_-_published:1898;Over500_2026_P02_-_published:1899;Over500_2026_P02_-_published:1900;Over500_2026_P02_-_published:1901;Over500_2026_P02_-_published:1998;Over500_2026_P02_-_published:2007;Over500_2026_P03_-_published:1520;Over500_2026_P03_-_published:1777;Over500_2026_P03_-_published:1778;Over500_2026_P03_-_published:1836;Over500_2026_P03_-_published:1837;Over500_2026_P03_-_published:1877;Over500_2026_P03_-_published:1966;Over500_2026_P03_-_published:1972;Over500_2026_P03_-_published:2993;Over500_2026_P03_-_published:2994
25000,FD TRAVELS TA SCHOOL EXPRESS,FD TRAVELS LIMITED T/A SCHOOL EXPRESS,2026-07-09,2026-07-27,18,30,77830.64,4074.0,general_procurement,Over500_2026_P04_-_published:202;Over500_2026_P04_-_published:223;Over500_2026_P04_-_published:258;Over500_2026_P04_-_published:316;Over500_2026_P04_-_published:438;Over500_2026_P04_-_published:467;Over500_2026_P04_-_published:261;Over500_2026_P04_-_published:434;Over500_2026_P04_-_published:443;Over500_2026_P04_-_published:160;Over500_2026_P04_-_published:175;Over500_2026_P04_-_published:203;Over500_2026_P04_-_published:204;Over500_2026_P04_-_published:225;Over500_2026_P04_-_published:233;Over500_2026_P04_-_published:265;Over500_2026_P04_-_published:266;Over500_2026_P04_-_published:267;Over500_2026_P04_-_published:268;Over500_2026_P04_-_published:319;Over500_2026_P04_-_published:320;Over500_2026_P04_-_published:321;Over500_2026_P04_-_published:444;Over500_2026_P04_-_published:448;Over500_2026_P04_-_published:475;Over500_2026_P04_-_published:476;Over500_2026_P04_-_published:326;Over500_2026_P04_-_published:327;Over500_2026_P04_-_published:336;Over500_2026_P04_-_published:345
25000,PARADIGM CARE SERVICES,Paradigm Care Services Ltd.,2026-07-15,2026-07-31,16,5,77714.28,17000.0,placement,Over500_2026_P04_-_published:3749;Over500_2026_P04_-_published:3064;Over500_2026_P04_-_published:3091;Over500_2026_P04_-_published:3084;Over500_2026_P04_-_published:3087
25000,THE BETTER GROUP,The Better Group Ltd,2026-07-06,2026-07-29,23,4,77145.4,24476.02,general_procurement,Over500_2026_P04_-_published:490;Over500_2026_P04_-_published:495;Over500_2026_P04_-_published:911;Over500_2026_P04_-_published:1281
25000,DIMENSIONS NSO,DIMENSIONS (NSO) LTD,2026-05-13,2026-06-10,28,10,76617.24,9345.28,placement,Over500_2026_P02_-_published:1657;Over500_2026_P02_-_published:1845;Over500_2026_P02_-_published:1846;Over500_2026_P02_-_published:1847;Over500_2026_P03_-_published:68;Over500_2026_P03_-_published:85;Over500_2026_P03_-_published:1737;Over500_2026_P03_-_published:1738;Over500_2026_P03_-_published:2895;Over500_2026_P03_-_published:2975
25000,BROADWAY CARS,BROADWAY CARS,2026-05-12,2026-05-27,15,30,76612.74,4015.38,general_procurement,Over500_2026_P02_-_published:240;Over500_2026_P02_-_published:288;Over500_2026_P02_-_published:364;Over500_2026_P02_-_published:367;Over500_2026_P02_-_published:368;Over500_2026_P02_-_published:369;Over500_2026_P02_-_published:371;Over500_2026_P02_-_published:372;Over500_2026_P02_-_published:245;Over500_2026_P02_-_published:297;Over500_2026_P02_-_published:314;Over500_2026_P02_-_published:391;Over500_2026_P02_-_published:394;Over500_2026_P02_-_published:395;Over500_2026_P02_-_published:396;Over500_2026_P02_-_published:403;Over500_2026_P02_-_published:404;Over500_2026_P02_-_published:249;Over500_2026_P02_-_published:250;Over500_2026_P02_-_published:292;Over500_2026_P02_-_published:299;Over500_2026_P02_-_published:326;Over500_2026_P02_-_published:410;Over500_2026_P02_-_published:411;Over500_2026_P02_-_published:412;Over500_2026_P02_-_published:414;Over500_2026_P02_-_published:415;Over500_2026_P02_-_published:416;Over500_2026_P02_-_published:418;Over500_2026_P02_-_published:419
25000,HURST LODGE SCHOOL,Hurst Lodge School,2026-06-09,2026-07-02,23,4,75484.45,21800.98,placement,Over500_2026_P03_-_published:2162;Over500_2026_P03_-_published:2163;Over500_2026_P03_-_published:2309;Over500_2026_P04_-_published:3282
25000,KIND2U LIVING,Kind2U Living Ltd,2026-06-24,2026-07-22,28,9,75306.72,14495.04,placement,Over500_2026_P03_-_published:1705;Over500_2026_P03_-_published:1733;Over500_2026_P03_-_published:3014;Over500_2026_P04_-_published:2758;Over500_2026_P04_-_published:3017;Over500_2026_P04_-_published:3567;Over500_2026_P04_-_published:2712;Over500_2026_P04_-_published:2858;Over500_2026_P04_-_published:3357
25000,ALL CARE GB,All-Care (GB) Ltd,2026-06-24,2026-07-22,28,77,75040.56,2231.44,placement,Over500_2026_P03_-_published:1220;Over500_2026_P03_-_published:1221;Over500_2026_P03_-_published:1238;Over500_2026_P03_-_published:1249;Over500_2026_P03_-_published:1250;Over500_2026_P03_-_published:1270;Over500_2026_P03_-_published:1271;Over500_2026_P03_-_published:1272;Over500_2026_P03_-_published:1273;Over500_2026_P03_-_published:1308;Over500_2026_P03_-_published:1310;Over500_2026_P03_-_published:1315;Over500_2026_P03_-_published:1396;Over500_2026_P03_-_published:2806;Over500_2026_P03_-_published:2821;Over500_2026_P03_-_published:2882;Over500_2026_P03_-_published:846;Over500_2026_P03_-_published:847;Over500_2026_P04_-_published:1022;Over500_2026_P04_-_published:1023;Over500_2026_P04_-_published:1053;Over500_2026_P04_-_published:1054;Over500_2026_P04_-_published:1063;Over500_2026_P04_-_published:1064;Over500_2026_P04_-_published:1065;Over500_2026_P04_-_published:1147;Over500_2026_P04_-_published:1163;Over500_2026_P04_-_published:1164;Over500_2026_P04_-_published:1203;Over500_2026_P04_-_published:1242;Over500_2026_P04_-_published:1244;Over500_2026_P04_-_published:1699;Over500_2026_P04_-_published:1733;Over500_2026_P04_-_published:1753;Over500_2026_P04_-_published:1754;Over500_2026_P04_-_published:1802;Over500_2026_P04_-_published:1803;Over500_2026_P04_-_published:1804;Over500_2026_P04_-_published:1901;Over500_2026_P04_-_published:1975;Over500_2026_P04_-_published:2592;Over500_2026_P04_-_published:2612;Over500_2026_P04_-_published:2637;Over500_2026_P04_-_published:2646;Over500_2026_P04_-_published:2648;Over500_2026_P04_-_published:2658;Over500_2026_P04_-_published:891;Over500_2026_P04_-_published:1024;Over500_2026_P04_-_published:1055;Over500_2026_P04_-_published:1056;Over500_2026_P04_-_published:1755;Over500_2026_P04_-_published:1756;Over500_2026_P04_-_published:1780;Over500_2026_P04_-_published:2662;Over500_2026_P04_-_published:3148;Over500_2026_P04_-_published:1431;Over500_2026_P04_-_published:1466;Over500_2026_P04_-_published:1482;Over500_2026_P04_-_published:1483;Over500_2026_P04_-_published:1484;Over500_2026_P04_-_published:1485;Over500_2026_P04_-_published:1486;Over500_2026_P04_-_published:1493;Over500_2026_P04_-_published:1494;Over500_2026_P04_-_published:1740;Over500_2026_P04_-_published:1873;Over500_2026_P04_-_published:1899;Over500_2026_P04_-_published:2093;Over500_2026_P04_-_published:2094;Over500_2026_P04_-_published:2109;Over500_2026_P04_-_published:2110;Over500_2026_P04_-_published:2201;Over500_2026_P04_-_published:2763;Over500_2026_P04_-_published:938;Over500_2026_P04_-_published:1589;Over500_2026_P04_-_published:1887;Over500_2026_P04_-_published:2278
25000,CAMBIAN SIGN POST,Cambian Sign Post Ltd,2026-05-13,2026-06-10,28,4,74462.68,19619.12,placement,Over500_2026_P02_-_published:1438;Over500_2026_P02_-_published:1670;Over500_2026_P03_-_published:1320;Over500_2026_P03_-_published:1437
25000,WEAVAWAY TRAVEL,WEAVAWAY TRAVEL LTD,2026-05-06,2026-06-02,27,20,74460.22,7590.97,general_procurement,Over500_2026_P02_-_published:305;Over500_2026_P02_-_published:306;Over500_2026_P02_-_published:307;Over500_2026_P02_-_published:308;Over500_2026_P02_-_published:310;Over500_2026_P02_-_published:331;Over500_2026_P02_-_published:332;Over500_2026_P02_-_published:333;Over500_2026_P02_-_published:334;Over500_2026_P02_-_published:335;Over500_2026_P03_-_published:170;Over500_2026_P03_-_published:177;Over500_2026_P03_-_published:178;Over500_2026_P03_-_published:206;Over500_2026_P03_-_published:207;Over500_2026_P03_-_published:214;Over500_2026_P03_-_published:215;Over500_2026_P03_-_published:245;Over500_2026_P03_-_published:337;Over500_2026_P03_-_published:340
25000,JOHAV CARE SUPPORT HEALTHCARE,Johav Care support Healthcare Limited,2026-07-27,2026-07-29,2,12,74380.49,16098.0,placement,Over500_2026_P04_-_published:3140;Over500_2026_P04_-_published:2221;Over500_2026_P04_-_published:2563;Over500_2026_P04_-_published:2625;Over500_2026_P04_-_published:2626;Over500_2026_P04_-_published:2627;Over500_2026_P04_-_published:2875;Over500_2026_P04_-_published:2880;Over500_2026_P04_-_published:3471;Over500_2026_P04_-_published:3563;Over500_2026_P04_-_published:3570;Over500_2026_P04_-_published:3734
25000,GOLDCREST CARE SERVICES,Goldcrest Care Services,2026-06-24,2026-07-17,23,51,73604.53,6656.88,placement,Over500_2026_P03_-_published:1222;Over500_2026_P03_-_published:1252;Over500_2026_P03_-_published:1253;Over500_2026_P03_-_published:1254;Over500_2026_P03_-_published:1255;Over500_2026_P03_-_published:1256;Over500_2026_P03_-_published:1262;Over500_2026_P03_-_published:1275;Over500_2026_P03_-_published:1276;Over500_2026_P03_-_published:1277;Over500_2026_P03_-_published:1278;Over500_2026_P03_-_published:1316;Over500_2026_P03_-_published:1456;Over500_2026_P03_-_published:1861;Over500_2026_P03_-_published:2697;Over500_2026_P03_-_published:2805;Over500_2026_P03_-_published:2883;Over500_2026_P03_-_published:2884;Over500_2026_P04_-_published:1220;Over500_2026_P04_-_published:1781;Over500_2026_P04_-_published:1870;Over500_2026_P04_-_published:1504;Over500_2026_P04_-_published:1505;Over500_2026_P04_-_published:1506;Over500_2026_P04_-_published:1507;Over500_2026_P04_-_published:1508;Over500_2026_P04_-_published:1528;Over500_2026_P04_-_published:1574;Over500_2026_P04_-_published:1575;Over500_2026_P04_-_published:1576;Over500_2026_P04_-_published:1577;Over500_2026_P04_-_published:1578;Over500_2026_P04_-_published:1579;Over500_2026_P04_-_published:1773;Over500_2026_P04_-_published:1788;Over500_2026_P04_-_published:1795;Over500_2026_P04_-_published:1811;Over500_2026_P04_-_published:2038;Over500_2026_P04_-_published:2211;Over500_2026_P04_-_published:2212;Over500_2026_P04_-_published:2213;Over500_2026_P04_-_published:2214;Over500_2026_P04_-_published:3641;Over500_2026_P04_-_published:951;Over500_2026_P04_-_published:1066;Over500_2026_P04_-_published:1509;Over500_2026_P04_-_published:1540;Over500_2026_P04_-_published:2215;Over500_2026_P04_-_published:2274;Over500_2026_P04_-_published:2275;Over500_2026_P04_-_published:2654
25000,CHOICE,Choice LTD,2026-07-08,2026-07-29,21,8,73052.04,13777.88,placement,Over500_2026_P04_-_published:2166;Over500_2026_P04_-_published:2167;Over500_2026_P04_-_published:2188;Over500_2026_P04_-_published:2699;Over500_2026_P04_-_published:2943;Over500_2026_P04_-_published:2944;Over500_2026_P04_-_published:2199;Over500_2026_P04_-_published:2573
25000,FD TRAVELS TA SCHOOL EXPRESS,FD TRAVELS LIMITED T/A SCHOOL EXPRESS,2026-05-06,2026-05-28,22,33,72688.83,3120.0,general_procurement,Over500_2026_P02_-_published:344;Over500_2026_P02_-_published:345;Over500_2026_P02_-_published:346;Over500_2026_P02_-_published:347;Over500_2026_P02_-_published:265;Over500_2026_P02_-_published:380;Over500_2026_P02_-_published:381;Over500_2026_P02_-_published:382;Over500_2026_P02_-_published:383;Over500_2026_P02_-_published:384;Over500_2026_P02_-_published:385;Over500_2026_P02_-_published:241;Over500_2026_P02_-_published:242;Over500_2026_P02_-_published:266;Over500_2026_P02_-_published:289;Over500_2026_P02_-_published:290;Over500_2026_P02_-_published:387;Over500_2026_P02_-_published:388;Over500_2026_P02_-_published:389;Over500_2026_P02_-_published:390;Over500_2026_P02_-_published:251;Over500_2026_P02_-_published:283;Over500_2026_P02_-_published:284;Over500_2026_P02_-_published:294;Over500_2026_P02_-_published:422;Over500_2026_P02_-_published:423;Over500_2026_P02_-_published:424;Over500_2026_P02_-_published:425;Over500_2026_P02_-_published:426;Over500_2026_P02_-_published:427;Over500_2026_P02_-_published:428;Over500_2026_P02_-_published:429;Over500_2026_P02_-_published:430
25000,ELIOR UK,Elior UK PLC,2026-06-16,2026-07-15,29,4,72328.76,23516.69,general_procurement,Over500_2026_P03_-_published:440;Over500_2026_P03_-_published:433;Over500_2026_P04_-_published:532;Over500_2026_P04_-_published:983
25000,KB REAL ESTATE MANAGEMENT,KB Real Estate Management Ltd,2026-05-19,2026-06-17,29,46,71105.0,2945.0,premises,Over500_2026_P02_-_published:117;Over500_2026_P02_-_published:118;Over500_2026_P02_-_published:119;Over500_2026_P02_-_published:120;Over500_2026_P02_-_published:121;Over500_2026_P02_-_published:122;Over500_2026_P02_-_published:123;Over500_2026_P02_-_published:124;Over500_2026_P02_-_published:125;Over500_2026_P02_-_published:126;Over500_2026_P02_-_published:127;Over500_2026_P02_-_published:128;Over500_2026_P02_-_published:129;Over500_2026_P02_-_published:130;Over500_2026_P02_-_published:131;Over500_2026_P02_-_published:132;Over500_2026_P02_-_published:133;Over500_2026_P02_-_published:134;Over500_2026_P02_-_published:135;Over500_2026_P02_-_published:136;Over500_2026_P02_-_published:139;Over500_2026_P02_-_published:140;Over500_2026_P03_-_published:106;Over500_2026_P03_-_published:107;Over500_2026_P03_-_published:122;Over500_2026_P03_-_published:123;Over500_2026_P03_-_published:124;Over500_2026_P03_-_published:296;Over500_2026_P03_-_published:90;Over500_2026_P03_-_published:91;Over500_2026_P03_-_published:108;Over500_2026_P03_-_published:109;Over500_2026_P03_-_published:110;Over500_2026_P03_-_published:111;Over500_2026_P03_-_published:112;Over500_2026_P03_-_published:113;Over500_2026_P03_-_published:114;Over500_2026_P03_-_published:115;Over500_2026_P03_-_published:125;Over500_2026_P03_-_published:126;Over500_2026_P03_-_published:127;Over500_2026_P03_-_published:298;Over500_2026_P03_-_published:299;Over500_2026_P03_-_published:300;Over500_2026_P03_-_published:301;Over500_2026_P03_-_published:92
25000,PURESOUL CARE,PureSoul Care Ltd,2026-05-01,2026-05-27,26,49,68949.06,4978.56,placement,Over500_2026_P02_-_published:1081;Over500_2026_P02_-_published:1082;Over500_2026_P02_-_published:1414;Over500_2026_P02_-_published:1256;Over500_2026_P02_-_published:1257;Over500_2026_P02_-_published:1258;Over500_2026_P02_-_published:1259;Over500_2026_P02_-_published:1260;Over500_2026_P02_-_published:1261;Over500_2026_P02_-_published:1262;Over500_2026_P02_-_published:1263;Over500_2026_P02_-_published:1264;Over500_2026_P02_-_published:1265;Over500_2026_P02_-_published:1266;Over500_2026_P02_-_published:1267;Over500_2026_P02_-_published:1268;Over500_2026_P02_-_published:1269;Over500_2026_P02_-_published:1270;Over500_2026_P02_-_published:1271;Over500_2026_P02_-_published:1272;Over500_2026_P02_-_published:1273;Over500_2026_P02_-_published:1274;Over500_2026_P02_-_published:1275;Over500_2026_P02_-_published:1276;Over500_2026_P02_-_published:1277;Over500_2026_P02_-_published:1278;Over500_2026_P02_-_published:1279;Over500_2026_P02_-_published:1280;Over500_2026_P02_-_published:1281;Over500_2026_P02_-_published:1282;Over500_2026_P02_-_published:1314;Over500_2026_P02_-_published:1421;Over500_2026_P02_-_published:1434;Over500_2026_P02_-_published:1435;Over500_2026_P02_-_published:1609;Over500_2026_P02_-_published:1610;Over500_2026_P02_-_published:1628;Over500_2026_P02_-_published:1702;Over500_2026_P02_-_published:1934;Over500_2026_P02_-_published:1995;Over500_2026_P02_-_published:1996;Over500_2026_P02_-_published:901;Over500_2026_P02_-_published:902;Over500_2026_P02_-_published:927;Over500_2026_P02_-_published:1330;Over500_2026_P02_-_published:1331;Over500_2026_P02_-_published:1332;Over500_2026_P02_-_published:909;Over500_2026_P02_-_published:1442
25000,CYGNET CARE SERVICES,Cygnet Care Services Ltd,2026-07-08,2026-07-08,0,8,68262.44,12228.04,placement,Over500_2026_P04_-_published:2139;Over500_2026_P04_-_published:2140;Over500_2026_P04_-_published:2171;Over500_2026_P04_-_published:2193;Over500_2026_P04_-_published:2194;Over500_2026_P04_-_published:2700;Over500_2026_P04_-_published:2948;Over500_2026_P04_-_published:2949
25000,TRIPLE VALUE IMPACT,Triple Value Impact,2026-06-17,2026-06-18,1,5,68028.0,24244.0,general_procurement,Over500_2026_P03_-_published:2392;Over500_2026_P03_-_published:2393;Over500_2026_P03_-_published:641;Over500_2026_P03_-_published:642;Over500_2026_P03_-_published:649
25000,CANARY CARE SERVICES,Canary Care Services Ltd,2026-06-24,2026-07-17,23,15,66827.84,5293.44,placement,Over500_2026_P03_-_published:1155;Over500_2026_P03_-_published:1182;Over500_2026_P03_-_published:1235;Over500_2026_P03_-_published:1387;Over500_2026_P03_-_published:1388;Over500_2026_P03_-_published:1455;Over500_2026_P03_-_published:2809;Over500_2026_P04_-_published:1349;Over500_2026_P04_-_published:1350;Over500_2026_P04_-_published:1456;Over500_2026_P04_-_published:1991;Over500_2026_P04_-_published:2022;Over500_2026_P04_-_published:2084;Over500_2026_P04_-_published:2808;Over500_2026_P04_-_published:2525
25000,REMEDICARE EDUCATION SERVICES,Remedicare Education Services Limited,2026-05-19,2026-05-19,0,5,66660.0,18000.0,placement,Over500_2026_P02_-_published:2208;Over500_2026_P02_-_published:2209;Over500_2026_P02_-_published:2210;Over500_2026_P02_-_published:2211;Over500_2026_P02_-_published:2212
25000,ELIOR UK,Elior UK PLC,2026-05-13,2026-06-11,29,4,65913.75,23694.03,general_procurement,Over500_2026_P02_-_published:525;Over500_2026_P02_-_published:526;Over500_2026_P02_-_published:530;Over500_2026_P03_-_published:434
25000,FOCUS SUPPORT,FOCUS SUPPORT LTD,2026-06-03,2026-06-24,21,5,64325.17,24719.02,placement,Over500_2026_P03_-_published:1776;Over500_2026_P03_-_published:1660;Over500_2026_P03_-_published:1833;Over500_2026_P03_-_published:2981;Over500_2026_P03_-_published:3017
25000,CEDAR HOPE CARE SERVICES,Cedar Hope Care Services Ltd,2026-06-02,2026-07-01,29,6,63639.77,20897.1,placement,Over500_2026_P03_-_published:1988;Over500_2026_P03_-_published:1994;Over500_2026_P03_-_published:1995;Over500_2026_P03_-_published:1925;Over500_2026_P03_-_published:1554;Over500_2026_P04_-_published:2776
25000,NOUBLES HEALTHCARE,Noubles Healthcare Ltd,2026-06-10,2026-07-08,28,45,63195.02,4555.2,placement,Over500_2026_P03_-_published:1050;Over500_2026_P03_-_published:1051;Over500_2026_P03_-_published:1052;Over500_2026_P03_-_published:1053;Over500_2026_P03_-_published:1062;Over500_2026_P03_-_published:1101;Over500_2026_P03_-_published:1102;Over500_2026_P03_-_published:1103;Over500_2026_P03_-_published:1116;Over500_2026_P03_-_published:1117;Over500_2026_P03_-_published:1121;Over500_2026_P03_-_published:1964;Over500_2026_P03_-_published:2734;Over500_2026_P03_-_published:2735;Over500_2026_P03_-_published:2736;Over500_2026_P03_-_published:2737;Over500_2026_P03_-_published:2738;Over500_2026_P03_-_published:2752;Over500_2026_P03_-_published:849;Over500_2026_P03_-_published:876;Over500_2026_P03_-_published:880;Over500_2026_P03_-_published:1174;Over500_2026_P03_-_published:1395;Over500_2026_P04_-_published:1214;Over500_2026_P04_-_published:1217;Over500_2026_P04_-_published:1230;Over500_2026_P04_-_published:1255;Over500_2026_P04_-_published:1256;Over500_2026_P04_-_published:1257;Over500_2026_P04_-_published:1258;Over500_2026_P04_-_published:1259;Over500_2026_P04_-_published:1260;Over500_2026_P04_-_published:1353;Over500_2026_P04_-_published:1354;Over500_2026_P04_-_published:1355;Over500_2026_P04_-_published:1356;Over500_2026_P04_-_published:1357;Over500_2026_P04_-_published:1566;Over500_2026_P04_-_published:1982;Over500_2026_P04_-_published:2041;Over500_2026_P04_-_published:2042;Over500_2026_P04_-_published:2043;Over500_2026_P04_-_published:2652;Over500_2026_P04_-_published:3710;Over500_2026_P04_-_published:999
25000,NEWBURY AND DISTRICT,Newbury & District Ltd,2026-06-12,2026-06-30,18,8,61960.01,14852.0,general_procurement,Over500_2026_P03_-_published:264;Over500_2026_P03_-_published:269;Over500_2026_P03_-_published:176;Over500_2026_P03_-_published:213;Over500_2026_P03_-_published:251;Over500_2026_P03_-_published:274;Over500_2026_P03_-_published:359;Over500_2026_P03_-_published:360
25000,PLATFORM CARE SERVICES,Platform Care Services Ltd,2026-06-24,2026-07-15,21,24,61957.04,4477.8,placement,Over500_2026_P03_-_published:1375;Over500_2026_P03_-_published:1552;Over500_2026_P03_-_published:1553;Over500_2026_P03_-_published:1636;Over500_2026_P03_-_published:1872;Over500_2026_P03_-_published:1901;Over500_2026_P03_-_published:1902;Over500_2026_P03_-_published:1910;Over500_2026_P03_-_published:2915;Over500_2026_P04_-_published:2225;Over500_2026_P04_-_published:2242;Over500_2026_P04_-_published:2243;Over500_2026_P04_-_published:2149;Over500_2026_P04_-_published:2398;Over500_2026_P04_-_published:2416;Over500_2026_P04_-_published:2439;Over500_2026_P04_-_published:2440;Over500_2026_P04_-_published:2660;Over500_2026_P04_-_published:2761;Over500_2026_P04_-_published:2835;Over500_2026_P04_-_published:2906;Over500_2026_P04_-_published:3024;Over500_2026_P04_-_published:3025;Over500_2026_P04_-_published:3728
25000,LIAISE LODDON,LIAISE LODDON LTD,2026-05-13,2026-06-10,28,6,61952.96,14806.32,placement,Over500_2026_P02_-_published:1647;Over500_2026_P02_-_published:1648;Over500_2026_P02_-_published:1696;Over500_2026_P02_-_published:1697;Over500_2026_P03_-_published:1434;Over500_2026_P03_-_published:1468
25000,CAMBIAN AUTISM SERVICES,CAMBIAN AUTISM SERVICES LIMITED,2026-06-01,2026-06-25,24,5,60612.98,19476.49,placement,Over500_2026_P03_-_published:2155;Over500_2026_P03_-_published:2186;Over500_2026_P03_-_published:2231;Over500_2026_P03_-_published:3065;Over500_2026_P03_-_published:3119
25000,FLORENCE CARE READING,Florence Care Reading Ltd,2026-05-13,2026-06-10,28,12,60538.65,6210.0,placement,Over500_2026_P02_-_published:1005;Over500_2026_P02_-_published:1006;Over500_2026_P02_-_published:1491;Over500_2026_P02_-_published:1492;Over500_2026_P02_-_published:1560;Over500_2026_P02_-_published:2013;Over500_2026_P03_-_published:1004;Over500_2026_P03_-_published:1420;Over500_2026_P03_-_published:1980;Over500_2026_P03_-_published:2704;Over500_2026_P03_-_published:2835;Over500_2026_P03_-_published:899
25000,ADDRESS ENTERPRISE,Address Enterprise Ltd,2026-06-03,2026-07-01,28,34,60459.17,4536.41,placement,Over500_2026_P03_-_published:1030;Over500_2026_P03_-_published:2859;Over500_2026_P03_-_published:854;Over500_2026_P03_-_published:972;Over500_2026_P03_-_published:1047;Over500_2026_P03_-_published:1100;Over500_2026_P03_-_published:1981;Over500_2026_P03_-_published:860;Over500_2026_P03_-_published:1150;Over500_2026_P03_-_published:1151;Over500_2026_P03_-_published:1180;Over500_2026_P03_-_published:1187;Over500_2026_P03_-_published:2781;Over500_2026_P03_-_published:841;Over500_2026_P03_-_published:1218;Over500_2026_P03_-_published:1245;Over500_2026_P03_-_published:1246;Over500_2026_P03_-_published:1247;Over500_2026_P03_-_published:1710;Over500_2026_P03_-_published:2801;Over500_2026_P03_-_published:2802;Over500_2026_P03_-_published:2803;Over500_2026_P03_-_published:908;Over500_2026_P03_-_published:909;Over500_2026_P03_-_published:930;Over500_2026_P03_-_published:931;Over500_2026_P04_-_published:1178;Over500_2026_P04_-_published:1200;Over500_2026_P04_-_published:1201;Over500_2026_P04_-_published:1202;Over500_2026_P04_-_published:1248;Over500_2026_P04_-_published:2015;Over500_2026_P04_-_published:917;Over500_2026_P04_-_published:928
25000,NEWBURY AND DISTRICT,Newbury & District Ltd,2026-05-13,2026-06-02,20,7,60078.1,13826.61,general_procurement,Over500_2026_P02_-_published:434;Over500_2026_P02_-_published:440;Over500_2026_P03_-_published:268;Over500_2026_P03_-_published:357;Over500_2026_P03_-_published:171;Over500_2026_P03_-_published:336;Over500_2026_P03_-_published:341
25000,RADIANT CARE HOMES,Radiant Care Homes Ltd.,2026-05-01,2026-05-28,27,5,59975.0,11995.0,placement,Over500_2026_P02_-_published:2020;Over500_2026_P02_-_published:2032;Over500_2026_P02_-_published:2040;Over500_2026_P02_-_published:2106;Over500_2026_P02_-_published:2107
25000,UTOPIA SUPPORTED HOUSING,Utopia Supported Housing Ltd,2026-06-01,2026-06-19,18,6,59439.86,20437.86,placement,Over500_2026_P03_-_published:1922;Over500_2026_P03_-_published:1934;Over500_2026_P03_-_published:3041;Over500_2026_P03_-_published:1992;Over500_2026_P03_-_published:3037;Over500_2026_P03_-_published:1937
25000,CEDAR HOPE CARE SERVICES,Cedar Hope Care Services Ltd,2026-07-03,2026-07-29,26,12,59400.35,10315.52,placement,Over500_2026_P04_-_published:3772;Over500_2026_P04_-_published:3220;Over500_2026_P04_-_published:2433;Over500_2026_P04_-_published:2491;Over500_2026_P04_-_published:2843;Over500_2026_P04_-_published:2874;Over500_2026_P04_-_published:3778;Over500_2026_P04_-_published:3044;Over500_2026_P04_-_published:3690;Over500_2026_P04_-_published:3741;Over500_2026_P04_-_published:2517;Over500_2026_P04_-_published:3230
25000,NOUBLES HEALTHCARE,Noubles Healthcare Ltd,2026-05-01,2026-05-22,21,41,58978.86,4517.96,placement,Over500_2026_P02_-_published:1078;Over500_2026_P02_-_published:1079;Over500_2026_P02_-_published:1080;Over500_2026_P02_-_published:1093;Over500_2026_P02_-_published:1095;Over500_2026_P02_-_published:1096;Over500_2026_P02_-_published:1097;Over500_2026_P02_-_published:1416;Over500_2026_P02_-_published:1991;Over500_2026_P02_-_published:1221;Over500_2026_P02_-_published:1224;Over500_2026_P02_-_published:1225;Over500_2026_P02_-_published:1226;Over500_2026_P02_-_published:1227;Over500_2026_P02_-_published:1228;Over500_2026_P02_-_published:1229;Over500_2026_P02_-_published:1230;Over500_2026_P02_-_published:1231;Over500_2026_P02_-_published:1232;Over500_2026_P02_-_published:1233;Over500_2026_P02_-_published:1234;Over500_2026_P02_-_published:1235;Over500_2026_P02_-_published:1236;Over500_2026_P02_-_published:1237;Over500_2026_P02_-_published:1238;Over500_2026_P02_-_published:1239;Over500_2026_P02_-_published:1240;Over500_2026_P02_-_published:1241;Over500_2026_P02_-_published:1242;Over500_2026_P02_-_published:1243;Over500_2026_P02_-_published:1244;Over500_2026_P02_-_published:1313;Over500_2026_P02_-_published:1615;Over500_2026_P02_-_published:1994;Over500_2026_P02_-_published:896;Over500_2026_P02_-_published:897;Over500_2026_P02_-_published:926;Over500_2026_P02_-_published:1318;Over500_2026_P02_-_published:1325;Over500_2026_P02_-_published:1326;Over500_2026_P02_-_published:1327
25000,PAYPOINT MOBILE AND ONLINE,PAYPOINT MOBILE & ONLINE,2026-06-09,2026-06-09,0,5,58398.66,15451.51,general_procurement,Over500_2026_P03_-_published:2131;Over500_2026_P03_-_published:2132;Over500_2026_P03_-_published:2138;Over500_2026_P03_-_published:2139;Over500_2026_P03_-_published:3081
25000,IV CARE TA GOOD OAKS HOME CARE READING,I.V Care Limited t/a Good Oaks Home Care (Reading),2026-06-10,2026-07-08,28,34,58181.85,5304.0,placement,Over500_2026_P03_-_published:2731;Over500_2026_P03_-_published:857;Over500_2026_P03_-_published:1136;Over500_2026_P03_-_published:1969;Over500_2026_P03_-_published:1161;Over500_2026_P03_-_published:1193;Over500_2026_P03_-_published:1194;Over500_2026_P03_-_published:1258;Over500_2026_P03_-_published:1263;Over500_2026_P03_-_published:1279;Over500_2026_P03_-_published:1304;Over500_2026_P03_-_published:1365;Over500_2026_P03_-_published:1392;Over500_2026_P03_-_published:1432;Over500_2026_P03_-_published:1562;Over500_2026_P03_-_published:2785;Over500_2026_P03_-_published:2786;Over500_2026_P04_-_published:1195;Over500_2026_P04_-_published:1205;Over500_2026_P04_-_published:1206;Over500_2026_P04_-_published:1207;Over500_2026_P04_-_published:1208;Over500_2026_P04_-_published:1221;Over500_2026_P04_-_published:1250;Over500_2026_P04_-_published:1770;Over500_2026_P04_-_published:1863;Over500_2026_P04_-_published:1977;Over500_2026_P04_-_published:1979;Over500_2026_P04_-_published:1980;Over500_2026_P04_-_published:2801;Over500_2026_P04_-_published:2996;Over500_2026_P04_-_published:918;Over500_2026_P04_-_published:1316;Over500_2026_P04_-_published:1317
25000,TOPLINE CARE SOLUTIONS,Topline Care Solutions Ltd,2026-06-10,2026-07-08,28,32,57443.12,4400.64,placement,Over500_2026_P03_-_published:1061;Over500_2026_P03_-_published:1303;Over500_2026_P03_-_published:2864;Over500_2026_P03_-_published:1162;Over500_2026_P03_-_published:1195;Over500_2026_P03_-_published:1223;Over500_2026_P03_-_published:1224;Over500_2026_P03_-_published:1248;Over500_2026_P03_-_published:2699;Over500_2026_P03_-_published:2787;Over500_2026_P03_-_published:2788;Over500_2026_P03_-_published:2789;Over500_2026_P03_-_published:2804;Over500_2026_P03_-_published:2989;Over500_2026_P04_-_published:1196;Over500_2026_P04_-_published:1209;Over500_2026_P04_-_published:1218;Over500_2026_P04_-_published:1769;Over500_2026_P04_-_published:3636;Over500_2026_P04_-_published:1233;Over500_2026_P04_-_published:1234;Over500_2026_P04_-_published:1235;Over500_2026_P04_-_published:1318;Over500_2026_P04_-_published:1319;Over500_2026_P04_-_published:1363;Over500_2026_P04_-_published:1364;Over500_2026_P04_-_published:2048;Over500_2026_P04_-_published:2049;Over500_2026_P04_-_published:2050;Over500_2026_P04_-_published:2051;Over500_2026_P04_-_published:2649;Over500_2026_P04_-_published:2746
25000,FIDELITY HEALTHCARE TA MARLBOROUGH LODGE CARE HOME,Fidelity Healthcare Ltd t/a Marlborough Lodge Care Home,2026-07-08,2026-07-08,0,13,57435.64,6624.0,placement,Over500_2026_P04_-_published:1143;Over500_2026_P04_-_published:1162;Over500_2026_P04_-_published:1955;Over500_2026_P04_-_published:1956;Over500_2026_P04_-_published:1957;Over500_2026_P04_-_published:1967;Over500_2026_P04_-_published:1968;Over500_2026_P04_-_published:2011;Over500_2026_P04_-_published:2682;Over500_2026_P04_-_published:2683;Over500_2026_P04_-_published:2871;Over500_2026_P04_-_published:2912;Over500_2026_P04_-_published:3705
25000,CREATIVE SUPPORT,CREATIVE SUPPORT,2026-07-29,2026-07-29,0,14,56705.2,12670.44,placement,Over500_2026_P04_-_published:2568;Over500_2026_P04_-_published:2604;Over500_2026_P04_-_published:2605;Over500_2026_P04_-_published:2606;Over500_2026_P04_-_published:2607;Over500_2026_P04_-_published:2608;Over500_2026_P04_-_published:2609;Over500_2026_P04_-_published:2632;Over500_2026_P04_-_published:2633;Over500_2026_P04_-_published:2634;Over500_2026_P04_-_published:3478;Over500_2026_P04_-_published:3479;Over500_2026_P04_-_published:3635;Over500_2026_P04_-_published:3697
25000,BROADMEAD RESTHOME,BROADMEAD RESTHOME LTD,2026-05-13,2026-05-13,0,12,55954.48,7012.1,placement,Over500_2026_P02_-_published:1027;Over500_2026_P02_-_published:1028;Over500_2026_P02_-_published:1029;Over500_2026_P02_-_published:1452;Over500_2026_P02_-_published:1512;Over500_2026_P02_-_published:1513;Over500_2026_P02_-_published:1514;Over500_2026_P02_-_published:1969;Over500_2026_P02_-_published:1970;Over500_2026_P02_-_published:1971;Over500_2026_P02_-_published:1972;Over500_2026_P02_-_published:2010
25000,ARCH FUTURES,Arch Futures,2026-07-29,2026-07-29,0,3,55898.88,18648.0,placement,Over500_2026_P04_-_published:2483;Over500_2026_P04_-_published:2512;Over500_2026_P04_-_published:2572
25000,ALL CARE GB,All-Care (GB) Ltd,2026-05-20,2026-06-10,21,67,55536.72,1430.4,placement,Over500_2026_P02_-_published:1222;Over500_2026_P02_-_published:1288;Over500_2026_P02_-_published:1289;Over500_2026_P02_-_published:1290;Over500_2026_P02_-_published:1291;Over500_2026_P02_-_published:1292;Over500_2026_P02_-_published:1293;Over500_2026_P02_-_published:1294;Over500_2026_P02_-_published:1295;Over500_2026_P02_-_published:1296;Over500_2026_P02_-_published:1297;Over500_2026_P02_-_published:1298;Over500_2026_P02_-_published:1409;Over500_2026_P02_-_published:1410;Over500_2026_P02_-_published:1411;Over500_2026_P02_-_published:1412;Over500_2026_P02_-_published:1420;Over500_2026_P02_-_published:1440;Over500_2026_P02_-_published:1611;Over500_2026_P02_-_published:1612;Over500_2026_P02_-_published:1613;Over500_2026_P02_-_published:1614;Over500_2026_P02_-_published:1626;Over500_2026_P02_-_published:1816;Over500_2026_P02_-_published:1817;Over500_2026_P02_-_published:1818;Over500_2026_P02_-_published:1936;Over500_2026_P02_-_published:895;Over500_2026_P02_-_published:903;Over500_2026_P02_-_published:904;Over500_2026_P02_-_published:935;Over500_2026_P02_-_published:936;Over500_2026_P02_-_published:937;Over500_2026_P02_-_published:938;Over500_2026_P02_-_published:939;Over500_2026_P02_-_published:940;Over500_2026_P02_-_published:941;Over500_2026_P02_-_published:1399;Over500_2026_P02_-_published:1400;Over500_2026_P02_-_published:1413;Over500_2026_P02_-_published:1451;Over500_2026_P02_-_published:1942;Over500_2026_P02_-_published:943;Over500_2026_P02_-_published:944;Over500_2026_P02_-_published:945;Over500_2026_P02_-_published:946;Over500_2026_P02_-_published:947;Over500_2026_P02_-_published:920;Over500_2026_P02_-_published:948;Over500_2026_P02_-_published:949;Over500_2026_P02_-_published:950;Over500_2026_P02_-_published:951;Over500_2026_P02_-_published:952;Over500_2026_P03_-_published:1033;Over500_2026_P03_-_published:1265;Over500_2026_P03_-_published:1296;Over500_2026_P03_-_published:1311;Over500_2026_P03_-_published:2829;Over500_2026_P03_-_published:889;Over500_2026_P03_-_published:913;Over500_2026_P03_-_published:971;Over500_2026_P03_-_published:1133;Over500_2026_P03_-_published:1134;Over500_2026_P03_-_published:1143;Over500_2026_P03_-_published:2870;Over500_2026_P03_-_published:2998;Over500_2026_P03_-_published:861
25000,SOUTHERN COACH LINES,SOUTHERN COACH LINES LTD,2026-06-16,2026-06-17,1,16,55531.89,7058.87,general_procurement,Over500_2026_P03_-_published:173;Over500_2026_P03_-_published:174;Over500_2026_P03_-_published:175;Over500_2026_P03_-_published:179;Over500_2026_P03_-_published:211;Over500_2026_P03_-_published:216;Over500_2026_P03_-_published:217;Over500_2026_P03_-_published:218;Over500_2026_P03_-_published:250;Over500_2026_P03_-_published:338;Over500_2026_P03_-_published:180;Over500_2026_P03_-_published:219;Over500_2026_P03_-_published:220;Over500_2026_P03_-_published:248;Over500_2026_P03_-_published:249;Over500_2026_P03_-_published:339
25000,BROADWAY CARS,BROADWAY CARS,2026-07-09,2026-07-13,4,16,55326.19,5487.69,general_procurement,Over500_2026_P04_-_published:184;Over500_2026_P04_-_published:468;Over500_2026_P04_-_published:174;Over500_2026_P04_-_published:177;Over500_2026_P04_-_published:224;Over500_2026_P04_-_published:259;Over500_2026_P04_-_published:260;Over500_2026_P04_-_published:262;Over500_2026_P04_-_published:263;Over500_2026_P04_-_published:264;Over500_2026_P04_-_published:287;Over500_2026_P04_-_published:318;Over500_2026_P04_-_published:447;Over500_2026_P04_-_published:471;Over500_2026_P04_-_published:472;Over500_2026_P04_-_published:474
25000,ARDENT,ARDENT,2026-05-20,2026-06-16,27,6,54630.0,11692.5,general_procurement,Over500_2026_P02_-_published:2189;Over500_2026_P02_-_published:2190;Over500_2026_P02_-_published:2191;Over500_2026_P02_-_published:2192;Over500_2026_P02_-_published:761;Over500_2026_P03_-_published:696
25000,ACHIEVE TOGETHER,Achieve Together Limited,2026-07-08,2026-07-08,0,6,53417.69,15749.29,placement,Over500_2026_P04_-_published:1564;Over500_2026_P04_-_published:2187;Over500_2026_P04_-_published:2941;Over500_2026_P04_-_published:2942;Over500_2026_P04_-_published:651;Over500_2026_P04_-_published:857
25000,CRAEGMOOR EASTROP HOUSE PRIORY GROUP,Craegmoor Eastrop House - Priory Group,2026-05-13,2026-06-10,28,4,52973.76,13494.44,placement,Over500_2026_P02_-_published:1672;Over500_2026_P02_-_published:1673;Over500_2026_P03_-_published:1508;Over500_2026_P03_-_published:1576
25000,DOWNVIEW RESIDENTIAL HOME,DOWNVIEW RESIDENTIAL HOME LIMITED,2026-07-08,2026-07-08,0,9,52622.74,10347.52,placement,Over500_2026_P04_-_published:2134;Over500_2026_P04_-_published:2135;Over500_2026_P04_-_published:2136;Over500_2026_P04_-_published:2163;Over500_2026_P04_-_published:2184;Over500_2026_P04_-_published:2185;Over500_2026_P04_-_published:2715;Over500_2026_P04_-_published:2938;Over500_2026_P04_-_published:2939
25000,STEPPING STONES,STEPPING STONES,2026-05-13,2026-06-10,28,8,52379.24,9579.28,placement,Over500_2026_P02_-_published:1658;Over500_2026_P02_-_published:1659;Over500_2026_P02_-_published:1660;Over500_2026_P02_-_published:1848;Over500_2026_P03_-_published:1469;Over500_2026_P03_-_published:1574;Over500_2026_P03_-_published:1851;Over500_2026_P03_-_published:2896
25000,STROUD COURT COMMUNITY TRUST,STROUD COURT COMMUNITY TRUST,2026-05-13,2026-06-10,28,4,51992.97,18493.12,grant,Over500_2026_P02_-_published:784;Over500_2026_P02_-_published:785;Over500_2026_P03_-_published:756;Over500_2026_P03_-_published:757
25000,NEXT STEP SERVICES,Next Step Services,2026-05-12,2026-06-10,29,20,51990.86,3990.64,placement,Over500_2026_P02_-_published:2049;Over500_2026_P02_-_published:2050;Over500_2026_P02_-_published:2150;Over500_2026_P02_-_published:2151;Over500_2026_P02_-_published:2152;Over500_2026_P02_-_published:2153;Over500_2026_P02_-_published:2154;Over500_2026_P02_-_published:2155;Over500_2026_P02_-_published:2133;Over500_2026_P02_-_published:2134;Over500_2026_P02_-_published:2135;Over500_2026_P02_-_published:2136;Over500_2026_P02_-_published:2137;Over500_2026_P02_-_published:2138;Over500_2026_P02_-_published:2139;Over500_2026_P02_-_published:2140;Over500_2026_P02_-_published:2156;Over500_2026_P02_-_published:2157;Over500_2026_P03_-_published:2051;Over500_2026_P03_-_published:3068
25000,ADDRESS ENTERPRISE,Address Enterprise Ltd,2026-05-01,2026-05-27,26,25,51946.48,4535.52,placement,Over500_2026_P02_-_published:876;Over500_2026_P02_-_published:880;Over500_2026_P02_-_published:1161;Over500_2026_P02_-_published:1162;Over500_2026_P02_-_published:1188;Over500_2026_P02_-_published:1189;Over500_2026_P02_-_published:1190;Over500_2026_P02_-_published:1191;Over500_2026_P02_-_published:1252;Over500_2026_P02_-_published:1253;Over500_2026_P02_-_published:1254;Over500_2026_P02_-_published:1299;Over500_2026_P02_-_published:1300;Over500_2026_P02_-_published:1301;Over500_2026_P02_-_published:1302;Over500_2026_P02_-_published:1437;Over500_2026_P02_-_published:900;Over500_2026_P02_-_published:905;Over500_2026_P02_-_published:906;Over500_2026_P02_-_published:907;Over500_2026_P02_-_published:1341;Over500_2026_P02_-_published:1342;Over500_2026_P02_-_published:913;Over500_2026_P02_-_published:1813;Over500_2026_P02_-_published:921
25000,HEALTHCARE HOMES SPRING LADYMEAD CARE HOME,Healthcare Homes (Spring) Ltd - Ladymead Care Home,2026-05-13,2026-06-10,28,12,50862.26,5195.68,placement,Over500_2026_P02_-_published:1001;Over500_2026_P02_-_published:1002;Over500_2026_P02_-_published:1003;Over500_2026_P02_-_published:1061;Over500_2026_P02_-_published:1488;Over500_2026_P02_-_published:1489;Over500_2026_P03_-_published:1008;Over500_2026_P03_-_published:1009;Over500_2026_P03_-_published:1332;Over500_2026_P03_-_published:1333;Over500_2026_P03_-_published:927;Over500_2026_P03_-_published:958
25000,FOCUS SUPPORT,FOCUS SUPPORT LTD,2026-07-15,2026-07-29,14,13,50258.58,10873.8,placement,Over500_2026_P04_-_published:2424;Over500_2026_P04_-_published:2705;Over500_2026_P04_-_published:2743;Over500_2026_P04_-_published:2764;Over500_2026_P04_-_published:3030;Over500_2026_P04_-_published:3631;Over500_2026_P04_-_published:3632;Over500_2026_P04_-_published:3039;Over500_2026_P04_-_published:2569;Over500_2026_P04_-_published:2610;Over500_2026_P04_-_published:2636;Over500_2026_P04_-_published:2706;Over500_2026_P04_-_published:2866
25000,AFFINITY TRUST SUPPORT,Affinity Trust Support Ltd,2026-05-13,2026-06-03,21,27,50239.09,14140.97,placement,Over500_2026_P02_-_published:1720;Over500_2026_P02_-_published:1722;Over500_2026_P02_-_published:1723;Over500_2026_P02_-_published:1724;Over500_2026_P02_-_published:2016;Over500_2026_P02_-_published:2017;Over500_2026_P02_-_published:1862;Over500_2026_P02_-_published:1802;Over500_2026_P02_-_published:1803;Over500_2026_P02_-_published:1804;Over500_2026_P03_-_published:1447;Over500_2026_P03_-_published:1450;Over500_2026_P03_-_published:1518;Over500_2026_P03_-_published:1521;Over500_2026_P03_-_published:1522;Over500_2026_P03_-_published:1523;Over500_2026_P03_-_published:1524;Over500_2026_P03_-_published:1525;Over500_2026_P03_-_published:1609;Over500_2026_P03_-_published:1611;Over500_2026_P03_-_published:1612;Over500_2026_P03_-_published:1613;Over500_2026_P03_-_published:1614;Over500_2026_P03_-_published:2920;Over500_2026_P03_-_published:2921;Over500_2026_P03_-_published:2922;Over500_2026_P03_-_published:2923
25000,HOME FRONT,Home Front Ltd,2026-06-09,2026-06-25,16,3,50196.78,17160.76,general_procurement,Over500_2026_P03_-_published:667;Over500_2026_P03_-_published:679;Over500_2026_P03_-_published:697
25000,RESPONSE ORGANISATION,RESPONSE ORGANISATION,2026-07-15,2026-07-29,14,17,49843.08,5317.76,grant,Over500_2026_P04_-_published:1514;Over500_2026_P04_-_published:1515;Over500_2026_P04_-_published:1516;Over500_2026_P04_-_published:1519;Over500_2026_P04_-_published:2839;Over500_2026_P04_-_published:3682;Over500_2026_P04_-_published:717;Over500_2026_P04_-_published:718;Over500_2026_P04_-_published:852;Over500_2026_P04_-_published:880;Over500_2026_P04_-_published:881;Over500_2026_P04_-_published:1517;Over500_2026_P04_-_published:882;Over500_2026_P04_-_published:1518;Over500_2026_P04_-_published:2867;Over500_2026_P04_-_published:2905;Over500_2026_P04_-_published:883
25000,TOP CLASS QUALITY SERVICES,Top Class Quality Services Ltd,2026-06-10,2026-07-08,28,10,49824.0,5529.6,placement,Over500_2026_P03_-_published:1115;Over500_2026_P03_-_published:1203;Over500_2026_P03_-_published:1559;Over500_2026_P03_-_published:1560;Over500_2026_P03_-_published:2880;Over500_2026_P04_-_published:1315;Over500_2026_P04_-_published:1362;Over500_2026_P04_-_published:1983;Over500_2026_P04_-_published:1984;Over500_2026_P04_-_published:2020
25000,YOUR SERENITY,Your Serenity Ltd,2026-07-01,2026-07-29,28,38,49340.87,3165.04,placement,Over500_2026_P04_-_published:1150;Over500_2026_P04_-_published:1167;Over500_2026_P04_-_published:1168;Over500_2026_P04_-_published:1169;Over500_2026_P04_-_published:1170;Over500_2026_P04_-_published:1171;Over500_2026_P04_-_published:1194;Over500_2026_P04_-_published:1776;Over500_2026_P04_-_published:1857;Over500_2026_P04_-_published:1858;Over500_2026_P04_-_published:2916;Over500_2026_P04_-_published:3644;Over500_2026_P04_-_published:890;Over500_2026_P04_-_published:1227;Over500_2026_P04_-_published:1254;Over500_2026_P04_-_published:1815;Over500_2026_P04_-_published:2047;Over500_2026_P04_-_published:3711;Over500_2026_P04_-_published:929;Over500_2026_P04_-_published:1467;Over500_2026_P04_-_published:1468;Over500_2026_P04_-_published:2086;Over500_2026_P04_-_published:2837;Over500_2026_P04_-_published:1538;Over500_2026_P04_-_published:1539;Over500_2026_P04_-_published:1535;Over500_2026_P04_-_published:1547;Over500_2026_P04_-_published:1593;Over500_2026_P04_-_published:1594;Over500_2026_P04_-_published:1595;Over500_2026_P04_-_published:1619;Over500_2026_P04_-_published:1639;Over500_2026_P04_-_published:1640;Over500_2026_P04_-_published:1745;Over500_2026_P04_-_published:1799;Over500_2026_P04_-_published:2290;Over500_2026_P04_-_published:2291;Over500_2026_P04_-_published:3714
25000,HOUSING CARE 21,HOUSING CARE 21,2026-05-13,2026-06-10,28,23,49238.75,3663.58,placement,Over500_2026_P02_-_published:1366;Over500_2026_P02_-_published:1367;Over500_2026_P02_-_published:1368;Over500_2026_P02_-_published:1369;Over500_2026_P02_-_published:1370;Over500_2026_P02_-_published:1371;Over500_2026_P02_-_published:1372;Over500_2026_P02_-_published:1373;Over500_2026_P02_-_published:1374;Over500_2026_P02_-_published:1375;Over500_2026_P02_-_published:1378;Over500_2026_P02_-_published:1379;Over500_2026_P02_-_published:1380;Over500_2026_P02_-_published:1381;Over500_2026_P02_-_published:1382;Over500_2026_P02_-_published:1383;Over500_2026_P02_-_published:1384;Over500_2026_P02_-_published:1385;Over500_2026_P02_-_published:1386;Over500_2026_P02_-_published:1387;Over500_2026_P02_-_published:1388;Over500_2026_P03_-_published:1260;Over500_2026_P03_-_published:1290
25000,FLOURISHING FAMILIES ASSESSMENT SERVICE,Flourishing Families Assessment Service Ltd.,2026-05-08,2026-06-03,26,8,48817.85,6550.0,placement,Over500_2026_P02_-_published:2047;Over500_2026_P02_-_published:2048;Over500_2026_P02_-_published:2109;Over500_2026_P03_-_published:1941;Over500_2026_P03_-_published:2013;Over500_2026_P03_-_published:2014;Over500_2026_P03_-_published:3049;Over500_2026_P03_-_published:3050
25000,CEDAR HOPE CARE SERVICES,Cedar Hope Care Services Ltd,2026-05-01,2026-05-22,21,12,48616.07,10902.1,placement,Over500_2026_P02_-_published:1882;Over500_2026_P02_-_published:1761;Over500_2026_P02_-_published:2146;Over500_2026_P02_-_published:1783;Over500_2026_P02_-_published:1784;Over500_2026_P02_-_published:1785;Over500_2026_P02_-_published:1786;Over500_2026_P02_-_published:1787;Over500_2026_P02_-_published:1826;Over500_2026_P02_-_published:1827;Over500_2026_P02_-_published:1828;Over500_2026_P02_-_published:1829
25000,TEONFA,Teonfa Ltd,2026-06-17,2026-07-15,28,36,48531.98,5354.2,placement,Over500_2026_P03_-_published:863;Over500_2026_P03_-_published:1204;Over500_2026_P03_-_published:1205;Over500_2026_P03_-_published:1206;Over500_2026_P03_-_published:1216;Over500_2026_P03_-_published:1217;Over500_2026_P03_-_published:1233;Over500_2026_P03_-_published:1234;Over500_2026_P03_-_published:1239;Over500_2026_P03_-_published:1394;Over500_2026_P03_-_published:2797;Over500_2026_P03_-_published:2798;Over500_2026_P03_-_published:845;Over500_2026_P04_-_published:1027;Over500_2026_P04_-_published:1148;Over500_2026_P04_-_published:1165;Over500_2026_P04_-_published:1243;Over500_2026_P04_-_published:1862;Over500_2026_P04_-_published:1976;Over500_2026_P04_-_published:2129;Over500_2026_P04_-_published:2130;Over500_2026_P04_-_published:2686;Over500_2026_P04_-_published:2687;Over500_2026_P04_-_published:1436;Over500_2026_P04_-_published:1437;Over500_2026_P04_-_published:1438;Over500_2026_P04_-_published:1439;Over500_2026_P04_-_published:1501;Over500_2026_P04_-_published:1522;Over500_2026_P04_-_published:1523;Over500_2026_P04_-_published:1990;Over500_2026_P04_-_published:2177;Over500_2026_P04_-_published:2207;Over500_2026_P04_-_published:2807;Over500_2026_P04_-_published:949;Over500_2026_P04_-_published:950
25000,SUNLIGHT HOMECARE SERVICES,Sunlight Homecare Services Ltd,2026-06-10,2026-07-08,28,12,48281.66,5375.64,placement,Over500_2026_P03_-_published:1451;Over500_2026_P03_-_published:1577;Over500_2026_P03_-_published:1578;Over500_2026_P03_-_published:1804;Over500_2026_P03_-_published:3030;Over500_2026_P03_-_published:1714;Over500_2026_P03_-_published:2954;Over500_2026_P04_-_published:2310;Over500_2026_P04_-_published:2392;Over500_2026_P04_-_published:2988;Over500_2026_P04_-_published:3002;Over500_2026_P04_-_published:3566
25000,ISP CHILDCARE,ISP Childcare Ltd,2026-05-27,2026-06-25,29,8,48164.38,6749.63,placement,Over500_2026_P02_-_published:2115;Over500_2026_P02_-_published:2116;Over500_2026_P02_-_published:2117;Over500_2026_P02_-_published:2118;Over500_2026_P03_-_published:2022;Over500_2026_P03_-_published:2023;Over500_2026_P03_-_published:2045;Over500_2026_P03_-_published:3060
25000,RADIANT CARE HOMES,Radiant Care Homes Ltd.,2026-06-16,2026-07-15,29,4,47980.0,11995.0,placement,Over500_2026_P03_-_published:2030;Over500_2026_P03_-_published:1939;Over500_2026_P04_-_published:3078;Over500_2026_P04_-_published:3062
25000,MMCG 2,MMCG (2) Limited,2026-05-13,2026-06-10,28,10,47792.29,5435.84,placement,Over500_2026_P02_-_published:1485;Over500_2026_P02_-_published:1833;Over500_2026_P02_-_published:997;Over500_2026_P02_-_published:998;Over500_2026_P02_-_published:999;Over500_2026_P03_-_published:1007;Over500_2026_P03_-_published:1846;Over500_2026_P03_-_published:2707;Over500_2026_P03_-_published:2840;Over500_2026_P03_-_published:902
25000,COMPASS EXECUTIVE CARS UK,COMPASS EXECUTIVE CARS (UK) LTD,2026-07-15,2026-07-30,15,22,47539.5,4455.0,general_procurement,Over500_2026_P04_-_published:155;Over500_2026_P04_-_published:161;Over500_2026_P04_-_published:170;Over500_2026_P04_-_published:188;Over500_2026_P04_-_published:235;Over500_2026_P04_-_published:429;Over500_2026_P04_-_published:431;Over500_2026_P04_-_published:477;Over500_2026_P04_-_published:162;Over500_2026_P04_-_published:171;Over500_2026_P04_-_published:341;Over500_2026_P04_-_published:478;Over500_2026_P04_-_published:1026;Over500_2026_P04_-_published:227;Over500_2026_P04_-_published:239;Over500_2026_P04_-_published:228;Over500_2026_P04_-_published:164;Over500_2026_P04_-_published:281;Over500_2026_P04_-_published:308;Over500_2026_P04_-_published:329;Over500_2026_P04_-_published:288;Over500_2026_P04_-_published:333
25000,PORTHAVEN CARE HOMES NO3 FALKLAND GRANGE,Porthaven Care Homes No3 - Falkland Grange,2026-05-13,2026-06-10,28,8,47519.98,8580.44,placement,Over500_2026_P02_-_published:1000;Over500_2026_P02_-_published:1060;Over500_2026_P02_-_published:1487;Over500_2026_P02_-_published:1558;Over500_2026_P03_-_published:1474;Over500_2026_P03_-_published:2856;Over500_2026_P03_-_published:926;Over500_2026_P03_-_published:985
25000,AURORA FE TA AURORA FOXES,Aurora FE Ltd T/A Aurora Foxes,2026-07-15,2026-07-15,0,4,47363.17,16412.8,placement,Over500_2026_P04_-_published:2708;Over500_2026_P04_-_published:3333;Over500_2026_P04_-_published:3568;Over500_2026_P04_-_published:3813
25000,SIKANDAR HAYAT TA PROMPT CARS,Sikandar Hayat t/a Prompt Cars,2026-05-06,2026-06-04,29,16,46658.5,17607.5,general_procurement,Over500_2026_P02_-_published:235;Over500_2026_P02_-_published:236;Over500_2026_P02_-_published:311;Over500_2026_P02_-_published:356;Over500_2026_P02_-_published:398;Over500_2026_P02_-_published:269;Over500_2026_P02_-_published:222;Over500_2026_P02_-_published:223;Over500_2026_P02_-_published:224;Over500_2026_P03_-_published:157;Over500_2026_P03_-_published:162;Over500_2026_P03_-_published:208;Over500_2026_P03_-_published:209;Over500_2026_P03_-_published:239;Over500_2026_P03_-_published:254;Over500_2026_P03_-_published:345
25000,SUMMIT CONTRACTORS BUILD,SUMMIT CONTRACTORS BUILD LTD,2026-05-18,2026-06-16,29,4,46568.55,18425.0,general_procurement,Over500_2026_P02_-_published:747;Over500_2026_P03_-_published:735;Over500_2026_P03_-_published:736;Over500_2026_P03_-_published:712
25000,CHILTERN WAY ACADEMY,CHILTERN WAY ACADEMY,2026-06-30,2026-07-03,3,22,46562.36,2620.56,placement,Over500_2026_P03_-_published:2151;Over500_2026_P03_-_published:2152;Over500_2026_P03_-_published:2153;Over500_2026_P03_-_published:2181;Over500_2026_P03_-_published:2221;Over500_2026_P03_-_published:2222;Over500_2026_P03_-_published:2223;Over500_2026_P03_-_published:2224;Over500_2026_P03_-_published:2225;Over500_2026_P03_-_published:3093;Over500_2026_P03_-_published:3094;Over500_2026_P03_-_published:3095;Over500_2026_P03_-_published:3096;Over500_2026_P03_-_published:3097;Over500_2026_P04_-_published:3202;Over500_2026_P04_-_published:3271;Over500_2026_P04_-_published:3272;Over500_2026_P04_-_published:3273;Over500_2026_P04_-_published:3313;Over500_2026_P04_-_published:3795;Over500_2026_P04_-_published:3796;Over500_2026_P04_-_published:3797
25000,R AND A HAINES BUILDING CONTRACTORS,R&A Haines Building Contractors,2026-05-12,2026-06-09,28,5,46441.88,20332.89,general_procurement,Over500_2026_P02_-_published:743;Over500_2026_P02_-_published:751;Over500_2026_P03_-_published:688;Over500_2026_P03_-_published:733;Over500_2026_P03_-_published:709
25000,FLOURISHING FAMILIES ASSESSMENT SERVICE,Flourishing Families Assessment Service Ltd.,2026-06-16,2026-07-14,28,8,45850.0,6550.0,placement,Over500_2026_P03_-_published:2036;Over500_2026_P03_-_published:3051;Over500_2026_P03_-_published:3052;Over500_2026_P04_-_published:3120;Over500_2026_P04_-_published:3097;Over500_2026_P04_-_published:3121;Over500_2026_P04_-_published:3166;Over500_2026_P04_-_published:3758
25000,CARETECH COMMUNITY SERVICES L,CARETECH COMMUNITY SERVICES L,2026-06-24,2026-07-15,21,9,45788.08,9209.4,placement,Over500_2026_P03_-_published:1585;Over500_2026_P03_-_published:1601;Over500_2026_P03_-_published:2909;Over500_2026_P04_-_published:2172;Over500_2026_P04_-_published:2195;Over500_2026_P04_-_published:2145;Over500_2026_P04_-_published:2397;Over500_2026_P04_-_published:2407;Over500_2026_P04_-_published:3031
25000,BOLINDA UK,Bolinda UK Ltd,2026-05-01,2026-05-21,20,5,45000.0,12000.0,general_procurement,Over500_2026_P02_-_published:677;Over500_2026_P02_-_published:678;Over500_2026_P02_-_published:679;Over500_2026_P02_-_published:680;Over500_2026_P02_-_published:648
25000,BLEEP 360 CARE,Bleep 360 Care Limited,2026-07-01,2026-07-01,0,2,44961.01,22849.04,placement,Over500_2026_P04_-_published:2244;Over500_2026_P04_-_published:2262
25000,PURLEY PARK TRUST,PURLEY PARK TRUST LTD,2026-07-29,2026-07-29,0,15,44375.49,7995.84,placement,Over500_2026_P04_-_published:1424;Over500_2026_P04_-_published:2489;Over500_2026_P04_-_published:2490;Over500_2026_P04_-_published:2527;Over500_2026_P04_-_published:2576;Over500_2026_P04_-_published:2577;Over500_2026_P04_-_published:2600;Over500_2026_P04_-_published:2601;Over500_2026_P04_-_published:2602;Over500_2026_P04_-_published:2611;Over500_2026_P04_-_published:2690;Over500_2026_P04_-_published:2691;Over500_2026_P04_-_published:3368;Over500_2026_P04_-_published:3369;Over500_2026_P04_-_published:3370
25000,CARE OUTLOOK,Care Outlook Ltd,2026-05-20,2026-06-17,28,35,44038.69,3120.56,placement,Over500_2026_P02_-_published:1389;Over500_2026_P02_-_published:1390;Over500_2026_P02_-_published:1392;Over500_2026_P02_-_published:1393;Over500_2026_P02_-_published:1394;Over500_2026_P02_-_published:1395;Over500_2026_P02_-_published:1396;Over500_2026_P02_-_published:1397;Over500_2026_P02_-_published:1398;Over500_2026_P02_-_published:1439;Over500_2026_P02_-_published:1449;Over500_2026_P02_-_published:1622;Over500_2026_P02_-_published:1623;Over500_2026_P02_-_published:1624;Over500_2026_P02_-_published:928;Over500_2026_P02_-_published:929;Over500_2026_P02_-_published:930;Over500_2026_P02_-_published:1402;Over500_2026_P02_-_published:1403;Over500_2026_P02_-_published:1450;Over500_2026_P02_-_published:1625;Over500_2026_P02_-_published:932;Over500_2026_P02_-_published:1404;Over500_2026_P02_-_published:1405;Over500_2026_P02_-_published:1406;Over500_2026_P02_-_published:1407;Over500_2026_P02_-_published:1860;Over500_2026_P03_-_published:1266;Over500_2026_P03_-_published:1282;Over500_2026_P03_-_published:848;Over500_2026_P03_-_published:1763;Over500_2026_P03_-_published:1269;Over500_2026_P03_-_published:1291;Over500_2026_P03_-_published:1584;Over500_2026_P03_-_published:2886
25000,R AND A HAINES BUILDING CONTRACTORS,R&A Haines Building Contractors,2026-06-30,2026-07-22,22,4,43915.9,18707.55,general_procurement,Over500_2026_P03_-_published:740;Over500_2026_P03_-_published:742;Over500_2026_P04_-_published:628;Over500_2026_P04_-_published:833
25000,PANGBOURNE DAY NURSERY,PANGBOURNE DAY NURSERY,2026-06-30,2026-07-27,27,2,43869.87,21934.94,grant,Over500_2026_P03_-_published:609;Over500_2026_P04_-_published:567
25000,PRIORITY SERVICES4U,Priority Services4u Ltd,2026-05-13,2026-05-13,0,6,43446.36,17277.45,placement,Over500_2026_P02_-_published:1721;Over500_2026_P02_-_published:1725;Over500_2026_P02_-_published:1741;Over500_2026_P02_-_published:1742;Over500_2026_P02_-_published:1743;Over500_2026_P02_-_published:1821
25000,FOR FAMILIES,For Families Ltd,2026-06-16,2026-07-08,22,2,43135.7,21921.42,placement,Over500_2026_P03_-_published:2015;Over500_2026_P04_-_published:3757
25000,ENRICHED CARE SUPPORT SERVICES,Enriched Care Support Services Ltd,2026-06-10,2026-06-24,14,10,43036.07,9031.32,placement,Over500_2026_P03_-_published:2999;Over500_2026_P03_-_published:1816;Over500_2026_P03_-_published:1817;Over500_2026_P03_-_published:1870;Over500_2026_P03_-_published:1909;Over500_2026_P03_-_published:1953;Over500_2026_P03_-_published:1954;Over500_2026_P03_-_published:1955;Over500_2026_P03_-_published:2952;Over500_2026_P03_-_published:3029
25000,OPTALIS,OPTALIS LTD,2026-07-08,2026-07-08,0,7,42642.0,6210.0,placement,Over500_2026_P04_-_published:1044;Over500_2026_P04_-_published:1139;Over500_2026_P04_-_published:1909;Over500_2026_P04_-_published:1933;Over500_2026_P04_-_published:1934;Over500_2026_P04_-_published:2667;Over500_2026_P04_-_published:2668
25000,POTENSIAL,Potensial Limited,2026-06-24,2026-07-15,21,8,41712.98,6869.42,placement,Over500_2026_P03_-_published:1819;Over500_2026_P04_-_published:2311;Over500_2026_P04_-_published:2312;Over500_2026_P04_-_published:2349;Over500_2026_P04_-_published:2788;Over500_2026_P04_-_published:2829;Over500_2026_P04_-_published:2987;Over500_2026_P04_-_published:2425
25000,LVS OXFORD,LVS Oxford,2026-07-13,2026-07-14,1,2,41680.66,20936.0,placement,Over500_2026_P04_-_published:3326;Over500_2026_P04_-_published:3327
25000,ENRICHED CARE SUPPORT SERVICES,Enriched Care Support Services Ltd,2026-07-15,2026-07-15,0,10,41652.94,8739.21,placement,Over500_2026_P04_-_published:2447;Over500_2026_P04_-_published:2798;Over500_2026_P04_-_published:2799;Over500_2026_P04_-_published:2851;Over500_2026_P04_-_published:2852;Over500_2026_P04_-_published:2853;Over500_2026_P04_-_published:2854;Over500_2026_P04_-_published:2994;Over500_2026_P04_-_published:2995;Over500_2026_P04_-_published:3686
25000,NEC SOFTWARE SOLUTIONS UK,NEC SOFTWARE SOLUTIONS UK LIMITED,2026-07-21,2026-07-28,7,7,41575.42,15094.0,general_procurement,Over500_2026_P04_-_published:427;Over500_2026_P04_-_published:488;Over500_2026_P04_-_published:489;Over500_2026_P04_-_published:493;Over500_2026_P04_-_published:904;Over500_2026_P04_-_published:494;Over500_2026_P04_-_published:906
25000,DJ TRAVEL,D J TRAVEL,2026-05-06,2026-06-04,29,10,41520.32,6700.0,general_procurement,Over500_2026_P02_-_published:934;Over500_2026_P02_-_published:217;Over500_2026_P02_-_published:218;Over500_2026_P02_-_published:219;Over500_2026_P02_-_published:315;Over500_2026_P02_-_published:942;Over500_2026_P03_-_published:155;Over500_2026_P03_-_published:244;Over500_2026_P03_-_published:156;Over500_2026_P03_-_published:159
25000,CAMBIAN AUTISM SERVICES,CAMBIAN AUTISM SERVICES LIMITED,2026-07-03,2026-07-16,13,3,41381.41,18848.22,placement,Over500_2026_P04_-_published:3136;Over500_2026_P04_-_published:3770;Over500_2026_P04_-_published:3284
25000,BEST PINNACLE CARE,Best Pinnacle Care Ltd,2026-06-24,2026-07-15,21,22,41132.69,2921.28,placement,Over500_2026_P03_-_published:1189;Over500_2026_P03_-_published:1389;Over500_2026_P03_-_published:1769;Over500_2026_P03_-_published:2916;Over500_2026_P03_-_published:2917;Over500_2026_P03_-_published:2980;Over500_2026_P03_-_published:865;Over500_2026_P04_-_published:1166;Over500_2026_P04_-_published:2702;Over500_2026_P04_-_published:2741;Over500_2026_P04_-_published:2769;Over500_2026_P04_-_published:1457;Over500_2026_P04_-_published:1458;Over500_2026_P04_-_published:2032;Over500_2026_P04_-_published:2218;Over500_2026_P04_-_published:2236;Over500_2026_P04_-_published:2719;Over500_2026_P04_-_published:2721;Over500_2026_P04_-_published:2722;Over500_2026_P04_-_published:3628;Over500_2026_P04_-_published:3638;Over500_2026_P04_-_published:936
25000,POTENSIAL,Potensial Limited,2026-05-20,2026-06-17,28,10,40825.01,6289.37,placement,Over500_2026_P02_-_published:1769;Over500_2026_P02_-_published:1770;Over500_2026_P02_-_published:1771;Over500_2026_P02_-_published:1937;Over500_2026_P02_-_published:1941;Over500_2026_P03_-_published:1808;Over500_2026_P03_-_published:1809;Over500_2026_P03_-_published:1886;Over500_2026_P03_-_published:3005;Over500_2026_P03_-_published:3006
25000,CONTINENTAL LANDSCAPES,Continental Landscapes Ltd,2026-05-21,2026-05-27,6,7,40818.65,12437.95,premises,Over500_2026_P02_-_published:177;Over500_2026_P02_-_published:179;Over500_2026_P02_-_published:180;Over500_2026_P02_-_published:181;Over500_2026_P02_-_published:182;Over500_2026_P02_-_published:183;Over500_2026_P02_-_published:198
25000,CANARY CARE SERVICES,Canary Care Services Ltd,2026-05-20,2026-06-17,28,9,40748.32,5280.48,placement,Over500_2026_P02_-_published:1223;Over500_2026_P02_-_published:1391;Over500_2026_P02_-_published:1603;Over500_2026_P02_-_published:1604;Over500_2026_P02_-_published:1324;Over500_2026_P03_-_published:1029;Over500_2026_P03_-_published:1426;Over500_2026_P03_-_published:965;Over500_2026_P03_-_published:1173
25000,GLEN CLEANING COMPANY,Glen Cleaning Company Ltd,2026-05-05,2026-06-03,29,29,40723.69,5829.96,premises,Over500_2026_P02_-_published:148;Over500_2026_P02_-_published:150;Over500_2026_P02_-_published:154;Over500_2026_P02_-_published:155;Over500_2026_P02_-_published:158;Over500_2026_P02_-_published:163;Over500_2026_P02_-_published:165;Over500_2026_P02_-_published:151;Over500_2026_P02_-_published:156;Over500_2026_P02_-_published:161;Over500_2026_P02_-_published:146;Over500_2026_P02_-_published:162;Over500_2026_P02_-_published:164;Over500_2026_P02_-_published:166;Over500_2026_P02_-_published:147;Over500_2026_P02_-_published:167;Over500_2026_P02_-_published:168;Over500_2026_P02_-_published:173;Over500_2026_P02_-_published:175;Over500_2026_P02_-_published:157;Over500_2026_P02_-_published:159;Over500_2026_P02_-_published:176;Over500_2026_P02_-_published:149;Over500_2026_P02_-_published:152;Over500_2026_P02_-_published:153;Over500_2026_P02_-_published:160;Over500_2026_P02_-_published:174;Over500_2026_P03_-_published:131;Over500_2026_P03_-_published:135
25000,BUCKINGHAMSHIRE COLLEGE GROUP IS A TRADING NAME OF AYLESBURY COLLEGE,Buckinghamshire College Group is a trading name of Aylesbury College,2026-07-02,2026-07-02,0,6,40031.79,13193.59,placement,Over500_2026_P04_-_published:3251;Over500_2026_P04_-_published:3285;Over500_2026_P04_-_published:3286;Over500_2026_P04_-_published:3331;Over500_2026_P04_-_published:3810;Over500_2026_P04_-_published:3811
25000,EW BEARD,E W BEARD LTD,2026-07-17,2026-07-29,12,3,39500.45,18048.0,placement,Over500_2026_P04_-_published:730;Over500_2026_P04_-_published:595;Over500_2026_P04_-_published:729
25000,FRONTISTI SERVICES,Frontisti Services Limited,2026-07-15,2026-07-29,14,4,39416.36,12852.0,placement,Over500_2026_P04_-_published:1782;Over500_2026_P04_-_published:1767;Over500_2026_P04_-_published:1800;Over500_2026_P04_-_published:3698
25000,OXFORD ARCHITECTS,OXFORD ARCHITECTS LLP,2026-06-25,2026-07-24,29,8,39405.0,10400.0,general_procurement,Over500_2026_P03_-_published:2414;Over500_2026_P03_-_published:717;Over500_2026_P04_-_published:837;Over500_2026_P04_-_published:745;Over500_2026_P04_-_published:758;Over500_2026_P04_-_published:839;Over500_2026_P04_-_published:636;Over500_2026_P04_-_published:755
25000,DEVCOMMS SOUTH EAST,DevComms South East Ltd,2026-05-12,2026-05-13,1,2,38785.3,24227.07,general_procurement,Over500_2026_P02_-_published:560;Over500_2026_P02_-_published:561
25000,SWAN ADVOCACY,Swan Advocacy,2026-05-29,2026-06-16,18,6,38412.0,7178.24,grant,Over500_2026_P02_-_published:543;Over500_2026_P02_-_published:853;Over500_2026_P03_-_published:443;Over500_2026_P03_-_published:817;Over500_2026_P03_-_published:442;Over500_2026_P03_-_published:818
25000,FLORENCE CARE READING,Florence Care Reading Ltd,2026-07-08,2026-07-08,0,7,38407.14,6210.0,placement,Over500_2026_P04_-_published:1047;Over500_2026_P04_-_published:1125;Over500_2026_P04_-_published:1837;Over500_2026_P04_-_published:1872;Over500_2026_P04_-_published:1915;Over500_2026_P04_-_published:1971;Over500_2026_P04_-_published:3729
25000,UTOPIA SUPPORTED HOUSING,Utopia Supported Housing Ltd,2026-07-09,2026-07-23,14,3,38354.59,24383.88,placement,Over500_2026_P04_-_published:3059;Over500_2026_P04_-_published:3751;Over500_2026_P04_-_published:3073
25000,BLOOMFIELD CARE,Bloomfield Care Ltd,2026-07-01,2026-07-29,28,18,38326.28,8695.68,placement,Over500_2026_P04_-_published:1198;Over500_2026_P04_-_published:1859;Over500_2026_P04_-_published:1348;Over500_2026_P04_-_published:1440;Over500_2026_P04_-_published:1454;Over500_2026_P04_-_published:1794;Over500_2026_P04_-_published:2083;Over500_2026_P04_-_published:2095;Over500_2026_P04_-_published:1534;Over500_2026_P04_-_published:1874;Over500_2026_P04_-_published:2273;Over500_2026_P04_-_published:2526;Over500_2026_P04_-_published:1537;Over500_2026_P04_-_published:1625;Over500_2026_P04_-_published:1875;Over500_2026_P04_-_published:1876;Over500_2026_P04_-_published:2280;Over500_2026_P04_-_published:2281
25000,RESPONSE ORGANISATION,RESPONSE ORGANISATION,2026-05-01,2026-05-27,26,17,38262.01,3900.48,grant,Over500_2026_P02_-_published:833;Over500_2026_P02_-_published:834;Over500_2026_P02_-_published:835;Over500_2026_P02_-_published:836;Over500_2026_P02_-_published:837;Over500_2026_P02_-_published:838;Over500_2026_P02_-_published:839;Over500_2026_P02_-_published:844;Over500_2026_P02_-_published:845;Over500_2026_P02_-_published:846;Over500_2026_P02_-_published:847;Over500_2026_P02_-_published:848;Over500_2026_P02_-_published:849;Over500_2026_P02_-_published:840;Over500_2026_P02_-_published:850;Over500_2026_P02_-_published:1950;Over500_2026_P02_-_published:1951
25000,BAILEYS OF NEWBURY,BAILEYS OF NEWBURY,2026-07-08,2026-07-29,21,13,38028.8,6592.17,general_procurement,Over500_2026_P04_-_published:180;Over500_2026_P04_-_published:252;Over500_2026_P04_-_published:247;Over500_2026_P04_-_published:186;Over500_2026_P04_-_published:254;Over500_2026_P04_-_published:187;Over500_2026_P04_-_published:453;Over500_2026_P04_-_published:454;Over500_2026_P04_-_published:255;Over500_2026_P04_-_published:256;Over500_2026_P04_-_published:306;Over500_2026_P04_-_published:307;Over500_2026_P04_-_published:458
25000,AMEGREEN CHILDRENS SERVICES,Amegreen Childrens Services,2026-07-23,2026-07-24,1,2,37642.99,18821.65,placement,Over500_2026_P04_-_published:3739;Over500_2026_P04_-_published:3068
25000,CAMBIAN SIGN POST,Cambian Sign Post Ltd,2026-07-08,2026-07-08,0,2,37276.36,19619.12,placement,Over500_2026_P04_-_published:1885;Over500_2026_P04_-_published:2137
25000,INSIGHT DIRECT UK,INSIGHT DIRECT (UK) LTD,2026-07-01,2026-07-02,1,3,37014.07,17804.95,general_procurement,Over500_2026_P04_-_published:907;Over500_2026_P04_-_published:499;Over500_2026_P04_-_published:908
25000,WEMYSS LODGE,Wemyss Lodge Ltd,2026-05-13,2026-06-10,28,6,36295.79,10971.0,placement,Over500_2026_P02_-_published:1493;Over500_2026_P02_-_published:1494;Over500_2026_P02_-_published:1965;Over500_2026_P03_-_published:1334;Over500_2026_P03_-_published:1476;Over500_2026_P03_-_published:3021
25000,STEP BY STEP PARTNERSHIP,STEP BY STEP PARTNERSHIP LTD,2026-05-18,2026-06-12,25,33,36170.36,7361.68,placement,Over500_2026_P02_-_published:2125;Over500_2026_P02_-_published:2141;Over500_2026_P02_-_published:2077;Over500_2026_P02_-_published:2078;Over500_2026_P02_-_published:2126;Over500_2026_P02_-_published:2142;Over500_2026_P02_-_published:2143;Over500_2026_P02_-_published:2144;Over500_2026_P02_-_published:2145;Over500_2026_P02_-_published:2127;Over500_2026_P02_-_published:2128;Over500_2026_P02_-_published:2129;Over500_2026_P02_-_published:2130;Over500_2026_P02_-_published:2147;Over500_2026_P02_-_published:2148;Over500_2026_P02_-_published:2080;Over500_2026_P02_-_published:2131;Over500_2026_P02_-_published:2149;Over500_2026_P03_-_published:2052;Over500_2026_P03_-_published:2108;Over500_2026_P03_-_published:2112;Over500_2026_P03_-_published:3067;Over500_2026_P03_-_published:3071;Over500_2026_P03_-_published:1923;Over500_2026_P03_-_published:2053;Over500_2026_P03_-_published:2109;Over500_2026_P03_-_published:2121;Over500_2026_P03_-_published:2123;Over500_2026_P03_-_published:3035;Over500_2026_P03_-_published:3072;Over500_2026_P03_-_published:3073;Over500_2026_P03_-_published:2124;Over500_2026_P03_-_published:3069
25000,YOUNG PEOPLE AND CHILDREN FIRST,YOUNG PEOPLE & CHILDREN FIRST,2026-05-20,2026-06-10,21,10,36104.55,4351.16,placement,Over500_2026_P02_-_published:841;Over500_2026_P02_-_published:2081;Over500_2026_P02_-_published:2082;Over500_2026_P02_-_published:2083;Over500_2026_P02_-_published:2084;Over500_2026_P03_-_published:1989;Over500_2026_P03_-_published:1998;Over500_2026_P03_-_published:1999;Over500_2026_P03_-_published:3036;Over500_2026_P03_-_published:790
25000,TOP CLASS QUALITY SERVICES,Top Class Quality Services Ltd,2026-05-01,2026-05-20,19,7,36070.8,10416.0,placement,Over500_2026_P02_-_published:1577;Over500_2026_P02_-_published:1820;Over500_2026_P02_-_published:1248;Over500_2026_P02_-_published:1249;Over500_2026_P02_-_published:1606;Over500_2026_P02_-_published:1607;Over500_2026_P02_-_published:1608
25000,THE YUME PROJECT,The Yume Project Ltd,2026-05-27,2026-06-24,28,39,35934.13,2100.0,placement,Over500_2026_P02_-_published:855;Over500_2026_P03_-_published:1519;Over500_2026_P03_-_published:1670;Over500_2026_P03_-_published:1671;Over500_2026_P03_-_published:1672;Over500_2026_P03_-_published:1718;Over500_2026_P03_-_published:1719;Over500_2026_P03_-_published:1721;Over500_2026_P03_-_published:1722;Over500_2026_P03_-_published:1723;Over500_2026_P03_-_published:1787;Over500_2026_P03_-_published:1788;Over500_2026_P03_-_published:1789;Over500_2026_P03_-_published:2919;Over500_2026_P03_-_published:2961;Over500_2026_P03_-_published:2962;Over500_2026_P03_-_published:2963;Over500_2026_P03_-_published:2964;Over500_2026_P03_-_published:2965;Over500_2026_P03_-_published:1792;Over500_2026_P03_-_published:1725;Over500_2026_P03_-_published:1726;Over500_2026_P03_-_published:1744;Over500_2026_P03_-_published:1794;Over500_2026_P03_-_published:1796;Over500_2026_P03_-_published:1538;Over500_2026_P03_-_published:1659;Over500_2026_P03_-_published:1711;Over500_2026_P03_-_published:1728;Over500_2026_P03_-_published:1729;Over500_2026_P03_-_published:1730;Over500_2026_P03_-_published:1746;Over500_2026_P03_-_published:1747;Over500_2026_P03_-_published:1750;Over500_2026_P03_-_published:1751;Over500_2026_P03_-_published:1801;Over500_2026_P03_-_published:1802;Over500_2026_P03_-_published:2969;Over500_2026_P03_-_published:2970
25000,COMFORT HARMONY CARE,Comfort Harmony Care Ltd,2026-07-29,2026-07-29,0,20,35897.12,4369.24,placement,Over500_2026_P04_-_published:1061;Over500_2026_P04_-_published:1556;Over500_2026_P04_-_published:1557;Over500_2026_P04_-_published:1558;Over500_2026_P04_-_published:1591;Over500_2026_P04_-_published:1617;Over500_2026_P04_-_published:1636;Over500_2026_P04_-_published:1637;Over500_2026_P04_-_published:2074;Over500_2026_P04_-_published:2098;Over500_2026_P04_-_published:2099;Over500_2026_P04_-_published:2116;Over500_2026_P04_-_published:2117;Over500_2026_P04_-_published:2118;Over500_2026_P04_-_published:2238;Over500_2026_P04_-_published:2289;Over500_2026_P04_-_published:2775;Over500_2026_P04_-_published:2919;Over500_2026_P04_-_published:953;Over500_2026_P04_-_published:985
25000,PLATFORM CARE SERVICES,Platform Care Services Ltd,2026-05-20,2026-05-20,0,16,35715.8,4467.02,placement,Over500_2026_P02_-_published:1447;Over500_2026_P02_-_published:1448;Over500_2026_P02_-_published:1701;Over500_2026_P02_-_published:1754;Over500_2026_P02_-_published:1755;Over500_2026_P02_-_published:1756;Over500_2026_P02_-_published:1757;Over500_2026_P02_-_published:1758;Over500_2026_P02_-_published:1759;Over500_2026_P02_-_published:1921;Over500_2026_P02_-_published:1922;Over500_2026_P02_-_published:1923;Over500_2026_P02_-_published:1954;Over500_2026_P02_-_published:1958;Over500_2026_P02_-_published:2008;Over500_2026_P02_-_published:954
25000,PRECIOUS HOMES,Precious Homes Ltd,2026-05-13,2026-06-10,28,2,35269.24,20236.45,placement,Over500_2026_P02_-_published:1689;Over500_2026_P03_-_published:1513
25000,PRUDENTIAL,PRUDENTIAL,2026-07-08,2026-07-31,23,2,35156.1,17961.42,general_procurement,Over500_2026_P04_-_published:3198;Over500_2026_P04_-_published:3199
25000,MILKWOOD CARE APPLEWOOD CARE HOME,Milkwood Care Ltd - Applewood Care Home,2026-05-13,2026-06-10,28,7,35083.14,5796.0,placement,Over500_2026_P02_-_published:1561;Over500_2026_P02_-_published:1562;Over500_2026_P02_-_published:1563;Over500_2026_P02_-_published:2014;Over500_2026_P03_-_published:1353;Over500_2026_P03_-_published:1421;Over500_2026_P03_-_published:1493
25000,ANCHOR PIPEWORK,ANCHOR PIPEWORK LIMITED,2026-07-07,2026-07-31,24,21,35039.75,8304.15,premises,Over500_2026_P04_-_published:38;Over500_2026_P04_-_published:39;Over500_2026_P04_-_published:85;Over500_2026_P04_-_published:25;Over500_2026_P04_-_published:33;Over500_2026_P04_-_published:743;Over500_2026_P04_-_published:823;Over500_2026_P04_-_published:824;Over500_2026_P04_-_published:30;Over500_2026_P04_-_published:55;Over500_2026_P04_-_published:366;Over500_2026_P04_-_published:23;Over500_2026_P04_-_published:40;Over500_2026_P04_-_published:37;Over500_2026_P04_-_published:47;Over500_2026_P04_-_published:63;Over500_2026_P04_-_published:71;Over500_2026_P04_-_published:32;Over500_2026_P04_-_published:64;Over500_2026_P04_-_published:367;Over500_2026_P04_-_published:378
25000,GOLDCREST CARE SERVICES,Goldcrest Care Services,2026-05-06,2026-06-03,28,21,34663.1,4801.5,placement,Over500_2026_P02_-_published:1105;Over500_2026_P02_-_published:1106;Over500_2026_P02_-_published:1875;Over500_2026_P02_-_published:1345;Over500_2026_P02_-_published:1617;Over500_2026_P02_-_published:914;Over500_2026_P02_-_published:1362;Over500_2026_P02_-_published:1363;Over500_2026_P02_-_published:1880;Over500_2026_P03_-_published:1038;Over500_2026_P03_-_published:1039;Over500_2026_P03_-_published:1040;Over500_2026_P03_-_published:1041;Over500_2026_P03_-_published:1362;Over500_2026_P03_-_published:1402;Over500_2026_P03_-_published:1566;Over500_2026_P03_-_published:2722;Over500_2026_P03_-_published:2723;Over500_2026_P03_-_published:2862;Over500_2026_P03_-_published:974;Over500_2026_P03_-_published:995
25000,LYORA HEALTHCARE SERVICES,Lyora Healthcare Services,2026-06-10,2026-06-24,14,3,34602.75,14179.48,placement,Over500_2026_P03_-_published:1783;Over500_2026_P03_-_published:1842;Over500_2026_P03_-_published:1892
25000,EW BEARD,E W BEARD LTD,2026-06-10,2026-07-08,28,7,34450.89,12865.65,placement,Over500_2026_P03_-_published:2399;Over500_2026_P03_-_published:671;Over500_2026_P03_-_published:665;Over500_2026_P04_-_published:79;Over500_2026_P04_-_published:53;Over500_2026_P04_-_published:594;Over500_2026_P04_-_published:42
25000,NOUBLES HEALTHCARE,Noubles Healthcare Ltd,2026-07-15,2026-07-29,14,23,34406.73,4555.2,placement,Over500_2026_P04_-_published:1351;Over500_2026_P04_-_published:2085;Over500_2026_P04_-_published:2750;Over500_2026_P04_-_published:3712;Over500_2026_P04_-_published:1060;Over500_2026_P04_-_published:1553;Over500_2026_P04_-_published:1554;Over500_2026_P04_-_published:1555;Over500_2026_P04_-_published:1614;Over500_2026_P04_-_published:1615;Over500_2026_P04_-_published:1616;Over500_2026_P04_-_published:1632;Over500_2026_P04_-_published:1633;Over500_2026_P04_-_published:1634;Over500_2026_P04_-_published:1635;Over500_2026_P04_-_published:1798;Over500_2026_P04_-_published:2115;Over500_2026_P04_-_published:2284;Over500_2026_P04_-_published:2285;Over500_2026_P04_-_published:2286;Over500_2026_P04_-_published:2749;Over500_2026_P04_-_published:3713;Over500_2026_P04_-_published:945
25000,VELOX HEALTHCARE,VELOX HEALTHCARE LIMITED,2026-06-04,2026-06-17,13,4,34308.0,16128.0,placement,Over500_2026_P03_-_published:1997;Over500_2026_P03_-_published:3034;Over500_2026_P03_-_published:2002;Over500_2026_P03_-_published:1990
25000,KB REAL ESTATE MANAGEMENT,KB Real Estate Management Ltd,2026-07-22,2026-07-23,1,21,34270.0,2850.0,premises,Over500_2026_P04_-_published:110;Over500_2026_P04_-_published:111;Over500_2026_P04_-_published:112;Over500_2026_P04_-_published:119;Over500_2026_P04_-_published:390;Over500_2026_P04_-_published:391;Over500_2026_P04_-_published:95;Over500_2026_P04_-_published:96;Over500_2026_P04_-_published:97;Over500_2026_P04_-_published:100;Over500_2026_P04_-_published:101;Over500_2026_P04_-_published:113;Over500_2026_P04_-_published:114;Over500_2026_P04_-_published:120;Over500_2026_P04_-_published:121;Over500_2026_P04_-_published:122;Over500_2026_P04_-_published:123;Over500_2026_P04_-_published:392;Over500_2026_P04_-_published:393;Over500_2026_P04_-_published:98;Over500_2026_P04_-_published:99
25000,WSP UK,WSP UK  LTD,2026-06-30,2026-07-22,22,12,33966.54,12401.96,general_procurement,Over500_2026_P03_-_published:1285;Over500_2026_P03_-_published:456;Over500_2026_P03_-_published:682;Over500_2026_P03_-_published:694;Over500_2026_P03_-_published:695;Over500_2026_P04_-_published:547;Over500_2026_P04_-_published:1294;Over500_2026_P04_-_published:820;Over500_2026_P04_-_published:1297;Over500_2026_P04_-_published:1307;Over500_2026_P04_-_published:1308;Over500_2026_P04_-_published:65
25000,PRUDENTIAL,PRUDENTIAL,2026-05-06,2026-06-02,27,2,33817.34,17541.2,general_procurement,Over500_2026_P02_-_published:2204;Over500_2026_P03_-_published:2145
25000,IV CARE TA GOOD OAKS HOME CARE READING,I.V Care Limited t/a Good Oaks Home Care (Reading),2026-05-06,2026-06-03,28,19,33705.67,5291.04,placement,Over500_2026_P02_-_published:1107;Over500_2026_P02_-_published:1108;Over500_2026_P02_-_published:1109;Over500_2026_P02_-_published:1110;Over500_2026_P02_-_published:1111;Over500_2026_P02_-_published:1112;Over500_2026_P02_-_published:1582;Over500_2026_P02_-_published:1181;Over500_2026_P02_-_published:1182;Over500_2026_P02_-_published:1418;Over500_2026_P02_-_published:1591;Over500_2026_P02_-_published:1251;Over500_2026_P02_-_published:1618;Over500_2026_P03_-_published:1498;Over500_2026_P03_-_published:1871;Over500_2026_P03_-_published:873;Over500_2026_P03_-_published:966;Over500_2026_P03_-_published:967;Over500_2026_P03_-_published:989
25000,A AND E BUILDERS BASINGSTOKE,A&E BUILDERS (BASINGSTOKE) LIMITED,2026-06-30,2026-07-28,28,3,33497.0,16850.0,general_procurement,Over500_2026_P03_-_published:743;Over500_2026_P04_-_published:1300;Over500_2026_P04_-_published:752
25000,HEATHCOTES M,Heathcotes M Ltd,2026-05-13,2026-06-10,28,2,33303.76,16651.88,placement,Over500_2026_P02_-_published:1674;Over500_2026_P03_-_published:2900
25000,ABC TRAVEL WOKINGHAM TA ABC TRAVEL,ABC TRAVEL (WOKINGHAM) LIMITED T/A ABC TRAVEL,2026-05-05,2026-06-01,27,15,32958.0,3825.0,general_procurement,Over500_2026_P02_-_published:295;Over500_2026_P02_-_published:208;Over500_2026_P02_-_published:212;Over500_2026_P02_-_published:259;Over500_2026_P02_-_published:309;Over500_2026_P02_-_published:343;Over500_2026_P02_-_published:352;Over500_2026_P02_-_published:362;Over500_2026_P02_-_published:211;Over500_2026_P02_-_published:213;Over500_2026_P03_-_published:197;Over500_2026_P03_-_published:221;Over500_2026_P03_-_published:243;Over500_2026_P03_-_published:335;Over500_2026_P03_-_published:342
25000,THE NEWBURY COMMUNITY RESOURCE CENTRE,THE NEWBURY COMMUNITY RESOURCE CENTRE LTD,2026-05-20,2026-06-16,27,22,32914.06,10000.0,grant,Over500_2026_P02_-_published:791;Over500_2026_P02_-_published:792;Over500_2026_P02_-_published:793;Over500_2026_P02_-_published:794;Over500_2026_P02_-_published:795;Over500_2026_P02_-_published:796;Over500_2026_P02_-_published:797;Over500_2026_P02_-_published:798;Over500_2026_P02_-_published:799;Over500_2026_P02_-_published:800;Over500_2026_P02_-_published:801;Over500_2026_P02_-_published:802;Over500_2026_P02_-_published:803;Over500_2026_P02_-_published:804;Over500_2026_P02_-_published:805;Over500_2026_P02_-_published:806;Over500_2026_P02_-_published:807;Over500_2026_P02_-_published:808;Over500_2026_P02_-_published:831;Over500_2026_P02_-_published:832;Over500_2026_P02_-_published:638;Over500_2026_P03_-_published:2097
25000,JACARANDA SUPPORTED LIVING,Jacaranda Supported Living,2026-06-10,2026-07-08,28,9,32826.03,5135.76,placement,Over500_2026_P03_-_published:1782;Over500_2026_P03_-_published:1878;Over500_2026_P03_-_published:1891;Over500_2026_P03_-_published:1956;Over500_2026_P04_-_published:2752;Over500_2026_P04_-_published:2927;Over500_2026_P04_-_published:3642;Over500_2026_P04_-_published:3715;Over500_2026_P04_-_published:2756
25000,WSP UK,WSP UK  LTD,2026-05-05,2026-06-03,29,9,32802.39,7074.2,general_procurement,Over500_2026_P02_-_published:759;Over500_2026_P02_-_published:564;Over500_2026_P02_-_published:718;Over500_2026_P02_-_published:719;Over500_2026_P02_-_published:565;Over500_2026_P02_-_published:733;Over500_2026_P03_-_published:47;Over500_2026_P03_-_published:2416;Over500_2026_P03_-_published:698
25000,FOUR CORNERS CARE,Four Corners Care Ltd.,2026-06-17,2026-07-15,28,5,32618.57,11378.57,placement,Over500_2026_P03_-_published:2011;Over500_2026_P03_-_published:3048;Over500_2026_P04_-_published:3076;Over500_2026_P04_-_published:3056;Over500_2026_P04_-_published:3063
25000,THE GARDNER MEMORIAL MORE HOUSE SCHOOL,The Gard’ner Memorial Ltd/More House School,2026-06-17,2026-06-17,0,3,32533.0,12101.0,placement,Over500_2026_P03_-_published:2178;Over500_2026_P03_-_published:2205;Over500_2026_P03_-_published:2324
25000,COMFORT HARMONY CARE,Comfort Harmony Care Ltd,2026-05-13,2026-06-10,28,24,32301.97,3157.14,placement,Over500_2026_P02_-_published:1167;Over500_2026_P02_-_published:1168;Over500_2026_P02_-_published:1169;Over500_2026_P02_-_published:1170;Over500_2026_P02_-_published:1171;Over500_2026_P02_-_published:1172;Over500_2026_P02_-_published:1589;Over500_2026_P02_-_published:1590;Over500_2026_P02_-_published:1621;Over500_2026_P02_-_published:1992;Over500_2026_P02_-_published:884;Over500_2026_P02_-_published:885;Over500_2026_P02_-_published:922;Over500_2026_P02_-_published:1245;Over500_2026_P02_-_published:1605;Over500_2026_P02_-_published:1876;Over500_2026_P03_-_published:1002;Over500_2026_P03_-_published:1046;Over500_2026_P03_-_published:1063;Over500_2026_P03_-_published:1096;Over500_2026_P03_-_published:2730;Over500_2026_P03_-_published:2740;Over500_2026_P03_-_published:875;Over500_2026_P03_-_published:910
25000,PLATFORM CARE SERVICES,Platform Care Services Ltd,2026-07-29,2026-07-29,0,13,31758.52,4477.8,placement,Over500_2026_P04_-_published:2254;Over500_2026_P04_-_published:2485;Over500_2026_P04_-_published:2486;Over500_2026_P04_-_published:2516;Over500_2026_P04_-_published:2574;Over500_2026_P04_-_published:2661;Over500_2026_P04_-_published:2713;Over500_2026_P04_-_published:2861;Over500_2026_P04_-_published:2876;Over500_2026_P04_-_published:2907;Over500_2026_P04_-_published:2930;Over500_2026_P04_-_published:3362;Over500_2026_P04_-_published:3363
25000,MINSTEAD TRUST,MINSTEAD TRUST,2026-07-01,2026-07-29,28,7,31685.43,5919.76,placement,Over500_2026_P04_-_published:2228;Over500_2026_P04_-_published:3481;Over500_2026_P04_-_published:2484;Over500_2026_P04_-_published:2509;Over500_2026_P04_-_published:2511;Over500_2026_P04_-_published:2624;Over500_2026_P04_-_published:3359
25000,BRAMLEY CARE,Bramley Care Ltd,2026-07-01,2026-07-08,7,2,31680.0,20880.0,placement,Over500_2026_P04_-_published:3075;Over500_2026_P04_-_published:3155
25000,TOPLINE CARE SOLUTIONS,Topline Care Solutions Ltd,2026-07-15,2026-07-29,14,15,31496.29,4400.64,placement,Over500_2026_P04_-_published:2727;Over500_2026_P04_-_published:1602;Over500_2026_P04_-_published:1603;Over500_2026_P04_-_published:1623;Over500_2026_P04_-_published:1624;Over500_2026_P04_-_published:1631;Over500_2026_P04_-_published:1660;Over500_2026_P04_-_published:1661;Over500_2026_P04_-_published:1662;Over500_2026_P04_-_published:1663;Over500_2026_P04_-_published:1679;Over500_2026_P04_-_published:2359;Over500_2026_P04_-_published:2360;Over500_2026_P04_-_published:2361;Over500_2026_P04_-_published:2651
25000,WESTMINSTER HOMECARE,Westminster Homecare,2026-06-24,2026-07-15,21,6,31260.48,5302.08,placement,Over500_2026_P03_-_published:1376;Over500_2026_P03_-_published:1828;Over500_2026_P04_-_published:1902;Over500_2026_P04_-_published:3580;Over500_2026_P04_-_published:2663;Over500_2026_P04_-_published:2738
25000,DANIEL GRIFFITHS TA BLUEBIRD PASSENGER SERVICES,DANIEL GRIFFITHS T/A BLUEBIRD PASSENGER SERVICES,2026-06-02,2026-06-30,28,10,30870.0,6150.0,general_procurement,Over500_2026_P03_-_published:182;Over500_2026_P03_-_published:252;Over500_2026_P03_-_published:324;Over500_2026_P03_-_published:332;Over500_2026_P03_-_published:343;Over500_2026_P03_-_published:165;Over500_2026_P03_-_published:237;Over500_2026_P03_-_published:262;Over500_2026_P03_-_published:334;Over500_2026_P03_-_published:353
25000,ROFEMARON HEALTHCARE,Rofemaron Healthcare Ltd,2026-06-24,2026-07-15,21,12,30741.2,5589.12,placement,Over500_2026_P03_-_published:1163;Over500_2026_P03_-_published:1196;Over500_2026_P03_-_published:1225;Over500_2026_P03_-_published:2790;Over500_2026_P04_-_published:1225;Over500_2026_P04_-_published:1226;Over500_2026_P04_-_published:1886;Over500_2026_P04_-_published:3003;Over500_2026_P04_-_published:1394;Over500_2026_P04_-_published:1469;Over500_2026_P04_-_published:1808;Over500_2026_P04_-_published:2087
25000,MULBERRY CARE,Mulberry Care,2026-05-13,2026-06-10,28,6,30721.88,5589.0,placement,Over500_2026_P02_-_published:1056;Over500_2026_P02_-_published:1547;Over500_2026_P02_-_published:1548;Over500_2026_P03_-_published:1350;Over500_2026_P03_-_published:1417;Over500_2026_P03_-_published:2718
25000,CHILMINGTON HOMES,Chilmington Homes Ltd,2026-05-13,2026-06-10,28,4,30597.4,7679.64,placement,Over500_2026_P02_-_published:1671;Over500_2026_P02_-_published:1852;Over500_2026_P03_-_published:1575;Over500_2026_P03_-_published:1826
25000,ARDENT,ARDENT,2026-07-02,2026-07-27,25,4,30489.55,10713.75,general_procurement,Over500_2026_P04_-_published:3189;Over500_2026_P04_-_published:757;Over500_2026_P04_-_published:3190;Over500_2026_P04_-_published:3191
25000,BERKSHIRE MECHANICAL SERVICES,BERKSHIRE MECHANICAL SERVICES,2026-06-09,2026-07-08,29,17,30480.0,5585.0,premises,Over500_2026_P03_-_published:279;Over500_2026_P03_-_published:52;Over500_2026_P03_-_published:280;Over500_2026_P03_-_published:54;Over500_2026_P04_-_published:146;Over500_2026_P04_-_published:167;Over500_2026_P04_-_published:369;Over500_2026_P04_-_published:374;Over500_2026_P04_-_published:375;Over500_2026_P04_-_published:59;Over500_2026_P04_-_published:76;Over500_2026_P04_-_published:376;Over500_2026_P04_-_published:48;Over500_2026_P04_-_published:78;Over500_2026_P04_-_published:370;Over500_2026_P04_-_published:49;Over500_2026_P04_-_published:81
25000,THE NEWBURY COMMUNITY RESOURCE CENTRE,THE NEWBURY COMMUNITY RESOURCE CENTRE LTD,2026-07-01,2026-07-22,21,8,30333.59,8333.33,grant,Over500_2026_P04_-_published:1425;Over500_2026_P04_-_published:874;Over500_2026_P04_-_published:1273;Over500_2026_P04_-_published:3193;Over500_2026_P04_-_published:707;Over500_2026_P04_-_published:773;Over500_2026_P04_-_published:1510;Over500_2026_P04_-_published:1511
25000,ALMAAZ 59 TA SCHOOL TRAVEL,ALMAAZ 59 LTD ( T/A SCHOOL TRAVEL),2026-07-08,2026-07-27,19,13,30221.5,3880.0,general_procurement,Over500_2026_P04_-_published:156;Over500_2026_P04_-_published:230;Over500_2026_P04_-_published:231;Over500_2026_P04_-_published:440;Over500_2026_P04_-_published:442;Over500_2026_P04_-_published:464;Over500_2026_P04_-_published:286;Over500_2026_P04_-_published:446;Over500_2026_P04_-_published:172;Over500_2026_P04_-_published:291;Over500_2026_P04_-_published:236;Over500_2026_P04_-_published:294;Over500_2026_P04_-_published:344
25000,BAILEYS OF NEWBURY,BAILEYS OF NEWBURY,2026-05-05,2026-05-26,21,9,30177.55,5204.35,general_procurement,Over500_2026_P02_-_published:301;Over500_2026_P02_-_published:302;Over500_2026_P02_-_published:303;Over500_2026_P02_-_published:329;Over500_2026_P02_-_published:318;Over500_2026_P02_-_published:319;Over500_2026_P02_-_published:320;Over500_2026_P02_-_published:336;Over500_2026_P02_-_published:337
25000,APEX PRIME CARE,Apex Prime Care Ltd,2026-05-20,2026-06-10,21,19,30095.07,2814.24,placement,Over500_2026_P02_-_published:1307;Over500_2026_P02_-_published:1308;Over500_2026_P02_-_published:1309;Over500_2026_P02_-_published:1310;Over500_2026_P02_-_published:1311;Over500_2026_P02_-_published:1312;Over500_2026_P02_-_published:2003;Over500_2026_P02_-_published:1315;Over500_2026_P02_-_published:1316;Over500_2026_P02_-_published:1317;Over500_2026_P02_-_published:1319;Over500_2026_P02_-_published:1361;Over500_2026_P03_-_published:1079;Over500_2026_P03_-_published:1080;Over500_2026_P03_-_published:1081;Over500_2026_P03_-_published:1114;Over500_2026_P03_-_published:1119;Over500_2026_P03_-_published:1120;Over500_2026_P03_-_published:1967
25000,CARETECH COMMUNITY SERVICES L,CARETECH COMMUNITY SERVICES L,2026-05-13,2026-06-10,28,4,29903.34,10744.3,placement,Over500_2026_P02_-_published:1690;Over500_2026_P02_-_published:1691;Over500_2026_P03_-_published:1512;Over500_2026_P03_-_published:2905
25000,SUNLIGHT HOMECARE SERVICES,Sunlight Homecare Services Ltd,2026-07-15,2026-07-29,14,8,29806.16,5375.64,placement,Over500_2026_P04_-_published:2405;Over500_2026_P04_-_published:2710;Over500_2026_P04_-_published:3050;Over500_2026_P04_-_published:2552;Over500_2026_P04_-_published:2580;Over500_2026_P04_-_published:2581;Over500_2026_P04_-_published:3000;Over500_2026_P04_-_published:3569
25000,ACORN HOME SUPPORT,Acorn Home Support Ltd,2026-07-08,2026-07-29,21,27,29720.0,7918.64,placement,Over500_2026_P04_-_published:1000;Over500_2026_P04_-_published:1001;Over500_2026_P04_-_published:1751;Over500_2026_P04_-_published:1758;Over500_2026_P04_-_published:1759;Over500_2026_P04_-_published:2332;Over500_2026_P04_-_published:2333;Over500_2026_P04_-_published:2785;Over500_2026_P04_-_published:2786;Over500_2026_P04_-_published:2815;Over500_2026_P04_-_published:2827;Over500_2026_P04_-_published:3674;Over500_2026_P04_-_published:3675;Over500_2026_P04_-_published:1002;Over500_2026_P04_-_published:1003;Over500_2026_P04_-_published:1004;Over500_2026_P04_-_published:1766;Over500_2026_P04_-_published:1786;Over500_2026_P04_-_published:2553;Over500_2026_P04_-_published:2816;Over500_2026_P04_-_published:2846;Over500_2026_P04_-_published:2862;Over500_2026_P04_-_published:2863;Over500_2026_P04_-_published:2879;Over500_2026_P04_-_published:2898;Over500_2026_P04_-_published:2899;Over500_2026_P04_-_published:3455
25000,CROSSROADS CARE WEST BERKSHIRE NEWBURY BRANCH,CROSSROADS CARE WEST BERKSHIRE (NEWBURY BRANCH),2026-05-13,2026-06-01,19,2,29388.3,14694.15,grant,Over500_2026_P02_-_published:852;Over500_2026_P03_-_published:2683
25000,CROSSROADS CARE WEST BERKSHIRE NEWBURY BRANCH,CROSSROADS CARE WEST BERKSHIRE (NEWBURY BRANCH),2026-06-30,2026-07-28,28,2,29388.3,14694.15,grant,Over500_2026_P03_-_published:809;Over500_2026_P04_-_published:1520
25000,POTENSIAL,Potensial Limited,2026-07-29,2026-07-29,0,5,29377.0,12153.48,placement,Over500_2026_P04_-_published:2481;Over500_2026_P04_-_published:2510;Over500_2026_P04_-_published:2844;Over500_2026_P04_-_published:2859;Over500_2026_P04_-_published:3358
25000,CONNICK TREE CARE,CONNICK TREE CARE,2026-05-08,2026-06-04,27,15,29321.34,7498.4,premises,Over500_2026_P02_-_published:184;Over500_2026_P02_-_published:185;Over500_2026_P02_-_published:186;Over500_2026_P02_-_published:187;Over500_2026_P02_-_published:188;Over500_2026_P02_-_published:189;Over500_2026_P02_-_published:190;Over500_2026_P02_-_published:191;Over500_2026_P02_-_published:192;Over500_2026_P02_-_published:193;Over500_2026_P02_-_published:194;Over500_2026_P02_-_published:195;Over500_2026_P02_-_published:196;Over500_2026_P02_-_published:197;Over500_2026_P03_-_published:144
25000,MRS M ALSBURY,MRS M ALSBURY,2026-06-30,2026-07-27,27,3,29269.35,13393.22,grant,Over500_2026_P03_-_published:611;Over500_2026_P03_-_published:622;Over500_2026_P04_-_published:1184
25000,RESPONSE ORGANISATION,RESPONSE ORGANISATION,2026-06-10,2026-06-24,14,10,29149.08,4462.72,grant,Over500_2026_P03_-_published:2997;Over500_2026_P03_-_published:789;Over500_2026_P03_-_published:813;Over500_2026_P03_-_published:1889;Over500_2026_P03_-_published:2681;Over500_2026_P03_-_published:807;Over500_2026_P03_-_published:2682;Over500_2026_P03_-_published:808;Over500_2026_P03_-_published:814;Over500_2026_P03_-_published:816
25000,BERKSHIRE MECHANICAL SERVICES,BERKSHIRE MECHANICAL SERVICES,2026-05-06,2026-06-03,28,20,29125.0,8250.0,premises,Over500_2026_P02_-_published:49;Over500_2026_P02_-_published:30;Over500_2026_P02_-_published:31;Over500_2026_P02_-_published:32;Over500_2026_P02_-_published:33;Over500_2026_P02_-_published:34;Over500_2026_P02_-_published:35;Over500_2026_P02_-_published:36;Over500_2026_P02_-_published:37;Over500_2026_P02_-_published:38;Over500_2026_P02_-_published:39;Over500_2026_P02_-_published:40;Over500_2026_P02_-_published:41;Over500_2026_P02_-_published:42;Over500_2026_P02_-_published:453;Over500_2026_P02_-_published:454;Over500_2026_P03_-_published:278;Over500_2026_P03_-_published:42;Over500_2026_P03_-_published:50;Over500_2026_P03_-_published:58
25000,CAREMARK WEST BERKSHIRE AND READING,Caremark (West Berkshire & Reading),2026-06-10,2026-07-08,28,14,28905.8,4267.2,placement,Over500_2026_P03_-_published:1048;Over500_2026_P03_-_published:1049;Over500_2026_P03_-_published:1082;Over500_2026_P03_-_published:2754;Over500_2026_P03_-_published:1240;Over500_2026_P03_-_published:1241;Over500_2026_P03_-_published:2799;Over500_2026_P03_-_published:2800;Over500_2026_P03_-_published:2881;Over500_2026_P04_-_published:1314;Over500_2026_P04_-_published:1361;Over500_2026_P04_-_published:2026;Over500_2026_P04_-_published:2045;Over500_2026_P04_-_published:2046
25000,NEWBURY AND DISTRICT,Newbury & District Ltd,2026-07-23,2026-07-29,6,4,28551.33,13663.85,general_procurement,Over500_2026_P04_-_published:358;Over500_2026_P04_-_published:361;Over500_2026_P04_-_published:194;Over500_2026_P04_-_published:251
25000,FOREST BRIDGE SCHOOL,Forest Bridge School,2026-06-22,2026-06-22,0,2,28313.42,14156.71,placement,Over500_2026_P03_-_published:3091;Over500_2026_P03_-_published:3092
25000,ST GABRIELS SCHOOL,ST GABRIELS SCHOOL,2026-06-30,2026-07-29,29,6,28295.29,8380.0,placement,Over500_2026_P03_-_published:590;Over500_2026_P04_-_published:3245;Over500_2026_P04_-_published:3324;Over500_2026_P04_-_published:3246;Over500_2026_P04_-_published:3247;Over500_2026_P04_-_published:3330
25000,ENABLE INCLUSIVE SUPPORT,Enable Inclusive Support Ltd,2026-07-15,2026-07-29,14,2,28254.0,14127.0,placement,Over500_2026_P04_-_published:2442;Over500_2026_P04_-_published:2531
25000,ENABLE INCLUSIVE SUPPORT,Enable Inclusive Support Ltd,2026-05-27,2026-06-24,28,2,28219.67,14126.99,placement,Over500_2026_P02_-_published:1812;Over500_2026_P03_-_published:1682
25000,MAISHA STAFFING SOLUTIONS,MAISHA STAFFING SOLUTIONS LTD,2026-05-12,2026-06-10,29,9,28155.1,18130.25,placement,Over500_2026_P02_-_published:2034;Over500_2026_P02_-_published:2035;Over500_2026_P02_-_published:2085;Over500_2026_P02_-_published:225;Over500_2026_P02_-_published:226;Over500_2026_P02_-_published:227;Over500_2026_P03_-_published:7;Over500_2026_P03_-_published:1924;Over500_2026_P03_-_published:2001
25000,AMS CARE WILTSHIRE,AMS Care Wiltshire Ltd,2026-05-13,2026-06-10,28,6,28111.32,4713.24,placement,Over500_2026_P02_-_published:1476;Over500_2026_P02_-_published:873;Over500_2026_P02_-_published:992;Over500_2026_P03_-_published:1331;Over500_2026_P03_-_published:851;Over500_2026_P03_-_published:924
25000,NAVARA LODGE,Navara Lodge,2026-05-13,2026-06-10,28,7,27963.62,4642.86,placement,Over500_2026_P02_-_published:1050;Over500_2026_P02_-_published:1051;Over500_2026_P02_-_published:1052;Over500_2026_P03_-_published:1020;Over500_2026_P03_-_published:955;Over500_2026_P03_-_published:978;Over500_2026_P03_-_published:979
25000,NORTHCOURT LODGE RESIDENTIAL CARE HOME,Northcourt Lodge Residential Care Home Ltd,2026-06-10,2026-07-08,28,6,27934.97,4971.43,placement,Over500_2026_P03_-_published:2717;Over500_2026_P03_-_published:900;Over500_2026_P04_-_published:1092;Over500_2026_P04_-_published:1122;Over500_2026_P04_-_published:1138;Over500_2026_P04_-_published:2933
25000,ORMSBY LODGE,ORMSBY LODGE,2026-05-13,2026-06-10,28,4,27902.9,6984.16,placement,Over500_2026_P02_-_published:1634;Over500_2026_P02_-_published:1635;Over500_2026_P03_-_published:1463;Over500_2026_P03_-_published:1570
25000,COMPASS EXECUTIVE CARS UK,COMPASS EXECUTIVE CARS (UK) LTD,2026-06-09,2026-06-22,13,17,27891.0,2775.0,general_procurement,Over500_2026_P03_-_published:247;Over500_2026_P03_-_published:154;Over500_2026_P03_-_published:172;Over500_2026_P03_-_published:194;Over500_2026_P03_-_published:205;Over500_2026_P03_-_published:321;Over500_2026_P03_-_published:192;Over500_2026_P03_-_published:196;Over500_2026_P03_-_published:224;Over500_2026_P03_-_published:241;Over500_2026_P03_-_published:326;Over500_2026_P03_-_published:351;Over500_2026_P03_-_published:195;Over500_2026_P03_-_published:202;Over500_2026_P03_-_published:327;Over500_2026_P03_-_published:331;Over500_2026_P03_-_published:352
25000,CLEEVE LODGE,CLEEVE LODGE,2026-05-13,2026-06-10,28,5,27840.14,6431.79,placement,Over500_2026_P02_-_published:1543;Over500_2026_P02_-_published:2012;Over500_2026_P03_-_published:1341;Over500_2026_P03_-_published:1484;Over500_2026_P03_-_published:1975
25000,BEST PINNACLE CARE,Best Pinnacle Care Ltd,2026-05-20,2026-06-10,21,14,27553.99,4513.44,placement,Over500_2026_P02_-_published:898;Over500_2026_P02_-_published:915;Over500_2026_P03_-_published:1095;Over500_2026_P03_-_published:1359;Over500_2026_P03_-_published:1603;Over500_2026_P03_-_published:1761;Over500_2026_P03_-_published:1762;Over500_2026_P03_-_published:2728;Over500_2026_P03_-_published:2729;Over500_2026_P03_-_published:2863;Over500_2026_P03_-_published:2911;Over500_2026_P03_-_published:2982;Over500_2026_P03_-_published:2983;Over500_2026_P03_-_published:2988
25000,CAREMARK WEST BERKSHIRE AND READING,Caremark (West Berkshire & Reading),2026-05-01,2026-05-27,26,15,27542.46,4257.12,placement,Over500_2026_P02_-_published:1083;Over500_2026_P02_-_published:1084;Over500_2026_P02_-_published:1085;Over500_2026_P02_-_published:1086;Over500_2026_P02_-_published:1087;Over500_2026_P02_-_published:1088;Over500_2026_P02_-_published:1089;Over500_2026_P02_-_published:1415;Over500_2026_P02_-_published:1576;Over500_2026_P02_-_published:1303;Over500_2026_P02_-_published:1304;Over500_2026_P02_-_published:1305;Over500_2026_P02_-_published:1306;Over500_2026_P02_-_published:1616;Over500_2026_P02_-_published:1359
25000,TRADING STANDARDS SOUTH EAST,Trading Standards South East Limited,2026-05-20,2026-06-09,20,3,27509.57,14049.57,general_procurement,Over500_2026_P02_-_published:647;Over500_2026_P03_-_published:2102;Over500_2026_P03_-_published:2103
25000,RADIANT CARE HOMES,Radiant Care Homes Ltd.,2026-07-20,2026-07-29,9,3,27417.14,11995.0,placement,Over500_2026_P04_-_published:3082;Over500_2026_P04_-_published:3090;Over500_2026_P04_-_published:3755
25000,CREAM HOLDINGS TAUNTON,Cream Holdings (Taunton) Ltd,2026-05-13,2026-06-10,28,3,27398.97,11957.88,placement,Over500_2026_P02_-_published:1675;Over500_2026_P02_-_published:1694;Over500_2026_P03_-_published:1509
25000,CONVERGENT TECHNOLOGY,Convergent Technology Limited,2026-05-28,2026-06-17,20,3,27160.54,14149.0,general_procurement,Over500_2026_P02_-_published:481;Over500_2026_P03_-_published:656;Over500_2026_P03_-_published:658
25000,ASTON NURSING SERVICES,Aston Nursing Services LTD,2026-05-06,2026-06-04,29,21,26558.67,2111.53,placement,Over500_2026_P02_-_published:859;Over500_2026_P02_-_published:860;Over500_2026_P02_-_published:861;Over500_2026_P02_-_published:862;Over500_2026_P02_-_published:2067;Over500_2026_P02_-_published:2068;Over500_2026_P02_-_published:2069;Over500_2026_P02_-_published:2070;Over500_2026_P02_-_published:2071;Over500_2026_P02_-_published:863;Over500_2026_P02_-_published:864;Over500_2026_P02_-_published:2072;Over500_2026_P02_-_published:2073;Over500_2026_P02_-_published:2074;Over500_2026_P02_-_published:2075;Over500_2026_P03_-_published:2024;Over500_2026_P03_-_published:2046;Over500_2026_P03_-_published:3031;Over500_2026_P03_-_published:3062;Over500_2026_P03_-_published:3063;Over500_2026_P03_-_published:1986
25000,COMMERCIAL SERVICES KENT,COMMERCIAL SERVICES KENT LTD,2026-07-13,2026-07-29,16,3,26549.25,10454.75,general_procurement,Over500_2026_P04_-_published:560;Over500_2026_P04_-_published:16;Over500_2026_P04_-_published:616
25000,MOORLANDS REST HOME,Moorlands Rest Home,2026-05-13,2026-06-10,28,6,26547.42,4962.28,placement,Over500_2026_P02_-_published:1538;Over500_2026_P02_-_published:1539;Over500_2026_P02_-_published:1540;Over500_2026_P03_-_published:1347;Over500_2026_P03_-_published:1415;Over500_2026_P03_-_published:1488
25000,ANCHOR PIPEWORK,ANCHOR PIPEWORK LIMITED,2026-05-13,2026-06-10,28,13,26505.66,10111.05,premises,Over500_2026_P02_-_published:28;Over500_2026_P02_-_published:53;Over500_2026_P02_-_published:15;Over500_2026_P02_-_published:16;Over500_2026_P02_-_published:23;Over500_2026_P02_-_published:24;Over500_2026_P02_-_published:52;Over500_2026_P02_-_published:56;Over500_2026_P03_-_published:56;Over500_2026_P03_-_published:660;Over500_2026_P03_-_published:63;Over500_2026_P03_-_published:48;Over500_2026_P03_-_published:57
25000,CRAEGMOOR EASTROP HOUSE PRIORY GROUP,Craegmoor Eastrop House - Priory Group,2026-07-08,2026-07-08,0,2,26486.88,13494.44,placement,Over500_2026_P04_-_published:2138;Over500_2026_P04_-_published:2946
25000,DJ TRAVEL,D J TRAVEL,2026-06-24,2026-07-15,21,6,26446.59,7035.0,general_procurement,Over500_2026_P03_-_published:936;Over500_2026_P04_-_published:182;Over500_2026_P04_-_published:217;Over500_2026_P04_-_published:278;Over500_2026_P04_-_published:279;Over500_2026_P04_-_published:1025
25000,CONNICK TREE CARE,CONNICK TREE CARE,2026-06-23,2026-07-16,23,11,26430.44,12435.0,premises,Over500_2026_P03_-_published:142;Over500_2026_P03_-_published:143;Over500_2026_P03_-_published:139;Over500_2026_P04_-_published:149;Over500_2026_P04_-_published:150;Over500_2026_P04_-_published:215;Over500_2026_P04_-_published:216;Over500_2026_P04_-_published:407;Over500_2026_P04_-_published:151;Over500_2026_P04_-_published:209;Over500_2026_P04_-_published:210
25000,GLEN CLEANING COMPANY,Glen Cleaning Company Ltd,2026-07-09,2026-07-30,21,20,26302.32,5829.96,premises,Over500_2026_P04_-_published:398;Over500_2026_P04_-_published:124;Over500_2026_P04_-_published:127;Over500_2026_P04_-_published:147;Over500_2026_P04_-_published:168;Over500_2026_P04_-_published:138;Over500_2026_P04_-_published:139;Over500_2026_P04_-_published:166;Over500_2026_P04_-_published:169;Over500_2026_P04_-_published:396;Over500_2026_P04_-_published:397;Over500_2026_P04_-_published:399;Over500_2026_P04_-_published:400;Over500_2026_P04_-_published:128;Over500_2026_P04_-_published:129;Over500_2026_P04_-_published:130;Over500_2026_P04_-_published:125;Over500_2026_P04_-_published:126;Over500_2026_P04_-_published:141;Over500_2026_P04_-_published:142
25000,STEPPING STONES,STEPPING STONES,2026-07-08,2026-07-08,0,4,26221.28,9579.28,placement,Over500_2026_P04_-_published:2165;Over500_2026_P04_-_published:2186;Over500_2026_P04_-_published:2716;Over500_2026_P04_-_published:2940
25000,ABC TRAVEL WOKINGHAM TA ABC TRAVEL,ABC TRAVEL (WOKINGHAM) LIMITED T/A ABC TRAVEL,2026-07-14,2026-07-30,16,8,26208.0,5456.0,general_procurement,Over500_2026_P04_-_published:277;Over500_2026_P04_-_published:428;Over500_2026_P04_-_published:270;Over500_2026_P04_-_published:299;Over500_2026_P04_-_published:323;Over500_2026_P04_-_published:304;Over500_2026_P04_-_published:334;Over500_2026_P04_-_published:296
25000,SIRONA INTERNATIONAL TA POSEIDON CARE,Sirona International Ltd t/a Poseidon Care,2026-07-08,2026-07-08,0,14,26183.06,4050.75,placement,Over500_2026_P04_-_published:1210;Over500_2026_P04_-_published:1211;Over500_2026_P04_-_published:1212;Over500_2026_P04_-_published:1213;Over500_2026_P04_-_published:1222;Over500_2026_P04_-_published:1223;Over500_2026_P04_-_published:1224;Over500_2026_P04_-_published:1251;Over500_2026_P04_-_published:1252;Over500_2026_P04_-_published:1253;Over500_2026_P04_-_published:1864;Over500_2026_P04_-_published:1865;Over500_2026_P04_-_published:1866;Over500_2026_P04_-_published:1867
25000,WEMYSS LODGE,Wemyss Lodge Ltd,2026-07-08,2026-07-08,0,4,26149.84,10971.0,placement,Over500_2026_P04_-_published:1994;Over500_2026_P04_-_published:2669;Over500_2026_P04_-_published:2821;Over500_2026_P04_-_published:2909
25000,PIED PIPER PRE SCHOOL,PIED PIPER PRE-SCHOOL,2026-06-17,2026-07-03,16,4,26108.44,23073.34,grant,Over500_2026_P03_-_published:601;Over500_2026_P03_-_published:2094;Over500_2026_P04_-_published:763;Over500_2026_P04_-_published:702
25000,STROUD COURT COMMUNITY TRUST,STROUD COURT COMMUNITY TRUST,2026-07-08,2026-07-08,0,2,26027.92,18493.12,grant,Over500_2026_P04_-_published:652;Over500_2026_P04_-_published:858
25000,AM HOMECARE SERVICES,AM Homecare Services Ltd,2026-06-17,2026-07-15,28,3,25840.54,9207.42,placement,Over500_2026_P03_-_published:1135;Over500_2026_P03_-_published:1152;Over500_2026_P04_-_published:1525
25000,STEP BY STEP PARTNERSHIP,STEP BY STEP PARTNERSHIP LTD,2026-06-17,2026-07-14,27,6,25808.18,7607.06,placement,Over500_2026_P03_-_published:1991;Over500_2026_P03_-_published:2110;Over500_2026_P03_-_published:3074;Over500_2026_P04_-_published:3071;Over500_2026_P04_-_published:3222;Over500_2026_P04_-_published:3776
25000,THE ORPHEUS CENTRE,The Orpheus Centre,2026-05-20,2026-05-20,0,8,25768.34,3964.36,placement,Over500_2026_P02_-_published:1744;Over500_2026_P02_-_published:1745;Over500_2026_P02_-_published:1746;Over500_2026_P02_-_published:1747;Over500_2026_P02_-_published:1748;Over500_2026_P02_-_published:1750;Over500_2026_P02_-_published:1751;Over500_2026_P02_-_published:1753
25000,COMPASS EXECUTIVE CARS UK,COMPASS EXECUTIVE CARS (UK) LTD,2026-05-08,2026-06-03,26,16,25726.0,2770.0,general_procurement,Over500_2026_P02_-_published:209;Over500_2026_P02_-_published:210;Over500_2026_P02_-_published:216;Over500_2026_P02_-_published:230;Over500_2026_P02_-_published:243;Over500_2026_P02_-_published:244;Over500_2026_P02_-_published:254;Over500_2026_P02_-_published:267;Over500_2026_P02_-_published:268;Over500_2026_P02_-_published:392;Over500_2026_P02_-_published:393;Over500_2026_P02_-_published:397;Over500_2026_P02_-_published:431;Over500_2026_P02_-_published:247;Over500_2026_P02_-_published:293;Over500_2026_P03_-_published:163
25000,BEANSHEAF COMMUNITY PRE SCHOO,BEANSHEAF COMMUNITY PRE-SCHOO,2026-06-17,2026-07-02,15,2,25705.36,24705.36,grant,Over500_2026_P03_-_published:2074;Over500_2026_P04_-_published:1261
25000,NADAM CARE TA BELAMIE GABLES CARE HOME,Nadam Care Ltd T/A Belamie Gables Care Home,2026-06-10,2026-07-08,28,6,25686.2,5180.0,placement,Over500_2026_P03_-_published:1024;Over500_2026_P03_-_published:2841;Over500_2026_P03_-_published:957;Over500_2026_P04_-_published:1142;Over500_2026_P04_-_published:1853;Over500_2026_P04_-_published:1936
25000,FRONTISTI SERVICES,Frontisti Services Limited,2026-06-03,2026-06-10,7,2,25633.68,12832.36,placement,Over500_2026_P03_-_published:1259;Over500_2026_P03_-_published:1289
25000,RACKLINE,Rackline Limited,2026-07-01,2026-07-15,14,2,25510.0,21913.0,general_procurement,Over500_2026_P04_-_published:746;Over500_2026_P04_-_published:899
25000,ALL CARE GB,All-Care (GB) Ltd,2026-07-29,2026-07-29,0,22,25473.31,2870.76,placement,Over500_2026_P04_-_published:1641;Over500_2026_P04_-_published:1650;Over500_2026_P04_-_published:1651;Over500_2026_P04_-_published:1652;Over500_2026_P04_-_published:1693;Over500_2026_P04_-_published:1694;Over500_2026_P04_-_published:1747;Over500_2026_P04_-_published:1775;Over500_2026_P04_-_published:1880;Over500_2026_P04_-_published:1900;Over500_2026_P04_-_published:2067;Over500_2026_P04_-_published:2103;Over500_2026_P04_-_published:2104;Over500_2026_P04_-_published:2122;Over500_2026_P04_-_published:2279;Over500_2026_P04_-_published:2378;Over500_2026_P04_-_published:2379;Over500_2026_P04_-_published:2380;Over500_2026_P04_-_published:2381;Over500_2026_P04_-_published:2382;Over500_2026_P04_-_published:2882;Over500_2026_P04_-_published:960
25000,HEALTHCARE HOMES SPRING LADYMEAD CARE HOME,Healthcare Homes (Spring) Ltd - Ladymead Care Home,2026-07-08,2026-07-08,0,6,25461.88,5195.68,placement,Over500_2026_P04_-_published:1046;Over500_2026_P04_-_published:1124;Over500_2026_P04_-_published:1144;Over500_2026_P04_-_published:1835;Over500_2026_P04_-_published:1913;Over500_2026_P04_-_published:1914
25000,CASTLE WATER,CASTLE WATER LIMITED,2026-06-10,2026-06-19,9,4,25447.7,17556.68,premises,Over500_2026_P03_-_published:117;Over500_2026_P03_-_published:304;Over500_2026_P03_-_published:116;Over500_2026_P03_-_published:129
25000,GLEN CLEANING COMPANY,Glen Cleaning Company Ltd,2026-06-08,2026-07-07,29,19,25367.11,5829.96,premises,Over500_2026_P03_-_published:137;Over500_2026_P03_-_published:136;Over500_2026_P03_-_published:311;Over500_2026_P03_-_published:133;Over500_2026_P03_-_published:313;Over500_2026_P03_-_published:130;Over500_2026_P03_-_published:132;Over500_2026_P03_-_published:307;Over500_2026_P03_-_published:312;Over500_2026_P04_-_published:134;Over500_2026_P04_-_published:135;Over500_2026_P04_-_published:140;Over500_2026_P04_-_published:148;Over500_2026_P04_-_published:144;Over500_2026_P04_-_published:133;Over500_2026_P04_-_published:143;Over500_2026_P04_-_published:145;Over500_2026_P04_-_published:131;Over500_2026_P04_-_published:132
25000,CREDO CARE,CREDO CARE,2026-07-09,2026-07-09,0,4,25363.87,6444.94,placement,Over500_2026_P04_-_published:3137;Over500_2026_P04_-_published:3138;Over500_2026_P04_-_published:3175;Over500_2026_P04_-_published:3176
25000,TK TRAVEL,TK TRAVEL LTD,2026-05-26,2026-06-04,9,4,25356.0,7380.0,general_procurement,Over500_2026_P02_-_published:316;Over500_2026_P02_-_published:317;Over500_2026_P03_-_published:210;Over500_2026_P03_-_published:246
25000,RICHMOND FELLOWSHIP,RICHMOND FELLOWSHIP,2026-05-13,2026-06-10,28,12,25350.44,6477.39,grant,Over500_2026_P02_-_published:1872;Over500_2026_P02_-_published:842;Over500_2026_P02_-_published:843;Over500_2026_P03_-_published:2678;Over500_2026_P03_-_published:2679;Over500_2026_P03_-_published:2680;Over500_2026_P03_-_published:788;Over500_2026_P03_-_published:805;Over500_2026_P03_-_published:811;Over500_2026_P03_-_published:812;Over500_2026_P03_-_published:1859;Over500_2026_P03_-_published:806
25000,HOUSING CARE 21,HOUSING CARE 21,2026-06-24,2026-07-15,21,9,25294.12,6627.89,placement,Over500_2026_P03_-_published:2810;Over500_2026_P04_-_published:1719;Over500_2026_P04_-_published:1731;Over500_2026_P04_-_published:1732;Over500_2026_P04_-_published:1749;Over500_2026_P04_-_published:2388;Over500_2026_P04_-_published:994;Over500_2026_P04_-_published:2521;Over500_2026_P04_-_published:2522
25000,SPRING VALLEY CHILDRENS CARE HOMES,Spring Valley Children's Care Homes ltd,2026-07-06,2026-07-31,25,3,25260.0,12000.0,placement,Over500_2026_P04_-_published:3744;Over500_2026_P04_-_published:3157;Over500_2026_P04_-_published:3096
25000,EW BEARD,E W BEARD LTD,2026-05-05,2026-05-27,22,4,25207.64,21522.14,placement,Over500_2026_P02_-_published:673;Over500_2026_P02_-_published:671;Over500_2026_P02_-_published:43;Over500_2026_P02_-_published:47
25000,COATE WATER CARE ARBORY,Coate Water Care (Arbory) Limited,2026-05-13,2026-06-10,28,8,25170.59,4014.16,placement,Over500_2026_P02_-_published:1062;Over500_2026_P02_-_published:1559;Over500_2026_P02_-_published:1984;Over500_2026_P02_-_published:1985;Over500_2026_P03_-_published:1352;Over500_2026_P03_-_published:1915;Over500_2026_P03_-_published:1916;Over500_2026_P03_-_published:986
25000,SIKANDAR HAYAT TA PROMPT CARS,Sikandar Hayat t/a Prompt Cars,2026-06-22,2026-07-21,29,14,25124.0,3743.0,general_procurement,Over500_2026_P03_-_published:261;Over500_2026_P04_-_published:159;Over500_2026_P04_-_published:463;Over500_2026_P04_-_published:433;Over500_2026_P04_-_published:466;Over500_2026_P04_-_published:189;Over500_2026_P04_-_published:206;Over500_2026_P04_-_published:220;Over500_2026_P04_-_published:221;Over500_2026_P04_-_published:226;Over500_2026_P04_-_published:271;Over500_2026_P04_-_published:272;Over500_2026_P04_-_published:273;Over500_2026_P04_-_published:324
25000,ALMAAZ 59 TA SCHOOL TRAVEL,ALMAAZ 59 LTD ( T/A SCHOOL TRAVEL),2026-05-01,2026-05-27,26,12,25042.6,2686.0,general_procurement,Over500_2026_P02_-_published:215;Over500_2026_P02_-_published:232;Over500_2026_P02_-_published:255;Over500_2026_P02_-_published:256;Over500_2026_P02_-_published:258;Over500_2026_P02_-_published:260;Over500_2026_P02_-_published:355;Over500_2026_P02_-_published:278;Over500_2026_P02_-_published:279;Over500_2026_P02_-_published:281;Over500_2026_P02_-_published:282;Over500_2026_P02_-_published:409
25000,MALLARD COTTAGE CHILDCARE,MALLARD COTTAGE CHILDCARE,2026-06-30,2026-07-27,27,2,25004.93,12502.47,grant,Over500_2026_P03_-_published:583;Over500_2026_P04_-_published:569
1000,ALL CARE GB,All-Care (GB) Ltd,2026-05-20,2026-06-10,21,48,32640.57,996.48,placement,Over500_2026_P02_-_published:1222;Over500_2026_P02_-_published:1289;Over500_2026_P02_-_published:1290;Over500_2026_P02_-_published:1293;Over500_2026_P02_-_published:1297;Over500_2026_P02_-_published:1298;Over500_2026_P02_-_published:1409;Over500_2026_P02_-_published:1410;Over500_2026_P02_-_published:1411;Over500_2026_P02_-_published:1412;Over500_2026_P02_-_published:1420;Over500_2026_P02_-_published:1440;Over500_2026_P02_-_published:1611;Over500_2026_P02_-_published:1612;Over500_2026_P02_-_published:1613;Over500_2026_P02_-_published:1614;Over500_2026_P02_-_published:1626;Over500_2026_P02_-_published:1817;Over500_2026_P02_-_published:1818;Over500_2026_P02_-_published:1936;Over500_2026_P02_-_published:895;Over500_2026_P02_-_published:903;Over500_2026_P02_-_published:904;Over500_2026_P02_-_published:935;Over500_2026_P02_-_published:938;Over500_2026_P02_-_published:939;Over500_2026_P02_-_published:941;Over500_2026_P02_-_published:1399;Over500_2026_P02_-_published:1400;Over500_2026_P02_-_published:1413;Over500_2026_P02_-_published:943;Over500_2026_P02_-_published:944;Over500_2026_P02_-_published:945;Over500_2026_P02_-_published:947;Over500_2026_P02_-_published:920;Over500_2026_P02_-_published:949;Over500_2026_P02_-_published:951;Over500_2026_P02_-_published:952;Over500_2026_P03_-_published:1265;Over500_2026_P03_-_published:1311;Over500_2026_P03_-_published:2829;Over500_2026_P03_-_published:889;Over500_2026_P03_-_published:913;Over500_2026_P03_-_published:1133;Over500_2026_P03_-_published:1134;Over500_2026_P03_-_published:2870;Over500_2026_P03_-_published:2998;Over500_2026_P03_-_published:861
1000,WE ARE THE CARE COMPANY,We Are The Care Company Ltd,2026-06-10,2026-07-08,28,43,32638.86,999.6,placement,Over500_2026_P03_-_published:1055;Over500_2026_P03_-_published:1059;Over500_2026_P03_-_published:1064;Over500_2026_P03_-_published:1067;Over500_2026_P03_-_published:1073;Over500_2026_P03_-_published:1074;Over500_2026_P03_-_published:1075;Over500_2026_P03_-_published:1078;Over500_2026_P03_-_published:1104;Over500_2026_P03_-_published:1105;Over500_2026_P03_-_published:1106;Over500_2026_P03_-_published:1110;Over500_2026_P03_-_published:1112;Over500_2026_P03_-_published:1118;Over500_2026_P03_-_published:1567;Over500_2026_P03_-_published:2866;Over500_2026_P03_-_published:1386;Over500_2026_P03_-_published:1202;Over500_2026_P03_-_published:1264;Over500_2026_P03_-_published:1318;Over500_2026_P03_-_published:2793;Over500_2026_P03_-_published:2795;Over500_2026_P03_-_published:2807;Over500_2026_P03_-_published:2828;Over500_2026_P04_-_published:1237;Over500_2026_P04_-_published:1239;Over500_2026_P04_-_published:1323;Over500_2026_P04_-_published:1324;Over500_2026_P04_-_published:1326;Over500_2026_P04_-_published:1330;Over500_2026_P04_-_published:1332;Over500_2026_P04_-_published:1336;Over500_2026_P04_-_published:1373;Over500_2026_P04_-_published:1377;Over500_2026_P04_-_published:1451;Over500_2026_P04_-_published:1816;Over500_2026_P04_-_published:2057;Over500_2026_P04_-_published:2059;Over500_2026_P04_-_published:2060;Over500_2026_P04_-_published:2062;Over500_2026_P04_-_published:2063;Over500_2026_P04_-_published:2803;Over500_2026_P04_-_published:933
1000,ALL CARE GB,All-Care (GB) Ltd,2026-06-24,2026-07-15,21,46,31699.05,975.8,placement,Over500_2026_P03_-_published:1221;Over500_2026_P03_-_published:1238;Over500_2026_P03_-_published:1250;Over500_2026_P03_-_published:1270;Over500_2026_P03_-_published:1308;Over500_2026_P03_-_published:1310;Over500_2026_P03_-_published:1315;Over500_2026_P03_-_published:1396;Over500_2026_P03_-_published:2806;Over500_2026_P03_-_published:2821;Over500_2026_P03_-_published:2882;Over500_2026_P03_-_published:846;Over500_2026_P04_-_published:1023;Over500_2026_P04_-_published:1054;Over500_2026_P04_-_published:1063;Over500_2026_P04_-_published:1064;Over500_2026_P04_-_published:1065;Over500_2026_P04_-_published:1163;Over500_2026_P04_-_published:1164;Over500_2026_P04_-_published:1699;Over500_2026_P04_-_published:1733;Over500_2026_P04_-_published:1753;Over500_2026_P04_-_published:1754;Over500_2026_P04_-_published:1803;Over500_2026_P04_-_published:1804;Over500_2026_P04_-_published:1901;Over500_2026_P04_-_published:2592;Over500_2026_P04_-_published:2637;Over500_2026_P04_-_published:2646;Over500_2026_P04_-_published:2658;Over500_2026_P04_-_published:1755;Over500_2026_P04_-_published:1756;Over500_2026_P04_-_published:1780;Over500_2026_P04_-_published:3148;Over500_2026_P04_-_published:1431;Over500_2026_P04_-_published:1466;Over500_2026_P04_-_published:1485;Over500_2026_P04_-_published:1493;Over500_2026_P04_-_published:1740;Over500_2026_P04_-_published:1873;Over500_2026_P04_-_published:1899;Over500_2026_P04_-_published:2093;Over500_2026_P04_-_published:2109;Over500_2026_P04_-_published:2201;Over500_2026_P04_-_published:2763;Over500_2026_P04_-_published:938
1000,PURESOUL CARE,PureSoul Care Ltd,2026-06-17,2026-07-15,28,43,30501.5,923.96,placement,Over500_2026_P03_-_published:1144;Over500_2026_P03_-_published:1145;Over500_2026_P03_-_published:1146;Over500_2026_P03_-_published:1147;Over500_2026_P03_-_published:1148;Over500_2026_P03_-_published:1176;Over500_2026_P03_-_published:1179;Over500_2026_P03_-_published:1305;Over500_2026_P03_-_published:1317;Over500_2026_P03_-_published:1812;Over500_2026_P03_-_published:2696;Over500_2026_P03_-_published:2774;Over500_2026_P03_-_published:2775;Over500_2026_P03_-_published:2776;Over500_2026_P03_-_published:2808;Over500_2026_P03_-_published:2874;Over500_2026_P03_-_published:3026;Over500_2026_P03_-_published:862;Over500_2026_P03_-_published:1198;Over500_2026_P03_-_published:1207;Over500_2026_P04_-_published:1173;Over500_2026_P04_-_published:1197;Over500_2026_P04_-_published:1245;Over500_2026_P04_-_published:1236;Over500_2026_P04_-_published:1320;Over500_2026_P04_-_published:1366;Over500_2026_P04_-_published:1368;Over500_2026_P04_-_published:2828;Over500_2026_P04_-_published:1399;Over500_2026_P04_-_published:1460;Over500_2026_P04_-_published:1461;Over500_2026_P04_-_published:1471;Over500_2026_P04_-_published:1473;Over500_2026_P04_-_published:1475;Over500_2026_P04_-_published:1477;Over500_2026_P04_-_published:1479;Over500_2026_P04_-_published:1571;Over500_2026_P04_-_published:1787;Over500_2026_P04_-_published:1809;Over500_2026_P04_-_published:2031;Over500_2026_P04_-_published:2090;Over500_2026_P04_-_published:2091;Over500_2026_P04_-_published:2917
1000,STEP BY STEP PARTNERSHIP,STEP BY STEP PARTNERSHIP LTD,2026-05-18,2026-06-12,25,30,23477.81,969.68,placement,Over500_2026_P02_-_published:2125;Over500_2026_P02_-_published:2141;Over500_2026_P02_-_published:2077;Over500_2026_P02_-_published:2078;Over500_2026_P02_-_published:2126;Over500_2026_P02_-_published:2142;Over500_2026_P02_-_published:2143;Over500_2026_P02_-_published:2144;Over500_2026_P02_-_published:2145;Over500_2026_P02_-_published:2127;Over500_2026_P02_-_published:2128;Over500_2026_P02_-_published:2129;Over500_2026_P02_-_published:2130;Over500_2026_P02_-_published:2147;Over500_2026_P02_-_published:2148;Over500_2026_P03_-_published:2052;Over500_2026_P03_-_published:2108;Over500_2026_P03_-_published:2112;Over500_2026_P03_-_published:3067;Over500_2026_P03_-_published:3071;Over500_2026_P03_-_published:1923;Over500_2026_P03_-_published:2053;Over500_2026_P03_-_published:2109;Over500_2026_P03_-_published:2121;Over500_2026_P03_-_published:2123;Over500_2026_P03_-_published:3035;Over500_2026_P03_-_published:3072;Over500_2026_P03_-_published:3073;Over500_2026_P03_-_published:2124;Over500_2026_P03_-_published:3069
1000,ABI SUPPORT,Abi-support Ltd,2026-06-10,2026-07-08,28,30,22470.24,956.36,placement,Over500_2026_P03_-_published:1125;Over500_2026_P03_-_published:1126;Over500_2026_P03_-_published:2694;Over500_2026_P03_-_published:2756;Over500_2026_P03_-_published:1141;Over500_2026_P03_-_published:1149;Over500_2026_P03_-_published:2779;Over500_2026_P03_-_published:2780;Over500_2026_P03_-_published:864;Over500_2026_P03_-_published:1236;Over500_2026_P03_-_published:1242;Over500_2026_P03_-_published:1280;Over500_2026_P03_-_published:1307;Over500_2026_P03_-_published:1397;Over500_2026_P04_-_published:1176;Over500_2026_P04_-_published:1177;Over500_2026_P04_-_published:1856;Over500_2026_P04_-_published:1345;Over500_2026_P04_-_published:1347;Over500_2026_P04_-_published:1385;Over500_2026_P04_-_published:1448;Over500_2026_P04_-_published:1449;Over500_2026_P04_-_published:1450;Over500_2026_P04_-_published:1569;Over500_2026_P04_-_published:1883;Over500_2026_P04_-_published:2079;Over500_2026_P04_-_published:2080;Over500_2026_P04_-_published:2082;Over500_2026_P04_-_published:2653;Over500_2026_P04_-_published:924
1000,AFFINITY TRUST SUPPORT,Affinity Trust Support Ltd,2026-06-24,2026-07-15,21,32,22222.32,880.0,placement,Over500_2026_P03_-_published:1444;Over500_2026_P03_-_published:1531;Over500_2026_P03_-_published:1532;Over500_2026_P03_-_published:1533;Over500_2026_P03_-_published:1541;Over500_2026_P03_-_published:1630;Over500_2026_P03_-_published:1665;Over500_2026_P03_-_published:1704;Over500_2026_P03_-_published:1764;Over500_2026_P03_-_published:1875;Over500_2026_P03_-_published:1977;Over500_2026_P03_-_published:1983;Over500_2026_P03_-_published:2914;Over500_2026_P03_-_published:2939;Over500_2026_P03_-_published:2940;Over500_2026_P03_-_published:2944;Over500_2026_P03_-_published:2978;Over500_2026_P04_-_published:2294;Over500_2026_P04_-_published:2344;Over500_2026_P04_-_published:2961;Over500_2026_P04_-_published:2980;Over500_2026_P04_-_published:3066;Over500_2026_P04_-_published:3730;Over500_2026_P04_-_published:3731;Over500_2026_P04_-_published:2301;Over500_2026_P04_-_published:2322;Over500_2026_P04_-_published:2694;Over500_2026_P04_-_published:3008;Over500_2026_P04_-_published:2401;Over500_2026_P04_-_published:2422;Over500_2026_P04_-_published:2441;Over500_2026_P04_-_published:2709
1000,WE ARE THE CARE COMPANY,We Are The Care Company Ltd,2026-07-15,2026-07-29,14,25,20151.27,999.6,placement,Over500_2026_P04_-_published:1463;Over500_2026_P04_-_published:1572;Over500_2026_P04_-_published:1532;Over500_2026_P04_-_published:2650;Over500_2026_P04_-_published:1606;Over500_2026_P04_-_published:1610;Over500_2026_P04_-_published:1611;Over500_2026_P04_-_published:1612;Over500_2026_P04_-_published:1665;Over500_2026_P04_-_published:1668;Over500_2026_P04_-_published:1669;Over500_2026_P04_-_published:1670;Over500_2026_P04_-_published:1672;Over500_2026_P04_-_published:1675;Over500_2026_P04_-_published:1689;Over500_2026_P04_-_published:1741;Over500_2026_P04_-_published:1742;Over500_2026_P04_-_published:1884;Over500_2026_P04_-_published:2113;Over500_2026_P04_-_published:2365;Over500_2026_P04_-_published:2366;Over500_2026_P04_-_published:2368;Over500_2026_P04_-_published:2655;Over500_2026_P04_-_published:2813;Over500_2026_P04_-_published:968
1000,BUPA CARE SERVICES,BUPA Care Services,2026-07-01,2026-07-08,7,28,19279.81,989.29,placement,Over500_2026_P04_-_published:1028;Over500_2026_P04_-_published:1029;Over500_2026_P04_-_published:1030;Over500_2026_P04_-_published:1031;Over500_2026_P04_-_published:1051;Over500_2026_P04_-_published:1067;Over500_2026_P04_-_published:1068;Over500_2026_P04_-_published:1069;Over500_2026_P04_-_published:1075;Over500_2026_P04_-_published:1076;Over500_2026_P04_-_published:1077;Over500_2026_P04_-_published:1078;Over500_2026_P04_-_published:1079;Over500_2026_P04_-_published:1080;Over500_2026_P04_-_published:1100;Over500_2026_P04_-_published:1132;Over500_2026_P04_-_published:1133;Over500_2026_P04_-_published:1151;Over500_2026_P04_-_published:1817;Over500_2026_P04_-_published:1841;Over500_2026_P04_-_published:1889;Over500_2026_P04_-_published:1925;Over500_2026_P04_-_published:1944;Over500_2026_P04_-_published:2770;Over500_2026_P04_-_published:2869;Over500_2026_P04_-_published:1818;Over500_2026_P04_-_published:1923;Over500_2026_P04_-_published:927
1000,CARE OUTLOOK,Care Outlook Ltd,2026-06-24,2026-07-15,21,26,19134.5,887.88,placement,Over500_2026_P03_-_published:1297;Over500_2026_P03_-_published:1314;Over500_2026_P03_-_published:1321;Over500_2026_P03_-_published:1458;Over500_2026_P03_-_published:2698;Over500_2026_P03_-_published:2813;Over500_2026_P03_-_published:2815;Over500_2026_P03_-_published:2817;Over500_2026_P03_-_published:2887;Over500_2026_P03_-_published:2888;Over500_2026_P03_-_published:933;Over500_2026_P03_-_published:934;Over500_2026_P04_-_published:1700;Over500_2026_P04_-_published:1702;Over500_2026_P04_-_published:1703;Over500_2026_P04_-_published:1721;Over500_2026_P04_-_published:1750;Over500_2026_P04_-_published:2072;Over500_2026_P04_-_published:2124;Over500_2026_P04_-_published:2125;Over500_2026_P04_-_published:2126;Over500_2026_P04_-_published:2296;Over500_2026_P04_-_published:2659;Over500_2026_P04_-_published:973;Over500_2026_P04_-_published:998;Over500_2026_P04_-_published:2037
1000,ENIRO CARE,Eniro Care Ltd,2026-06-03,2026-06-10,7,24,18017.79,956.36,placement,Over500_2026_P03_-_published:1000;Over500_2026_P03_-_published:1043;Over500_2026_P03_-_published:1044;Over500_2026_P03_-_published:1090;Over500_2026_P03_-_published:1093;Over500_2026_P03_-_published:1267;Over500_2026_P03_-_published:1428;Over500_2026_P03_-_published:2822;Over500_2026_P03_-_published:997;Over500_2026_P03_-_published:998;Over500_2026_P03_-_published:1087;Over500_2026_P03_-_published:1127;Over500_2026_P03_-_published:1142;Over500_2026_P03_-_published:1166;Over500_2026_P03_-_published:1169;Over500_2026_P03_-_published:1171;Over500_2026_P03_-_published:1268;Over500_2026_P03_-_published:1367;Over500_2026_P03_-_published:1501;Over500_2026_P03_-_published:2695;Over500_2026_P03_-_published:2753;Over500_2026_P03_-_published:2759;Over500_2026_P03_-_published:2761;Over500_2026_P03_-_published:2826
1000,WE ARE THE CARE COMPANY,We Are The Care Company Ltd,2026-05-06,2026-06-03,28,24,17352.12,928.2,placement,Over500_2026_P02_-_published:1115;Over500_2026_P02_-_published:1118;Over500_2026_P02_-_published:1121;Over500_2026_P02_-_published:1123;Over500_2026_P02_-_published:1124;Over500_2026_P02_-_published:1132;Over500_2026_P02_-_published:1134;Over500_2026_P02_-_published:1139;Over500_2026_P02_-_published:1145;Over500_2026_P02_-_published:1146;Over500_2026_P02_-_published:1149;Over500_2026_P02_-_published:1154;Over500_2026_P02_-_published:1158;Over500_2026_P02_-_published:1428;Over500_2026_P02_-_published:1585;Over500_2026_P02_-_published:1199;Over500_2026_P02_-_published:1202;Over500_2026_P02_-_published:888;Over500_2026_P02_-_published:1333;Over500_2026_P02_-_published:1337;Over500_2026_P02_-_published:910;Over500_2026_P03_-_published:1355;Over500_2026_P03_-_published:991;Over500_2026_P03_-_published:992
1000,PURESOUL CARE,PureSoul Care Ltd,2026-05-01,2026-05-22,21,24,17021.65,989.19,placement,Over500_2026_P02_-_published:1081;Over500_2026_P02_-_published:1082;Over500_2026_P02_-_published:1258;Over500_2026_P02_-_published:1261;Over500_2026_P02_-_published:1263;Over500_2026_P02_-_published:1264;Over500_2026_P02_-_published:1267;Over500_2026_P02_-_published:1268;Over500_2026_P02_-_published:1271;Over500_2026_P02_-_published:1274;Over500_2026_P02_-_published:1277;Over500_2026_P02_-_published:1278;Over500_2026_P02_-_published:1281;Over500_2026_P02_-_published:1434;Over500_2026_P02_-_published:1435;Over500_2026_P02_-_published:1609;Over500_2026_P02_-_published:1628;Over500_2026_P02_-_published:1934;Over500_2026_P02_-_published:1995;Over500_2026_P02_-_published:1996;Over500_2026_P02_-_published:901;Over500_2026_P02_-_published:902;Over500_2026_P02_-_published:927;Over500_2026_P02_-_published:1332
1000,THE YUME PROJECT,The Yume Project Ltd,2026-06-03,2026-06-24,21,24,16181.08,862.07,placement,Over500_2026_P03_-_published:1519;Over500_2026_P03_-_published:1672;Over500_2026_P03_-_published:1721;Over500_2026_P03_-_published:1722;Over500_2026_P03_-_published:1723;Over500_2026_P03_-_published:1787;Over500_2026_P03_-_published:1788;Over500_2026_P03_-_published:2919;Over500_2026_P03_-_published:2961;Over500_2026_P03_-_published:2962;Over500_2026_P03_-_published:2964;Over500_2026_P03_-_published:2965;Over500_2026_P03_-_published:1725;Over500_2026_P03_-_published:1726;Over500_2026_P03_-_published:1538;Over500_2026_P03_-_published:1659;Over500_2026_P03_-_published:1711;Over500_2026_P03_-_published:1730;Over500_2026_P03_-_published:1746;Over500_2026_P03_-_published:1747;Over500_2026_P03_-_published:1801;Over500_2026_P03_-_published:1802;Over500_2026_P03_-_published:2969;Over500_2026_P03_-_published:2970
1000,WEST BERKSHIRE MENCAP,WEST BERKSHIRE MENCAP,2026-05-20,2026-06-17,28,21,14451.96,896.93,grant,Over500_2026_P02_-_published:809;Over500_2026_P02_-_published:810;Over500_2026_P02_-_published:811;Over500_2026_P02_-_published:812;Over500_2026_P02_-_published:814;Over500_2026_P02_-_published:815;Over500_2026_P02_-_published:816;Over500_2026_P02_-_published:817;Over500_2026_P02_-_published:818;Over500_2026_P02_-_published:820;Over500_2026_P02_-_published:821;Over500_2026_P02_-_published:822;Over500_2026_P02_-_published:856;Over500_2026_P03_-_published:781;Over500_2026_P03_-_published:2684;Over500_2026_P03_-_published:2685;Over500_2026_P03_-_published:793;Over500_2026_P03_-_published:794;Over500_2026_P03_-_published:832;Over500_2026_P03_-_published:868;Over500_2026_P03_-_published:810
1000,GOLDCREST CARE SERVICES,Goldcrest Care Services,2026-07-15,2026-07-17,2,19,14427.26,996.18,placement,Over500_2026_P04_-_published:1506;Over500_2026_P04_-_published:1507;Over500_2026_P04_-_published:1574;Over500_2026_P04_-_published:1575;Over500_2026_P04_-_published:1578;Over500_2026_P04_-_published:1773;Over500_2026_P04_-_published:1788;Over500_2026_P04_-_published:1811;Over500_2026_P04_-_published:2038;Over500_2026_P04_-_published:2211;Over500_2026_P04_-_published:2213;Over500_2026_P04_-_published:2214;Over500_2026_P04_-_published:3641;Over500_2026_P04_-_published:951;Over500_2026_P04_-_published:1066;Over500_2026_P04_-_published:1509;Over500_2026_P04_-_published:1540;Over500_2026_P04_-_published:2275;Over500_2026_P04_-_published:2654
1000,THE YUME PROJECT,The Yume Project Ltd,2026-07-15,2026-07-29,14,20,13881.57,940.44,placement,Over500_2026_P04_-_published:2428;Over500_2026_P04_-_published:2452;Over500_2026_P04_-_published:2593;Over500_2026_P04_-_published:2595;Over500_2026_P04_-_published:2596;Over500_2026_P04_-_published:2616;Over500_2026_P04_-_published:2618;Over500_2026_P04_-_published:2639;Over500_2026_P04_-_published:2640;Over500_2026_P04_-_published:2641;Over500_2026_P04_-_published:2642;Over500_2026_P04_-_published:3482;Over500_2026_P04_-_published:3483;Over500_2026_P04_-_published:3484;Over500_2026_P04_-_published:3552;Over500_2026_P04_-_published:3554;Over500_2026_P04_-_published:3556;Over500_2026_P04_-_published:2502;Over500_2026_P04_-_published:3562;Over500_2026_P04_-_published:2689
1000,ACORN HOME SUPPORT,Acorn Home Support Ltd,2026-05-13,2026-06-10,28,22,13749.98,908.31,placement,Over500_2026_P02_-_published:1376;Over500_2026_P02_-_published:1377;Over500_2026_P02_-_published:1740;Over500_2026_P02_-_published:1915;Over500_2026_P02_-_published:1916;Over500_2026_P02_-_published:1917;Over500_2026_P02_-_published:1918;Over500_2026_P02_-_published:923;Over500_2026_P02_-_published:924;Over500_2026_P02_-_published:925;Over500_2026_P02_-_published:1961;Over500_2026_P03_-_published:1261;Over500_2026_P03_-_published:1288;Over500_2026_P03_-_published:1528;Over500_2026_P03_-_published:1784;Over500_2026_P03_-_published:1785;Over500_2026_P03_-_published:1786;Over500_2026_P03_-_published:2925;Over500_2026_P03_-_published:2996;Over500_2026_P03_-_published:886;Over500_2026_P03_-_published:887;Over500_2026_P03_-_published:911
1000,DIMENSIONS NSO,DIMENSIONS (NSO) LTD,2026-07-15,2026-07-22,7,21,13499.21,684.04,placement,Over500_2026_P04_-_published:3019;Over500_2026_P04_-_published:2449;Over500_2026_P04_-_published:2450;Over500_2026_P04_-_published:2462;Over500_2026_P04_-_published:2463;Over500_2026_P04_-_published:2464;Over500_2026_P04_-_published:2465;Over500_2026_P04_-_published:2466;Over500_2026_P04_-_published:2470;Over500_2026_P04_-_published:2475;Over500_2026_P04_-_published:2477;Over500_2026_P04_-_published:2493;Over500_2026_P04_-_published:2494;Over500_2026_P04_-_published:2496;Over500_2026_P04_-_published:2500;Over500_2026_P04_-_published:2504;Over500_2026_P04_-_published:3040;Over500_2026_P04_-_published:3041;Over500_2026_P04_-_published:3042;Over500_2026_P04_-_published:3043;Over500_2026_P04_-_published:3046
1000,TEONFA,Teonfa Ltd,2026-06-17,2026-07-15,28,20,13186.67,807.64,placement,Over500_2026_P03_-_published:863;Over500_2026_P03_-_published:1205;Over500_2026_P03_-_published:1206;Over500_2026_P03_-_published:1216;Over500_2026_P03_-_published:1217;Over500_2026_P03_-_published:1233;Over500_2026_P03_-_published:2797;Over500_2026_P03_-_published:2798;Over500_2026_P03_-_published:845;Over500_2026_P04_-_published:1027;Over500_2026_P04_-_published:1165;Over500_2026_P04_-_published:1243;Over500_2026_P04_-_published:2129;Over500_2026_P04_-_published:1436;Over500_2026_P04_-_published:1438;Over500_2026_P04_-_published:1501;Over500_2026_P04_-_published:1523;Over500_2026_P04_-_published:2207;Over500_2026_P04_-_published:949;Over500_2026_P04_-_published:950
1000,GLOBAL MEDIATION,Global Mediation,2026-07-15,2026-07-16,1,21,13125.0,625.0,placement,Over500_2026_P04_-_published:3203;Over500_2026_P04_-_published:3204;Over500_2026_P04_-_published:3235;Over500_2026_P04_-_published:3274;Over500_2026_P04_-_published:3275;Over500_2026_P04_-_published:3276;Over500_2026_P04_-_published:3277;Over500_2026_P04_-_published:3278;Over500_2026_P04_-_published:3314;Over500_2026_P04_-_published:3316;Over500_2026_P04_-_published:3317;Over500_2026_P04_-_published:3318;Over500_2026_P04_-_published:3319;Over500_2026_P04_-_published:3798;Over500_2026_P04_-_published:3799;Over500_2026_P04_-_published:3800;Over500_2026_P04_-_published:3236;Over500_2026_P04_-_published:3237;Over500_2026_P04_-_published:3280;Over500_2026_P04_-_published:3320;Over500_2026_P04_-_published:3801
1000,NOUBLES HEALTHCARE,Noubles Healthcare Ltd,2026-06-10,2026-07-08,28,17,12927.88,956.36,placement,Over500_2026_P03_-_published:1050;Over500_2026_P03_-_published:1062;Over500_2026_P03_-_published:1102;Over500_2026_P03_-_published:1117;Over500_2026_P03_-_published:2737;Over500_2026_P03_-_published:2738;Over500_2026_P03_-_published:849;Over500_2026_P03_-_published:876;Over500_2026_P03_-_published:1174;Over500_2026_P04_-_published:1230;Over500_2026_P04_-_published:1258;Over500_2026_P04_-_published:1355;Over500_2026_P04_-_published:1356;Over500_2026_P04_-_published:2041;Over500_2026_P04_-_published:2043;Over500_2026_P04_-_published:2652;Over500_2026_P04_-_published:999
1000,ABI SUPPORT,Abi-support Ltd,2026-05-06,2026-06-03,28,16,12802.96,999.57,placement,Over500_2026_P02_-_published:1364;Over500_2026_P02_-_published:1365;Over500_2026_P02_-_published:1426;Over500_2026_P02_-_published:1210;Over500_2026_P02_-_published:1213;Over500_2026_P02_-_published:1214;Over500_2026_P02_-_published:1216;Over500_2026_P02_-_published:1217;Over500_2026_P02_-_published:1218;Over500_2026_P02_-_published:1220;Over500_2026_P02_-_published:1433;Over500_2026_P02_-_published:1598;Over500_2026_P02_-_published:893;Over500_2026_P02_-_published:908;Over500_2026_P03_-_published:1357;Over500_2026_P03_-_published:994
1000,CARE OUTLOOK,Care Outlook Ltd,2026-05-20,2026-06-17,28,17,12739.1,926.76,placement,Over500_2026_P02_-_published:1394;Over500_2026_P02_-_published:1398;Over500_2026_P02_-_published:1622;Over500_2026_P02_-_published:1623;Over500_2026_P02_-_published:1624;Over500_2026_P02_-_published:928;Over500_2026_P02_-_published:929;Over500_2026_P02_-_published:1450;Over500_2026_P02_-_published:1625;Over500_2026_P02_-_published:932;Over500_2026_P02_-_published:1404;Over500_2026_P02_-_published:1405;Over500_2026_P02_-_published:1406;Over500_2026_P03_-_published:848;Over500_2026_P03_-_published:1291;Over500_2026_P03_-_published:1584;Over500_2026_P03_-_published:2886
1000,ACORN HOME SUPPORT,Acorn Home Support Ltd,2026-07-08,2026-07-29,21,21,12671.64,931.6,placement,Over500_2026_P04_-_published:1000;Over500_2026_P04_-_published:1001;Over500_2026_P04_-_published:1751;Over500_2026_P04_-_published:1758;Over500_2026_P04_-_published:1759;Over500_2026_P04_-_published:2333;Over500_2026_P04_-_published:2786;Over500_2026_P04_-_published:2815;Over500_2026_P04_-_published:2827;Over500_2026_P04_-_published:3674;Over500_2026_P04_-_published:3675;Over500_2026_P04_-_published:1002;Over500_2026_P04_-_published:1003;Over500_2026_P04_-_published:1004;Over500_2026_P04_-_published:1766;Over500_2026_P04_-_published:1786;Over500_2026_P04_-_published:2553;Over500_2026_P04_-_published:2863;Over500_2026_P04_-_published:2879;Over500_2026_P04_-_published:2898;Over500_2026_P04_-_published:2899
1000,AFFINITY TRUST SUPPORT,Affinity Trust Support Ltd,2026-05-13,2026-06-03,21,17,12446.96,940.42,placement,Over500_2026_P02_-_published:1722;Over500_2026_P02_-_published:1723;Over500_2026_P02_-_published:1724;Over500_2026_P02_-_published:2017;Over500_2026_P02_-_published:1803;Over500_2026_P02_-_published:1804;Over500_2026_P03_-_published:1447;Over500_2026_P03_-_published:1450;Over500_2026_P03_-_published:1521;Over500_2026_P03_-_published:1523;Over500_2026_P03_-_published:1525;Over500_2026_P03_-_published:1609;Over500_2026_P03_-_published:1613;Over500_2026_P03_-_published:1614;Over500_2026_P03_-_published:2920;Over500_2026_P03_-_published:2922;Over500_2026_P03_-_published:2923
1000,COMFORT HARMONY CARE,Comfort Harmony Care Ltd,2026-06-24,2026-07-08,14,16,12414.36,972.72,placement,Over500_2026_P03_-_published:1190;Over500_2026_P03_-_published:1191;Over500_2026_P03_-_published:1431;Over500_2026_P03_-_published:1558;Over500_2026_P03_-_published:1965;Over500_2026_P03_-_published:2878;Over500_2026_P03_-_published:2992;Over500_2026_P04_-_published:889;Over500_2026_P04_-_published:1231;Over500_2026_P04_-_published:1313;Over500_2026_P04_-_published:1358;Over500_2026_P04_-_published:2016;Over500_2026_P04_-_published:2017;Over500_2026_P04_-_published:2773;Over500_2026_P04_-_published:2894;Over500_2026_P04_-_published:919
1000,WEST BERKSHIRE MENCAP,WEST BERKSHIRE MENCAP,2026-06-23,2026-07-17,24,17,12358.21,898.72,grant,Over500_2026_P03_-_published:833;Over500_2026_P04_-_published:1427;Over500_2026_P04_-_published:1428;Over500_2026_P04_-_published:1429;Over500_2026_P04_-_published:1430;Over500_2026_P04_-_published:683;Over500_2026_P04_-_published:684;Over500_2026_P04_-_published:685;Over500_2026_P04_-_published:686;Over500_2026_P04_-_published:817;Over500_2026_P04_-_published:848;Over500_2026_P04_-_published:875;Over500_2026_P04_-_published:876;Over500_2026_P04_-_published:886;Over500_2026_P04_-_published:658;Over500_2026_P04_-_published:865;Over500_2026_P04_-_published:2432
1000,SOVEREIGN HOUSING GROUP,SOVEREIGN HOUSING GROUP,2026-05-08,2026-05-08,0,18,12201.87,774.87,premises,Over500_2026_P02_-_published:100;Over500_2026_P02_-_published:101;Over500_2026_P02_-_published:81;Over500_2026_P02_-_published:82;Over500_2026_P02_-_published:83;Over500_2026_P02_-_published:84;Over500_2026_P02_-_published:85;Over500_2026_P02_-_published:86;Over500_2026_P02_-_published:87;Over500_2026_P02_-_published:88;Over500_2026_P02_-_published:90;Over500_2026_P02_-_published:91;Over500_2026_P02_-_published:92;Over500_2026_P02_-_published:93;Over500_2026_P02_-_published:95;Over500_2026_P02_-_published:96;Over500_2026_P02_-_published:97;Over500_2026_P02_-_published:98
1000,SOVEREIGN HOUSING GROUP,SOVEREIGN HOUSING GROUP,2026-06-08,2026-06-08,0,18,12201.87,774.87,premises,Over500_2026_P03_-_published:118;Over500_2026_P03_-_published:119;Over500_2026_P03_-_published:290;Over500_2026_P03_-_published:291;Over500_2026_P03_-_published:293;Over500_2026_P03_-_published:70;Over500_2026_P03_-_published:71;Over500_2026_P03_-_published:72;Over500_2026_P03_-_published:73;Over500_2026_P03_-_published:76;Over500_2026_P03_-_published:77;Over500_2026_P03_-_published:86;Over500_2026_P03_-_published:87;Over500_2026_P03_-_published:95;Over500_2026_P03_-_published:96;Over500_2026_P03_-_published:97;Over500_2026_P03_-_published:98;Over500_2026_P03_-_published:99
1000,IV CARE TA GOOD OAKS HOME CARE READING,I.V Care Limited t/a Good Oaks Home Care (Reading),2026-06-17,2026-07-08,21,16,11652.63,910.8,placement,Over500_2026_P03_-_published:1136;Over500_2026_P03_-_published:1969;Over500_2026_P03_-_published:1161;Over500_2026_P03_-_published:1193;Over500_2026_P03_-_published:1194;Over500_2026_P03_-_published:1263;Over500_2026_P04_-_published:1205;Over500_2026_P04_-_published:1208;Over500_2026_P04_-_published:1221;Over500_2026_P04_-_published:1250;Over500_2026_P04_-_published:1770;Over500_2026_P04_-_published:1977;Over500_2026_P04_-_published:2801;Over500_2026_P04_-_published:2996;Over500_2026_P04_-_published:1316;Over500_2026_P04_-_published:1317
1000,ENIRO CARE,Eniro Care Ltd,2026-07-08,2026-07-29,21,16,11629.59,956.36,placement,Over500_2026_P04_-_published:1340;Over500_2026_P04_-_published:1381;Over500_2026_P04_-_published:1446;Over500_2026_P04_-_published:2077;Over500_2026_P04_-_published:934;Over500_2026_P04_-_published:2111;Over500_2026_P04_-_published:2523;Over500_2026_P04_-_published:1613;Over500_2026_P04_-_published:1628;Over500_2026_P04_-_published:1697;Over500_2026_P04_-_published:1712;Over500_2026_P04_-_published:1715;Over500_2026_P04_-_published:1778;Over500_2026_P04_-_published:1797;Over500_2026_P04_-_published:1812;Over500_2026_P04_-_published:991
1000,YOUR SERENITY,Your Serenity Ltd,2026-07-01,2026-07-29,28,16,11396.48,956.36,placement,Over500_2026_P04_-_published:1150;Over500_2026_P04_-_published:1168;Over500_2026_P04_-_published:1776;Over500_2026_P04_-_published:1857;Over500_2026_P04_-_published:3644;Over500_2026_P04_-_published:890;Over500_2026_P04_-_published:1227;Over500_2026_P04_-_published:1815;Over500_2026_P04_-_published:2047;Over500_2026_P04_-_published:929;Over500_2026_P04_-_published:2837;Over500_2026_P04_-_published:1593;Over500_2026_P04_-_published:1594;Over500_2026_P04_-_published:1619;Over500_2026_P04_-_published:1745;Over500_2026_P04_-_published:1799
1000,COMFORT HARMONY CARE,Comfort Harmony Care Ltd,2026-05-13,2026-06-10,28,13,10904.9,999.57,placement,Over500_2026_P02_-_published:1167;Over500_2026_P02_-_published:1169;Over500_2026_P02_-_published:1172;Over500_2026_P02_-_published:1589;Over500_2026_P02_-_published:1590;Over500_2026_P02_-_published:1992;Over500_2026_P02_-_published:885;Over500_2026_P02_-_published:922;Over500_2026_P02_-_published:1605;Over500_2026_P02_-_published:1876;Over500_2026_P03_-_published:1002;Over500_2026_P03_-_published:2730;Over500_2026_P03_-_published:2740
1000,ADDRESS ENTERPRISE,Address Enterprise Ltd,2026-06-24,2026-07-15,21,15,10859.82,981.96,placement,Over500_2026_P03_-_published:908;Over500_2026_P04_-_published:1201;Over500_2026_P04_-_published:1248;Over500_2026_P04_-_published:2015;Over500_2026_P04_-_published:917;Over500_2026_P04_-_published:3732;Over500_2026_P04_-_published:1488;Over500_2026_P04_-_published:2034;Over500_2026_P04_-_published:2108;Over500_2026_P04_-_published:2205;Over500_2026_P04_-_published:3051;Over500_2026_P04_-_published:926;Over500_2026_P04_-_published:940;Over500_2026_P04_-_published:947;Over500_2026_P04_-_published:948
1000,INTERAKT COMMUNITY,Interakt Community Limited,2026-06-03,2026-06-24,21,15,10808.24,985.76,placement,Over500_2026_P03_-_published:1673;Over500_2026_P03_-_published:1740;Over500_2026_P03_-_published:1790;Over500_2026_P03_-_published:1791;Over500_2026_P03_-_published:1743;Over500_2026_P03_-_published:1727;Over500_2026_P03_-_published:1745;Over500_2026_P03_-_published:1797;Over500_2026_P03_-_published:1799;Over500_2026_P03_-_published:1800;Over500_2026_P03_-_published:2966;Over500_2026_P03_-_published:2967;Over500_2026_P03_-_published:2968;Over500_2026_P03_-_published:1748;Over500_2026_P03_-_published:1803
1000,THE NEWBURY COMMUNITY RESOURCE CENTRE,THE NEWBURY COMMUNITY RESOURCE CENTRE LTD,2026-05-20,2026-05-20,0,15,10789.67,985.86,grant,Over500_2026_P02_-_published:792;Over500_2026_P02_-_published:793;Over500_2026_P02_-_published:794;Over500_2026_P02_-_published:795;Over500_2026_P02_-_published:796;Over500_2026_P02_-_published:797;Over500_2026_P02_-_published:798;Over500_2026_P02_-_published:799;Over500_2026_P02_-_published:801;Over500_2026_P02_-_published:802;Over500_2026_P02_-_published:803;Over500_2026_P02_-_published:804;Over500_2026_P02_-_published:805;Over500_2026_P02_-_published:808;Over500_2026_P02_-_published:831
1000,GOLDCREST CARE SERVICES,Goldcrest Care Services,2026-06-03,2026-07-01,28,15,10777.83,956.36,placement,Over500_2026_P03_-_published:1039;Over500_2026_P03_-_published:974;Over500_2026_P03_-_published:995;Over500_2026_P03_-_published:1252;Over500_2026_P03_-_published:1254;Over500_2026_P03_-_published:1256;Over500_2026_P03_-_published:1262;Over500_2026_P03_-_published:1277;Over500_2026_P03_-_published:1316;Over500_2026_P03_-_published:1861;Over500_2026_P03_-_published:2697;Over500_2026_P03_-_published:2884;Over500_2026_P04_-_published:1220;Over500_2026_P04_-_published:1781;Over500_2026_P04_-_published:1870
1000,IV CARE TA GOOD OAKS HOME CARE READING,I.V Care Limited t/a Good Oaks Home Care (Reading),2026-07-29,2026-07-29,0,15,10485.71,939.26,placement,Over500_2026_P04_-_published:1074;Over500_2026_P04_-_published:1596;Over500_2026_P04_-_published:1597;Over500_2026_P04_-_published:1598;Over500_2026_P04_-_published:1599;Over500_2026_P04_-_published:1620;Over500_2026_P04_-_published:1643;Over500_2026_P04_-_published:1644;Over500_2026_P04_-_published:1877;Over500_2026_P04_-_published:2064;Over500_2026_P04_-_published:2119;Over500_2026_P04_-_published:2120;Over500_2026_P04_-_published:2293;Over500_2026_P04_-_published:2997;Over500_2026_P04_-_published:967
1000,STEP BY STEP PARTNERSHIP,STEP BY STEP PARTNERSHIP LTD,2026-07-22,2026-07-23,1,13,10386.62,938.4,placement,Over500_2026_P04_-_published:3153;Over500_2026_P04_-_published:3205;Over500_2026_P04_-_published:3223;Over500_2026_P04_-_published:3224;Over500_2026_P04_-_published:3740;Over500_2026_P04_-_published:3773;Over500_2026_P04_-_published:3115;Over500_2026_P04_-_published:3116;Over500_2026_P04_-_published:3117;Over500_2026_P04_-_published:3206;Over500_2026_P04_-_published:3229;Over500_2026_P04_-_published:3774;Over500_2026_P04_-_published:3779
1000,BERKSHIRE MECHANICAL SERVICES,BERKSHIRE MECHANICAL SERVICES,2026-06-25,2026-07-10,15,13,10105.0,1000.0,premises,Over500_2026_P03_-_published:280;Over500_2026_P04_-_published:146;Over500_2026_P04_-_published:375;Over500_2026_P04_-_published:48;Over500_2026_P04_-_published:78;Over500_2026_P04_-_published:370;Over500_2026_P04_-_published:49;Over500_2026_P04_-_published:81;Over500_2026_P04_-_published:372;Over500_2026_P04_-_published:50;Over500_2026_P04_-_published:56;Over500_2026_P04_-_published:57;Over500_2026_P04_-_published:373
1000,ALL CARE GB,All-Care (GB) Ltd,2026-07-29,2026-07-29,0,13,9749.57,956.76,placement,Over500_2026_P04_-_published:1650;Over500_2026_P04_-_published:1747;Over500_2026_P04_-_published:1775;Over500_2026_P04_-_published:1880;Over500_2026_P04_-_published:1900;Over500_2026_P04_-_published:2067;Over500_2026_P04_-_published:2122;Over500_2026_P04_-_published:2378;Over500_2026_P04_-_published:2379;Over500_2026_P04_-_published:2381;Over500_2026_P04_-_published:2382;Over500_2026_P04_-_published:2882;Over500_2026_P04_-_published:960
1000,NOUBLES HEALTHCARE,Noubles Healthcare Ltd,2026-05-06,2026-05-22,16,13,9606.8,954.05,placement,Over500_2026_P02_-_published:1093;Over500_2026_P02_-_published:1096;Over500_2026_P02_-_published:1097;Over500_2026_P02_-_published:1226;Over500_2026_P02_-_published:1229;Over500_2026_P02_-_published:1233;Over500_2026_P02_-_published:1234;Over500_2026_P02_-_published:1235;Over500_2026_P02_-_published:1236;Over500_2026_P02_-_published:1244;Over500_2026_P02_-_published:897;Over500_2026_P02_-_published:926;Over500_2026_P02_-_published:1325
1000,BERKSHIRE MECHANICAL SERVICES,BERKSHIRE MECHANICAL SERVICES,2026-05-06,2026-06-03,28,14,9550.0,1000.0,premises,Over500_2026_P02_-_published:49;Over500_2026_P02_-_published:30;Over500_2026_P02_-_published:31;Over500_2026_P02_-_published:32;Over500_2026_P02_-_published:34;Over500_2026_P02_-_published:35;Over500_2026_P02_-_published:36;Over500_2026_P02_-_published:37;Over500_2026_P02_-_published:38;Over500_2026_P02_-_published:39;Over500_2026_P02_-_published:41;Over500_2026_P02_-_published:42;Over500_2026_P02_-_published:454;Over500_2026_P03_-_published:50
1000,GLEN CLEANING COMPANY,Glen Cleaning Company Ltd,2026-07-13,2026-07-30,17,12,9491.25,930.63,premises,Over500_2026_P04_-_published:124;Over500_2026_P04_-_published:138;Over500_2026_P04_-_published:139;Over500_2026_P04_-_published:169;Over500_2026_P04_-_published:396;Over500_2026_P04_-_published:397;Over500_2026_P04_-_published:400;Over500_2026_P04_-_published:130;Over500_2026_P04_-_published:125;Over500_2026_P04_-_published:126;Over500_2026_P04_-_published:141;Over500_2026_P04_-_published:142
1000,GLEN CLEANING COMPANY,Glen Cleaning Company Ltd,2026-06-08,2026-07-07,29,11,9067.01,930.63,premises,Over500_2026_P03_-_published:137;Over500_2026_P03_-_published:136;Over500_2026_P03_-_published:311;Over500_2026_P03_-_published:312;Over500_2026_P04_-_published:134;Over500_2026_P04_-_published:135;Over500_2026_P04_-_published:140;Over500_2026_P04_-_published:144;Over500_2026_P04_-_published:133;Over500_2026_P04_-_published:145;Over500_2026_P04_-_published:131
1000,GLEN CLEANING COMPANY,Glen Cleaning Company Ltd,2026-05-05,2026-06-02,28,13,8734.4,779.78,premises,Over500_2026_P02_-_published:150;Over500_2026_P02_-_published:155;Over500_2026_P02_-_published:163;Over500_2026_P02_-_published:151;Over500_2026_P02_-_published:156;Over500_2026_P02_-_published:146;Over500_2026_P02_-_published:164;Over500_2026_P02_-_published:147;Over500_2026_P02_-_published:175;Over500_2026_P02_-_published:157;Over500_2026_P02_-_published:176;Over500_2026_P02_-_published:153;Over500_2026_P03_-_published:131
1000,CARNATION DAY CARE SERVICES,CARNATION DAY CARE SERVICES,2026-06-17,2026-07-15,28,13,8373.38,809.64,placement,Over500_2026_P03_-_published:1564;Over500_2026_P03_-_published:1361;Over500_2026_P03_-_published:1401;Over500_2026_P03_-_published:2819;Over500_2026_P03_-_published:2820;Over500_2026_P04_-_published:2153;Over500_2026_P04_-_published:2818;Over500_2026_P04_-_published:1768;Over500_2026_P04_-_published:1805;Over500_2026_P04_-_published:2127;Over500_2026_P04_-_published:2154;Over500_2026_P04_-_published:2647;Over500_2026_P04_-_published:2820
1000,ADDRESS ENTERPRISE,Address Enterprise Ltd,2026-05-20,2026-06-17,28,10,7891.04,996.75,placement,Over500_2026_P02_-_published:1302;Over500_2026_P02_-_published:1342;Over500_2026_P02_-_published:913;Over500_2026_P02_-_published:921;Over500_2026_P03_-_published:2859;Over500_2026_P03_-_published:972;Over500_2026_P03_-_published:1100;Over500_2026_P03_-_published:1981;Over500_2026_P03_-_published:860;Over500_2026_P03_-_published:1150
1000,INDEPENDENCE WITH DIGNITY SUPPORT SERVICES,INDEPENDENCE WITH DIGNITY SUPPORT SERVICES LTD,2026-06-24,2026-07-22,28,11,7789.12,916.72,placement,Over500_2026_P03_-_published:1400;Over500_2026_P03_-_published:1647;Over500_2026_P03_-_published:1648;Over500_2026_P03_-_published:2784;Over500_2026_P03_-_published:884;Over500_2026_P04_-_published:1228;Over500_2026_P04_-_published:2325;Over500_2026_P04_-_published:2819;Over500_2026_P04_-_published:3010;Over500_2026_P04_-_published:931;Over500_2026_P04_-_published:2128
1000,APEX PRIME CARE,Apex Prime Care Ltd,2026-07-15,2026-07-29,14,11,7398.04,938.08,placement,Over500_2026_P04_-_published:1433;Over500_2026_P04_-_published:1434;Over500_2026_P04_-_published:1487;Over500_2026_P04_-_published:1544;Over500_2026_P04_-_published:1796;Over500_2026_P04_-_published:2923;Over500_2026_P04_-_published:952;Over500_2026_P04_-_published:1649;Over500_2026_P04_-_published:2152;Over500_2026_P04_-_published:2377;Over500_2026_P04_-_published:969
1000,ANCHOR PIPEWORK,ANCHOR PIPEWORK LIMITED,2026-05-13,2026-06-10,28,10,6974.41,903.68,premises,Over500_2026_P02_-_published:28;Over500_2026_P02_-_published:53;Over500_2026_P02_-_published:15;Over500_2026_P02_-_published:16;Over500_2026_P02_-_published:24;Over500_2026_P02_-_published:52;Over500_2026_P02_-_published:56;Over500_2026_P03_-_published:56;Over500_2026_P03_-_published:48;Over500_2026_P03_-_published:57
1000,APEX PRIME CARE,Apex Prime Care Ltd,2026-05-20,2026-06-10,21,9,6739.86,938.08,placement,Over500_2026_P02_-_published:1307;Over500_2026_P02_-_published:1308;Over500_2026_P02_-_published:1310;Over500_2026_P02_-_published:2003;Over500_2026_P02_-_published:1361;Over500_2026_P03_-_published:1081;Over500_2026_P03_-_published:1119;Over500_2026_P03_-_published:1120;Over500_2026_P03_-_published:1967
1000,HOUSING CARE 21,HOUSING CARE 21,2026-05-20,2026-06-10,21,9,6727.16,869.52,placement,Over500_2026_P02_-_published:1379;Over500_2026_P02_-_published:1380;Over500_2026_P02_-_published:1381;Over500_2026_P02_-_published:1382;Over500_2026_P02_-_published:1383;Over500_2026_P02_-_published:1384;Over500_2026_P02_-_published:1385;Over500_2026_P02_-_published:1386;Over500_2026_P03_-_published:1290
1000,ANCHOR PIPEWORK,ANCHOR PIPEWORK LIMITED,2026-07-08,2026-07-31,23,10,6692.56,925.16,premises,Over500_2026_P04_-_published:25;Over500_2026_P04_-_published:33;Over500_2026_P04_-_published:55;Over500_2026_P04_-_published:23;Over500_2026_P04_-_published:37;Over500_2026_P04_-_published:47;Over500_2026_P04_-_published:63;Over500_2026_P04_-_published:71;Over500_2026_P04_-_published:64;Over500_2026_P04_-_published:367
1000,IV CARE TA GOOD OAKS HOME CARE READING,I.V Care Limited t/a Good Oaks Home Care (Reading),2026-05-06,2026-06-03,28,9,6649.03,999.96,placement,Over500_2026_P02_-_published:1107;Over500_2026_P02_-_published:1110;Over500_2026_P02_-_published:1112;Over500_2026_P02_-_published:1181;Over500_2026_P02_-_published:1182;Over500_2026_P02_-_published:1618;Over500_2026_P03_-_published:1871;Over500_2026_P03_-_published:966;Over500_2026_P03_-_published:967
1000,TENNENT HOMES 2019,Tennent Homes 2019 Limited,2026-05-06,2026-06-03,28,10,6600.0,750.0,premises,Over500_2026_P02_-_published:71;Over500_2026_P02_-_published:72;Over500_2026_P02_-_published:73;Over500_2026_P02_-_published:74;Over500_2026_P02_-_published:75;Over500_2026_P03_-_published:286;Over500_2026_P03_-_published:287;Over500_2026_P03_-_published:288;Over500_2026_P03_-_published:289;Over500_2026_P03_-_published:75
1000,PURLEY PARK TRUST,PURLEY PARK TRUST LTD,2026-06-24,2026-07-17,23,10,6316.69,906.24,grant,Over500_2026_P03_-_published:1767;Over500_2026_P04_-_published:1409;Over500_2026_P04_-_published:655;Over500_2026_P04_-_published:809;Over500_2026_P04_-_published:860;Over500_2026_P04_-_published:861;Over500_2026_P04_-_published:2599;Over500_2026_P04_-_published:2645;Over500_2026_P04_-_published:3560;Over500_2026_P04_-_published:3561
1000,TOPLINE CARE SOLUTIONS,Topline Care Solutions Ltd,2026-06-24,2026-07-08,14,8,6313.07,956.36,placement,Over500_2026_P03_-_published:1162;Over500_2026_P03_-_published:1223;Over500_2026_P03_-_published:1224;Over500_2026_P04_-_published:1196;Over500_2026_P04_-_published:1235;Over500_2026_P04_-_published:1319;Over500_2026_P04_-_published:2049;Over500_2026_P04_-_published:2649
1000,ASTON NURSING SERVICES,Aston Nursing Services LTD,2026-05-06,2026-06-04,29,9,6272.19,969.67,placement,Over500_2026_P02_-_published:859;Over500_2026_P02_-_published:860;Over500_2026_P02_-_published:2067;Over500_2026_P02_-_published:2068;Over500_2026_P02_-_published:2069;Over500_2026_P02_-_published:2072;Over500_2026_P02_-_published:2073;Over500_2026_P03_-_published:3031;Over500_2026_P03_-_published:1986
1000,TOPLINE CARE SOLUTIONS,Topline Care Solutions Ltd,2026-05-13,2026-06-10,28,9,6243.26,954.05,placement,Over500_2026_P02_-_published:1193;Over500_2026_P02_-_published:1196;Over500_2026_P02_-_published:1592;Over500_2026_P02_-_published:1867;Over500_2026_P02_-_published:1255;Over500_2026_P02_-_published:1868;Over500_2026_P03_-_published:1061;Over500_2026_P03_-_published:1303;Over500_2026_P03_-_published:2864
1000,NOUBLES HEALTHCARE,Noubles Healthcare Ltd,2026-07-17,2026-07-29,12,8,6170.76,956.36,placement,Over500_2026_P04_-_published:2750;Over500_2026_P04_-_published:1060;Over500_2026_P04_-_published:1614;Over500_2026_P04_-_published:1615;Over500_2026_P04_-_published:1616;Over500_2026_P04_-_published:1798;Over500_2026_P04_-_published:2285;Over500_2026_P04_-_published:2749
1000,CARELINE,CARELINE,2026-07-15,2026-07-15,0,9,6026.18,742.67,placement,Over500_2026_P04_-_published:2395;Over500_2026_P04_-_published:2412;Over500_2026_P04_-_published:2431;Over500_2026_P04_-_published:2435;Over500_2026_P04_-_published:2436;Over500_2026_P04_-_published:2446;Over500_2026_P04_-_published:2460;Over500_2026_P04_-_published:2461;Over500_2026_P04_-_published:3038
1000,CONNICK TREE CARE,CONNICK TREE CARE,2026-07-13,2026-07-31,18,9,5884.57,865.2,premises,Over500_2026_P04_-_published:149;Over500_2026_P04_-_published:215;Over500_2026_P04_-_published:216;Over500_2026_P04_-_published:151;Over500_2026_P04_-_published:209;Over500_2026_P04_-_published:211;Over500_2026_P04_-_published:409;Over500_2026_P04_-_published:410;Over500_2026_P04_-_published:152
1000,ETERNAL HOMECARE READING,Eternal Homecare Reading,2026-05-27,2026-06-24,28,7,5658.01,972.13,placement,Over500_2026_P02_-_published:1620;Over500_2026_P03_-_published:1034;Over500_2026_P03_-_published:1035;Over500_2026_P03_-_published:2721;Over500_2026_P03_-_published:1175;Over500_2026_P03_-_published:1183;Over500_2026_P03_-_published:1390
1000,SPARE CRIB GLOBAL,Spare Crib Global Limited,2026-05-12,2026-06-10,29,7,5635.0,805.0,premises,Over500_2026_P02_-_published:65;Over500_2026_P02_-_published:66;Over500_2026_P02_-_published:67;Over500_2026_P02_-_published:68;Over500_2026_P03_-_published:66;Over500_2026_P03_-_published:67;Over500_2026_P03_-_published:84
1000,YOUR SERENITY,Your Serenity Ltd,2026-05-13,2026-06-10,28,8,5542.43,954.05,placement,Over500_2026_P02_-_published:1175;Over500_2026_P02_-_published:1178;Over500_2026_P02_-_published:1180;Over500_2026_P02_-_published:1432;Over500_2026_P02_-_published:1909;Over500_2026_P02_-_published:886;Over500_2026_P02_-_published:1354;Over500_2026_P03_-_published:1830
1000,COMFORT HARMONY CARE,Comfort Harmony Care Ltd,2026-07-29,2026-07-29,0,7,5538.64,956.36,placement,Over500_2026_P04_-_published:1556;Over500_2026_P04_-_published:1617;Over500_2026_P04_-_published:2098;Over500_2026_P04_-_published:2116;Over500_2026_P04_-_published:2775;Over500_2026_P04_-_published:2919;Over500_2026_P04_-_published:985
1000,STRIPEWEB,Stripeweb,2026-07-08,2026-07-31,23,9,5315.86,711.59,general_procurement,Over500_2026_P04_-_published:562;Over500_2026_P04_-_published:1018;Over500_2026_P04_-_published:1019;Over500_2026_P04_-_published:1020;Over500_2026_P04_-_published:563;Over500_2026_P04_-_published:644;Over500_2026_P04_-_published:646;Over500_2026_P04_-_published:564;Over500_2026_P04_-_published:647
1000,ABI SUPPORT,Abi-support Ltd,2026-07-15,2026-07-29,14,7,5282.73,910.81,placement,Over500_2026_P04_-_published:1441;Over500_2026_P04_-_published:1452;Over500_2026_P04_-_published:1810;Over500_2026_P04_-_published:2036;Over500_2026_P04_-_published:2810;Over500_2026_P04_-_published:1585;Over500_2026_P04_-_published:1549
1000,GOLDCREST CARE SERVICES,Goldcrest Care Services,2026-05-01,2026-05-27,26,8,5054.4,759.0,placement,Over500_2026_P02_-_published:1090;Over500_2026_P02_-_published:1091;Over500_2026_P02_-_published:1579;Over500_2026_P02_-_published:1875;Over500_2026_P02_-_published:914;Over500_2026_P02_-_published:1362;Over500_2026_P02_-_published:1363;Over500_2026_P02_-_published:1880
1000,CARE PARTNERS NEWBURY,CARE PARTNERS (NEWBURY) LTD,2026-07-08,2026-07-29,21,7,4969.62,916.3,placement,Over500_2026_P04_-_published:1215;Over500_2026_P04_-_published:1216;Over500_2026_P04_-_published:1981;Over500_2026_P04_-_published:1387;Over500_2026_P04_-_published:2209;Over500_2026_P04_-_published:1548;Over500_2026_P04_-_published:1590
1000,BLOOMFIELD CARE,Bloomfield Care Ltd,2026-06-03,2026-07-01,28,6,4872.84,953.06,placement,Over500_2026_P03_-_published:1031;Over500_2026_P03_-_published:1499;Over500_2026_P03_-_published:990;Over500_2026_P03_-_published:2824;Over500_2026_P03_-_published:1457;Over500_2026_P04_-_published:1859
1000,STRIPEWEB,Stripeweb,2026-05-07,2026-06-04,28,7,4841.7,868.83,general_procurement,Over500_2026_P02_-_published:572;Over500_2026_P02_-_published:574;Over500_2026_P02_-_published:575;Over500_2026_P02_-_published:576;Over500_2026_P02_-_published:577;Over500_2026_P02_-_published:580;Over500_2026_P03_-_published:481
1000,GREEN METRO CARS READING,GREEN METRO CARS READING LTD,2026-05-12,2026-06-09,28,7,4775.0,835.0,general_procurement,Over500_2026_P02_-_published:229;Over500_2026_P02_-_published:238;Over500_2026_P02_-_published:253;Over500_2026_P02_-_published:379;Over500_2026_P03_-_published:167;Over500_2026_P03_-_published:193;Over500_2026_P03_-_published:231
1000,BEST PINNACLE CARE,Best Pinnacle Care Ltd,2026-06-10,2026-06-24,14,5,4774.87,956.36,placement,Over500_2026_P03_-_published:1359;Over500_2026_P03_-_published:1762;Over500_2026_P03_-_published:2983;Over500_2026_P03_-_published:1769;Over500_2026_P03_-_published:2980
1000,BAILEYS OF NEWBURY,BAILEYS OF NEWBURY,2026-07-08,2026-07-28,20,7,4744.04,804.71,general_procurement,Over500_2026_P04_-_published:252;Over500_2026_P04_-_published:254;Over500_2026_P04_-_published:187;Over500_2026_P04_-_published:453;Over500_2026_P04_-_published:454;Over500_2026_P04_-_published:255;Over500_2026_P04_-_published:256
1000,SIKANDAR HAYAT TA PROMPT CARS,Sikandar Hayat t/a Prompt Cars,2026-05-06,2026-06-04,29,6,4679.43,996.43,general_procurement,Over500_2026_P02_-_published:235;Over500_2026_P02_-_published:236;Over500_2026_P02_-_published:311;Over500_2026_P02_-_published:222;Over500_2026_P02_-_published:224;Over500_2026_P03_-_published:209
1000,INTERAKT COMMUNITY,Interakt Community Limited,2026-07-15,2026-07-22,7,7,4649.56,967.13,placement,Over500_2026_P04_-_published:2597;Over500_2026_P04_-_published:2598;Over500_2026_P04_-_published:2620;Over500_2026_P04_-_published:2643;Over500_2026_P04_-_published:2644;Over500_2026_P04_-_published:3558;Over500_2026_P04_-_published:2688
1000,WSP UK,WSP UK  LTD,2026-06-11,2026-07-02,21,6,4623.44,942.18,general_procurement,Over500_2026_P03_-_published:720;Over500_2026_P03_-_published:1285;Over500_2026_P03_-_published:456;Over500_2026_P03_-_published:682;Over500_2026_P04_-_published:1294;Over500_2026_P04_-_published:820
1000,AFFINITY TRUST SUPPORT,Affinity Trust Support Ltd,2026-07-29,2026-07-29,0,6,4576.36,967.12,placement,Over500_2026_P04_-_published:2534;Over500_2026_P04_-_published:2559;Over500_2026_P04_-_published:2584;Over500_2026_P04_-_published:3149;Over500_2026_P04_-_published:3458;Over500_2026_P04_-_published:3733
1000,TEONFA,Teonfa Ltd,2026-05-01,2026-05-13,12,7,4574.76,794.32,placement,Over500_2026_P02_-_published:1075;Over500_2026_P02_-_published:1165;Over500_2026_P02_-_published:1183;Over500_2026_P02_-_published:1184;Over500_2026_P02_-_published:1186;Over500_2026_P02_-_published:883;Over500_2026_P02_-_published:887
1000,WEAVAWAY TRAVEL,WEAVAWAY TRAVEL LTD,2026-07-08,2026-07-24,16,6,4507.33,999.32,general_procurement,Over500_2026_P04_-_published:195;Over500_2026_P04_-_published:196;Over500_2026_P04_-_published:300;Over500_2026_P04_-_published:451;Over500_2026_P04_-_published:197;Over500_2026_P04_-_published:460
1000,TEONFA,Teonfa Ltd,2026-07-29,2026-07-29,0,7,4378.43,739.37,placement,Over500_2026_P04_-_published:1601;Over500_2026_P04_-_published:1621;Over500_2026_P04_-_published:1622;Over500_2026_P04_-_published:1658;Over500_2026_P04_-_published:2358;Over500_2026_P04_-_published:954;Over500_2026_P04_-_published:955
1000,VOYAGE CARE,VOYAGE CARE,2026-06-24,2026-07-22,28,5,4249.32,906.72,placement,Over500_2026_P03_-_published:1515;Over500_2026_P03_-_published:1707;Over500_2026_P04_-_published:2174;Over500_2026_P04_-_published:2404;Over500_2026_P04_-_published:2200
1000,CARE PARTNERS NEWBURY,CARE PARTNERS (NEWBURY) LTD,2026-05-20,2026-05-27,7,6,4233.03,922.21,placement,Over500_2026_P02_-_published:1284;Over500_2026_P02_-_published:1436;Over500_2026_P02_-_published:1340;Over500_2026_P02_-_published:1350;Over500_2026_P02_-_published:1358;Over500_2026_P02_-_published:1619
1000,INDEPENDENCE WITH DIGNITY SUPPORT SERVICES,INDEPENDENCE WITH DIGNITY SUPPORT SERVICES LTD,2026-05-20,2026-05-20,0,6,4152.83,913.18,placement,Over500_2026_P02_-_published:1246;Over500_2026_P02_-_published:1762;Over500_2026_P02_-_published:1763;Over500_2026_P02_-_published:1764;Over500_2026_P02_-_published:1824;Over500_2026_P02_-_published:899
1000,ADDRESS ENTERPRISE,Address Enterprise Ltd,2026-07-29,2026-07-29,0,6,4126.59,981.96,placement,Over500_2026_P04_-_published:2105;Over500_2026_P04_-_published:2817;Over500_2026_P04_-_published:3053;Over500_2026_P04_-_published:961;Over500_2026_P04_-_published:970;Over500_2026_P04_-_published:989
1000,PREMIER CARS,Premier Cars,2026-05-08,2026-06-03,26,5,4097.0,968.0,general_procurement,Over500_2026_P02_-_published:252;Over500_2026_P02_-_published:246;Over500_2026_P02_-_published:273;Over500_2026_P02_-_published:274;Over500_2026_P03_-_published:166
1000,CAREMARK WEST BERKSHIRE AND READING,Caremark (West Berkshire & Reading),2026-06-24,2026-07-17,23,5,3956.35,956.34,placement,Over500_2026_P03_-_published:2799;Over500_2026_P04_-_published:1314;Over500_2026_P04_-_published:1352;Over500_2026_P04_-_published:1393;Over500_2026_P04_-_published:1530
1000,PLATFORM CARE SERVICES,Platform Care Services Ltd,2026-06-24,2026-07-15,21,6,3914.72,817.64,placement,Over500_2026_P03_-_published:1375;Over500_2026_P03_-_published:1910;Over500_2026_P03_-_published:2915;Over500_2026_P04_-_published:2149;Over500_2026_P04_-_published:2660;Over500_2026_P04_-_published:2906
1000,SIKANDAR HAYAT TA PROMPT CARS,Sikandar Hayat t/a Prompt Cars,2026-07-08,2026-07-22,14,5,3903.57,880.0,general_procurement,Over500_2026_P04_-_published:159;Over500_2026_P04_-_published:463;Over500_2026_P04_-_published:226;Over500_2026_P04_-_published:272;Over500_2026_P04_-_published:455
1000,ASKEWS AND HOLTS LIBRARY SERVICES,Askews and Holts Library Services Ltd,2026-06-09,2026-07-03,24,6,3891.01,730.41,general_procurement,Over500_2026_P03_-_published:662;Over500_2026_P03_-_published:676;Over500_2026_P03_-_published:666;Over500_2026_P03_-_published:677;Over500_2026_P03_-_published:678;Over500_2026_P04_-_published:731
1000,READING REFUGEE SUPPORT GROUP,Reading Refugee Support Group,2026-06-12,2026-06-17,5,6,3882.9,743.09,general_procurement,Over500_2026_P03_-_published:2114;Over500_2026_P03_-_published:2137;Over500_2026_P03_-_published:3075;Over500_2026_P03_-_published:2128;Over500_2026_P03_-_published:3076;Over500_2026_P03_-_published:3078
1000,ETERNAL HOMECARE READING,Eternal Homecare Reading,2026-07-15,2026-07-22,7,5,3876.58,984.8,placement,Over500_2026_P04_-_published:1391;Over500_2026_P04_-_published:1392;Over500_2026_P04_-_published:1459;Over500_2026_P04_-_published:1993;Over500_2026_P04_-_published:1587
1000,MAISHA STAFFING SOLUTIONS,MAISHA STAFFING SOLUTIONS LTD,2026-05-12,2026-06-09,28,6,3845.35,784.0,general_procurement,Over500_2026_P02_-_published:2034;Over500_2026_P02_-_published:225;Over500_2026_P02_-_published:226;Over500_2026_P02_-_published:227;Over500_2026_P03_-_published:7;Over500_2026_P03_-_published:1924
1000,BLOOMFIELD CARE,Bloomfield Care Ltd,2026-07-15,2026-07-29,14,5,3843.91,955.36,placement,Over500_2026_P04_-_published:1440;Over500_2026_P04_-_published:1454;Over500_2026_P04_-_published:2095;Over500_2026_P04_-_published:2526;Over500_2026_P04_-_published:2280
1000,BEST PINNACLE CARE,Best Pinnacle Care Ltd,2026-07-15,2026-07-29,14,4,3825.44,956.36,placement,Over500_2026_P04_-_published:2722;Over500_2026_P04_-_published:3628;Over500_2026_P04_-_published:2739;Over500_2026_P04_-_published:2744
1000,PURLEY PARK TRUST,PURLEY PARK TRUST LTD,2026-07-29,2026-07-29,0,6,3720.53,814.19,placement,Over500_2026_P04_-_published:2600;Over500_2026_P04_-_published:2601;Over500_2026_P04_-_published:2602;Over500_2026_P04_-_published:2611;Over500_2026_P04_-_published:2690;Over500_2026_P04_-_published:2691
1000,PLATFORM CARE SERVICES,Platform Care Services Ltd,2026-05-20,2026-05-20,0,5,3632.89,845.38,placement,Over500_2026_P02_-_published:1447;Over500_2026_P02_-_published:1448;Over500_2026_P02_-_published:1701;Over500_2026_P02_-_published:1954;Over500_2026_P02_-_published:1958
1000,TOPLINE CARE SOLUTIONS,Topline Care Solutions Ltd,2026-07-29,2026-07-29,0,4,3620.49,956.36,placement,Over500_2026_P04_-_published:1662;Over500_2026_P04_-_published:1679;Over500_2026_P04_-_published:2359;Over500_2026_P04_-_published:2651
1000,VOLKERHIGHWAYS,VolkerHighways Ltd,2026-07-13,2026-07-31,18,5,3600.5,1000.0,general_procurement,Over500_2026_P04_-_published:1289;Over500_2026_P04_-_published:736;Over500_2026_P04_-_published:799;Over500_2026_P04_-_published:3787;Over500_2026_P04_-_published:778
1000,SYNCARE TA REDLAND HEALTHCARE,SYNCARE T/A REDLAND HEALTHCARE LTD,2026-05-15,2026-06-09,25,5,3545.56,919.96,general_procurement,Over500_2026_P02_-_published:444;Over500_2026_P02_-_published:445;Over500_2026_P02_-_published:536;Over500_2026_P03_-_published:308;Over500_2026_P03_-_published:366
1000,HOUSING CARE 21,HOUSING CARE 21,2026-07-01,2026-07-29,28,4,3536.43,939.22,placement,Over500_2026_P04_-_published:1749;Over500_2026_P04_-_published:1763;Over500_2026_P04_-_published:1764;Over500_2026_P04_-_published:1789
1000,STRIPEWEB,Stripeweb,2026-06-07,2026-07-03,26,6,3525.44,699.11,general_procurement,Over500_2026_P03_-_published:482;Over500_2026_P03_-_published:483;Over500_2026_P03_-_published:1652;Over500_2026_P03_-_published:485;Over500_2026_P04_-_published:640;Over500_2026_P04_-_published:643
1000,360 SECURITY AND SUPPORT SERVICES,360 Security & Support Services Ltd,2026-05-12,2026-06-03,22,4,3485.29,980.89,premises,Over500_2026_P02_-_published:44;Over500_2026_P02_-_published:45;Over500_2026_P02_-_published:48;Over500_2026_P03_-_published:51
1000,REGENT HOUSING,Regent Housing Limited,2026-06-03,2026-06-24,21,4,3480.48,888.06,placement,Over500_2026_P03_-_published:1970;Over500_2026_P03_-_published:3027;Over500_2026_P03_-_published:1968;Over500_2026_P03_-_published:3028
1000,JOHAV CARE SUPPORT HEALTHCARE,Johav Care support Healthcare Limited,2026-06-24,2026-07-17,23,4,3474.8,999.6,placement,Over500_2026_P03_-_published:1446;Over500_2026_P03_-_published:1587;Over500_2026_P04_-_published:2151;Over500_2026_P04_-_published:2492
1000,COMPASS EXECUTIVE CARS UK,COMPASS EXECUTIVE CARS (UK) LTD,2026-06-17,2026-07-15,28,5,3399.0,744.0,general_procurement,Over500_2026_P03_-_published:192;Over500_2026_P03_-_published:196;Over500_2026_P03_-_published:224;Over500_2026_P03_-_published:202;Over500_2026_P04_-_published:170
1000,ASTON NURSING SERVICES,Aston Nursing Services LTD,2026-06-09,2026-07-01,22,4,3317.01,889.09,placement,Over500_2026_P03_-_published:1948;Over500_2026_P03_-_published:3064;Over500_2026_P04_-_published:3131;Over500_2026_P04_-_published:3173
1000,KB REAL ESTATE MANAGEMENT,KB Real Estate Management Ltd,2026-05-20,2026-06-16,27,5,3315.0,810.0,premises,Over500_2026_P02_-_published:123;Over500_2026_P02_-_published:124;Over500_2026_P03_-_published:112;Over500_2026_P03_-_published:126;Over500_2026_P03_-_published:299
1000,TENNENT HOMES 2019,Tennent Homes 2019 Limited,2026-07-08,2026-07-08,0,5,3300.0,750.0,premises,Over500_2026_P04_-_published:105;Over500_2026_P04_-_published:385;Over500_2026_P04_-_published:386;Over500_2026_P04_-_published:72;Over500_2026_P04_-_published:89
1000,WEST BERKSHIRE MENCAP,WEST BERKSHIRE MENCAP,2026-07-29,2026-07-30,1,5,3292.9,803.88,grant,Over500_2026_P04_-_published:1559;Over500_2026_P04_-_published:1560;Over500_2026_P04_-_published:814;Over500_2026_P04_-_published:913;Over500_2026_P04_-_published:723
1000,A AND E FIRE AND SECURITY,A&E FIRE & SECURITY LIMITED,2026-07-02,2026-07-24,22,5,3284.03,798.89,premises,Over500_2026_P04_-_published:3782;Over500_2026_P04_-_published:26;Over500_2026_P04_-_published:31;Over500_2026_P04_-_published:45;Over500_2026_P04_-_published:86
1000,PERCEPTIVE ON LINE TA AMATIS NETWORKS,Perceptive On Line Ltd T/A Amatis Networks,2026-06-30,2026-06-30,0,5,3143.28,635.64,general_procurement,Over500_2026_P03_-_published:376;Over500_2026_P03_-_published:392;Over500_2026_P03_-_published:398;Over500_2026_P03_-_published:533;Over500_2026_P03_-_published:534
1000,JOHAV CARE SUPPORT HEALTHCARE,Johav Care support Healthcare Limited,2026-05-22,2026-06-10,19,4,3138.4,966.0,placement,Over500_2026_P02_-_published:1788;Over500_2026_P02_-_published:1830;Over500_2026_P02_-_published:1831;Over500_2026_P03_-_published:2912
1000,SIRONA INTERNATIONAL TA POSEIDON CARE,Sirona International Ltd t/a Poseidon Care,2026-07-08,2026-07-08,0,4,3090.4,896.89,placement,Over500_2026_P04_-_published:1212;Over500_2026_P04_-_published:1253;Over500_2026_P04_-_published:1865;Over500_2026_P04_-_published:1866
1000,BUPA CARE SERVICES,BUPA Care Services,2026-05-13,2026-05-13,0,4,3068.11,903.95,placement,Over500_2026_P02_-_published:871;Over500_2026_P02_-_published:875;Over500_2026_P02_-_published:974;Over500_2026_P02_-_published:980
1000,INDEPENDENCE WITH DIGNITY SUPPORT SERVICES,INDEPENDENCE WITH DIGNITY SUPPORT SERVICES LTD,2026-07-29,2026-07-29,0,4,3056.68,916.72,placement,Over500_2026_P04_-_published:1638;Over500_2026_P04_-_published:2548;Over500_2026_P04_-_published:2578;Over500_2026_P04_-_published:986
1000,ABC TRAVEL WOKINGHAM TA ABC TRAVEL,ABC TRAVEL (WOKINGHAM) LIMITED T/A ABC TRAVEL,2026-05-06,2026-06-01,26,4,3034.82,848.57,general_procurement,Over500_2026_P02_-_published:212;Over500_2026_P02_-_published:343;Over500_2026_P02_-_published:213;Over500_2026_P03_-_published:342
1000,SYNCARE TA REDLAND HEALTHCARE,SYNCARE T/A REDLAND HEALTHCARE LTD,2026-06-16,2026-06-26,10,4,2963.69,865.18,general_procurement,Over500_2026_P03_-_published:367;Over500_2026_P03_-_published:309;Over500_2026_P03_-_published:310;Over500_2026_P03_-_published:820
1000,CREATIVE SUPPORT,CREATIVE SUPPORT,2026-07-15,2026-07-29,14,4,2955.28,923.52,placement,Over500_2026_P04_-_published:2443;Over500_2026_P04_-_published:2456;Over500_2026_P04_-_published:2608;Over500_2026_P04_-_published:3479
1000,CREATIVE SUPPORT,CREATIVE SUPPORT,2026-05-20,2026-06-10,21,4,2951.56,923.52,placement,Over500_2026_P02_-_published:1780;Over500_2026_P02_-_published:1782;Over500_2026_P03_-_published:1581;Over500_2026_P03_-_published:1620
1000,360 SECURITY AND SUPPORT SERVICES,360 Security & Support Services Ltd,2026-06-17,2026-07-03,16,3,2942.67,980.89,premises,Over500_2026_P03_-_published:53;Over500_2026_P03_-_published:43;Over500_2026_P04_-_published:52
1000,GO GREEN TAXIS,Go Green Taxis Ltd,2026-07-23,2026-07-23,0,3,2887.8,962.6,general_procurement,Over500_2026_P04_-_published:353;Over500_2026_P04_-_published:357;Over500_2026_P04_-_published:484
1000,SOUTHERN COACH LINES,SOUTHERN COACH LINES LTD,2026-06-16,2026-06-16,0,4,2837.05,819.72,general_procurement,Over500_2026_P03_-_published:179;Over500_2026_P03_-_published:216;Over500_2026_P03_-_published:217;Over500_2026_P03_-_published:218
1000,CARNATION DAY CARE SERVICES,CARNATION DAY CARE SERVICES,2026-05-06,2026-06-03,28,5,2800.48,692.64,placement,Over500_2026_P02_-_published:1408;Over500_2026_P03_-_published:1360;Over500_2026_P03_-_published:1459;Over500_2026_P03_-_published:1563;Over500_2026_P03_-_published:2818
1000,DAWN ARCHITECTURAL SERVICES DAS,DAWN ARCHITECTURAL SERVICES (DAS) LTD,2026-07-06,2026-07-27,21,4,2798.17,806.92,general_procurement,Over500_2026_P04_-_published:831;Over500_2026_P04_-_published:629;Over500_2026_P04_-_published:834;Over500_2026_P04_-_published:631
1000,PLATFORM CARE SERVICES,Platform Care Services Ltd,2026-07-29,2026-07-29,0,4,2737.36,817.64,placement,Over500_2026_P04_-_published:2254;Over500_2026_P04_-_published:2661;Over500_2026_P04_-_published:2713;Over500_2026_P04_-_published:2907
1000,COMPASS EXECUTIVE CARS UK,COMPASS EXECUTIVE CARS (UK) LTD,2026-05-13,2026-05-13,0,4,2709.0,775.0,general_procurement,Over500_2026_P02_-_published:230;Over500_2026_P02_-_published:244;Over500_2026_P02_-_published:254;Over500_2026_P02_-_published:393
1000,MAISHA STAFFING SOLUTIONS,MAISHA STAFFING SOLUTIONS LTD,2026-07-29,2026-07-29,0,3,2681.9,975.0,general_procurement,Over500_2026_P04_-_published:282;Over500_2026_P04_-_published:354;Over500_2026_P04_-_published:432
1000,KCARE NURSING AGENCY,KCARE NURSING AGENCY LTD,2026-06-24,2026-07-08,14,3,2673.2,891.8,placement,Over500_2026_P03_-_published:1890;Over500_2026_P03_-_published:1908;Over500_2026_P04_-_published:2789
1000,PRESTIGE NETWORK,PRESTIGE NETWORK,2026-07-16,2026-07-28,12,4,2652.45,969.0,general_procurement,Over500_2026_P04_-_published:540;Over500_2026_P04_-_published:607;Over500_2026_P04_-_published:605;Over500_2026_P04_-_published:608
1000,YOUNG GIANTS,Young Giants Ltd.,2026-07-16,2026-07-16,0,3,2593.0,973.0,placement,Over500_2026_P04_-_published:3239;Over500_2026_P04_-_published:3803;Over500_2026_P04_-_published:3804
1000,PRIMANAGE,PRIMANAGE LTD,2026-06-09,2026-06-09,0,3,2559.36,869.93,premises,Over500_2026_P03_-_published:103;Over500_2026_P03_-_published:104;Over500_2026_P03_-_published:89
1000,DOWNVIEW RESIDENTIAL HOME,DOWNVIEW RESIDENTIAL HOME LIMITED,2026-05-13,2026-06-10,28,4,2555.88,770.44,placement,Over500_2026_P02_-_published:1650;Over500_2026_P02_-_published:1651;Over500_2026_P03_-_published:1403;Over500_2026_P03_-_published:1569
1000,MELANIE SNEDDON,Melanie Sneddon,2026-05-01,2026-05-27,26,4,2548.75,822.75,general_procurement,Over500_2026_P02_-_published:490;Over500_2026_P02_-_published:492;Over500_2026_P02_-_published:495;Over500_2026_P02_-_published:496
1000,MRS MF RICHARDSON TA MFR CONTRACTS,MRS M F RICHARDSON T/A MFR Contracts,2026-05-06,2026-05-20,14,3,2545.0,905.0,general_procurement,Over500_2026_P02_-_published:351;Over500_2026_P02_-_published:378;Over500_2026_P02_-_published:399
1000,PREPAID FINANCIAL SERVICES,PREPAID FINANCIAL SERVICES,2026-05-20,2026-06-10,21,3,2500.0,1000.0,general_procurement,Over500_2026_P02_-_published:448;Over500_2026_P02_-_published:449;Over500_2026_P03_-_published:514
1000,P APPLEYARD TOFFS CATERING,P. APPLEYARD (TOFFS CATERING),2026-05-06,2026-05-28,22,3,2498.5,987.0,general_procurement,Over500_2026_P02_-_published:532;Over500_2026_P02_-_published:534;Over500_2026_P02_-_published:535
1000,APETITO,APETITO LTD,2026-05-20,2026-06-16,27,4,2494.05,793.94,general_procurement,Over500_2026_P02_-_published:528;Over500_2026_P02_-_published:527;Over500_2026_P02_-_published:529;Over500_2026_P03_-_published:439
1000,WEAVAWAY TRAVEL,WEAVAWAY TRAVEL LTD,2026-05-06,2026-06-02,27,4,2430.5,680.63,general_procurement,Over500_2026_P02_-_published:331;Over500_2026_P02_-_published:332;Over500_2026_P03_-_published:177;Over500_2026_P03_-_published:178
1000,PERCEPTIVE ON LINE TA AMATIS NETWORKS,Perceptive On Line Ltd T/A Amatis Networks,2026-05-06,2026-05-06,0,4,2402.88,600.72,general_procurement,Over500_2026_P02_-_published:484;Over500_2026_P02_-_published:485;Over500_2026_P02_-_published:486;Over500_2026_P02_-_published:487
1000,DAWN ARCHITECTURAL SERVICES DAS,DAWN ARCHITECTURAL SERVICES (DAS) LTD,2026-06-04,2026-07-01,27,3,2368.55,805.01,general_procurement,Over500_2026_P03_-_published:2407;Over500_2026_P03_-_published:2410;Over500_2026_P04_-_published:829
1000,FOCUS SUPPORT,FOCUS SUPPORT LTD,2026-05-20,2026-06-03,14,3,2323.87,907.72,placement,Over500_2026_P02_-_published:1766;Over500_2026_P02_-_published:1878;Over500_2026_P03_-_published:1776
1000,RICHMOND FELLOWSHIP,RICHMOND FELLOWSHIP,2026-07-08,2026-07-29,21,3,2277.9,835.76,grant,Over500_2026_P04_-_published:716;Over500_2026_P04_-_published:851;Over500_2026_P04_-_published:678
1000,COMPASS EXECUTIVE CARS UK,COMPASS EXECUTIVE CARS (UK) LTD,2026-07-22,2026-07-28,6,3,2264.0,882.0,general_procurement,Over500_2026_P04_-_published:1026;Over500_2026_P04_-_published:164;Over500_2026_P04_-_published:281
1000,FD TRAVELS TA SCHOOL EXPRESS,FD TRAVELS LIMITED T/A SCHOOL EXPRESS,2026-07-09,2026-07-14,5,4,2255.89,597.92,general_procurement,Over500_2026_P04_-_published:223;Over500_2026_P04_-_published:438;Over500_2026_P04_-_published:434;Over500_2026_P04_-_published:268
1000,HAG SHUTTERS AND GRILLES,HAG SHUTTERS AND GRILLES LTD,2026-07-01,2026-07-23,22,3,2251.8,875.0,premises,Over500_2026_P04_-_published:44;Over500_2026_P04_-_published:364;Over500_2026_P04_-_published:28
1000,ASKEWS AND HOLTS LIBRARY SERVICES,Askews and Holts Library Services Ltd,2026-05-08,2026-05-28,20,4,2250.04,684.79,general_procurement,Over500_2026_P02_-_published:681;Over500_2026_P02_-_published:682;Over500_2026_P02_-_published:683;Over500_2026_P02_-_published:684
1000,N POWER,N POWER,2026-06-10,2026-06-15,5,4,2201.8,584.59,premises,Over500_2026_P03_-_published:64;Over500_2026_P03_-_published:81;Over500_2026_P03_-_published:65;Over500_2026_P03_-_published:82
1000,ELLIOTT BAXTER,Elliott Baxter LTD,2026-05-27,2026-06-10,14,3,2162.0,770.0,general_procurement,Over500_2026_P02_-_published:517;Over500_2026_P03_-_published:426;Over500_2026_P03_-_published:437
1000,MAYFAIR HOMECARE,Mayfair Homecare,2026-05-27,2026-06-24,28,3,2126.68,725.48,placement,Over500_2026_P02_-_published:1360;Over500_2026_P03_-_published:1448;Over500_2026_P03_-_published:1661
1000,GO GREEN TAXIS,Go Green Taxis Ltd,2026-06-02,2026-06-03,1,3,2098.6,760.0,general_procurement,Over500_2026_P03_-_published:200;Over500_2026_P03_-_published:160;Over500_2026_P03_-_published:199
1000,NEXT STEP SERVICES,Next Step Services,2026-05-12,2026-05-29,17,3,2090.91,858.0,placement,Over500_2026_P02_-_published:2050;Over500_2026_P02_-_published:2155;Over500_2026_P02_-_published:2140
1000,CONNICK TREE CARE,CONNICK TREE CARE,2026-05-08,2026-05-14,6,3,2090.64,793.1,premises,Over500_2026_P02_-_published:184;Over500_2026_P02_-_published:185;Over500_2026_P02_-_published:189
1000,CHIPSIDE,Chipside Ltd,2026-06-24,2026-06-25,1,4,2080.0,520.0,general_procurement,Over500_2026_P03_-_published:2116;Over500_2026_P03_-_published:2140;Over500_2026_P03_-_published:3083;Over500_2026_P03_-_published:3084
1000,SIMONE SURVEYS,Simone Surveys Ltd,2026-07-23,2026-07-23,0,3,2034.39,678.13,general_procurement,Over500_2026_P04_-_published:1014;Over500_2026_P04_-_published:545;Over500_2026_P04_-_published:546
1000,D OSTEEN TAD OSTEEN HOMECARE SUPPORT,D.Osteen Ltd t/a D.Osteen Homecare Support,2026-06-24,2026-07-15,21,3,2001.92,726.8,placement,Over500_2026_P03_-_published:1292;Over500_2026_P04_-_published:2913;Over500_2026_P04_-_published:1783
1000,KENNET VALLEY CATERPILLARS,KENNET VALLEY CATERPILLARS,2026-07-02,2026-07-02,0,2,2000.0,1000.0,grant,Over500_2026_P04_-_published:1263;Over500_2026_P04_-_published:764
1000,MAISHA STAFFING SOLUTIONS,MAISHA STAFFING SOLUTIONS LTD,2026-06-11,2026-06-24,13,3,1995.5,825.5,general_procurement,Over500_2026_P03_-_published:1928;Over500_2026_P03_-_published:198;Over500_2026_P03_-_published:322
1000,NOURISH CARE,Nourish Care Ltd,2026-05-05,2026-06-03,29,3,1982.14,886.05,general_procurement,Over500_2026_P02_-_published:656;Over500_2026_P02_-_published:657;Over500_2026_P03_-_published:643
1000,ASKEWS AND HOLTS LIBRARY SERVICES,Askews and Holts Library Services Ltd,2026-07-21,2026-07-29,8,3,1979.65,798.1,general_procurement,Over500_2026_P04_-_published:596;Over500_2026_P04_-_published:786;Over500_2026_P04_-_published:787
1000,MARK DILLON TA PENMAR TRANSPORT,Mark Dillon t/a Penmar Transport Ltd,2026-07-15,2026-07-29,14,3,1970.0,700.0,general_procurement,Over500_2026_P04_-_published:2621;Over500_2026_P04_-_published:348;Over500_2026_P04_-_published:330
1000,CEDAR HOPE CARE SERVICES,Cedar Hope Care Services Ltd,2026-05-22,2026-05-22,0,2,1934.15,989.8,placement,Over500_2026_P02_-_published:1784;Over500_2026_P02_-_published:1787
1000,NEWBURY NEWS,NEWBURY NEWS LTD,2026-06-10,2026-07-03,23,3,1876.08,676.88,general_procurement,Over500_2026_P03_-_published:432;Over500_2026_P04_-_published:523;Over500_2026_P04_-_published:526
1000,TRANSPARENT CARE,Transparent Care Ltd,2026-07-08,2026-07-08,0,2,1866.96,933.48,placement,Over500_2026_P04_-_published:2613;Over500_2026_P04_-_published:2614
1000,CARE HOME NEWBURY,Care @ Home Newbury Ltd,2026-05-27,2026-06-24,28,2,1839.44,920.86,placement,Over500_2026_P02_-_published:1349;Over500_2026_P03_-_published:1160
1000,BRIGHTER LIVING CARE,Brighter Living Care Ltd,2026-07-22,2026-07-29,7,3,1802.25,602.25,placement,Over500_2026_P04_-_published:2473;Over500_2026_P04_-_published:2635;Over500_2026_P04_-_published:2959
1000,ACORNS OPERATIONAL ACCOUNT,ACORNS OPERATIONAL ACCOUNT,2026-07-03,2026-07-03,0,2,1800.0,1000.0,grant,Over500_2026_P04_-_published:1264;Over500_2026_P04_-_published:765
1000,ADF ENVIRONMENTAL,ADF ENVIRONMENTAL LTD,2026-05-13,2026-06-10,28,2,1800.0,950.0,premises,Over500_2026_P02_-_published:765;Over500_2026_P03_-_published:722
1000,JC99 TA VISITING ANGELS,JC99 Ltd T/A Visiting Angels,2026-06-10,2026-06-17,7,2,1784.44,906.07,placement,Over500_2026_P03_-_published:1840;Over500_2026_P03_-_published:1898
1000,VOLKERHIGHWAYS,VolkerHighways Ltd,2026-05-26,2026-06-10,15,2,1775.84,925.84,general_procurement,Over500_2026_P02_-_published:716;Over500_2026_P03_-_published:2403
1000,JC99 TA VISITING ANGELS,JC99 Ltd T/A Visiting Angels,2026-07-15,2026-07-29,14,2,1772.15,909.19,placement,Over500_2026_P04_-_published:2791;Over500_2026_P04_-_published:2900
1000,SOUTHERN MEDICAL,SOUTHERN MEDICAL LTD,2026-05-26,2026-06-16,21,2,1766.84,901.47,premises,Over500_2026_P02_-_published:145;Over500_2026_P03_-_published:306
1000,P APPLEYARD TOFFS CATERING,P. APPLEYARD (TOFFS CATERING),2026-06-17,2026-07-14,27,3,1755.4,591.5,general_procurement,Over500_2026_P03_-_published:435;Over500_2026_P04_-_published:538;Over500_2026_P04_-_published:530
1000,SSE ENERGY SOLUTIONS,SSE ENERGY SOLUTIONS,2026-05-07,2026-06-01,25,2,1750.51,901.45,premises,Over500_2026_P02_-_published:62;Over500_2026_P03_-_published:80
1000,BECKY TURNER,Becky Turner,2026-05-13,2026-06-03,21,2,1750.0,1000.0,general_procurement,Over500_2026_P02_-_published:538;Over500_2026_P03_-_published:822
1000,BAILEYS OF NEWBURY,BAILEYS OF NEWBURY,2026-05-05,2026-05-26,21,3,1736.29,635.29,general_procurement,Over500_2026_P02_-_published:329;Over500_2026_P02_-_published:336;Over500_2026_P02_-_published:337
1000,VOYAGE CARE,VOYAGE CARE,2026-05-22,2026-05-22,0,2,1718.68,906.72,placement,Over500_2026_P02_-_published:1695;Over500_2026_P02_-_published:1791
1000,POTTINGERS HIRE SERVICE,POTTINGER'S HIRE SERVICE,2026-07-08,2026-07-27,19,2,1715.83,990.83,general_procurement,Over500_2026_P04_-_published:158;Over500_2026_P04_-_published:229
1000,PURPLE OAK SUPPORT,Purple Oak Support,2026-05-12,2026-05-20,8,2,1714.72,945.0,grant,Over500_2026_P02_-_published:865;Over500_2026_P02_-_published:866
1000,REGENT HOUSING,Regent Housing Limited,2026-07-15,2026-07-15,0,2,1711.72,859.42,placement,Over500_2026_P04_-_published:2922;Over500_2026_P04_-_published:2992
1000,ELITE SECURITY GROUP,ELITE SECURITY GROUP,2026-06-02,2026-06-12,10,3,1690.12,582.8,premises,Over500_2026_P03_-_published:30;Over500_2026_P03_-_published:283;Over500_2026_P03_-_published:284
1000,THE PINES RESIDENTIAL CARE HOME,The Pines Residential Care Home,2026-07-08,2026-07-08,0,3,1685.36,562.24,placement,Over500_2026_P04_-_published:2142;Over500_2026_P04_-_published:2143;Over500_2026_P04_-_published:2144
1000,GO GREEN TAXIS,Go Green Taxis Ltd,2026-05-01,2026-05-01,0,2,1681.05,995.95,general_procurement,Over500_2026_P02_-_published:228;Over500_2026_P02_-_published:341
1000,NEXT STEP SERVICES,Next Step Services,2026-07-01,2026-07-02,1,2,1654.2,973.35,placement,Over500_2026_P04_-_published:3145;Over500_2026_P04_-_published:3108
1000,360 SECURITY AND SUPPORT SERVICES,360 Security & Support Services Ltd,2026-07-20,2026-07-28,8,2,1653.95,970.46,general_procurement,Over500_2026_P04_-_published:60;Over500_2026_P04_-_published:615
1000,M AND R SERVICES,M&R Services,2026-05-13,2026-05-20,7,2,1650.0,850.0,placement,Over500_2026_P02_-_published:1957;Over500_2026_P02_-_published:1959
1000,READING EXTINGUISHER SERVICES,READING EXTINGUISHER SERVICES,2026-06-30,2026-07-15,15,3,1646.76,596.76,premises,Over500_2026_P03_-_published:46;Over500_2026_P03_-_published:60;Over500_2026_P04_-_published:27
1000,PRESTIGE NETWORK,PRESTIGE NETWORK,2026-06-15,2026-06-15,0,2,1630.08,993.48,general_procurement,Over500_2026_P03_-_published:449;Over500_2026_P03_-_published:831
1000,PHOENIX CHILD CARE THE GRANGE SCHOOL,Phoenix Child Care Limited -The Grange School,2026-07-29,2026-07-29,0,2,1620.03,812.35,placement,Over500_2026_P04_-_published:3329;Over500_2026_P04_-_published:3809
1000,COMPLETE BUSINESS SOLUTIONS GROUP UK,COMPLETE BUSINESS SOLUTIONS GROUP UK LTD,2026-05-05,2026-05-18,13,3,1609.71,536.57,premises,Over500_2026_P02_-_published:170;Over500_2026_P02_-_published:171;Over500_2026_P02_-_published:172
1000,UNIQUE IQ,Unique IQ Ltd,2026-06-23,2026-07-13,20,2,1604.0,803.0,general_procurement,Over500_2026_P03_-_published:381;Over500_2026_P04_-_published:485
1000,MECE FIRE AND SECURITY,MECE FIRE & SECURITY LTD,2026-06-01,2026-06-30,29,2,1600.56,991.01,premises,Over500_2026_P03_-_published:281;Over500_2026_P03_-_published:61
1000,PIED PIPER PRE SCHOOL,PIED PIPER PRE-SCHOOL,2026-07-02,2026-07-03,1,2,1600.0,800.0,grant,Over500_2026_P04_-_published:763;Over500_2026_P04_-_published:702
1000,CANARY CARE SERVICES,Canary Care Services Ltd,2026-06-24,2026-07-17,23,2,1583.36,791.68,placement,Over500_2026_P03_-_published:2809;Over500_2026_P04_-_published:2525
1000,ADJOY HEALTHCARE TRADING AS SYLVIAN CARE,"Adjoy Healthcare Ltd, Trading as SYLVIAN CARE LTD",2026-05-27,2026-05-27,0,3,1581.0,542.0,placement,Over500_2026_P02_-_published:1346;Over500_2026_P02_-_published:1347;Over500_2026_P02_-_published:1348
1000,AMBITION 24 HOURS,AMBITION 24 HOURS,2026-06-10,2026-06-10,0,2,1572.31,933.24,agency_staff,Over500_2026_P03_-_published:4;Over500_2026_P03_-_published:5
1000,AUDLEY CARE WHITE HORSE,AUDLEY CARE WHITE HORSE LTD,2026-06-24,2026-07-08,14,2,1570.92,829.92,placement,Over500_2026_P03_-_published:2782;Over500_2026_P04_-_published:1229
1000,JOHAV CARE SUPPORT HEALTHCARE,Johav Care support Healthcare Limited,2026-07-29,2026-07-29,0,2,1567.16,952.0,placement,Over500_2026_P04_-_published:2221;Over500_2026_P04_-_published:2875
1000,CAREMARK WEST BERKSHIRE AND READING,Caremark (West Berkshire & Reading),2026-05-01,2026-05-20,19,2,1565.03,795.03,placement,Over500_2026_P02_-_published:1085;Over500_2026_P02_-_published:1304
1000,CRESCENT SIGNS,CRESCENT SIGNS LTD,2026-06-02,2026-06-04,2,2,1552.0,874.0,general_procurement,Over500_2026_P03_-_published:152;Over500_2026_P03_-_published:151
1000,SEISMIC SEWAGE SYSTEMS,SEISMIC SEWAGE SYSTEMS LTD,2026-06-01,2026-06-01,0,2,1540.0,910.0,general_procurement,Over500_2026_P03_-_published:2118;Over500_2026_P03_-_published:3085
1000,CONNICK TREE CARE,CONNICK TREE CARE,2026-06-08,2026-06-09,1,2,1533.3,812.3,premises,Over500_2026_P03_-_published:145;Over500_2026_P03_-_published:146
1000,FOCUS SUPPORT,FOCUS SUPPORT LTD,2026-07-29,2026-07-29,0,2,1531.92,910.8,placement,Over500_2026_P04_-_published:2569;Over500_2026_P04_-_published:2866
1000,RBPG ROBINSON BROWN PROPERTY GROUP,RBPG Limited (Robinson Brown Property Group Limited),2026-06-03,2026-06-17,14,2,1525.0,775.0,placement,Over500_2026_P03_-_published:1863;Over500_2026_P03_-_published:1885
1000,PRESTIGE NETWORK,PRESTIGE NETWORK,2026-05-07,2026-05-27,20,2,1518.6,912.0,general_procurement,Over500_2026_P02_-_published:544;Over500_2026_P02_-_published:547
1000,DNA HOME IMPROVEMENTS,DNA HOME IMPROVEMENTS LTD,2026-06-30,2026-07-09,9,2,1510.0,835.0,premises,Over500_2026_P03_-_published:38;Over500_2026_P04_-_published:36
1000,G7 BUSINESS SOLUTIONS,G7 BUSINESS SOLUTIONS LIMITED,2026-05-14,2026-05-19,5,2,1505.0,910.0,general_procurement,Over500_2026_P02_-_published:468;Over500_2026_P02_-_published:762
1000,BROADWAY CARS,BROADWAY CARS,2026-07-09,2026-07-13,4,2,1500.67,892.5,general_procurement,Over500_2026_P04_-_published:184;Over500_2026_P04_-_published:174
1000,SYNCARE TA REDLAND HEALTHCARE,SYNCARE T/A REDLAND HEALTHCARE LTD,2026-07-16,2026-07-23,7,2,1493.3,788.18,premises,Over500_2026_P04_-_published:137;Over500_2026_P04_-_published:417
1000,ALANIS COACH TRAVEL,Alanis Coach Travel,2026-06-11,2026-06-17,6,2,1485.0,840.0,general_procurement,Over500_2026_P03_-_published:169;Over500_2026_P03_-_published:236
1000,SMS ENVIRONMENTAL,SMS-Environmental Ltd,2026-05-27,2026-05-27,0,2,1474.16,759.16,premises,Over500_2026_P02_-_published:19;Over500_2026_P02_-_published:55
1000,UNITED DOMCILIARY AND SUPPORT SERVICES,UNITED DOMCILIARY AND SUPPORT SERVICES,2026-06-24,2026-07-01,7,2,1474.16,822.08,placement,Over500_2026_P03_-_published:1662;Over500_2026_P04_-_published:2963
1000,NOURISH CARE,Nourish Care Ltd,2026-06-04,2026-07-02,28,2,1451.51,886.05,general_procurement,Over500_2026_P03_-_published:650;Over500_2026_P04_-_published:593
1000,TRAFFIC MANAGEMENT CONSULTANTS,Traffic Management Consultants Ltd,2026-07-07,2026-07-29,22,2,1450.0,825.0,general_procurement,Over500_2026_P04_-_published:1306;Over500_2026_P04_-_published:1305
1000,FD TRAVELS TA SCHOOL EXPRESS,FD TRAVELS LIMITED T/A SCHOOL EXPRESS,2026-05-13,2026-05-28,15,2,1435.5,742.5,general_procurement,Over500_2026_P02_-_published:242;Over500_2026_P02_-_published:251
1000,PENNYHOOKS FARM TRUST,Pennyhooks Farm Trust,2026-07-01,2026-07-15,14,2,1428.48,793.6,grant,Over500_2026_P04_-_published:657;Over500_2026_P04_-_published:870
1000,M ALLUM PLUMBING AND HEATING ENGINEERS,M.Allum Plumbing & Heating Engineers,2026-06-09,2026-07-07,28,2,1428.0,875.0,premises,Over500_2026_P03_-_published:49;Over500_2026_P04_-_published:29
1000,NEWBURY AND DISTRICT,Newbury & District Ltd,2026-06-02,2026-06-30,28,2,1422.04,794.67,general_procurement,Over500_2026_P03_-_published:341;Over500_2026_P03_-_published:251
1000,MRS MF RICHARDSON TA MFR CONTRACTS,MRS M F RICHARDSON T/A MFR Contracts,2026-06-11,2026-06-17,6,2,1410.0,790.0,general_procurement,Over500_2026_P03_-_published:234;Over500_2026_P03_-_published:260
1000,EW BEARD,E W BEARD LTD,2026-05-05,2026-05-27,22,2,1405.5,767.5,placement,Over500_2026_P02_-_published:673;Over500_2026_P02_-_published:47
1000,POTTINGERS HIRE SERVICE,POTTINGER'S HIRE SERVICE,2026-05-01,2026-05-27,26,2,1401.67,725.0,general_procurement,Over500_2026_P02_-_published:231;Over500_2026_P02_-_published:248
1000,DOCTOR ABC,Doctor ABC Ltd,2026-06-10,2026-07-09,29,2,1400.0,700.0,general_procurement,Over500_2026_P03_-_published:535;Over500_2026_P04_-_published:496
1000,EDGE TRAINING AND CONSULTANCY,EDGE TRAINING AND CONSULTANCY LTD,2026-07-29,2026-07-29,0,2,1400.0,700.0,general_procurement,Over500_2026_P04_-_published:15;Over500_2026_P04_-_published:548
1000,RICHMOND FELLOWSHIP,RICHMOND FELLOWSHIP,2026-06-03,2026-06-03,0,2,1395.48,880.0,grant,Over500_2026_P03_-_published:805;Over500_2026_P03_-_published:811
1000,HENWICK PROPERTIES,HENWICK PROPERTIES,2026-05-06,2026-05-21,15,2,1380.0,690.0,premises,Over500_2026_P02_-_published:103;Over500_2026_P02_-_published:105
1000,HENWICK PROPERTIES,HENWICK PROPERTIES,2026-07-22,2026-07-31,9,2,1380.0,690.0,premises,Over500_2026_P04_-_published:90;Over500_2026_P04_-_published:92
1000,D OSTEEN TAD OSTEEN HOMECARE SUPPORT,D.Osteen Ltd t/a D.Osteen Homecare Support,2026-05-22,2026-05-22,0,2,1361.07,725.05,placement,Over500_2026_P02_-_published:1401;Over500_2026_P02_-_published:1997
1000,CHURCHES FIRE SECURITY,CHURCHES FIRE SECURITY LTD,2026-06-25,2026-06-30,5,2,1357.83,702.0,general_procurement,Over500_2026_P03_-_published:3079;Over500_2026_P03_-_published:2129
1000,ENRICHED CARE SUPPORT SERVICES,Enriched Care Support Services Ltd,2026-06-24,2026-07-15,21,2,1352.98,687.58,placement,Over500_2026_P03_-_published:3029;Over500_2026_P04_-_published:2994
1000,JR TYRES,J R TYRES LTD,2026-07-01,2026-07-15,14,2,1351.35,716.3,general_procurement,Over500_2026_P04_-_published:412;Over500_2026_P04_-_published:413
1000,KNIGHT FRANK,KNIGHT FRANK LLP,2026-06-30,2026-07-02,2,2,1349.21,696.17,premises,Over500_2026_P03_-_published:302;Over500_2026_P04_-_published:394
1000,LANGUAGE LINE SOLUTIONS,LANGUAGE LINE SOLUTIONS,2026-05-26,2026-06-22,27,2,1330.15,772.7,general_procurement,Over500_2026_P02_-_published:548;Over500_2026_P03_-_published:476
1000,CEDAR HOPE CARE SERVICES,Cedar Hope Care Services Ltd,2026-07-22,2026-07-29,7,2,1317.12,658.56,placement,Over500_2026_P04_-_published:3044;Over500_2026_P04_-_published:2517
1000,NJM HUMPHRIES TA COACH MILES,NJM HUMPHRIES T/A COACH MILES,2026-05-06,2026-05-27,21,2,1286.88,665.63,general_procurement,Over500_2026_P02_-_published:330;Over500_2026_P02_-_published:338
1000,ENRICHED CARE SUPPORT SERVICES,Enriched Care Support Services Ltd,2026-05-13,2026-06-03,21,2,1286.87,665.4,placement,Over500_2026_P02_-_published:1998;Over500_2026_P03_-_published:1966
1000,RYGOR COMMERCIALS,Rygor Commercials Ltd,2026-06-11,2026-06-11,0,2,1283.3,648.94,general_procurement,Over500_2026_P03_-_published:149;Over500_2026_P03_-_published:150
1000,ELITE SECURITY GROUP,ELITE SECURITY GROUP,2026-07-07,2026-07-07,0,2,1282.16,641.08,premises,Over500_2026_P04_-_published:24;Over500_2026_P04_-_published:68
1000,DOWNVIEW RESIDENTIAL HOME,DOWNVIEW RESIDENTIAL HOME LIMITED,2026-07-08,2026-07-08,0,2,1280.64,747.04,placement,Over500_2026_P04_-_published:2136;Over500_2026_P04_-_published:2939
1000,N MEHMOOD TAA STAR EXECUTIVE CARS,N Mehmood T/A A Star Executive Cars Ltd,2026-07-08,2026-07-13,5,2,1275.0,735.0,general_procurement,Over500_2026_P04_-_published:298;Over500_2026_P04_-_published:185
1000,THE A PROJECT,THE A PROJECT,2026-06-11,2026-06-11,0,2,1250.0,625.0,agency_staff,Over500_2026_P03_-_published:6;Over500_2026_P03_-_published:8
1000,D OSTEEN TAD OSTEEN HOMECARE SUPPORT,D.Osteen Ltd t/a D.Osteen Homecare Support,2026-07-29,2026-07-29,0,2,1245.05,637.56,placement,Over500_2026_P04_-_published:1779;Over500_2026_P04_-_published:2926
1000,FOCUS SUPPORT,FOCUS SUPPORT LTD,2026-06-24,2026-07-15,21,2,1242.24,621.12,placement,Over500_2026_P03_-_published:3017;Over500_2026_P04_-_published:2764
1000,WASHCO,WASHCO,2026-05-06,2026-05-28,22,2,1242.0,692.0,general_procurement,Over500_2026_P02_-_published:446;Over500_2026_P02_-_published:457
1000,METRIC GROUP,METRIC GROUP LTD,2026-07-16,2026-07-31,15,2,1228.67,675.0,general_procurement,Over500_2026_P04_-_published:744;Over500_2026_P04_-_published:82
1000,SWEGON,SWEGON LIMITED,2026-07-27,2026-07-27,0,2,1218.0,632.0,premises,Over500_2026_P04_-_published:368;Over500_2026_P04_-_published:46
1000,NEWBURY NEWS,NEWBURY NEWS LTD,2026-05-06,2026-05-28,22,2,1216.59,616.99,general_procurement,Over500_2026_P02_-_published:523;Over500_2026_P02_-_published:524
1000,TRISTAN BRUCE CARTER,Tristan Bruce-Carter,2026-05-13,2026-06-09,27,2,1211.5,612.0,general_procurement,Over500_2026_P02_-_published:493;Over500_2026_P03_-_published:406
1000,MR I GRAHAM TA COMMUNITY SAFETY TRAINING,MR I GRAHAM T/A Community Safety Training,2026-06-01,2026-06-01,0,2,1200.0,600.0,general_procurement,Over500_2026_P03_-_published:24;Over500_2026_P03_-_published:25
1000,BROADWAY CARS,BROADWAY CARS,2026-05-13,2026-05-27,14,2,1190.0,595.0,general_procurement,Over500_2026_P02_-_published:314;Over500_2026_P02_-_published:326
1000,G7 BUSINESS SOLUTIONS,G7 BUSINESS SOLUTIONS LIMITED,2026-07-08,2026-07-23,15,2,1190.0,595.0,general_procurement,Over500_2026_P04_-_published:903;Over500_2026_P04_-_published:426
1000,BFS GROUP TA BIDFOOD,BFS GROUP LTD t/a Bidfood,2026-05-20,2026-06-03,14,2,1182.4,643.91,general_procurement,Over500_2026_P02_-_published:533;Over500_2026_P03_-_published:749
1000,FCS LIVE,FCS-LIVE LTD,2026-05-27,2026-06-09,13,2,1170.0,585.0,general_procurement,Over500_2026_P02_-_published:757;Over500_2026_P03_-_published:2405
1000,MAYFAIR HOMECARE,Mayfair Homecare,2026-07-01,2026-07-08,7,2,1169.55,604.55,placement,Over500_2026_P04_-_published:1219;Over500_2026_P04_-_published:3018
1000,FREIGHTSHIELD REPAIR AND SERVICE,FREIGHTSHIELD REPAIR AND SERVICE LTD,2026-05-22,2026-05-27,5,2,1162.5,615.0,general_procurement,Over500_2026_P02_-_published:204;Over500_2026_P02_-_published:206
1000,SWINDON ADVOCACY MOVEMENT,Swindon Advocacy Movement Ltd,2026-05-27,2026-05-28,1,2,1138.8,620.1,general_procurement,Over500_2026_P02_-_published:541;Over500_2026_P02_-_published:542
1000,SCHINDLER,SCHINDLER LTD,2026-06-03,2026-06-12,9,2,1137.53,581.28,premises,Over500_2026_P03_-_published:34;Over500_2026_P03_-_published:31
1000,BFS GROUP TA BIDFOOD,BFS GROUP LTD t/a Bidfood,2026-07-02,2026-07-16,14,2,1137.0,613.53,general_procurement,Over500_2026_P04_-_published:529;Over500_2026_P04_-_published:531
1000,MARK DILLON TA PENMAR TRANSPORT,Mark Dillon t/a Penmar Transport Ltd,2026-06-03,2026-06-10,7,2,1120.0,560.0,placement,Over500_2026_P03_-_published:1741;Over500_2026_P03_-_published:1724
1000,ROCHESTER MIDLAND CORPORATION,ROCHESTER MIDLAND CORPORATION LTD,2026-07-07,2026-07-31,24,2,1120.0,580.0,general_procurement,Over500_2026_P04_-_published:88;Over500_2026_P04_-_published:634
1000,PSS UK,PSS UK,2026-06-24,2026-07-15,21,2,1117.76,558.88,placement,Over500_2026_P03_-_published:1593;Over500_2026_P04_-_published:2453
1000,PSS UK,PSS UK,2026-05-06,2026-06-03,28,2,1097.53,557.53,placement,Over500_2026_P02_-_published:1716;Over500_2026_P03_-_published:1608
1000,THRIVE,THRIVE,2026-06-10,2026-07-01,21,2,1088.32,544.16,grant,Over500_2026_P03_-_published:800;Over500_2026_P04_-_published:1426
1000,APPLE ORCHARD,APPLE ORCHARD,2026-07-22,2026-07-22,0,2,1086.64,543.32,placement,Over500_2026_P04_-_published:2176;Over500_2026_P04_-_published:2953
1000,APPLE ORCHARD,APPLE ORCHARD,2026-05-01,2026-05-06,5,2,1067.1,542.1,placement,Over500_2026_P02_-_published:1631;Over500_2026_P02_-_published:1633
1000,BLISSFUL LIVING TA WELLBEING HEALTHCARE,BLISSFUL LIVING LTD T/A WELLBEING HEALTHCARE,2026-07-15,2026-07-17,2,2,1043.52,532.63,placement,Over500_2026_P04_-_published:2235;Over500_2026_P04_-_published:2957
1000,WINCHMORE TUTORS,WINCHMORE TUTORS LTD,2026-06-03,2026-06-03,0,2,1040.0,520.0,placement,Over500_2026_P03_-_published:2182;Over500_2026_P03_-_published:2226
