test_id,risk_id,item,source_file,source_line,item_supplier_norm,item_published_names,item_window_gbp,item_annualised_gbp,item_payments,item_main_tag,item_placement_share,item_mainly_placement,item_notice_match,item_candidates,item_services,row_id,month_file,excel_row,date,Service,Expenditure category,Narrative,Supplier name,supplier_norm,Net amount,tag
T-04,R-02,1,off_contract.csv,2,VOLKERHIGHWAYS,VolkerHighways Ltd,7377922.21,29511688.84,126,general_procurement,0.0,False,none,,Environment,Over500_2026_P02_-_published:691,Over500_2026_P02_-_published,691,2026-05-01,Environment,Third Party Payments,Payment to contractor,VolkerHighways Ltd,VOLKERHIGHWAYS,89122.5,general_procurement
T-04,R-02,1,off_contract.csv,2,VOLKERHIGHWAYS,VolkerHighways Ltd,7377922.21,29511688.84,126,general_procurement,0.0,False,none,,Environment,Over500_2026_P02_-_published:2174,Over500_2026_P02_-_published,2174,2026-05-05,Environment,Third Party Payments,Private Contractors,VolkerHighways Ltd,VOLKERHIGHWAYS,4764.64,general_procurement
T-04,R-02,1,off_contract.csv,2,VOLKERHIGHWAYS,VolkerHighways Ltd,7377922.21,29511688.84,126,general_procurement,0.0,False,none,,Environment,Over500_2026_P02_-_published:2175,Over500_2026_P02_-_published,2175,2026-05-05,Environment,Third Party Payments,Private Contractors,VolkerHighways Ltd,VOLKERHIGHWAYS,51310.21,general_procurement
T-04,R-02,1,off_contract.csv,2,VOLKERHIGHWAYS,VolkerHighways Ltd,7377922.21,29511688.84,126,general_procurement,0.0,False,none,,Environment,Over500_2026_P02_-_published:2177,Over500_2026_P02_-_published,2177,2026-05-05,Environment,Third Party Payments,Private Contractors,VolkerHighways Ltd,VOLKERHIGHWAYS,16876.43,general_procurement
T-04,R-02,1,off_contract.csv,2,VOLKERHIGHWAYS,VolkerHighways Ltd,7377922.21,29511688.84,126,general_procurement,0.0,False,none,,Environment,Over500_2026_P02_-_published:2178,Over500_2026_P02_-_published,2178,2026-05-05,Environment,Third Party Payments,Private Contractors,VolkerHighways Ltd,VOLKERHIGHWAYS,16916.01,general_procurement
T-04,R-02,1,off_contract.csv,2,VOLKERHIGHWAYS,VolkerHighways Ltd,7377922.21,29511688.84,126,general_procurement,0.0,False,none,,Environment,Over500_2026_P02_-_published:2181,Over500_2026_P02_-_published,2181,2026-05-05,Environment,Third Party Payments,Private Contractors,VolkerHighways Ltd,VOLKERHIGHWAYS,9068.36,general_procurement
T-04,R-02,1,off_contract.csv,2,VOLKERHIGHWAYS,VolkerHighways Ltd,7377922.21,29511688.84,126,general_procurement,0.0,False,none,,Environment,Over500_2026_P02_-_published:2183,Over500_2026_P02_-_published,2183,2026-05-05,Environment,Third Party Payments,Private Contractors,VolkerHighways Ltd,VOLKERHIGHWAYS,96417.9,general_procurement
T-04,R-02,1,off_contract.csv,2,VOLKERHIGHWAYS,VolkerHighways Ltd,7377922.21,29511688.84,126,general_procurement,0.0,False,none,,Environment,Over500_2026_P02_-_published:695,Over500_2026_P02_-_published,695,2026-05-05,Environment,Third Party Payments,Payment to contractor,VolkerHighways Ltd,VOLKERHIGHWAYS,15041.26,general_procurement
T-04,R-02,1,off_contract.csv,2,VOLKERHIGHWAYS,VolkerHighways Ltd,7377922.21,29511688.84,126,general_procurement,0.0,False,none,,Environment,Over500_2026_P02_-_published:709,Over500_2026_P02_-_published,709,2026-05-05,Environment,Third Party Payments,Payment to contractor,VolkerHighways Ltd,VOLKERHIGHWAYS,311353.42,general_procurement
T-04,R-02,1,off_contract.csv,2,VOLKERHIGHWAYS,VolkerHighways Ltd,7377922.21,29511688.84,126,general_procurement,0.0,False,none,,Environment,Over500_2026_P02_-_published:713,Over500_2026_P02_-_published,713,2026-05-05,Environment,Third Party Payments,Payment to contractor,VolkerHighways Ltd,VOLKERHIGHWAYS,7742.55,general_procurement
T-04,R-02,1,off_contract.csv,2,VOLKERHIGHWAYS,VolkerHighways Ltd,7377922.21,29511688.84,126,general_procurement,0.0,False,none,,Environment,Over500_2026_P02_-_published:717,Over500_2026_P02_-_published,717,2026-05-05,Environment,Third Party Payments,Payment to contractor,VolkerHighways Ltd,VOLKERHIGHWAYS,57920.32,general_procurement
T-04,R-02,1,off_contract.csv,2,VOLKERHIGHWAYS,VolkerHighways Ltd,7377922.21,29511688.84,126,general_procurement,0.0,False,none,,Environment,Over500_2026_P02_-_published:723,Over500_2026_P02_-_published,723,2026-05-05,Environment,Third Party Payments,Payment to contractor,VolkerHighways Ltd,VOLKERHIGHWAYS,18033.36,general_procurement
T-04,R-02,1,off_contract.csv,2,VOLKERHIGHWAYS,VolkerHighways Ltd,7377922.21,29511688.84,126,general_procurement,0.0,False,none,,Environment,Over500_2026_P02_-_published:727,Over500_2026_P02_-_published,727,2026-05-11,Environment,Third Party Payments,Payment to contractor,VolkerHighways Ltd,VOLKERHIGHWAYS,3196.62,general_procurement
T-04,R-02,1,off_contract.csv,2,VOLKERHIGHWAYS,VolkerHighways Ltd,7377922.21,29511688.84,126,general_procurement,0.0,False,none,,Environment,Over500_2026_P02_-_published:696,Over500_2026_P02_-_published,696,2026-05-12,Environment,Third Party Payments,Payment to contractor,VolkerHighways Ltd,VOLKERHIGHWAYS,2566.36,general_procurement
T-04,R-02,1,off_contract.csv,2,VOLKERHIGHWAYS,VolkerHighways Ltd,7377922.21,29511688.84,126,general_procurement,0.0,False,none,,Environment,Over500_2026_P02_-_published:700,Over500_2026_P02_-_published,700,2026-05-12,Environment,Third Party Payments,Payment to contractor,VolkerHighways Ltd,VOLKERHIGHWAYS,85125.0,general_procurement
T-04,R-02,1,off_contract.csv,2,VOLKERHIGHWAYS,VolkerHighways Ltd,7377922.21,29511688.84,126,general_procurement,0.0,False,none,,Environment,Over500_2026_P02_-_published:701,Over500_2026_P02_-_published,701,2026-05-12,Environment,Third Party Payments,Payment to contractor,VolkerHighways Ltd,VOLKERHIGHWAYS,17896.87,general_procurement
T-04,R-02,1,off_contract.csv,2,VOLKERHIGHWAYS,VolkerHighways Ltd,7377922.21,29511688.84,126,general_procurement,0.0,False,none,,Environment,Over500_2026_P02_-_published:710,Over500_2026_P02_-_published,710,2026-05-12,Environment,Third Party Payments,Payment to contractor,VolkerHighways Ltd,VOLKERHIGHWAYS,119381.4,general_procurement
T-04,R-02,1,off_contract.csv,2,VOLKERHIGHWAYS,VolkerHighways Ltd,7377922.21,29511688.84,126,general_procurement,0.0,False,none,,Environment,Over500_2026_P02_-_published:714,Over500_2026_P02_-_published,714,2026-05-12,Environment,Third Party Payments,Payment to contractor,VolkerHighways Ltd,VOLKERHIGHWAYS,1550.0,general_procurement
T-04,R-02,1,off_contract.csv,2,VOLKERHIGHWAYS,VolkerHighways Ltd,7377922.21,29511688.84,126,general_procurement,0.0,False,none,,Environment,Over500_2026_P02_-_published:720,Over500_2026_P02_-_published,720,2026-05-12,Environment,Third Party Payments,Payment to contractor,VolkerHighways Ltd,VOLKERHIGHWAYS,32864.67,general_procurement
T-04,R-02,1,off_contract.csv,2,VOLKERHIGHWAYS,VolkerHighways Ltd,7377922.21,29511688.84,126,general_procurement,0.0,False,none,,Environment,Over500_2026_P02_-_published:724,Over500_2026_P02_-_published,724,2026-05-12,Environment,Third Party Payments,Payment to contractor,VolkerHighways Ltd,VOLKERHIGHWAYS,7828.2,general_procurement
T-04,R-02,1,off_contract.csv,2,VOLKERHIGHWAYS,VolkerHighways Ltd,7377922.21,29511688.84,126,general_procurement,0.0,False,none,,Environment,Over500_2026_P02_-_published:692,Over500_2026_P02_-_published,692,2026-05-13,Environment,Third Party Payments,Payment to contractor,VolkerHighways Ltd,VOLKERHIGHWAYS,185970.32,general_procurement
T-04,R-02,1,off_contract.csv,2,VOLKERHIGHWAYS,VolkerHighways Ltd,7377922.21,29511688.84,126,general_procurement,0.0,False,none,,Environment,Over500_2026_P02_-_published:702,Over500_2026_P02_-_published,702,2026-05-13,Environment,Third Party Payments,Payment to contractor,VolkerHighways Ltd,VOLKERHIGHWAYS,195844.36,general_procurement
T-04,R-02,1,off_contract.csv,2,VOLKERHIGHWAYS,VolkerHighways Ltd,7377922.21,29511688.84,126,general_procurement,0.0,False,none,,Environment,Over500_2026_P02_-_published:703,Over500_2026_P02_-_published,703,2026-05-13,Environment,Third Party Payments,Payment to contractor,VolkerHighways Ltd,VOLKERHIGHWAYS,12297.34,general_procurement
T-04,R-02,1,off_contract.csv,2,VOLKERHIGHWAYS,VolkerHighways Ltd,7377922.21,29511688.84,126,general_procurement,0.0,False,none,,Environment,Over500_2026_P02_-_published:2173,Over500_2026_P02_-_published,2173,2026-05-19,Environment,Third Party Payments,Private Contractors,VolkerHighways Ltd,VOLKERHIGHWAYS,28217.54,general_procurement
T-04,R-02,1,off_contract.csv,2,VOLKERHIGHWAYS,VolkerHighways Ltd,7377922.21,29511688.84,126,general_procurement,0.0,False,none,,Environment,Over500_2026_P02_-_published:2176,Over500_2026_P02_-_published,2176,2026-05-19,Environment,Third Party Payments,Private Contractors,VolkerHighways Ltd,VOLKERHIGHWAYS,54241.36,general_procurement
T-04,R-02,1,off_contract.csv,2,VOLKERHIGHWAYS,VolkerHighways Ltd,7377922.21,29511688.84,126,general_procurement,0.0,False,none,,Environment,Over500_2026_P02_-_published:2179,Over500_2026_P02_-_published,2179,2026-05-19,Environment,Third Party Payments,Private Contractors,VolkerHighways Ltd,VOLKERHIGHWAYS,17882.35,general_procurement
T-04,R-02,1,off_contract.csv,2,VOLKERHIGHWAYS,VolkerHighways Ltd,7377922.21,29511688.84,126,general_procurement,0.0,False,none,,Environment,Over500_2026_P02_-_published:2184,Over500_2026_P02_-_published,2184,2026-05-19,Environment,Third Party Payments,Private Contractors,VolkerHighways Ltd,VOLKERHIGHWAYS,101925.86,general_procurement
T-04,R-02,1,off_contract.csv,2,VOLKERHIGHWAYS,VolkerHighways Ltd,7377922.21,29511688.84,126,general_procurement,0.0,False,none,,Environment,Over500_2026_P02_-_published:2193,Over500_2026_P02_-_published,2193,2026-05-19,Environment,Third Party Payments,Private Contractors,VolkerHighways Ltd,VOLKERHIGHWAYS,1668.58,general_procurement
T-04,R-02,1,off_contract.csv,2,VOLKERHIGHWAYS,VolkerHighways Ltd,7377922.21,29511688.84,126,general_procurement,0.0,False,none,,Environment,Over500_2026_P02_-_published:2170,Over500_2026_P02_-_published,2170,2026-05-20,Environment,Third Party Payments,Private Contractors,VolkerHighways Ltd,VOLKERHIGHWAYS,16304.62,general_procurement
T-04,R-02,1,off_contract.csv,2,VOLKERHIGHWAYS,VolkerHighways Ltd,7377922.21,29511688.84,126,general_procurement,0.0,False,none,,Environment,Over500_2026_P02_-_published:2185,Over500_2026_P02_-_published,2185,2026-05-20,Environment,Third Party Payments,Private Contractors,VolkerHighways Ltd,VOLKERHIGHWAYS,19420.72,general_procurement
T-04,R-02,1,off_contract.csv,2,VOLKERHIGHWAYS,VolkerHighways Ltd,7377922.21,29511688.84,126,general_procurement,0.0,False,none,,Environment,Over500_2026_P02_-_published:704,Over500_2026_P02_-_published,704,2026-05-20,Environment,Third Party Payments,Payment to contractor,VolkerHighways Ltd,VOLKERHIGHWAYS,43509.85,general_procurement
T-04,R-02,1,off_contract.csv,2,VOLKERHIGHWAYS,VolkerHighways Ltd,7377922.21,29511688.84,126,general_procurement,0.0,False,none,,Environment,Over500_2026_P02_-_published:705,Over500_2026_P02_-_published,705,2026-05-20,Environment,Third Party Payments,Payment to contractor,VolkerHighways Ltd,VOLKERHIGHWAYS,157038.29,general_procurement
T-04,R-02,1,off_contract.csv,2,VOLKERHIGHWAYS,VolkerHighways Ltd,7377922.21,29511688.84,126,general_procurement,0.0,False,none,,Environment,Over500_2026_P02_-_published:728,Over500_2026_P02_-_published,728,2026-05-20,Environment,Third Party Payments,Payment to contractor,VolkerHighways Ltd,VOLKERHIGHWAYS,10169.81,general_procurement
T-04,R-02,1,off_contract.csv,2,VOLKERHIGHWAYS,VolkerHighways Ltd,7377922.21,29511688.84,126,general_procurement,0.0,False,none,,Environment,Over500_2026_P02_-_published:731,Over500_2026_P02_-_published,731,2026-05-20,Environment,Third Party Payments,Payment to contractor,VolkerHighways Ltd,VOLKERHIGHWAYS,2585.44,general_procurement
T-04,R-02,1,off_contract.csv,2,VOLKERHIGHWAYS,VolkerHighways Ltd,7377922.21,29511688.84,126,general_procurement,0.0,False,none,,Environment,Over500_2026_P02_-_published:2172,Over500_2026_P02_-_published,2172,2026-05-22,Environment,Third Party Payments,Private Contractors,VolkerHighways Ltd,VOLKERHIGHWAYS,2070.26,general_procurement
T-04,R-02,1,off_contract.csv,2,VOLKERHIGHWAYS,VolkerHighways Ltd,7377922.21,29511688.84,126,general_procurement,0.0,False,none,,Environment,Over500_2026_P02_-_published:729,Over500_2026_P02_-_published,729,2026-05-22,Environment,Third Party Payments,Payment to contractor,VolkerHighways Ltd,VOLKERHIGHWAYS,46320.84,general_procurement
T-04,R-02,1,off_contract.csv,2,VOLKERHIGHWAYS,VolkerHighways Ltd,7377922.21,29511688.84,126,general_procurement,0.0,False,none,,Environment,Over500_2026_P02_-_published:730,Over500_2026_P02_-_published,730,2026-05-22,Environment,Third Party Payments,Payment to contractor,VolkerHighways Ltd,VOLKERHIGHWAYS,1679.16,general_procurement
T-04,R-02,1,off_contract.csv,2,VOLKERHIGHWAYS,VolkerHighways Ltd,7377922.21,29511688.84,126,general_procurement,0.0,False,none,,Environment,Over500_2026_P02_-_published:734,Over500_2026_P02_-_published,734,2026-05-22,Environment,Third Party Payments,Payment to contractor,VolkerHighways Ltd,VOLKERHIGHWAYS,5199.81,general_procurement
T-04,R-02,1,off_contract.csv,2,VOLKERHIGHWAYS,VolkerHighways Ltd,7377922.21,29511688.84,126,general_procurement,0.0,False,none,,Environment,Over500_2026_P02_-_published:2180,Over500_2026_P02_-_published,2180,2026-05-26,Environment,Third Party Payments,Private Contractors,VolkerHighways Ltd,VOLKERHIGHWAYS,7015.34,general_procurement
T-04,R-02,1,off_contract.csv,2,VOLKERHIGHWAYS,VolkerHighways Ltd,7377922.21,29511688.84,126,general_procurement,0.0,False,none,,Environment,Over500_2026_P02_-_published:2182,Over500_2026_P02_-_published,2182,2026-05-26,Environment,Third Party Payments,Private Contractors,VolkerHighways Ltd,VOLKERHIGHWAYS,4046.54,general_procurement
T-04,R-02,1,off_contract.csv,2,VOLKERHIGHWAYS,VolkerHighways Ltd,7377922.21,29511688.84,126,general_procurement,0.0,False,none,,Environment,Over500_2026_P02_-_published:697,Over500_2026_P02_-_published,697,2026-05-26,Environment,Third Party Payments,Payment to contractor,VolkerHighways Ltd,VOLKERHIGHWAYS,1711.48,general_procurement
T-04,R-02,1,off_contract.csv,2,VOLKERHIGHWAYS,VolkerHighways Ltd,7377922.21,29511688.84,126,general_procurement,0.0,False,none,,Environment,Over500_2026_P02_-_published:711,Over500_2026_P02_-_published,711,2026-05-26,Environment,Third Party Payments,Payment to contractor,VolkerHighways Ltd,VOLKERHIGHWAYS,200305.25,general_procurement
T-04,R-02,1,off_contract.csv,2,VOLKERHIGHWAYS,VolkerHighways Ltd,7377922.21,29511688.84,126,general_procurement,0.0,False,none,,Environment,Over500_2026_P02_-_published:712,Over500_2026_P02_-_published,712,2026-05-26,Environment,Third Party Payments,Payment to contractor,VolkerHighways Ltd,VOLKERHIGHWAYS,83960.48,general_procurement
T-04,R-02,1,off_contract.csv,2,VOLKERHIGHWAYS,VolkerHighways Ltd,7377922.21,29511688.84,126,general_procurement,0.0,False,none,,Environment,Over500_2026_P02_-_published:715,Over500_2026_P02_-_published,715,2026-05-26,Environment,Third Party Payments,Payment to contractor,VolkerHighways Ltd,VOLKERHIGHWAYS,5225.72,general_procurement
T-04,R-02,1,off_contract.csv,2,VOLKERHIGHWAYS,VolkerHighways Ltd,7377922.21,29511688.84,126,general_procurement,0.0,False,none,,Environment,Over500_2026_P02_-_published:716,Over500_2026_P02_-_published,716,2026-05-26,Environment,Third Party Payments,Payment to contractor,VolkerHighways Ltd,VOLKERHIGHWAYS,850.0,general_procurement
T-04,R-02,1,off_contract.csv,2,VOLKERHIGHWAYS,VolkerHighways Ltd,7377922.21,29511688.84,126,general_procurement,0.0,False,none,,Environment,Over500_2026_P02_-_published:721,Over500_2026_P02_-_published,721,2026-05-26,Environment,Third Party Payments,Payment to contractor,VolkerHighways Ltd,VOLKERHIGHWAYS,10122.39,general_procurement
T-04,R-02,1,off_contract.csv,2,VOLKERHIGHWAYS,VolkerHighways Ltd,7377922.21,29511688.84,126,general_procurement,0.0,False,none,,Environment,Over500_2026_P02_-_published:725,Over500_2026_P02_-_published,725,2026-05-26,Environment,Third Party Payments,Payment to contractor,VolkerHighways Ltd,VOLKERHIGHWAYS,28989.53,general_procurement
T-04,R-02,1,off_contract.csv,2,VOLKERHIGHWAYS,VolkerHighways Ltd,7377922.21,29511688.84,126,general_procurement,0.0,False,none,,Environment,Over500_2026_P02_-_published:726,Over500_2026_P02_-_published,726,2026-05-26,Environment,Third Party Payments,Payment to contractor,VolkerHighways Ltd,VOLKERHIGHWAYS,2610.11,general_procurement
T-04,R-02,1,off_contract.csv,2,VOLKERHIGHWAYS,VolkerHighways Ltd,7377922.21,29511688.84,126,general_procurement,0.0,False,none,,Environment,Over500_2026_P02_-_published:693,Over500_2026_P02_-_published,693,2026-05-27,Environment,Third Party Payments,Payment to contractor,VolkerHighways Ltd,VOLKERHIGHWAYS,5997.5,general_procurement
T-04,R-02,1,off_contract.csv,2,VOLKERHIGHWAYS,VolkerHighways Ltd,7377922.21,29511688.84,126,general_procurement,0.0,False,none,,Environment,Over500_2026_P02_-_published:694,Over500_2026_P02_-_published,694,2026-05-27,Environment,Third Party Payments,Payment to contractor,VolkerHighways Ltd,VOLKERHIGHWAYS,8175.0,general_procurement
T-04,R-02,1,off_contract.csv,2,VOLKERHIGHWAYS,VolkerHighways Ltd,7377922.21,29511688.84,126,general_procurement,0.0,False,none,,Environment,Over500_2026_P02_-_published:698,Over500_2026_P02_-_published,698,2026-05-27,Environment,Third Party Payments,Payment to contractor,VolkerHighways Ltd,VOLKERHIGHWAYS,34813.14,general_procurement
T-04,R-02,1,off_contract.csv,2,VOLKERHIGHWAYS,VolkerHighways Ltd,7377922.21,29511688.84,126,general_procurement,0.0,False,none,,Environment,Over500_2026_P02_-_published:699,Over500_2026_P02_-_published,699,2026-05-27,Environment,Third Party Payments,Payment to contractor,VolkerHighways Ltd,VOLKERHIGHWAYS,1793.45,general_procurement
T-04,R-02,1,off_contract.csv,2,VOLKERHIGHWAYS,VolkerHighways Ltd,7377922.21,29511688.84,126,general_procurement,0.0,False,none,,Environment,Over500_2026_P02_-_published:706,Over500_2026_P02_-_published,706,2026-05-27,Environment,Third Party Payments,Payment to contractor,VolkerHighways Ltd,VOLKERHIGHWAYS,149153.26,general_procurement
T-04,R-02,1,off_contract.csv,2,VOLKERHIGHWAYS,VolkerHighways Ltd,7377922.21,29511688.84,126,general_procurement,0.0,False,none,,Environment,Over500_2026_P02_-_published:722,Over500_2026_P02_-_published,722,2026-05-27,Environment,Third Party Payments,Payment to contractor,VolkerHighways Ltd,VOLKERHIGHWAYS,54099.6,general_procurement
T-04,R-02,1,off_contract.csv,2,VOLKERHIGHWAYS,VolkerHighways Ltd,7377922.21,29511688.84,126,general_procurement,0.0,False,none,,Environment,Over500_2026_P02_-_published:707,Over500_2026_P02_-_published,707,2026-05-28,Environment,Third Party Payments,Payment to contractor,VolkerHighways Ltd,VOLKERHIGHWAYS,58615.47,general_procurement
T-04,R-02,1,off_contract.csv,2,VOLKERHIGHWAYS,VolkerHighways Ltd,7377922.21,29511688.84,126,general_procurement,0.0,False,none,,Environment,Over500_2026_P03_-_published:2117,Over500_2026_P03_-_published,2117,2026-06-08,Environment,Third Party Payments,Private Contractors,VolkerHighways Ltd,VOLKERHIGHWAYS,3393.12,general_procurement
T-04,R-02,1,off_contract.csv,2,VOLKERHIGHWAYS,VolkerHighways Ltd,7377922.21,29511688.84,126,general_procurement,0.0,False,none,,Environment,Over500_2026_P03_-_published:2133,Over500_2026_P03_-_published,2133,2026-06-08,Environment,Third Party Payments,Private Contractors,VolkerHighways Ltd,VOLKERHIGHWAYS,18761.89,general_procurement
T-04,R-02,1,off_contract.csv,2,VOLKERHIGHWAYS,VolkerHighways Ltd,7377922.21,29511688.84,126,general_procurement,0.0,False,none,,Environment,Over500_2026_P03_-_published:2402,Over500_2026_P03_-_published,2402,2026-06-08,Environment,Third Party Payments,Payment to contractor,VolkerHighways Ltd,VOLKERHIGHWAYS,15899.6,general_procurement
T-04,R-02,1,off_contract.csv,2,VOLKERHIGHWAYS,VolkerHighways Ltd,7377922.21,29511688.84,126,general_procurement,0.0,False,none,,Environment,Over500_2026_P03_-_published:683,Over500_2026_P03_-_published,683,2026-06-08,Environment,Third Party Payments,Payment to contractor,VolkerHighways Ltd,VOLKERHIGHWAYS,23591.22,general_procurement
T-04,R-02,1,off_contract.csv,2,VOLKERHIGHWAYS,VolkerHighways Ltd,7377922.21,29511688.84,126,general_procurement,0.0,False,none,,Environment,Over500_2026_P03_-_published:699,Over500_2026_P03_-_published,699,2026-06-08,Environment,Third Party Payments,Payment to contractor,VolkerHighways Ltd,VOLKERHIGHWAYS,329988.88,general_procurement
T-04,R-02,1,off_contract.csv,2,VOLKERHIGHWAYS,VolkerHighways Ltd,7377922.21,29511688.84,126,general_procurement,0.0,False,none,,Environment,Over500_2026_P03_-_published:700,Over500_2026_P03_-_published,700,2026-06-08,Environment,Third Party Payments,Payment to contractor,VolkerHighways Ltd,VOLKERHIGHWAYS,95421.19,general_procurement
T-04,R-02,1,off_contract.csv,2,VOLKERHIGHWAYS,VolkerHighways Ltd,7377922.21,29511688.84,126,general_procurement,0.0,False,none,,Environment,Over500_2026_P03_-_published:702,Over500_2026_P03_-_published,702,2026-06-08,Environment,Third Party Payments,Payment to contractor,VolkerHighways Ltd,VOLKERHIGHWAYS,4205.33,general_procurement
T-04,R-02,1,off_contract.csv,2,VOLKERHIGHWAYS,VolkerHighways Ltd,7377922.21,29511688.84,126,general_procurement,0.0,False,none,,Environment,Over500_2026_P03_-_published:703,Over500_2026_P03_-_published,703,2026-06-08,Environment,Third Party Payments,Payment to contractor,VolkerHighways Ltd,VOLKERHIGHWAYS,46778.61,general_procurement
T-04,R-02,1,off_contract.csv,2,VOLKERHIGHWAYS,VolkerHighways Ltd,7377922.21,29511688.84,126,general_procurement,0.0,False,none,,Environment,Over500_2026_P03_-_published:728,Over500_2026_P03_-_published,728,2026-06-08,Environment,Third Party Payments,Payment to contractor,VolkerHighways Ltd,VOLKERHIGHWAYS,11515.39,general_procurement
T-04,R-02,1,off_contract.csv,2,VOLKERHIGHWAYS,VolkerHighways Ltd,7377922.21,29511688.84,126,general_procurement,0.0,False,none,,Environment,Over500_2026_P03_-_published:729,Over500_2026_P03_-_published,729,2026-06-08,Environment,Third Party Payments,Payment to contractor,VolkerHighways Ltd,VOLKERHIGHWAYS,299416.56,general_procurement
T-04,R-02,1,off_contract.csv,2,VOLKERHIGHWAYS,VolkerHighways Ltd,7377922.21,29511688.84,126,general_procurement,0.0,False,none,,Environment,Over500_2026_P03_-_published:701,Over500_2026_P03_-_published,701,2026-06-09,Environment,Third Party Payments,Payment to contractor,VolkerHighways Ltd,VOLKERHIGHWAYS,307338.45,general_procurement
T-04,R-02,1,off_contract.csv,2,VOLKERHIGHWAYS,VolkerHighways Ltd,7377922.21,29511688.84,126,general_procurement,0.0,False,none,,Environment,Over500_2026_P03_-_published:2403,Over500_2026_P03_-_published,2403,2026-06-10,Environment,Third Party Payments,Payment to contractor,VolkerHighways Ltd,VOLKERHIGHWAYS,925.84,general_procurement
T-04,R-02,1,off_contract.csv,2,VOLKERHIGHWAYS,VolkerHighways Ltd,7377922.21,29511688.84,126,general_procurement,0.0,False,none,,Environment,Over500_2026_P03_-_published:2401,Over500_2026_P03_-_published,2401,2026-06-12,Environment,Third Party Payments,Payment to contractor,VolkerHighways Ltd,VOLKERHIGHWAYS,38444.92,general_procurement
T-04,R-02,1,off_contract.csv,2,VOLKERHIGHWAYS,VolkerHighways Ltd,7377922.21,29511688.84,126,general_procurement,0.0,False,none,,Environment,Over500_2026_P03_-_published:684,Over500_2026_P03_-_published,684,2026-06-22,Environment,Third Party Payments,Payment to contractor,VolkerHighways Ltd,VOLKERHIGHWAYS,366872.38,general_procurement
T-04,R-02,1,off_contract.csv,2,VOLKERHIGHWAYS,VolkerHighways Ltd,7377922.21,29511688.84,126,general_procurement,0.0,False,none,,Environment,Over500_2026_P03_-_published:727,Over500_2026_P03_-_published,727,2026-06-24,Environment,Third Party Payments,Payment to contractor,VolkerHighways Ltd,VOLKERHIGHWAYS,1151.28,general_procurement
T-04,R-02,1,off_contract.csv,2,VOLKERHIGHWAYS,VolkerHighways Ltd,7377922.21,29511688.84,126,general_procurement,0.0,False,none,,Environment,Over500_2026_P04_-_published:1291,Over500_2026_P04_-_published,1291,2026-07-06,Environment,Third Party Payments,Payment to contractor,VolkerHighways Ltd,VOLKERHIGHWAYS,118015.06,general_procurement
T-04,R-02,1,off_contract.csv,2,VOLKERHIGHWAYS,VolkerHighways Ltd,7377922.21,29511688.84,126,general_procurement,0.0,False,none,,Environment,Over500_2026_P04_-_published:3192,Over500_2026_P04_-_published,3192,2026-07-06,Environment,Third Party Payments,Private Contractors,VolkerHighways Ltd,VOLKERHIGHWAYS,7341.73,general_procurement
T-04,R-02,1,off_contract.csv,2,VOLKERHIGHWAYS,VolkerHighways Ltd,7377922.21,29511688.84,126,general_procurement,0.0,False,none,,Environment,Over500_2026_P04_-_published:792,Over500_2026_P04_-_published,792,2026-07-07,Environment,Third Party Payments,Payment to contractor,VolkerHighways Ltd,VOLKERHIGHWAYS,1024.51,general_procurement
T-04,R-02,1,off_contract.csv,2,VOLKERHIGHWAYS,VolkerHighways Ltd,7377922.21,29511688.84,126,general_procurement,0.0,False,none,,Environment,Over500_2026_P04_-_published:1289,Over500_2026_P04_-_published,1289,2026-07-13,Environment,Third Party Payments,Payment to contractor,VolkerHighways Ltd,VOLKERHIGHWAYS,651.56,general_procurement
T-04,R-02,1,off_contract.csv,2,VOLKERHIGHWAYS,VolkerHighways Ltd,7377922.21,29511688.84,126,general_procurement,0.0,False,none,,Environment,Over500_2026_P04_-_published:3184,Over500_2026_P04_-_published,3184,2026-07-13,Environment,Third Party Payments,Private Contractors,VolkerHighways Ltd,VOLKERHIGHWAYS,17882.35,general_procurement
T-04,R-02,1,off_contract.csv,2,VOLKERHIGHWAYS,VolkerHighways Ltd,7377922.21,29511688.84,126,general_procurement,0.0,False,none,,Environment,Over500_2026_P04_-_published:3210,Over500_2026_P04_-_published,3210,2026-07-13,Environment,Third Party Payments,Private Contractors,VolkerHighways Ltd,VOLKERHIGHWAYS,54241.36,general_procurement
T-04,R-02,1,off_contract.csv,2,VOLKERHIGHWAYS,VolkerHighways Ltd,7377922.21,29511688.84,126,general_procurement,0.0,False,none,,Environment,Over500_2026_P04_-_published:3786,Over500_2026_P04_-_published,3786,2026-07-13,Environment,Third Party Payments,Private Contractors,VolkerHighways Ltd,VOLKERHIGHWAYS,1500.0,general_procurement
T-04,R-02,1,off_contract.csv,2,VOLKERHIGHWAYS,VolkerHighways Ltd,7377922.21,29511688.84,126,general_procurement,0.0,False,none,,Environment,Over500_2026_P04_-_published:602,Over500_2026_P04_-_published,602,2026-07-13,Environment,Third Party Payments,Payment to contractor,VolkerHighways Ltd,VOLKERHIGHWAYS,4081.14,general_procurement
T-04,R-02,1,off_contract.csv,2,VOLKERHIGHWAYS,VolkerHighways Ltd,7377922.21,29511688.84,126,general_procurement,0.0,False,none,,Environment,Over500_2026_P04_-_published:621,Over500_2026_P04_-_published,621,2026-07-13,Environment,Third Party Payments,Payment to contractor,VolkerHighways Ltd,VOLKERHIGHWAYS,13855.87,general_procurement
T-04,R-02,1,off_contract.csv,2,VOLKERHIGHWAYS,VolkerHighways Ltd,7377922.21,29511688.84,126,general_procurement,0.0,False,none,,Environment,Over500_2026_P04_-_published:736,Over500_2026_P04_-_published,736,2026-07-13,Environment,Third Party Payments,Payment to contractor,VolkerHighways Ltd,VOLKERHIGHWAYS,577.53,general_procurement
T-04,R-02,1,off_contract.csv,2,VOLKERHIGHWAYS,VolkerHighways Ltd,7377922.21,29511688.84,126,general_procurement,0.0,False,none,,Environment,Over500_2026_P04_-_published:791,Over500_2026_P04_-_published,791,2026-07-13,Environment,Third Party Payments,Payment to contractor,VolkerHighways Ltd,VOLKERHIGHWAYS,1675.31,general_procurement
T-04,R-02,1,off_contract.csv,2,VOLKERHIGHWAYS,VolkerHighways Ltd,7377922.21,29511688.84,126,general_procurement,0.0,False,none,,Environment,Over500_2026_P04_-_published:793,Over500_2026_P04_-_published,793,2026-07-13,Environment,Third Party Payments,Payment to contractor,VolkerHighways Ltd,VOLKERHIGHWAYS,998987.64,general_procurement
T-04,R-02,1,off_contract.csv,2,VOLKERHIGHWAYS,VolkerHighways Ltd,7377922.21,29511688.84,126,general_procurement,0.0,False,none,,Environment,Over500_2026_P04_-_published:799,Over500_2026_P04_-_published,799,2026-07-13,Environment,Third Party Payments,Payment to contractor,VolkerHighways Ltd,VOLKERHIGHWAYS,800.0,general_procurement
T-04,R-02,1,off_contract.csv,2,VOLKERHIGHWAYS,VolkerHighways Ltd,7377922.21,29511688.84,126,general_procurement,0.0,False,none,,Environment,Over500_2026_P04_-_published:1295,Over500_2026_P04_-_published,1295,2026-07-14,Environment,Third Party Payments,Payment to contractor,VolkerHighways Ltd,VOLKERHIGHWAYS,11615.51,general_procurement
T-04,R-02,1,off_contract.csv,2,VOLKERHIGHWAYS,VolkerHighways Ltd,7377922.21,29511688.84,126,general_procurement,0.0,False,none,,Environment,Over500_2026_P04_-_published:1310,Over500_2026_P04_-_published,1310,2026-07-14,Environment,Fees & Charges,Projects or Minor Works,VolkerHighways Ltd,VOLKERHIGHWAYS,6704.19,general_procurement
T-04,R-02,1,off_contract.csv,2,VOLKERHIGHWAYS,VolkerHighways Ltd,7377922.21,29511688.84,126,general_procurement,0.0,False,none,,Environment,Over500_2026_P04_-_published:3186,Over500_2026_P04_-_published,3186,2026-07-14,Environment,Third Party Payments,Private Contractors,VolkerHighways Ltd,VOLKERHIGHWAYS,1432.22,general_procurement
T-04,R-02,1,off_contract.csv,2,VOLKERHIGHWAYS,VolkerHighways Ltd,7377922.21,29511688.84,126,general_procurement,0.0,False,none,,Environment,Over500_2026_P04_-_published:3303,Over500_2026_P04_-_published,3303,2026-07-14,Environment,Third Party Payments,Private Contractors,VolkerHighways Ltd,VOLKERHIGHWAYS,3323.18,general_procurement
T-04,R-02,1,off_contract.csv,2,VOLKERHIGHWAYS,VolkerHighways Ltd,7377922.21,29511688.84,126,general_procurement,0.0,False,none,,Environment,Over500_2026_P04_-_published:794,Over500_2026_P04_-_published,794,2026-07-14,Environment,Third Party Payments,Payment to contractor,VolkerHighways Ltd,VOLKERHIGHWAYS,76834.61,general_procurement
T-04,R-02,1,off_contract.csv,2,VOLKERHIGHWAYS,VolkerHighways Ltd,7377922.21,29511688.84,126,general_procurement,0.0,False,none,,Environment,Over500_2026_P04_-_published:795,Over500_2026_P04_-_published,795,2026-07-14,Environment,Third Party Payments,Payment to contractor,VolkerHighways Ltd,VOLKERHIGHWAYS,161847.24,general_procurement
T-04,R-02,1,off_contract.csv,2,VOLKERHIGHWAYS,VolkerHighways Ltd,7377922.21,29511688.84,126,general_procurement,0.0,False,none,,Environment,Over500_2026_P04_-_published:798,Over500_2026_P04_-_published,798,2026-07-14,Environment,Third Party Payments,Payment to contractor,VolkerHighways Ltd,VOLKERHIGHWAYS,77034.27,general_procurement
T-04,R-02,1,off_contract.csv,2,VOLKERHIGHWAYS,VolkerHighways Ltd,7377922.21,29511688.84,126,general_procurement,0.0,False,none,,Environment,Over500_2026_P04_-_published:1292,Over500_2026_P04_-_published,1292,2026-07-15,Environment,Third Party Payments,Payment to contractor,VolkerHighways Ltd,VOLKERHIGHWAYS,56244.83,general_procurement
T-04,R-02,1,off_contract.csv,2,VOLKERHIGHWAYS,VolkerHighways Ltd,7377922.21,29511688.84,126,general_procurement,0.0,False,none,,Environment,Over500_2026_P04_-_published:1293,Over500_2026_P04_-_published,1293,2026-07-15,Environment,Third Party Payments,Payment to contractor,VolkerHighways Ltd,VOLKERHIGHWAYS,2500.0,general_procurement
T-04,R-02,1,off_contract.csv,2,VOLKERHIGHWAYS,VolkerHighways Ltd,7377922.21,29511688.84,126,general_procurement,0.0,False,none,,Environment,Over500_2026_P04_-_published:3187,Over500_2026_P04_-_published,3187,2026-07-15,Environment,Third Party Payments,Private Contractors,VolkerHighways Ltd,VOLKERHIGHWAYS,1606.5,general_procurement
T-04,R-02,1,off_contract.csv,2,VOLKERHIGHWAYS,VolkerHighways Ltd,7377922.21,29511688.84,126,general_procurement,0.0,False,none,,Environment,Over500_2026_P04_-_published:3211,Over500_2026_P04_-_published,3211,2026-07-15,Environment,Third Party Payments,Private Contractors,VolkerHighways Ltd,VOLKERHIGHWAYS,14141.01,general_procurement
T-04,R-02,1,off_contract.csv,2,VOLKERHIGHWAYS,VolkerHighways Ltd,7377922.21,29511688.84,126,general_procurement,0.0,False,none,,Environment,Over500_2026_P04_-_published:3304,Over500_2026_P04_-_published,3304,2026-07-15,Environment,Third Party Payments,Private Contractors,VolkerHighways Ltd,VOLKERHIGHWAYS,12585.51,general_procurement
T-04,R-02,1,off_contract.csv,2,VOLKERHIGHWAYS,VolkerHighways Ltd,7377922.21,29511688.84,126,general_procurement,0.0,False,none,,Environment,Over500_2026_P04_-_published:3308,Over500_2026_P04_-_published,3308,2026-07-15,Environment,Third Party Payments,Private Contractors,VolkerHighways Ltd,VOLKERHIGHWAYS,101925.86,general_procurement
T-04,R-02,1,off_contract.csv,2,VOLKERHIGHWAYS,VolkerHighways Ltd,7377922.21,29511688.84,126,general_procurement,0.0,False,none,,Environment,Over500_2026_P04_-_published:3787,Over500_2026_P04_-_published,3787,2026-07-15,Environment,Third Party Payments,Private Contractors,VolkerHighways Ltd,VOLKERHIGHWAYS,1000.0,general_procurement
T-04,R-02,1,off_contract.csv,2,VOLKERHIGHWAYS,VolkerHighways Ltd,7377922.21,29511688.84,126,general_procurement,0.0,False,none,,Environment,Over500_2026_P04_-_published:619,Over500_2026_P04_-_published,619,2026-07-15,Environment,Third Party Payments,Payment to contractor,VolkerHighways Ltd,VOLKERHIGHWAYS,195182.14,general_procurement
T-04,R-02,1,off_contract.csv,2,VOLKERHIGHWAYS,VolkerHighways Ltd,7377922.21,29511688.84,126,general_procurement,0.0,False,none,,Environment,Over500_2026_P04_-_published:620,Over500_2026_P04_-_published,620,2026-07-15,Environment,Third Party Payments,Payment to contractor,VolkerHighways Ltd,VOLKERHIGHWAYS,69616.13,general_procurement
T-04,R-02,1,off_contract.csv,2,VOLKERHIGHWAYS,VolkerHighways Ltd,7377922.21,29511688.84,126,general_procurement,0.0,False,none,,Environment,Over500_2026_P04_-_published:739,Over500_2026_P04_-_published,739,2026-07-15,Environment,Third Party Payments,Payment to contractor,VolkerHighways Ltd,VOLKERHIGHWAYS,10165.33,general_procurement
T-04,R-02,1,off_contract.csv,2,VOLKERHIGHWAYS,VolkerHighways Ltd,7377922.21,29511688.84,126,general_procurement,0.0,False,none,,Environment,Over500_2026_P04_-_published:819,Over500_2026_P04_-_published,819,2026-07-15,Environment,Third Party Payments,Payment to contractor,VolkerHighways Ltd,VOLKERHIGHWAYS,12778.97,general_procurement
T-04,R-02,1,off_contract.csv,2,VOLKERHIGHWAYS,VolkerHighways Ltd,7377922.21,29511688.84,126,general_procurement,0.0,False,none,,Environment,Over500_2026_P04_-_published:821,Over500_2026_P04_-_published,821,2026-07-15,Environment,Third Party Payments,Payment to contractor,VolkerHighways Ltd,VOLKERHIGHWAYS,11256.01,general_procurement
T-04,R-02,1,off_contract.csv,2,VOLKERHIGHWAYS,VolkerHighways Ltd,7377922.21,29511688.84,126,general_procurement,0.0,False,none,,Environment,Over500_2026_P04_-_published:822,Over500_2026_P04_-_published,822,2026-07-15,Environment,Third Party Payments,Payment to contractor,VolkerHighways Ltd,VOLKERHIGHWAYS,14660.85,general_procurement
T-04,R-02,1,off_contract.csv,2,VOLKERHIGHWAYS,VolkerHighways Ltd,7377922.21,29511688.84,126,general_procurement,0.0,False,none,,Environment,Over500_2026_P04_-_published:1296,Over500_2026_P04_-_published,1296,2026-07-16,Environment,Third Party Payments,Payment to contractor,VolkerHighways Ltd,VOLKERHIGHWAYS,4797.35,general_procurement
T-04,R-02,1,off_contract.csv,2,VOLKERHIGHWAYS,VolkerHighways Ltd,7377922.21,29511688.84,126,general_procurement,0.0,False,none,,Environment,Over500_2026_P04_-_published:3185,Over500_2026_P04_-_published,3185,2026-07-16,Environment,Third Party Payments,Private Contractors,VolkerHighways Ltd,VOLKERHIGHWAYS,17882.35,general_procurement
T-04,R-02,1,off_contract.csv,2,VOLKERHIGHWAYS,VolkerHighways Ltd,7377922.21,29511688.84,126,general_procurement,0.0,False,none,,Environment,Over500_2026_P04_-_published:3302,Over500_2026_P04_-_published,3302,2026-07-16,Environment,Third Party Payments,Private Contractors,VolkerHighways Ltd,VOLKERHIGHWAYS,54241.36,general_procurement
T-04,R-02,1,off_contract.csv,2,VOLKERHIGHWAYS,VolkerHighways Ltd,7377922.21,29511688.84,126,general_procurement,0.0,False,none,,Environment,Over500_2026_P04_-_published:3309,Over500_2026_P04_-_published,3309,2026-07-17,Environment,Third Party Payments,Private Contractors,VolkerHighways Ltd,VOLKERHIGHWAYS,3337.15,general_procurement
T-04,R-02,1,off_contract.csv,2,VOLKERHIGHWAYS,VolkerHighways Ltd,7377922.21,29511688.84,126,general_procurement,0.0,False,none,,Environment,Over500_2026_P04_-_published:618,Over500_2026_P04_-_published,618,2026-07-17,Environment,Third Party Payments,Payment to contractor,VolkerHighways Ltd,VOLKERHIGHWAYS,101925.86,general_procurement
T-04,R-02,1,off_contract.csv,2,VOLKERHIGHWAYS,VolkerHighways Ltd,7377922.21,29511688.84,126,general_procurement,0.0,False,none,,Environment,Over500_2026_P04_-_published:742,Over500_2026_P04_-_published,742,2026-07-17,Environment,Third Party Payments,Payment to contractor,VolkerHighways Ltd,VOLKERHIGHWAYS,7732.3,general_procurement
T-04,R-02,1,off_contract.csv,2,VOLKERHIGHWAYS,VolkerHighways Ltd,7377922.21,29511688.84,126,general_procurement,0.0,False,none,,Environment,Over500_2026_P04_-_published:777,Over500_2026_P04_-_published,777,2026-07-17,Environment,Fees & Charges,Projects or Minor Works,VolkerHighways Ltd,VOLKERHIGHWAYS,2391.13,general_procurement
T-04,R-02,1,off_contract.csv,2,VOLKERHIGHWAYS,VolkerHighways Ltd,7377922.21,29511688.84,126,general_procurement,0.0,False,none,,Environment,Over500_2026_P04_-_published:3784,Over500_2026_P04_-_published,3784,2026-07-22,Environment,Third Party Payments,Private Contractors,VolkerHighways Ltd,VOLKERHIGHWAYS,27873.6,general_procurement
T-04,R-02,1,off_contract.csv,2,VOLKERHIGHWAYS,VolkerHighways Ltd,7377922.21,29511688.84,126,general_procurement,0.0,False,none,,Environment,Over500_2026_P04_-_published:600,Over500_2026_P04_-_published,600,2026-07-22,Environment,Third Party Payments,Payment to contractor,VolkerHighways Ltd,VOLKERHIGHWAYS,5687.65,general_procurement
T-04,R-02,1,off_contract.csv,2,VOLKERHIGHWAYS,VolkerHighways Ltd,7377922.21,29511688.84,126,general_procurement,0.0,False,none,,Environment,Over500_2026_P04_-_published:796,Over500_2026_P04_-_published,796,2026-07-22,Environment,Third Party Payments,Payment to contractor,VolkerHighways Ltd,VOLKERHIGHWAYS,6275.58,general_procurement
T-04,R-02,1,off_contract.csv,2,VOLKERHIGHWAYS,VolkerHighways Ltd,7377922.21,29511688.84,126,general_procurement,0.0,False,none,,Environment,Over500_2026_P04_-_published:828,Over500_2026_P04_-_published,828,2026-07-22,Environment,Third Party Payments,Payment to contractor,VolkerHighways Ltd,VOLKERHIGHWAYS,5923.97,general_procurement
T-04,R-02,1,off_contract.csv,2,VOLKERHIGHWAYS,VolkerHighways Ltd,7377922.21,29511688.84,126,general_procurement,0.0,False,none,,Environment,Over500_2026_P04_-_published:599,Over500_2026_P04_-_published,599,2026-07-24,Environment,Third Party Payments,Payment to contractor,VolkerHighways Ltd,VOLKERHIGHWAYS,1093.03,general_procurement
T-04,R-02,1,off_contract.csv,2,VOLKERHIGHWAYS,VolkerHighways Ltd,7377922.21,29511688.84,126,general_procurement,0.0,False,none,,Environment,Over500_2026_P04_-_published:603,Over500_2026_P04_-_published,603,2026-07-28,Environment,Third Party Payments,Payment to contractor,VolkerHighways Ltd,VOLKERHIGHWAYS,855750.25,general_procurement
T-04,R-02,1,off_contract.csv,2,VOLKERHIGHWAYS,VolkerHighways Ltd,7377922.21,29511688.84,126,general_procurement,0.0,False,none,,Environment,Over500_2026_P04_-_published:3212,Over500_2026_P04_-_published,3212,2026-07-29,Environment,Third Party Payments,Private Contractors,VolkerHighways Ltd,VOLKERHIGHWAYS,1959.28,general_procurement
T-04,R-02,1,off_contract.csv,2,VOLKERHIGHWAYS,VolkerHighways Ltd,7377922.21,29511688.84,126,general_procurement,0.0,False,none,,Environment,Over500_2026_P04_-_published:3305,Over500_2026_P04_-_published,3305,2026-07-29,Environment,Third Party Payments,Private Contractors,VolkerHighways Ltd,VOLKERHIGHWAYS,5317.72,general_procurement
T-04,R-02,1,off_contract.csv,2,VOLKERHIGHWAYS,VolkerHighways Ltd,7377922.21,29511688.84,126,general_procurement,0.0,False,none,,Environment,Over500_2026_P04_-_published:3306,Over500_2026_P04_-_published,3306,2026-07-29,Environment,Third Party Payments,Private Contractors,VolkerHighways Ltd,VOLKERHIGHWAYS,1242.46,general_procurement
T-04,R-02,1,off_contract.csv,2,VOLKERHIGHWAYS,VolkerHighways Ltd,7377922.21,29511688.84,126,general_procurement,0.0,False,none,,Environment,Over500_2026_P04_-_published:3785,Over500_2026_P04_-_published,3785,2026-07-29,Environment,Third Party Payments,Private Contractors,VolkerHighways Ltd,VOLKERHIGHWAYS,45385.49,general_procurement
T-04,R-02,1,off_contract.csv,2,VOLKERHIGHWAYS,VolkerHighways Ltd,7377922.21,29511688.84,126,general_procurement,0.0,False,none,,Environment,Over500_2026_P04_-_published:3188,Over500_2026_P04_-_published,3188,2026-07-31,Environment,Third Party Payments,Private Contractors,VolkerHighways Ltd,VOLKERHIGHWAYS,1318.74,general_procurement
T-04,R-02,1,off_contract.csv,2,VOLKERHIGHWAYS,VolkerHighways Ltd,7377922.21,29511688.84,126,general_procurement,0.0,False,none,,Environment,Over500_2026_P04_-_published:3213,Over500_2026_P04_-_published,3213,2026-07-31,Environment,Third Party Payments,Private Contractors,VolkerHighways Ltd,VOLKERHIGHWAYS,4876.74,general_procurement
T-04,R-02,1,off_contract.csv,2,VOLKERHIGHWAYS,VolkerHighways Ltd,7377922.21,29511688.84,126,general_procurement,0.0,False,none,,Environment,Over500_2026_P04_-_published:3307,Over500_2026_P04_-_published,3307,2026-07-31,Environment,Third Party Payments,Private Contractors,VolkerHighways Ltd,VOLKERHIGHWAYS,8541.18,general_procurement
T-04,R-02,1,off_contract.csv,2,VOLKERHIGHWAYS,VolkerHighways Ltd,7377922.21,29511688.84,126,general_procurement,0.0,False,none,,Environment,Over500_2026_P04_-_published:737,Over500_2026_P04_-_published,737,2026-07-31,Environment,Third Party Payments,Payment to contractor,VolkerHighways Ltd,VOLKERHIGHWAYS,27870.52,general_procurement
T-04,R-02,1,off_contract.csv,2,VOLKERHIGHWAYS,VolkerHighways Ltd,7377922.21,29511688.84,126,general_procurement,0.0,False,none,,Environment,Over500_2026_P04_-_published:778,Over500_2026_P04_-_published,778,2026-07-31,Environment,Fees & Charges,Projects or Minor Works,VolkerHighways Ltd,VOLKERHIGHWAYS,571.41,general_procurement
T-04,R-02,1,off_contract.csv,2,VOLKERHIGHWAYS,VolkerHighways Ltd,7377922.21,29511688.84,126,general_procurement,0.0,False,none,,Environment,Over500_2026_P04_-_published:790,Over500_2026_P04_-_published,790,2026-07-31,Environment,Third Party Payments,Payment to contractor,VolkerHighways Ltd,VOLKERHIGHWAYS,34327.16,general_procurement
T-04,R-02,2,off_contract.csv,3,VEOLIA ES WEST BERKSHIRE,VEOLIA ES WEST BERKSHIRE LTD (CHAPS ONLY),6186065.04,24744260.16,3,general_procurement,0.0,False,none,,Environment,Over500_2026_P02_-_published:2196,Over500_2026_P02_-_published,2196,2026-05-27,Environment,Third Party Payments,Private Contractors,VEOLIA ES WEST BERKSHIRE LTD (CHAPS ONLY),VEOLIA ES WEST BERKSHIRE,2201856.4,general_procurement
T-04,R-02,2,off_contract.csv,3,VEOLIA ES WEST BERKSHIRE,VEOLIA ES WEST BERKSHIRE LTD (CHAPS ONLY),6186065.04,24744260.16,3,general_procurement,0.0,False,none,,Environment,Over500_2026_P03_-_published:2146,Over500_2026_P03_-_published,2146,2026-06-29,Environment,Third Party Payments,Private Contractors,VEOLIA ES WEST BERKSHIRE LTD (CHAPS ONLY),VEOLIA ES WEST BERKSHIRE,2180425.32,general_procurement
T-04,R-02,2,off_contract.csv,3,VEOLIA ES WEST BERKSHIRE,VEOLIA ES WEST BERKSHIRE LTD (CHAPS ONLY),6186065.04,24744260.16,3,general_procurement,0.0,False,none,,Environment,Over500_2026_P04_-_published:3194,Over500_2026_P04_-_published,3194,2026-07-27,Environment,Third Party Payments,Private Contractors,VEOLIA ES WEST BERKSHIRE LTD (CHAPS ONLY),VEOLIA ES WEST BERKSHIRE,1803783.32,general_procurement
T-04,R-02,3,off_contract.csv,4,MILLBROOK HEALTHCARE,Millbrook Healthcare Limited,3459365.35,13837461.4,4,general_procurement,0.0,False,none,,"Finance, Property & Procurement",Over500_2026_P03_-_published:2216,Over500_2026_P03_-_published,2216,2026-06-03,"Finance, Property & Procurement",Third Party Payments,Private Contractors,Millbrook Healthcare Limited,MILLBROOK HEALTHCARE,1141918.0,general_procurement
T-04,R-02,3,off_contract.csv,4,MILLBROOK HEALTHCARE,Millbrook Healthcare Limited,3459365.35,13837461.4,4,general_procurement,0.0,False,none,,"Finance, Property & Procurement",Over500_2026_P03_-_published:2144,Over500_2026_P03_-_published,2144,2026-06-25,"Finance, Property & Procurement",Third Party Payments,Private Contractors,Millbrook Healthcare Limited,MILLBROOK HEALTHCARE,1141918.0,general_procurement
T-04,R-02,3,off_contract.csv,4,MILLBROOK HEALTHCARE,Millbrook Healthcare Limited,3459365.35,13837461.4,4,general_procurement,0.0,False,none,,"Finance, Property & Procurement",Over500_2026_P04_-_published:3311,Over500_2026_P04_-_published,3311,2026-07-29,"Finance, Property & Procurement",Third Party Payments,Private Contractors,Millbrook Healthcare Limited,MILLBROOK HEALTHCARE,33611.35,general_procurement
T-04,R-02,3,off_contract.csv,4,MILLBROOK HEALTHCARE,Millbrook Healthcare Limited,3459365.35,13837461.4,4,general_procurement,0.0,False,none,,"Finance, Property & Procurement",Over500_2026_P04_-_published:3789,Over500_2026_P04_-_published,3789,2026-07-29,"Finance, Property & Procurement",Third Party Payments,Private Contractors,Millbrook Healthcare Limited,MILLBROOK HEALTHCARE,1141918.0,general_procurement
T-04,R-02,4,off_contract.csv,6,COMENSURA,Comensura Ltd,1275552.15,5102208.6,14,agency_staff,0.0,False,none,,Strategy & Governance,Over500_2026_P02_-_published:5,Over500_2026_P02_-_published,5,2026-05-12,Strategy & Governance,Employees,Agency & Temporary Staff,Comensura Ltd,COMENSURA,104728.31,agency_staff
T-04,R-02,4,off_contract.csv,6,COMENSURA,Comensura Ltd,1275552.15,5102208.6,14,agency_staff,0.0,False,none,,Strategy & Governance,Over500_2026_P02_-_published:6,Over500_2026_P02_-_published,6,2026-05-19,Strategy & Governance,Employees,Agency & Temporary Staff,Comensura Ltd,COMENSURA,78951.04,agency_staff
T-04,R-02,4,off_contract.csv,6,COMENSURA,Comensura Ltd,1275552.15,5102208.6,14,agency_staff,0.0,False,none,,Strategy & Governance,Over500_2026_P02_-_published:7,Over500_2026_P02_-_published,7,2026-05-27,Strategy & Governance,Employees,Agency & Temporary Staff,Comensura Ltd,COMENSURA,96142.42,agency_staff
T-04,R-02,4,off_contract.csv,6,COMENSURA,Comensura Ltd,1275552.15,5102208.6,14,agency_staff,0.0,False,none,,Strategy & Governance,Over500_2026_P03_-_published:14,Over500_2026_P03_-_published,14,2026-06-03,Strategy & Governance,Employees,Agency & Temporary Staff,Comensura Ltd,COMENSURA,61486.32,agency_staff
T-04,R-02,4,off_contract.csv,6,COMENSURA,Comensura Ltd,1275552.15,5102208.6,14,agency_staff,0.0,False,none,,Strategy & Governance,Over500_2026_P03_-_published:12,Over500_2026_P03_-_published,12,2026-06-08,Strategy & Governance,Employees,Agency & Temporary Staff,Comensura Ltd,COMENSURA,101567.7,agency_staff
T-04,R-02,4,off_contract.csv,6,COMENSURA,Comensura Ltd,1275552.15,5102208.6,14,agency_staff,0.0,False,none,,Strategy & Governance,Over500_2026_P03_-_published:9,Over500_2026_P03_-_published,9,2026-06-15,Strategy & Governance,Employees,Agency & Temporary Staff,Comensura Ltd,COMENSURA,107880.99,agency_staff
T-04,R-02,4,off_contract.csv,6,COMENSURA,Comensura Ltd,1275552.15,5102208.6,14,agency_staff,0.0,False,none,,Strategy & Governance,Over500_2026_P03_-_published:10,Over500_2026_P03_-_published,10,2026-06-16,Strategy & Governance,Employees,Agency & Temporary Staff,Comensura Ltd,COMENSURA,84878.5,agency_staff
T-04,R-02,4,off_contract.csv,6,COMENSURA,Comensura Ltd,1275552.15,5102208.6,14,agency_staff,0.0,False,none,,Strategy & Governance,Over500_2026_P03_-_published:11,Over500_2026_P03_-_published,11,2026-06-22,Strategy & Governance,Employees,Agency & Temporary Staff,Comensura Ltd,COMENSURA,94539.37,agency_staff
T-04,R-02,4,off_contract.csv,6,COMENSURA,Comensura Ltd,1275552.15,5102208.6,14,agency_staff,0.0,False,none,,Strategy & Governance,Over500_2026_P04_-_published:9,Over500_2026_P04_-_published,9,2026-07-01,Strategy & Governance,Employees,Agency & Temporary Staff,Comensura Ltd,COMENSURA,91647.16,agency_staff
T-04,R-02,4,off_contract.csv,6,COMENSURA,Comensura Ltd,1275552.15,5102208.6,14,agency_staff,0.0,False,none,,Strategy & Governance,Over500_2026_P04_-_published:5,Over500_2026_P04_-_published,5,2026-07-09,Strategy & Governance,Employees,Agency & Temporary Staff,Comensura Ltd,COMENSURA,78347.8,agency_staff
T-04,R-02,4,off_contract.csv,6,COMENSURA,Comensura Ltd,1275552.15,5102208.6,14,agency_staff,0.0,False,none,,Strategy & Governance,Over500_2026_P04_-_published:6,Over500_2026_P04_-_published,6,2026-07-15,Strategy & Governance,Employees,Agency & Temporary Staff,Comensura Ltd,COMENSURA,100668.47,agency_staff
T-04,R-02,4,off_contract.csv,6,COMENSURA,Comensura Ltd,1275552.15,5102208.6,14,agency_staff,0.0,False,none,,Strategy & Governance,Over500_2026_P04_-_published:7,Over500_2026_P04_-_published,7,2026-07-22,Strategy & Governance,Employees,Agency & Temporary Staff,Comensura Ltd,COMENSURA,83846.1,agency_staff
T-04,R-02,4,off_contract.csv,6,COMENSURA,Comensura Ltd,1275552.15,5102208.6,14,agency_staff,0.0,False,none,,Strategy & Governance,Over500_2026_P04_-_published:8,Over500_2026_P04_-_published,8,2026-07-27,Strategy & Governance,Employees,Agency & Temporary Staff,Comensura Ltd,COMENSURA,87820.18,agency_staff
T-04,R-02,4,off_contract.csv,6,COMENSURA,Comensura Ltd,1275552.15,5102208.6,14,agency_staff,0.0,False,none,,Strategy & Governance,Over500_2026_P04_-_published:19,Over500_2026_P04_-_published,19,2026-07-31,Strategy & Governance,Employees,Agency & Temporary Staff,Comensura Ltd,COMENSURA,103047.79,agency_staff
T-04,R-02,5,off_contract.csv,18,SOFTWAREONE UK,SoftwareONE UK Ltd,522978.62,2091914.48,4,general_procurement,0.0,False,none,,"Transformation, Customer & ICT",Over500_2026_P02_-_published:473,Over500_2026_P02_-_published,473,2026-05-27,"Transformation, Customer & ICT",Supplies & Services,IT,SoftwareONE UK Ltd,SOFTWAREONE UK,375697.68,general_procurement
T-04,R-02,5,off_contract.csv,18,SOFTWAREONE UK,SoftwareONE UK Ltd,522978.62,2091914.48,4,general_procurement,0.0,False,none,,"Transformation, Customer & ICT",Over500_2026_P02_-_published:474,Over500_2026_P02_-_published,474,2026-05-27,"Transformation, Customer & ICT",Supplies & Services,IT,SoftwareONE UK Ltd,SOFTWAREONE UK,85871.04,general_procurement
T-04,R-02,5,off_contract.csv,18,SOFTWAREONE UK,SoftwareONE UK Ltd,522978.62,2091914.48,4,general_procurement,0.0,False,none,,"Transformation, Customer & ICT",Over500_2026_P02_-_published:653,Over500_2026_P02_-_published,653,2026-05-27,"Transformation, Customer & ICT",Supplies & Services,Subscriptions,SoftwareONE UK Ltd,SOFTWAREONE UK,59650.56,general_procurement
T-04,R-02,5,off_contract.csv,18,SOFTWAREONE UK,SoftwareONE UK Ltd,522978.62,2091914.48,4,general_procurement,0.0,False,none,,"Transformation, Customer & ICT",Over500_2026_P02_-_published:654,Over500_2026_P02_-_published,654,2026-05-27,"Transformation, Customer & ICT",Supplies & Services,Subscriptions,SoftwareONE UK Ltd,SOFTWAREONE UK,1759.34,general_procurement
T-04,R-02,6,off_contract.csv,19,LIVITY LIFE,Livity Life Ltd,513074.85,2052299.4,9,general_procurement,0.0,False,none,,"Finance, Property & Procurement",Over500_2026_P02_-_published:2199,Over500_2026_P02_-_published,2199,2026-05-13,"Finance, Property & Procurement",Third Party Payments,Private Contractors,Livity Life Ltd,LIVITY LIFE,42882.27,general_procurement
T-04,R-02,6,off_contract.csv,19,LIVITY LIFE,Livity Life Ltd,513074.85,2052299.4,9,general_procurement,0.0,False,none,,"Finance, Property & Procurement",Over500_2026_P02_-_published:2200,Over500_2026_P02_-_published,2200,2026-05-13,"Finance, Property & Procurement",Third Party Payments,Private Contractors,Livity Life Ltd,LIVITY LIFE,135591.03,general_procurement
T-04,R-02,6,off_contract.csv,19,LIVITY LIFE,Livity Life Ltd,513074.85,2052299.4,9,general_procurement,0.0,False,none,,"Finance, Property & Procurement",Over500_2026_P03_-_published:3087,Over500_2026_P03_-_published,3087,2026-06-17,"Finance, Property & Procurement",Third Party Payments,Private Contractors,Livity Life Ltd,LIVITY LIFE,127886.78,general_procurement
T-04,R-02,6,off_contract.csv,19,LIVITY LIFE,Livity Life Ltd,513074.85,2052299.4,9,general_procurement,0.0,False,none,,"Finance, Property & Procurement",Over500_2026_P03_-_published:3088,Over500_2026_P03_-_published,3088,2026-06-17,"Finance, Property & Procurement",Third Party Payments,Private Contractors,Livity Life Ltd,LIVITY LIFE,35078.97,general_procurement
T-04,R-02,6,off_contract.csv,19,LIVITY LIFE,Livity Life Ltd,513074.85,2052299.4,9,general_procurement,0.0,False,none,,"Finance, Property & Procurement",Over500_2026_P03_-_published:2218,Over500_2026_P03_-_published,2218,2026-06-25,"Finance, Property & Procurement",Third Party Payments,Private Contractors,Livity Life Ltd,LIVITY LIFE,9220.77,general_procurement
T-04,R-02,6,off_contract.csv,19,LIVITY LIFE,Livity Life Ltd,513074.85,2052299.4,9,general_procurement,0.0,False,none,,"Finance, Property & Procurement",Over500_2026_P04_-_published:3196,Over500_2026_P04_-_published,3196,2026-07-13,"Finance, Property & Procurement",Third Party Payments,Private Contractors,Livity Life Ltd,LIVITY LIFE,26337.9,general_procurement
T-04,R-02,6,off_contract.csv,19,LIVITY LIFE,Livity Life Ltd,513074.85,2052299.4,9,general_procurement,0.0,False,none,,"Finance, Property & Procurement",Over500_2026_P04_-_published:3197,Over500_2026_P04_-_published,3197,2026-07-13,"Finance, Property & Procurement",Third Party Payments,Private Contractors,Livity Life Ltd,LIVITY LIFE,46409.47,general_procurement
T-04,R-02,6,off_contract.csv,19,LIVITY LIFE,Livity Life Ltd,513074.85,2052299.4,9,general_procurement,0.0,False,none,,"Finance, Property & Procurement",Over500_2026_P04_-_published:3215,Over500_2026_P04_-_published,3215,2026-07-13,"Finance, Property & Procurement",Third Party Payments,Private Contractors,Livity Life Ltd,LIVITY LIFE,38706.21,general_procurement
T-04,R-02,6,off_contract.csv,19,LIVITY LIFE,Livity Life Ltd,513074.85,2052299.4,9,general_procurement,0.0,False,none,,"Finance, Property & Procurement",Over500_2026_P04_-_published:3310,Over500_2026_P04_-_published,3310,2026-07-13,"Finance, Property & Procurement",Third Party Payments,Private Contractors,Livity Life Ltd,LIVITY LIFE,50961.45,general_procurement
T-04,R-02,7,off_contract.csv,69,ELIOR UK,Elior UK PLC,161415.59,645662.36,9,general_procurement,0.0,False,none,,Adult Social Care,Over500_2026_P02_-_published:525,Over500_2026_P02_-_published,525,2026-05-13,Adult Social Care,Supplies & Services,Catering,Elior UK PLC,ELIOR UK,18371.14,general_procurement
T-04,R-02,7,off_contract.csv,69,ELIOR UK,Elior UK PLC,161415.59,645662.36,9,general_procurement,0.0,False,none,,Adult Social Care,Over500_2026_P02_-_published:526,Over500_2026_P02_-_published,526,2026-05-13,Adult Social Care,Supplies & Services,Catering,Elior UK PLC,ELIOR UK,11912.65,general_procurement
T-04,R-02,7,off_contract.csv,69,ELIOR UK,Elior UK PLC,161415.59,645662.36,9,general_procurement,0.0,False,none,,Adult Social Care,Over500_2026_P02_-_published:530,Over500_2026_P02_-_published,530,2026-05-27,Adult Social Care,Supplies & Services,Catering,Elior UK PLC,ELIOR UK,23694.03,general_procurement
T-04,R-02,7,off_contract.csv,69,ELIOR UK,Elior UK PLC,161415.59,645662.36,9,general_procurement,0.0,False,none,,Adult Social Care,Over500_2026_P03_-_published:434,Over500_2026_P03_-_published,434,2026-06-11,Adult Social Care,Supplies & Services,Catering,Elior UK PLC,ELIOR UK,11935.93,general_procurement
T-04,R-02,7,off_contract.csv,69,ELIOR UK,Elior UK PLC,161415.59,645662.36,9,general_procurement,0.0,False,none,,Adult Social Care,Over500_2026_P03_-_published:440,Over500_2026_P03_-_published,440,2026-06-16,Adult Social Care,Supplies & Services,Catering,Elior UK PLC,ELIOR UK,23516.69,general_procurement
T-04,R-02,7,off_contract.csv,69,ELIOR UK,Elior UK PLC,161415.59,645662.36,9,general_procurement,0.0,False,none,,Adult Social Care,Over500_2026_P03_-_published:433,Over500_2026_P03_-_published,433,2026-06-17,Adult Social Care,Supplies & Services,Catering,Elior UK PLC,ELIOR UK,18592.3,general_procurement
T-04,R-02,7,off_contract.csv,69,ELIOR UK,Elior UK PLC,161415.59,645662.36,9,general_procurement,0.0,False,none,,Adult Social Care,Over500_2026_P04_-_published:532,Over500_2026_P04_-_published,532,2026-07-15,Adult Social Care,Supplies & Services,Catering,Elior UK PLC,ELIOR UK,11999.95,general_procurement
T-04,R-02,7,off_contract.csv,69,ELIOR UK,Elior UK PLC,161415.59,645662.36,9,general_procurement,0.0,False,none,,Adult Social Care,Over500_2026_P04_-_published:983,Over500_2026_P04_-_published,983,2026-07-15,Adult Social Care,Supplies & Services,Catering,Elior UK PLC,ELIOR UK,18219.82,general_procurement
T-04,R-02,7,off_contract.csv,69,ELIOR UK,Elior UK PLC,161415.59,645662.36,9,general_procurement,0.0,False,none,,Adult Social Care,Over500_2026_P04_-_published:533,Over500_2026_P04_-_published,533,2026-07-28,Adult Social Care,Supplies & Services,Catering,Elior UK PLC,ELIOR UK,23173.08,general_procurement
T-04,R-02,8,off_contract.csv,79,BBOWT,BBOWT,144317.43,577269.72,3,general_procurement,0.0,False,none,,Environment,Over500_2026_P02_-_published:641,Over500_2026_P02_-_published,641,2026-05-21,Environment,Supplies & Services,Contributions,BBOWT,BBOWT,1289.93,general_procurement
T-04,R-02,8,off_contract.csv,79,BBOWT,BBOWT,144317.43,577269.72,3,general_procurement,0.0,False,none,,Environment,Over500_2026_P04_-_published:589,Over500_2026_P04_-_published,589,2026-07-16,Environment,Supplies & Services,Contributions,BBOWT,BBOWT,118027.5,general_procurement
T-04,R-02,8,off_contract.csv,79,BBOWT,BBOWT,144317.43,577269.72,3,general_procurement,0.0,False,none,,Environment,Over500_2026_P04_-_published:623,Over500_2026_P04_-_published,623,2026-07-16,Environment,Third Party Payments,Payment to contractor,BBOWT,BBOWT,25000.0,general_procurement
T-04,R-02,9,off_contract.csv,83,A2 DOMINION,A2 Dominion,136612.06,546448.24,2,premises,0.0,False,none,,Adult Social Care,Over500_2026_P04_-_published:153,Over500_2026_P04_-_published,153,2026-07-07,Adult Social Care,Premises,Premises Insurance,A2 Dominion,A2 DOMINION,3696.84,premises
T-04,R-02,9,off_contract.csv,83,A2 DOMINION,A2 Dominion,136612.06,546448.24,2,premises,0.0,False,none,,Adult Social Care,Over500_2026_P04_-_published:382,Over500_2026_P04_-_published,382,2026-07-07,Adult Social Care,Premises,Rents,A2 Dominion,A2 DOMINION,132915.22,premises
T-04,R-02,10,off_contract.csv,94,ANCHOR PIPEWORK,ANCHOR PIPEWORK LIMITED,127841.41,511365.64,36,general_procurement,0.063,False,none,,"Adult Social Care; Capital Financing and Income Investment; Children's Social Care; Community Services; Education & SEND; Environment; Finance, Property & Procurement",Over500_2026_P02_-_published:28,Over500_2026_P02_-_published,28,2026-05-13,Education & SEND,Premises,Corporate R&M,ANCHOR PIPEWORK LIMITED,ANCHOR PIPEWORK,890.6,premises
T-04,R-02,10,off_contract.csv,94,ANCHOR PIPEWORK,ANCHOR PIPEWORK LIMITED,127841.41,511365.64,36,general_procurement,0.063,False,none,,"Adult Social Care; Capital Financing and Income Investment; Children's Social Care; Community Services; Education & SEND; Environment; Finance, Property & Procurement",Over500_2026_P02_-_published:53,Over500_2026_P02_-_published,53,2026-05-14,"Finance, Property & Procurement",Premises,Corporate R&M,ANCHOR PIPEWORK LIMITED,ANCHOR PIPEWORK,622.02,premises
T-04,R-02,10,off_contract.csv,94,ANCHOR PIPEWORK,ANCHOR PIPEWORK LIMITED,127841.41,511365.64,36,general_procurement,0.063,False,none,,"Adult Social Care; Capital Financing and Income Investment; Children's Social Care; Community Services; Education & SEND; Environment; Finance, Property & Procurement",Over500_2026_P02_-_published:738,Over500_2026_P02_-_published,738,2026-05-20,"Finance, Property & Procurement",Third Party Payments,Payment to contractor,ANCHOR PIPEWORK LIMITED,ANCHOR PIPEWORK,33148.0,general_procurement
T-04,R-02,10,off_contract.csv,94,ANCHOR PIPEWORK,ANCHOR PIPEWORK LIMITED,127841.41,511365.64,36,general_procurement,0.063,False,none,,"Adult Social Care; Capital Financing and Income Investment; Children's Social Care; Community Services; Education & SEND; Environment; Finance, Property & Procurement",Over500_2026_P02_-_published:15,Over500_2026_P02_-_published,15,2026-05-28,Adult Social Care,Premises,Corporate R&M,ANCHOR PIPEWORK LIMITED,ANCHOR PIPEWORK,510.5,premises
T-04,R-02,10,off_contract.csv,94,ANCHOR PIPEWORK,ANCHOR PIPEWORK LIMITED,127841.41,511365.64,36,general_procurement,0.063,False,none,,"Adult Social Care; Capital Financing and Income Investment; Children's Social Care; Community Services; Education & SEND; Environment; Finance, Property & Procurement",Over500_2026_P02_-_published:16,Over500_2026_P02_-_published,16,2026-05-29,Adult Social Care,Premises,Corporate R&M,ANCHOR PIPEWORK LIMITED,ANCHOR PIPEWORK,579.63,premises
T-04,R-02,10,off_contract.csv,94,ANCHOR PIPEWORK,ANCHOR PIPEWORK LIMITED,127841.41,511365.64,36,general_procurement,0.063,False,none,,"Adult Social Care; Capital Financing and Income Investment; Children's Social Care; Community Services; Education & SEND; Environment; Finance, Property & Procurement",Over500_2026_P02_-_published:23,Over500_2026_P02_-_published,23,2026-05-29,Adult Social Care,Premises,Corporate R&M,ANCHOR PIPEWORK LIMITED,ANCHOR PIPEWORK,10111.05,premises
T-04,R-02,10,off_contract.csv,94,ANCHOR PIPEWORK,ANCHOR PIPEWORK LIMITED,127841.41,511365.64,36,general_procurement,0.063,False,none,,"Adult Social Care; Capital Financing and Income Investment; Children's Social Care; Community Services; Education & SEND; Environment; Finance, Property & Procurement",Over500_2026_P02_-_published:24,Over500_2026_P02_-_published,24,2026-05-29,Adult Social Care,Premises,Corporate R&M,ANCHOR PIPEWORK LIMITED,ANCHOR PIPEWORK,651.6,premises
T-04,R-02,10,off_contract.csv,94,ANCHOR PIPEWORK,ANCHOR PIPEWORK LIMITED,127841.41,511365.64,36,general_procurement,0.063,False,none,,"Adult Social Care; Capital Financing and Income Investment; Children's Social Care; Community Services; Education & SEND; Environment; Finance, Property & Procurement",Over500_2026_P02_-_published:52,Over500_2026_P02_-_published,52,2026-05-29,Environment,Premises,Corporate R&M,ANCHOR PIPEWORK LIMITED,ANCHOR PIPEWORK,633.55,premises
T-04,R-02,10,off_contract.csv,94,ANCHOR PIPEWORK,ANCHOR PIPEWORK LIMITED,127841.41,511365.64,36,general_procurement,0.063,False,none,,"Adult Social Care; Capital Financing and Income Investment; Children's Social Care; Community Services; Education & SEND; Environment; Finance, Property & Procurement",Over500_2026_P02_-_published:56,Over500_2026_P02_-_published,56,2026-05-29,"Finance, Property & Procurement",Premises,Corporate R&M,ANCHOR PIPEWORK LIMITED,ANCHOR PIPEWORK,883.98,premises
T-04,R-02,10,off_contract.csv,94,ANCHOR PIPEWORK,ANCHOR PIPEWORK LIMITED,127841.41,511365.64,36,general_procurement,0.063,False,none,,"Adult Social Care; Capital Financing and Income Investment; Children's Social Care; Community Services; Education & SEND; Environment; Finance, Property & Procurement",Over500_2026_P03_-_published:56,Over500_2026_P03_-_published,56,2026-06-02,Environment,Premises,Corporate R&M,ANCHOR PIPEWORK LIMITED,ANCHOR PIPEWORK,752.6,premises
T-04,R-02,10,off_contract.csv,94,ANCHOR PIPEWORK,ANCHOR PIPEWORK LIMITED,127841.41,511365.64,36,general_procurement,0.063,False,none,,"Adult Social Care; Capital Financing and Income Investment; Children's Social Care; Community Services; Education & SEND; Environment; Finance, Property & Procurement",Over500_2026_P03_-_published:660,Over500_2026_P03_-_published,660,2026-06-03,Adult Social Care,Third Party Payments,Payment to contractor,ANCHOR PIPEWORK LIMITED,ANCHOR PIPEWORK,8057.0,placement
T-04,R-02,10,off_contract.csv,94,ANCHOR PIPEWORK,ANCHOR PIPEWORK LIMITED,127841.41,511365.64,36,general_procurement,0.063,False,none,,"Adult Social Care; Capital Financing and Income Investment; Children's Social Care; Community Services; Education & SEND; Environment; Finance, Property & Procurement",Over500_2026_P03_-_published:63,Over500_2026_P03_-_published,63,2026-06-05,"Finance, Property & Procurement",Premises,Corporate R&M,ANCHOR PIPEWORK LIMITED,ANCHOR PIPEWORK,1363.2,premises
T-04,R-02,10,off_contract.csv,94,ANCHOR PIPEWORK,ANCHOR PIPEWORK LIMITED,127841.41,511365.64,36,general_procurement,0.063,False,none,,"Adult Social Care; Capital Financing and Income Investment; Children's Social Care; Community Services; Education & SEND; Environment; Finance, Property & Procurement",Over500_2026_P03_-_published:48,Over500_2026_P03_-_published,48,2026-06-09,Community Services,Premises,Corporate R&M,ANCHOR PIPEWORK LIMITED,ANCHOR PIPEWORK,903.68,premises
T-04,R-02,10,off_contract.csv,94,ANCHOR PIPEWORK,ANCHOR PIPEWORK LIMITED,127841.41,511365.64,36,general_procurement,0.063,False,none,,"Adult Social Care; Capital Financing and Income Investment; Children's Social Care; Community Services; Education & SEND; Environment; Finance, Property & Procurement",Over500_2026_P03_-_published:57,Over500_2026_P03_-_published,57,2026-06-10,"Finance, Property & Procurement",Premises,Corporate R&M,ANCHOR PIPEWORK LIMITED,ANCHOR PIPEWORK,546.25,premises
T-04,R-02,10,off_contract.csv,94,ANCHOR PIPEWORK,ANCHOR PIPEWORK LIMITED,127841.41,511365.64,36,general_procurement,0.063,False,none,,"Adult Social Care; Capital Financing and Income Investment; Children's Social Care; Community Services; Education & SEND; Environment; Finance, Property & Procurement",Over500_2026_P03_-_published:2406,Over500_2026_P03_-_published,2406,2026-06-18,"Finance, Property & Procurement",Third Party Payments,Payment to contractor,ANCHOR PIPEWORK LIMITED,ANCHOR PIPEWORK,33148.0,general_procurement
T-04,R-02,10,off_contract.csv,94,ANCHOR PIPEWORK,ANCHOR PIPEWORK LIMITED,127841.41,511365.64,36,general_procurement,0.063,False,none,,"Adult Social Care; Capital Financing and Income Investment; Children's Social Care; Community Services; Education & SEND; Environment; Finance, Property & Procurement",Over500_2026_P04_-_published:38,Over500_2026_P04_-_published,38,2026-07-07,Community Services,Premises,Corporate R&M,ANCHOR PIPEWORK LIMITED,ANCHOR PIPEWORK,1786.25,premises
T-04,R-02,10,off_contract.csv,94,ANCHOR PIPEWORK,ANCHOR PIPEWORK LIMITED,127841.41,511365.64,36,general_procurement,0.063,False,none,,"Adult Social Care; Capital Financing and Income Investment; Children's Social Care; Community Services; Education & SEND; Environment; Finance, Property & Procurement",Over500_2026_P04_-_published:39,Over500_2026_P04_-_published,39,2026-07-07,Adult Social Care,Premises,Corporate R&M,ANCHOR PIPEWORK LIMITED,ANCHOR PIPEWORK,1428.28,premises
T-04,R-02,10,off_contract.csv,94,ANCHOR PIPEWORK,ANCHOR PIPEWORK LIMITED,127841.41,511365.64,36,general_procurement,0.063,False,none,,"Adult Social Care; Capital Financing and Income Investment; Children's Social Care; Community Services; Education & SEND; Environment; Finance, Property & Procurement",Over500_2026_P04_-_published:85,Over500_2026_P04_-_published,85,2026-07-07,"Finance, Property & Procurement",Premises,Corporate R&M,ANCHOR PIPEWORK LIMITED,ANCHOR PIPEWORK,2122.6,premises
T-04,R-02,10,off_contract.csv,94,ANCHOR PIPEWORK,ANCHOR PIPEWORK LIMITED,127841.41,511365.64,36,general_procurement,0.063,False,none,,"Adult Social Care; Capital Financing and Income Investment; Children's Social Care; Community Services; Education & SEND; Environment; Finance, Property & Procurement",Over500_2026_P04_-_published:25,Over500_2026_P04_-_published,25,2026-07-08,Adult Social Care,Premises,Corporate R&M,ANCHOR PIPEWORK LIMITED,ANCHOR PIPEWORK,581.12,premises
T-04,R-02,10,off_contract.csv,94,ANCHOR PIPEWORK,ANCHOR PIPEWORK LIMITED,127841.41,511365.64,36,general_procurement,0.063,False,none,,"Adult Social Care; Capital Financing and Income Investment; Children's Social Care; Community Services; Education & SEND; Environment; Finance, Property & Procurement",Over500_2026_P04_-_published:33,Over500_2026_P04_-_published,33,2026-07-08,Adult Social Care,Premises,Corporate R&M,ANCHOR PIPEWORK LIMITED,ANCHOR PIPEWORK,536.8,premises
T-04,R-02,10,off_contract.csv,94,ANCHOR PIPEWORK,ANCHOR PIPEWORK LIMITED,127841.41,511365.64,36,general_procurement,0.063,False,none,,"Adult Social Care; Capital Financing and Income Investment; Children's Social Care; Community Services; Education & SEND; Environment; Finance, Property & Procurement",Over500_2026_P04_-_published:743,Over500_2026_P04_-_published,743,2026-07-09,Environment,Third Party Payments,Payment to contractor,ANCHOR PIPEWORK LIMITED,ANCHOR PIPEWORK,8304.15,general_procurement
T-04,R-02,10,off_contract.csv,94,ANCHOR PIPEWORK,ANCHOR PIPEWORK LIMITED,127841.41,511365.64,36,general_procurement,0.063,False,none,,"Adult Social Care; Capital Financing and Income Investment; Children's Social Care; Community Services; Education & SEND; Environment; Finance, Property & Procurement",Over500_2026_P04_-_published:823,Over500_2026_P04_-_published,823,2026-07-09,Environment,Third Party Payments,Payment to contractor,ANCHOR PIPEWORK LIMITED,ANCHOR PIPEWORK,4014.4,general_procurement
T-04,R-02,10,off_contract.csv,94,ANCHOR PIPEWORK,ANCHOR PIPEWORK LIMITED,127841.41,511365.64,36,general_procurement,0.063,False,none,,"Adult Social Care; Capital Financing and Income Investment; Children's Social Care; Community Services; Education & SEND; Environment; Finance, Property & Procurement",Over500_2026_P04_-_published:824,Over500_2026_P04_-_published,824,2026-07-09,Environment,Third Party Payments,Payment to contractor,ANCHOR PIPEWORK LIMITED,ANCHOR PIPEWORK,4299.52,general_procurement
T-04,R-02,10,off_contract.csv,94,ANCHOR PIPEWORK,ANCHOR PIPEWORK LIMITED,127841.41,511365.64,36,general_procurement,0.063,False,none,,"Adult Social Care; Capital Financing and Income Investment; Children's Social Care; Community Services; Education & SEND; Environment; Finance, Property & Procurement",Over500_2026_P04_-_published:30,Over500_2026_P04_-_published,30,2026-07-14,Adult Social Care,Premises,Corporate R&M,ANCHOR PIPEWORK LIMITED,ANCHOR PIPEWORK,1116.57,premises
T-04,R-02,10,off_contract.csv,94,ANCHOR PIPEWORK,ANCHOR PIPEWORK LIMITED,127841.41,511365.64,36,general_procurement,0.063,False,none,,"Adult Social Care; Capital Financing and Income Investment; Children's Social Care; Community Services; Education & SEND; Environment; Finance, Property & Procurement",Over500_2026_P04_-_published:55,Over500_2026_P04_-_published,55,2026-07-14,"Finance, Property & Procurement",Premises,Corporate R&M,ANCHOR PIPEWORK LIMITED,ANCHOR PIPEWORK,547.7,premises
T-04,R-02,10,off_contract.csv,94,ANCHOR PIPEWORK,ANCHOR PIPEWORK LIMITED,127841.41,511365.64,36,general_procurement,0.063,False,none,,"Adult Social Care; Capital Financing and Income Investment; Children's Social Care; Community Services; Education & SEND; Environment; Finance, Property & Procurement",Over500_2026_P04_-_published:366,Over500_2026_P04_-_published,366,2026-07-15,Adult Social Care,Premises,Corporate R&M,ANCHOR PIPEWORK LIMITED,ANCHOR PIPEWORK,1428.28,premises
T-04,R-02,10,off_contract.csv,94,ANCHOR PIPEWORK,ANCHOR PIPEWORK LIMITED,127841.41,511365.64,36,general_procurement,0.063,False,none,,"Adult Social Care; Capital Financing and Income Investment; Children's Social Care; Community Services; Education & SEND; Environment; Finance, Property & Procurement",Over500_2026_P04_-_published:23,Over500_2026_P04_-_published,23,2026-07-22,Adult Social Care,Premises,Corporate R&M,ANCHOR PIPEWORK LIMITED,ANCHOR PIPEWORK,785.44,premises
T-04,R-02,10,off_contract.csv,94,ANCHOR PIPEWORK,ANCHOR PIPEWORK LIMITED,127841.41,511365.64,36,general_procurement,0.063,False,none,,"Adult Social Care; Capital Financing and Income Investment; Children's Social Care; Community Services; Education & SEND; Environment; Finance, Property & Procurement",Over500_2026_P04_-_published:40,Over500_2026_P04_-_published,40,2026-07-27,Children's Social Care,Premises,Corporate R&M,ANCHOR PIPEWORK LIMITED,ANCHOR PIPEWORK,1523.54,premises
T-04,R-02,10,off_contract.csv,94,ANCHOR PIPEWORK,ANCHOR PIPEWORK LIMITED,127841.41,511365.64,36,general_procurement,0.063,False,none,,"Adult Social Care; Capital Financing and Income Investment; Children's Social Care; Community Services; Education & SEND; Environment; Finance, Property & Procurement",Over500_2026_P04_-_published:37,Over500_2026_P04_-_published,37,2026-07-28,Children's Social Care,Premises,Corporate R&M,ANCHOR PIPEWORK LIMITED,ANCHOR PIPEWORK,853.24,premises
T-04,R-02,10,off_contract.csv,94,ANCHOR PIPEWORK,ANCHOR PIPEWORK LIMITED,127841.41,511365.64,36,general_procurement,0.063,False,none,,"Adult Social Care; Capital Financing and Income Investment; Children's Social Care; Community Services; Education & SEND; Environment; Finance, Property & Procurement",Over500_2026_P04_-_published:47,Over500_2026_P04_-_published,47,2026-07-28,Community Services,Premises,Corporate R&M,ANCHOR PIPEWORK LIMITED,ANCHOR PIPEWORK,925.16,premises
T-04,R-02,10,off_contract.csv,94,ANCHOR PIPEWORK,ANCHOR PIPEWORK LIMITED,127841.41,511365.64,36,general_procurement,0.063,False,none,,"Adult Social Care; Capital Financing and Income Investment; Children's Social Care; Community Services; Education & SEND; Environment; Finance, Property & Procurement",Over500_2026_P04_-_published:63,Over500_2026_P04_-_published,63,2026-07-28,Environment,Premises,Corporate R&M,ANCHOR PIPEWORK LIMITED,ANCHOR PIPEWORK,562.65,premises
T-04,R-02,10,off_contract.csv,94,ANCHOR PIPEWORK,ANCHOR PIPEWORK LIMITED,127841.41,511365.64,36,general_procurement,0.063,False,none,,"Adult Social Care; Capital Financing and Income Investment; Children's Social Care; Community Services; Education & SEND; Environment; Finance, Property & Procurement",Over500_2026_P04_-_published:71,Over500_2026_P04_-_published,71,2026-07-28,Capital Financing and Income Investment,Premises,Corporate R&M,ANCHOR PIPEWORK LIMITED,ANCHOR PIPEWORK,692.37,premises
T-04,R-02,10,off_contract.csv,94,ANCHOR PIPEWORK,ANCHOR PIPEWORK LIMITED,127841.41,511365.64,36,general_procurement,0.063,False,none,,"Adult Social Care; Capital Financing and Income Investment; Children's Social Care; Community Services; Education & SEND; Environment; Finance, Property & Procurement",Over500_2026_P04_-_published:32,Over500_2026_P04_-_published,32,2026-07-29,Adult Social Care,Premises,Corporate R&M,ANCHOR PIPEWORK LIMITED,ANCHOR PIPEWORK,1094.31,premises
T-04,R-02,10,off_contract.csv,94,ANCHOR PIPEWORK,ANCHOR PIPEWORK LIMITED,127841.41,511365.64,36,general_procurement,0.063,False,none,,"Adult Social Care; Capital Financing and Income Investment; Children's Social Care; Community Services; Education & SEND; Environment; Finance, Property & Procurement",Over500_2026_P04_-_published:64,Over500_2026_P04_-_published,64,2026-07-29,Environment,Premises,Corporate R&M,ANCHOR PIPEWORK LIMITED,ANCHOR PIPEWORK,640.34,premises
T-04,R-02,10,off_contract.csv,94,ANCHOR PIPEWORK,ANCHOR PIPEWORK LIMITED,127841.41,511365.64,36,general_procurement,0.063,False,none,,"Adult Social Care; Capital Financing and Income Investment; Children's Social Care; Community Services; Education & SEND; Environment; Finance, Property & Procurement",Over500_2026_P04_-_published:367,Over500_2026_P04_-_published,367,2026-07-31,Community Services,Premises,Corporate R&M,ANCHOR PIPEWORK LIMITED,ANCHOR PIPEWORK,567.74,premises
T-04,R-02,10,off_contract.csv,94,ANCHOR PIPEWORK,ANCHOR PIPEWORK LIMITED,127841.41,511365.64,36,general_procurement,0.063,False,none,,"Adult Social Care; Capital Financing and Income Investment; Children's Social Care; Community Services; Education & SEND; Environment; Finance, Property & Procurement",Over500_2026_P04_-_published:378,Over500_2026_P04_-_published,378,2026-07-31,Environment,Premises,Corporate R&M,ANCHOR PIPEWORK LIMITED,ANCHOR PIPEWORK,1229.29,premises
T-04,R-02,11,off_contract.csv,100,KPMG,KPMG,119155.0,476620.0,3,general_procurement,0.0,False,none,,"Executive Director - Resources; Finance, Property & Procurement",Over500_2026_P02_-_published:655,Over500_2026_P02_-_published,655,2026-05-19,"Finance, Property & Procurement",Supplies & Services,General Expenses,KPMG,KPMG,34250.0,general_procurement
T-04,R-02,11,off_contract.csv,100,KPMG,KPMG,119155.0,476620.0,3,general_procurement,0.0,False,none,,"Executive Director - Resources; Finance, Property & Procurement",Over500_2026_P02_-_published:568,Over500_2026_P02_-_published,568,2026-05-29,Executive Director - Resources,Supplies & Services,External audit costs,KPMG,KPMG,8500.0,general_procurement
T-04,R-02,11,off_contract.csv,100,KPMG,KPMG,119155.0,476620.0,3,general_procurement,0.0,False,none,,"Executive Director - Resources; Finance, Property & Procurement",Over500_2026_P03_-_published:479,Over500_2026_P03_-_published,479,2026-06-29,Executive Director - Resources,Supplies & Services,External audit costs,KPMG,KPMG,76405.0,general_procurement
T-04,R-02,12,off_contract.csv,110,SCOTTISH AND SOUTHERN,SCOTTISH & SOUTHERN,110760.98,443043.92,2,general_procurement,0.0858,False,none,,Education & SEND; Environment,Over500_2026_P03_-_published:730,Over500_2026_P03_-_published,730,2026-06-23,Environment,Third Party Payments,Payment to contractor,SCOTTISH & SOUTHERN,SCOTTISH AND SOUTHERN,101258.24,general_procurement
T-04,R-02,12,off_contract.csv,110,SCOTTISH AND SOUTHERN,SCOTTISH & SOUTHERN,110760.98,443043.92,2,general_procurement,0.0858,False,none,,Education & SEND; Environment,Over500_2026_P04_-_published:1282,Over500_2026_P04_-_published,1282,2026-07-03,Education & SEND,Third Party Payments,Payment to contractor,SCOTTISH & SOUTHERN,SCOTTISH AND SOUTHERN,9502.74,placement
T-04,R-02,13,off_contract.csv,111,EDUCATION SOFTWARE SOLUTIONS,Education Software Solutions Limited,110330.35,441321.4,2,general_procurement,0.0,False,none,,"Transformation, Customer & ICT",Over500_2026_P02_-_published:478,Over500_2026_P02_-_published,478,2026-05-20,"Transformation, Customer & ICT",Supplies & Services,IT,Education Software Solutions Limited,EDUCATION SOFTWARE SOLUTIONS,95536.35,general_procurement
T-04,R-02,13,off_contract.csv,111,EDUCATION SOFTWARE SOLUTIONS,Education Software Solutions Limited,110330.35,441321.4,2,general_procurement,0.0,False,none,,"Transformation, Customer & ICT",Over500_2026_P02_-_published:479,Over500_2026_P02_-_published,479,2026-05-20,"Transformation, Customer & ICT",Supplies & Services,IT,Education Software Solutions Limited,EDUCATION SOFTWARE SOLUTIONS,14794.0,general_procurement
T-04,R-02,14,off_contract.csv,114,CONTINENTAL LANDSCAPES,Continental Landscapes Ltd,108423.39,433693.56,8,premises,0.0,False,none,,Environment,Over500_2026_P02_-_published:177,Over500_2026_P02_-_published,177,2026-05-21,Environment,Premises,Grounds Maintenance,Continental Landscapes Ltd,CONTINENTAL LANDSCAPES,2618.98,premises
T-04,R-02,14,off_contract.csv,114,CONTINENTAL LANDSCAPES,Continental Landscapes Ltd,108423.39,433693.56,8,premises,0.0,False,none,,Environment,Over500_2026_P02_-_published:178,Over500_2026_P02_-_published,178,2026-05-27,Environment,Premises,Grounds Maintenance,Continental Landscapes Ltd,CONTINENTAL LANDSCAPES,67604.74,premises
T-04,R-02,14,off_contract.csv,114,CONTINENTAL LANDSCAPES,Continental Landscapes Ltd,108423.39,433693.56,8,premises,0.0,False,none,,Environment,Over500_2026_P02_-_published:179,Over500_2026_P02_-_published,179,2026-05-27,Environment,Premises,Grounds Maintenance,Continental Landscapes Ltd,CONTINENTAL LANDSCAPES,5223.2,premises
T-04,R-02,14,off_contract.csv,114,CONTINENTAL LANDSCAPES,Continental Landscapes Ltd,108423.39,433693.56,8,premises,0.0,False,none,,Environment,Over500_2026_P02_-_published:180,Over500_2026_P02_-_published,180,2026-05-27,Environment,Premises,Grounds Maintenance,Continental Landscapes Ltd,CONTINENTAL LANDSCAPES,12396.75,premises
T-04,R-02,14,off_contract.csv,114,CONTINENTAL LANDSCAPES,Continental Landscapes Ltd,108423.39,433693.56,8,premises,0.0,False,none,,Environment,Over500_2026_P02_-_published:181,Over500_2026_P02_-_published,181,2026-05-27,Environment,Premises,Grounds Maintenance,Continental Landscapes Ltd,CONTINENTAL LANDSCAPES,667.06,premises
T-04,R-02,14,off_contract.csv,114,CONTINENTAL LANDSCAPES,Continental Landscapes Ltd,108423.39,433693.56,8,premises,0.0,False,none,,Environment,Over500_2026_P02_-_published:182,Over500_2026_P02_-_published,182,2026-05-27,Environment,Premises,Grounds Maintenance,Continental Landscapes Ltd,CONTINENTAL LANDSCAPES,5305.12,premises
T-04,R-02,14,off_contract.csv,114,CONTINENTAL LANDSCAPES,Continental Landscapes Ltd,108423.39,433693.56,8,premises,0.0,False,none,,Environment,Over500_2026_P02_-_published:183,Over500_2026_P02_-_published,183,2026-05-27,Environment,Premises,Grounds Maintenance,Continental Landscapes Ltd,CONTINENTAL LANDSCAPES,2169.59,premises
T-04,R-02,14,off_contract.csv,114,CONTINENTAL LANDSCAPES,Continental Landscapes Ltd,108423.39,433693.56,8,premises,0.0,False,none,,Environment,Over500_2026_P02_-_published:198,Over500_2026_P02_-_published,198,2026-05-27,Environment,Premises,Grounds Maintenance,Continental Landscapes Ltd,CONTINENTAL LANDSCAPES,12437.95,premises
T-04,R-02,15,off_contract.csv,117,KB REAL ESTATE MANAGEMENT,KB Real Estate Management Ltd,105375.0,421500.0,67,premises,0.0,False,none,,Development & Housing,Over500_2026_P02_-_published:117,Over500_2026_P02_-_published,117,2026-05-19,Development & Housing,Premises,Rents,KB Real Estate Management Ltd,KB REAL ESTATE MANAGEMENT,1350.0,premises
T-04,R-02,15,off_contract.csv,117,KB REAL ESTATE MANAGEMENT,KB Real Estate Management Ltd,105375.0,421500.0,67,premises,0.0,False,none,,Development & Housing,Over500_2026_P02_-_published:118,Over500_2026_P02_-_published,118,2026-05-20,Development & Housing,Premises,Rents,KB Real Estate Management Ltd,KB REAL ESTATE MANAGEMENT,1350.0,premises
T-04,R-02,15,off_contract.csv,117,KB REAL ESTATE MANAGEMENT,KB Real Estate Management Ltd,105375.0,421500.0,67,premises,0.0,False,none,,Development & Housing,Over500_2026_P02_-_published:119,Over500_2026_P02_-_published,119,2026-05-20,Development & Housing,Premises,Rents,KB Real Estate Management Ltd,KB REAL ESTATE MANAGEMENT,1350.0,premises
T-04,R-02,15,off_contract.csv,117,KB REAL ESTATE MANAGEMENT,KB Real Estate Management Ltd,105375.0,421500.0,67,premises,0.0,False,none,,Development & Housing,Over500_2026_P02_-_published:120,Over500_2026_P02_-_published,120,2026-05-20,Development & Housing,Premises,Rents,KB Real Estate Management Ltd,KB REAL ESTATE MANAGEMENT,1350.0,premises
T-04,R-02,15,off_contract.csv,117,KB REAL ESTATE MANAGEMENT,KB Real Estate Management Ltd,105375.0,421500.0,67,premises,0.0,False,none,,Development & Housing,Over500_2026_P02_-_published:121,Over500_2026_P02_-_published,121,2026-05-20,Development & Housing,Premises,Rents,KB Real Estate Management Ltd,KB REAL ESTATE MANAGEMENT,1350.0,premises
T-04,R-02,15,off_contract.csv,117,KB REAL ESTATE MANAGEMENT,KB Real Estate Management Ltd,105375.0,421500.0,67,premises,0.0,False,none,,Development & Housing,Over500_2026_P02_-_published:122,Over500_2026_P02_-_published,122,2026-05-20,Development & Housing,Premises,Rents,KB Real Estate Management Ltd,KB REAL ESTATE MANAGEMENT,1430.0,premises
T-04,R-02,15,off_contract.csv,117,KB REAL ESTATE MANAGEMENT,KB Real Estate Management Ltd,105375.0,421500.0,67,premises,0.0,False,none,,Development & Housing,Over500_2026_P02_-_published:123,Over500_2026_P02_-_published,123,2026-05-20,Development & Housing,Premises,Rents,KB Real Estate Management Ltd,KB REAL ESTATE MANAGEMENT,810.0,premises
T-04,R-02,15,off_contract.csv,117,KB REAL ESTATE MANAGEMENT,KB Real Estate Management Ltd,105375.0,421500.0,67,premises,0.0,False,none,,Development & Housing,Over500_2026_P02_-_published:124,Over500_2026_P02_-_published,124,2026-05-21,Development & Housing,Premises,Rents,KB Real Estate Management Ltd,KB REAL ESTATE MANAGEMENT,540.0,premises
T-04,R-02,15,off_contract.csv,117,KB REAL ESTATE MANAGEMENT,KB Real Estate Management Ltd,105375.0,421500.0,67,premises,0.0,False,none,,Development & Housing,Over500_2026_P02_-_published:125,Over500_2026_P02_-_published,125,2026-05-21,Development & Housing,Premises,Rents,KB Real Estate Management Ltd,KB REAL ESTATE MANAGEMENT,1800.0,premises
T-04,R-02,15,off_contract.csv,117,KB REAL ESTATE MANAGEMENT,KB Real Estate Management Ltd,105375.0,421500.0,67,premises,0.0,False,none,,Development & Housing,Over500_2026_P02_-_published:126,Over500_2026_P02_-_published,126,2026-05-21,Development & Housing,Premises,Rents,KB Real Estate Management Ltd,KB REAL ESTATE MANAGEMENT,1350.0,premises
T-04,R-02,15,off_contract.csv,117,KB REAL ESTATE MANAGEMENT,KB Real Estate Management Ltd,105375.0,421500.0,67,premises,0.0,False,none,,Development & Housing,Over500_2026_P02_-_published:127,Over500_2026_P02_-_published,127,2026-05-21,Development & Housing,Premises,Rents,KB Real Estate Management Ltd,KB REAL ESTATE MANAGEMENT,1350.0,premises
T-04,R-02,15,off_contract.csv,117,KB REAL ESTATE MANAGEMENT,KB Real Estate Management Ltd,105375.0,421500.0,67,premises,0.0,False,none,,Development & Housing,Over500_2026_P02_-_published:128,Over500_2026_P02_-_published,128,2026-05-21,Development & Housing,Premises,Rents,KB Real Estate Management Ltd,KB REAL ESTATE MANAGEMENT,2850.0,premises
T-04,R-02,15,off_contract.csv,117,KB REAL ESTATE MANAGEMENT,KB Real Estate Management Ltd,105375.0,421500.0,67,premises,0.0,False,none,,Development & Housing,Over500_2026_P02_-_published:129,Over500_2026_P02_-_published,129,2026-05-21,Development & Housing,Premises,Rents,KB Real Estate Management Ltd,KB REAL ESTATE MANAGEMENT,1800.0,premises
T-04,R-02,15,off_contract.csv,117,KB REAL ESTATE MANAGEMENT,KB Real Estate Management Ltd,105375.0,421500.0,67,premises,0.0,False,none,,Development & Housing,Over500_2026_P02_-_published:130,Over500_2026_P02_-_published,130,2026-05-21,Development & Housing,Premises,Rents,KB Real Estate Management Ltd,KB REAL ESTATE MANAGEMENT,1350.0,premises
T-04,R-02,15,off_contract.csv,117,KB REAL ESTATE MANAGEMENT,KB Real Estate Management Ltd,105375.0,421500.0,67,premises,0.0,False,none,,Development & Housing,Over500_2026_P02_-_published:131,Over500_2026_P02_-_published,131,2026-05-21,Development & Housing,Premises,Rents,KB Real Estate Management Ltd,KB REAL ESTATE MANAGEMENT,1235.0,premises
T-04,R-02,15,off_contract.csv,117,KB REAL ESTATE MANAGEMENT,KB Real Estate Management Ltd,105375.0,421500.0,67,premises,0.0,False,none,,Development & Housing,Over500_2026_P02_-_published:132,Over500_2026_P02_-_published,132,2026-05-21,Development & Housing,Premises,Rents,KB Real Estate Management Ltd,KB REAL ESTATE MANAGEMENT,1615.0,premises
T-04,R-02,15,off_contract.csv,117,KB REAL ESTATE MANAGEMENT,KB Real Estate Management Ltd,105375.0,421500.0,67,premises,0.0,False,none,,Development & Housing,Over500_2026_P02_-_published:133,Over500_2026_P02_-_published,133,2026-05-21,Development & Housing,Premises,Rents,KB Real Estate Management Ltd,KB REAL ESTATE MANAGEMENT,2100.0,premises
T-04,R-02,15,off_contract.csv,117,KB REAL ESTATE MANAGEMENT,KB Real Estate Management Ltd,105375.0,421500.0,67,premises,0.0,False,none,,Development & Housing,Over500_2026_P02_-_published:134,Over500_2026_P02_-_published,134,2026-05-21,Development & Housing,Premises,Rents,KB Real Estate Management Ltd,KB REAL ESTATE MANAGEMENT,1800.0,premises
T-04,R-02,15,off_contract.csv,117,KB REAL ESTATE MANAGEMENT,KB Real Estate Management Ltd,105375.0,421500.0,67,premises,0.0,False,none,,Development & Housing,Over500_2026_P02_-_published:135,Over500_2026_P02_-_published,135,2026-05-21,Development & Housing,Premises,Rents,KB Real Estate Management Ltd,KB REAL ESTATE MANAGEMENT,1800.0,premises
T-04,R-02,15,off_contract.csv,117,KB REAL ESTATE MANAGEMENT,KB Real Estate Management Ltd,105375.0,421500.0,67,premises,0.0,False,none,,Development & Housing,Over500_2026_P02_-_published:136,Over500_2026_P02_-_published,136,2026-05-21,Development & Housing,Premises,Rents,KB Real Estate Management Ltd,KB REAL ESTATE MANAGEMENT,1800.0,premises
T-04,R-02,15,off_contract.csv,117,KB REAL ESTATE MANAGEMENT,KB Real Estate Management Ltd,105375.0,421500.0,67,premises,0.0,False,none,,Development & Housing,Over500_2026_P02_-_published:139,Over500_2026_P02_-_published,139,2026-05-22,Development & Housing,Premises,Rents,KB Real Estate Management Ltd,KB REAL ESTATE MANAGEMENT,1350.0,premises
T-04,R-02,15,off_contract.csv,117,KB REAL ESTATE MANAGEMENT,KB Real Estate Management Ltd,105375.0,421500.0,67,premises,0.0,False,none,,Development & Housing,Over500_2026_P02_-_published:140,Over500_2026_P02_-_published,140,2026-05-22,Development & Housing,Premises,Rents,KB Real Estate Management Ltd,KB REAL ESTATE MANAGEMENT,1800.0,premises
T-04,R-02,15,off_contract.csv,117,KB REAL ESTATE MANAGEMENT,KB Real Estate Management Ltd,105375.0,421500.0,67,premises,0.0,False,none,,Development & Housing,Over500_2026_P03_-_published:106,Over500_2026_P03_-_published,106,2026-06-10,Development & Housing,Premises,Rents,KB Real Estate Management Ltd,KB REAL ESTATE MANAGEMENT,1705.0,premises
T-04,R-02,15,off_contract.csv,117,KB REAL ESTATE MANAGEMENT,KB Real Estate Management Ltd,105375.0,421500.0,67,premises,0.0,False,none,,Development & Housing,Over500_2026_P03_-_published:107,Over500_2026_P03_-_published,107,2026-06-10,Development & Housing,Premises,Rents,KB Real Estate Management Ltd,KB REAL ESTATE MANAGEMENT,1395.0,premises
T-04,R-02,15,off_contract.csv,117,KB REAL ESTATE MANAGEMENT,KB Real Estate Management Ltd,105375.0,421500.0,67,premises,0.0,False,none,,Development & Housing,Over500_2026_P03_-_published:122,Over500_2026_P03_-_published,122,2026-06-10,Development & Housing,Premises,Rents,KB Real Estate Management Ltd,KB REAL ESTATE MANAGEMENT,1395.0,premises
T-04,R-02,15,off_contract.csv,117,KB REAL ESTATE MANAGEMENT,KB Real Estate Management Ltd,105375.0,421500.0,67,premises,0.0,False,none,,Development & Housing,Over500_2026_P03_-_published:123,Over500_2026_P03_-_published,123,2026-06-10,Development & Housing,Premises,Rents,KB Real Estate Management Ltd,KB REAL ESTATE MANAGEMENT,1395.0,premises
T-04,R-02,15,off_contract.csv,117,KB REAL ESTATE MANAGEMENT,KB Real Estate Management Ltd,105375.0,421500.0,67,premises,0.0,False,none,,Development & Housing,Over500_2026_P03_-_published:124,Over500_2026_P03_-_published,124,2026-06-10,Development & Housing,Premises,Rents,KB Real Estate Management Ltd,KB REAL ESTATE MANAGEMENT,1395.0,premises
T-04,R-02,15,off_contract.csv,117,KB REAL ESTATE MANAGEMENT,KB Real Estate Management Ltd,105375.0,421500.0,67,premises,0.0,False,none,,Development & Housing,Over500_2026_P03_-_published:296,Over500_2026_P03_-_published,296,2026-06-10,Development & Housing,Premises,Rents,KB Real Estate Management Ltd,KB REAL ESTATE MANAGEMENT,1395.0,premises
T-04,R-02,15,off_contract.csv,117,KB REAL ESTATE MANAGEMENT,KB Real Estate Management Ltd,105375.0,421500.0,67,premises,0.0,False,none,,Development & Housing,Over500_2026_P03_-_published:90,Over500_2026_P03_-_published,90,2026-06-10,Development & Housing,Premises,Rents,KB Real Estate Management Ltd,KB REAL ESTATE MANAGEMENT,1395.0,premises
T-04,R-02,15,off_contract.csv,117,KB REAL ESTATE MANAGEMENT,KB Real Estate Management Ltd,105375.0,421500.0,67,premises,0.0,False,none,,Development & Housing,Over500_2026_P03_-_published:91,Over500_2026_P03_-_published,91,2026-06-10,Development & Housing,Premises,Rents,KB Real Estate Management Ltd,KB REAL ESTATE MANAGEMENT,1395.0,premises
T-04,R-02,15,off_contract.csv,117,KB REAL ESTATE MANAGEMENT,KB Real Estate Management Ltd,105375.0,421500.0,67,premises,0.0,False,none,,Development & Housing,Over500_2026_P03_-_published:108,Over500_2026_P03_-_published,108,2026-06-12,Development & Housing,Premises,Rents,KB Real Estate Management Ltd,KB REAL ESTATE MANAGEMENT,1215.0,premises
T-04,R-02,15,off_contract.csv,117,KB REAL ESTATE MANAGEMENT,KB Real Estate Management Ltd,105375.0,421500.0,67,premises,0.0,False,none,,Development & Housing,Over500_2026_P03_-_published:109,Over500_2026_P03_-_published,109,2026-06-16,Development & Housing,Premises,Rents,KB Real Estate Management Ltd,KB REAL ESTATE MANAGEMENT,1860.0,premises
T-04,R-02,15,off_contract.csv,117,KB REAL ESTATE MANAGEMENT,KB Real Estate Management Ltd,105375.0,421500.0,67,premises,0.0,False,none,,Development & Housing,Over500_2026_P03_-_published:110,Over500_2026_P03_-_published,110,2026-06-16,Development & Housing,Premises,Rents,KB Real Estate Management Ltd,KB REAL ESTATE MANAGEMENT,2945.0,premises
T-04,R-02,15,off_contract.csv,117,KB REAL ESTATE MANAGEMENT,KB Real Estate Management Ltd,105375.0,421500.0,67,premises,0.0,False,none,,Development & Housing,Over500_2026_P03_-_published:111,Over500_2026_P03_-_published,111,2026-06-16,Development & Housing,Premises,Rents,KB Real Estate Management Ltd,KB REAL ESTATE MANAGEMENT,1395.0,premises
T-04,R-02,15,off_contract.csv,117,KB REAL ESTATE MANAGEMENT,KB Real Estate Management Ltd,105375.0,421500.0,67,premises,0.0,False,none,,Development & Housing,Over500_2026_P03_-_published:112,Over500_2026_P03_-_published,112,2026-06-16,Development & Housing,Premises,Rents,KB Real Estate Management Ltd,KB REAL ESTATE MANAGEMENT,585.0,premises
T-04,R-02,15,off_contract.csv,117,KB REAL ESTATE MANAGEMENT,KB Real Estate Management Ltd,105375.0,421500.0,67,premises,0.0,False,none,,Development & Housing,Over500_2026_P03_-_published:113,Over500_2026_P03_-_published,113,2026-06-16,Development & Housing,Premises,Rents,KB Real Estate Management Ltd,KB REAL ESTATE MANAGEMENT,1860.0,premises
T-04,R-02,15,off_contract.csv,117,KB REAL ESTATE MANAGEMENT,KB Real Estate Management Ltd,105375.0,421500.0,67,premises,0.0,False,none,,Development & Housing,Over500_2026_P03_-_published:114,Over500_2026_P03_-_published,114,2026-06-16,Development & Housing,Premises,Rents,KB Real Estate Management Ltd,KB REAL ESTATE MANAGEMENT,2375.0,premises
T-04,R-02,15,off_contract.csv,117,KB REAL ESTATE MANAGEMENT,KB Real Estate Management Ltd,105375.0,421500.0,67,premises,0.0,False,none,,Development & Housing,Over500_2026_P03_-_published:115,Over500_2026_P03_-_published,115,2026-06-16,Development & Housing,Premises,Rents,KB Real Estate Management Ltd,KB REAL ESTATE MANAGEMENT,1485.0,premises
T-04,R-02,15,off_contract.csv,117,KB REAL ESTATE MANAGEMENT,KB Real Estate Management Ltd,105375.0,421500.0,67,premises,0.0,False,none,,Development & Housing,Over500_2026_P03_-_published:125,Over500_2026_P03_-_published,125,2026-06-16,Development & Housing,Premises,Rents,KB Real Estate Management Ltd,KB REAL ESTATE MANAGEMENT,2170.0,premises
T-04,R-02,15,off_contract.csv,117,KB REAL ESTATE MANAGEMENT,KB Real Estate Management Ltd,105375.0,421500.0,67,premises,0.0,False,none,,Development & Housing,Over500_2026_P03_-_published:126,Over500_2026_P03_-_published,126,2026-06-16,Development & Housing,Premises,Rents,KB Real Estate Management Ltd,KB REAL ESTATE MANAGEMENT,810.0,premises
T-04,R-02,15,off_contract.csv,117,KB REAL ESTATE MANAGEMENT,KB Real Estate Management Ltd,105375.0,421500.0,67,premises,0.0,False,none,,Development & Housing,Over500_2026_P03_-_published:127,Over500_2026_P03_-_published,127,2026-06-16,Development & Housing,Premises,Rents,KB Real Estate Management Ltd,KB REAL ESTATE MANAGEMENT,1860.0,premises
T-04,R-02,15,off_contract.csv,117,KB REAL ESTATE MANAGEMENT,KB Real Estate Management Ltd,105375.0,421500.0,67,premises,0.0,False,none,,Development & Housing,Over500_2026_P03_-_published:298,Over500_2026_P03_-_published,298,2026-06-16,Development & Housing,Premises,Rents,KB Real Estate Management Ltd,KB REAL ESTATE MANAGEMENT,1860.0,premises
T-04,R-02,15,off_contract.csv,117,KB REAL ESTATE MANAGEMENT,KB Real Estate Management Ltd,105375.0,421500.0,67,premises,0.0,False,none,,Development & Housing,Over500_2026_P03_-_published:299,Over500_2026_P03_-_published,299,2026-06-16,Development & Housing,Premises,Rents,KB Real Estate Management Ltd,KB REAL ESTATE MANAGEMENT,570.0,premises
T-04,R-02,15,off_contract.csv,117,KB REAL ESTATE MANAGEMENT,KB Real Estate Management Ltd,105375.0,421500.0,67,premises,0.0,False,none,,Development & Housing,Over500_2026_P03_-_published:300,Over500_2026_P03_-_published,300,2026-06-16,Development & Housing,Premises,Rents,KB Real Estate Management Ltd,KB REAL ESTATE MANAGEMENT,1395.0,premises
T-04,R-02,15,off_contract.csv,117,KB REAL ESTATE MANAGEMENT,KB Real Estate Management Ltd,105375.0,421500.0,67,premises,0.0,False,none,,Development & Housing,Over500_2026_P03_-_published:301,Over500_2026_P03_-_published,301,2026-06-16,Development & Housing,Premises,Rents,KB Real Estate Management Ltd,KB REAL ESTATE MANAGEMENT,1860.0,premises
T-04,R-02,15,off_contract.csv,117,KB REAL ESTATE MANAGEMENT,KB Real Estate Management Ltd,105375.0,421500.0,67,premises,0.0,False,none,,Development & Housing,Over500_2026_P03_-_published:92,Over500_2026_P03_-_published,92,2026-06-17,Development & Housing,Premises,Rents,KB Real Estate Management Ltd,KB REAL ESTATE MANAGEMENT,1860.0,premises
T-04,R-02,15,off_contract.csv,117,KB REAL ESTATE MANAGEMENT,KB Real Estate Management Ltd,105375.0,421500.0,67,premises,0.0,False,none,,Development & Housing,Over500_2026_P04_-_published:110,Over500_2026_P04_-_published,110,2026-07-22,Development & Housing,Premises,Rents,KB Real Estate Management Ltd,KB REAL ESTATE MANAGEMENT,1450.0,premises
T-04,R-02,15,off_contract.csv,117,KB REAL ESTATE MANAGEMENT,KB Real Estate Management Ltd,105375.0,421500.0,67,premises,0.0,False,none,,Development & Housing,Over500_2026_P04_-_published:111,Over500_2026_P04_-_published,111,2026-07-22,Development & Housing,Premises,Rents,KB Real Estate Management Ltd,KB REAL ESTATE MANAGEMENT,1350.0,premises
T-04,R-02,15,off_contract.csv,117,KB REAL ESTATE MANAGEMENT,KB Real Estate Management Ltd,105375.0,421500.0,67,premises,0.0,False,none,,Development & Housing,Over500_2026_P04_-_published:112,Over500_2026_P04_-_published,112,2026-07-22,Development & Housing,Premises,Rents,KB Real Estate Management Ltd,KB REAL ESTATE MANAGEMENT,1170.0,premises
T-04,R-02,15,off_contract.csv,117,KB REAL ESTATE MANAGEMENT,KB Real Estate Management Ltd,105375.0,421500.0,67,premises,0.0,False,none,,Development & Housing,Over500_2026_P04_-_published:119,Over500_2026_P04_-_published,119,2026-07-22,Development & Housing,Premises,Rents,KB Real Estate Management Ltd,KB REAL ESTATE MANAGEMENT,1350.0,premises
T-04,R-02,15,off_contract.csv,117,KB REAL ESTATE MANAGEMENT,KB Real Estate Management Ltd,105375.0,421500.0,67,premises,0.0,False,none,,Development & Housing,Over500_2026_P04_-_published:390,Over500_2026_P04_-_published,390,2026-07-22,Development & Housing,Premises,Rents,KB Real Estate Management Ltd,KB REAL ESTATE MANAGEMENT,990.0,premises
T-04,R-02,15,off_contract.csv,117,KB REAL ESTATE MANAGEMENT,KB Real Estate Management Ltd,105375.0,421500.0,67,premises,0.0,False,none,,Development & Housing,Over500_2026_P04_-_published:391,Over500_2026_P04_-_published,391,2026-07-22,Development & Housing,Premises,Rents,KB Real Estate Management Ltd,KB REAL ESTATE MANAGEMENT,1350.0,premises
T-04,R-02,15,off_contract.csv,117,KB REAL ESTATE MANAGEMENT,KB Real Estate Management Ltd,105375.0,421500.0,67,premises,0.0,False,none,,Development & Housing,Over500_2026_P04_-_published:95,Over500_2026_P04_-_published,95,2026-07-22,Development & Housing,Premises,Rents,KB Real Estate Management Ltd,KB REAL ESTATE MANAGEMENT,1350.0,premises
T-04,R-02,15,off_contract.csv,117,KB REAL ESTATE MANAGEMENT,KB Real Estate Management Ltd,105375.0,421500.0,67,premises,0.0,False,none,,Development & Housing,Over500_2026_P04_-_published:96,Over500_2026_P04_-_published,96,2026-07-22,Development & Housing,Premises,Rents,KB Real Estate Management Ltd,KB REAL ESTATE MANAGEMENT,1800.0,premises
T-04,R-02,15,off_contract.csv,117,KB REAL ESTATE MANAGEMENT,KB Real Estate Management Ltd,105375.0,421500.0,67,premises,0.0,False,none,,Development & Housing,Over500_2026_P04_-_published:97,Over500_2026_P04_-_published,97,2026-07-22,Development & Housing,Premises,Rents,KB Real Estate Management Ltd,KB REAL ESTATE MANAGEMENT,1350.0,premises
T-04,R-02,15,off_contract.csv,117,KB REAL ESTATE MANAGEMENT,KB Real Estate Management Ltd,105375.0,421500.0,67,premises,0.0,False,none,,Development & Housing,Over500_2026_P04_-_published:100,Over500_2026_P04_-_published,100,2026-07-23,Development & Housing,Premises,Rents,KB Real Estate Management Ltd,KB REAL ESTATE MANAGEMENT,1350.0,premises
T-04,R-02,15,off_contract.csv,117,KB REAL ESTATE MANAGEMENT,KB Real Estate Management Ltd,105375.0,421500.0,67,premises,0.0,False,none,,Development & Housing,Over500_2026_P04_-_published:101,Over500_2026_P04_-_published,101,2026-07-23,Development & Housing,Premises,Rents,KB Real Estate Management Ltd,KB REAL ESTATE MANAGEMENT,1800.0,premises
T-04,R-02,15,off_contract.csv,117,KB REAL ESTATE MANAGEMENT,KB Real Estate Management Ltd,105375.0,421500.0,67,premises,0.0,False,none,,Development & Housing,Over500_2026_P04_-_published:113,Over500_2026_P04_-_published,113,2026-07-23,Development & Housing,Premises,Rents,KB Real Estate Management Ltd,KB REAL ESTATE MANAGEMENT,2850.0,premises
T-04,R-02,15,off_contract.csv,117,KB REAL ESTATE MANAGEMENT,KB Real Estate Management Ltd,105375.0,421500.0,67,premises,0.0,False,none,,Development & Housing,Over500_2026_P04_-_published:114,Over500_2026_P04_-_published,114,2026-07-23,Development & Housing,Premises,Rents,KB Real Estate Management Ltd,KB REAL ESTATE MANAGEMENT,2100.0,premises
T-04,R-02,15,off_contract.csv,117,KB REAL ESTATE MANAGEMENT,KB Real Estate Management Ltd,105375.0,421500.0,67,premises,0.0,False,none,,Development & Housing,Over500_2026_P04_-_published:120,Over500_2026_P04_-_published,120,2026-07-23,Development & Housing,Premises,Rents,KB Real Estate Management Ltd,KB REAL ESTATE MANAGEMENT,1800.0,premises
T-04,R-02,15,off_contract.csv,117,KB REAL ESTATE MANAGEMENT,KB Real Estate Management Ltd,105375.0,421500.0,67,premises,0.0,False,none,,Development & Housing,Over500_2026_P04_-_published:121,Over500_2026_P04_-_published,121,2026-07-23,Development & Housing,Premises,Rents,KB Real Estate Management Ltd,KB REAL ESTATE MANAGEMENT,1350.0,premises
T-04,R-02,15,off_contract.csv,117,KB REAL ESTATE MANAGEMENT,KB Real Estate Management Ltd,105375.0,421500.0,67,premises,0.0,False,none,,Development & Housing,Over500_2026_P04_-_published:122,Over500_2026_P04_-_published,122,2026-07-23,Development & Housing,Premises,Rents,KB Real Estate Management Ltd,KB REAL ESTATE MANAGEMENT,1800.0,premises
T-04,R-02,15,off_contract.csv,117,KB REAL ESTATE MANAGEMENT,KB Real Estate Management Ltd,105375.0,421500.0,67,premises,0.0,False,none,,Development & Housing,Over500_2026_P04_-_published:123,Over500_2026_P04_-_published,123,2026-07-23,Development & Housing,Premises,Rents,KB Real Estate Management Ltd,KB REAL ESTATE MANAGEMENT,1800.0,premises
T-04,R-02,15,off_contract.csv,117,KB REAL ESTATE MANAGEMENT,KB Real Estate Management Ltd,105375.0,421500.0,67,premises,0.0,False,none,,Development & Housing,Over500_2026_P04_-_published:392,Over500_2026_P04_-_published,392,2026-07-23,Development & Housing,Premises,Rents,KB Real Estate Management Ltd,KB REAL ESTATE MANAGEMENT,1260.0,premises
T-04,R-02,15,off_contract.csv,117,KB REAL ESTATE MANAGEMENT,KB Real Estate Management Ltd,105375.0,421500.0,67,premises,0.0,False,none,,Development & Housing,Over500_2026_P04_-_published:393,Over500_2026_P04_-_published,393,2026-07-23,Development & Housing,Premises,Rents,KB Real Estate Management Ltd,KB REAL ESTATE MANAGEMENT,1350.0,premises
T-04,R-02,15,off_contract.csv,117,KB REAL ESTATE MANAGEMENT,KB Real Estate Management Ltd,105375.0,421500.0,67,premises,0.0,False,none,,Development & Housing,Over500_2026_P04_-_published:98,Over500_2026_P04_-_published,98,2026-07-23,Development & Housing,Premises,Rents,KB Real Estate Management Ltd,KB REAL ESTATE MANAGEMENT,2850.0,premises
T-04,R-02,15,off_contract.csv,117,KB REAL ESTATE MANAGEMENT,KB Real Estate Management Ltd,105375.0,421500.0,67,premises,0.0,False,none,,Development & Housing,Over500_2026_P04_-_published:99,Over500_2026_P04_-_published,99,2026-07-23,Development & Housing,Premises,Rents,KB Real Estate Management Ltd,KB REAL ESTATE MANAGEMENT,1800.0,premises
