test_id,risk_id,item,source_file,source_line,item_supplier_norm,item_published_names,item_window_gbp,item_annualised_gbp,item_payments,item_main_tag,item_placement_share,item_mainly_placement,item_notice_match,item_candidates,item_services,row_id,month_file,excel_row,date,Service,Expenditure category,Narrative,Supplier name,supplier_norm,Net amount,tag
T-09,R-06,1,off_contract.csv,5,BUPA CARE SERVICES,BUPA Care Services,1874166.5,7496666.0,370,placement,1.0,True,none,,Adult Social Care,Over500_2026_P02_-_published:1509,Over500_2026_P02_-_published,1509,2026-05-06,Adult Social Care,Third Party Payments,Private Contractors,BUPA Care Services,BUPA CARE SERVICES,1680.0,placement
T-09,R-06,1,off_contract.csv,5,BUPA CARE SERVICES,BUPA Care Services,1874166.5,7496666.0,370,placement,1.0,True,none,,Adult Social Care,Over500_2026_P02_-_published:1034,Over500_2026_P02_-_published,1034,2026-05-13,Adult Social Care,Third Party Payments,Private Contractors,BUPA Care Services,BUPA CARE SERVICES,5148.43,placement
T-09,R-06,1,off_contract.csv,5,BUPA CARE SERVICES,BUPA Care Services,1874166.5,7496666.0,370,placement,1.0,True,none,,Adult Social Care,Over500_2026_P02_-_published:1035,Over500_2026_P02_-_published,1035,2026-05-13,Adult Social Care,Third Party Payments,Private Contractors,BUPA Care Services,BUPA CARE SERVICES,5080.18,placement
T-09,R-06,1,off_contract.csv,5,BUPA CARE SERVICES,BUPA Care Services,1874166.5,7496666.0,370,placement,1.0,True,none,,Adult Social Care,Over500_2026_P02_-_published:1036,Over500_2026_P02_-_published,1036,2026-05-13,Adult Social Care,Third Party Payments,Private Contractors,BUPA Care Services,BUPA CARE SERVICES,5114.74,placement
T-09,R-06,1,off_contract.csv,5,BUPA CARE SERVICES,BUPA Care Services,1874166.5,7496666.0,370,placement,1.0,True,none,,Adult Social Care,Over500_2026_P02_-_published:1037,Over500_2026_P02_-_published,1037,2026-05-13,Adult Social Care,Third Party Payments,Private Contractors,BUPA Care Services,BUPA CARE SERVICES,5080.18,placement
T-09,R-06,1,off_contract.csv,5,BUPA CARE SERVICES,BUPA Care Services,1874166.5,7496666.0,370,placement,1.0,True,none,,Adult Social Care,Over500_2026_P02_-_published:1038,Over500_2026_P02_-_published,1038,2026-05-13,Adult Social Care,Third Party Payments,Private Contractors,BUPA Care Services,BUPA CARE SERVICES,5080.18,placement
T-09,R-06,1,off_contract.csv,5,BUPA CARE SERVICES,BUPA Care Services,1874166.5,7496666.0,370,placement,1.0,True,none,,Adult Social Care,Over500_2026_P02_-_published:1039,Over500_2026_P02_-_published,1039,2026-05-13,Adult Social Care,Third Party Payments,Private Contractors,BUPA Care Services,BUPA CARE SERVICES,5080.18,placement
T-09,R-06,1,off_contract.csv,5,BUPA CARE SERVICES,BUPA Care Services,1874166.5,7496666.0,370,placement,1.0,True,none,,Adult Social Care,Over500_2026_P02_-_published:1040,Over500_2026_P02_-_published,1040,2026-05-13,Adult Social Care,Third Party Payments,Private Contractors,BUPA Care Services,BUPA CARE SERVICES,5080.18,placement
T-09,R-06,1,off_contract.csv,5,BUPA CARE SERVICES,BUPA Care Services,1874166.5,7496666.0,370,placement,1.0,True,none,,Adult Social Care,Over500_2026_P02_-_published:1041,Over500_2026_P02_-_published,1041,2026-05-13,Adult Social Care,Third Party Payments,Private Contractors,BUPA Care Services,BUPA CARE SERVICES,5441.43,placement
T-09,R-06,1,off_contract.csv,5,BUPA CARE SERVICES,BUPA Care Services,1874166.5,7496666.0,370,placement,1.0,True,none,,Adult Social Care,Over500_2026_P02_-_published:1042,Over500_2026_P02_-_published,1042,2026-05-13,Adult Social Care,Third Party Payments,Private Contractors,BUPA Care Services,BUPA CARE SERVICES,5487.47,placement
T-09,R-06,1,off_contract.csv,5,BUPA CARE SERVICES,BUPA Care Services,1874166.5,7496666.0,370,placement,1.0,True,none,,Adult Social Care,Over500_2026_P02_-_published:1043,Over500_2026_P02_-_published,1043,2026-05-13,Adult Social Care,Third Party Payments,Private Contractors,BUPA Care Services,BUPA CARE SERVICES,5487.47,placement
T-09,R-06,1,off_contract.csv,5,BUPA CARE SERVICES,BUPA Care Services,1874166.5,7496666.0,370,placement,1.0,True,none,,Adult Social Care,Over500_2026_P02_-_published:1044,Over500_2026_P02_-_published,1044,2026-05-13,Adult Social Care,Third Party Payments,Private Contractors,BUPA Care Services,BUPA CARE SERVICES,5441.43,placement
T-09,R-06,1,off_contract.csv,5,BUPA CARE SERVICES,BUPA Care Services,1874166.5,7496666.0,370,placement,1.0,True,none,,Adult Social Care,Over500_2026_P02_-_published:1045,Over500_2026_P02_-_published,1045,2026-05-13,Adult Social Care,Third Party Payments,Private Contractors,BUPA Care Services,BUPA CARE SERVICES,4793.08,placement
T-09,R-06,1,off_contract.csv,5,BUPA CARE SERVICES,BUPA Care Services,1874166.5,7496666.0,370,placement,1.0,True,none,,Adult Social Care,Over500_2026_P02_-_published:1431,Over500_2026_P02_-_published,1431,2026-05-13,Adult Social Care,Third Party Payments,Private Contractors,BUPA Care Services,BUPA CARE SERVICES,4813.57,placement
T-09,R-06,1,off_contract.csv,5,BUPA CARE SERVICES,BUPA Care Services,1874166.5,7496666.0,370,placement,1.0,True,none,,Adult Social Care,Over500_2026_P02_-_published:1443,Over500_2026_P02_-_published,1443,2026-05-13,Adult Social Care,Third Party Payments,Private Contractors,BUPA Care Services,BUPA CARE SERVICES,5611.41,placement
T-09,R-06,1,off_contract.csv,5,BUPA CARE SERVICES,BUPA Care Services,1874166.5,7496666.0,370,placement,1.0,True,none,,Adult Social Care,Over500_2026_P02_-_published:1444,Over500_2026_P02_-_published,1444,2026-05-13,Adult Social Care,Third Party Payments,Private Contractors,BUPA Care Services,BUPA CARE SERVICES,5793.1,placement
T-09,R-06,1,off_contract.csv,5,BUPA CARE SERVICES,BUPA Care Services,1874166.5,7496666.0,370,placement,1.0,True,none,,Adult Social Care,Over500_2026_P02_-_published:1455,Over500_2026_P02_-_published,1455,2026-05-13,Adult Social Care,Third Party Payments,Private Contractors,BUPA Care Services,BUPA CARE SERVICES,5080.18,placement
T-09,R-06,1,off_contract.csv,5,BUPA CARE SERVICES,BUPA Care Services,1874166.5,7496666.0,370,placement,1.0,True,none,,Adult Social Care,Over500_2026_P02_-_published:1456,Over500_2026_P02_-_published,1456,2026-05-13,Adult Social Care,Third Party Payments,Private Contractors,BUPA Care Services,BUPA CARE SERVICES,5080.18,placement
T-09,R-06,1,off_contract.csv,5,BUPA CARE SERVICES,BUPA Care Services,1874166.5,7496666.0,370,placement,1.0,True,none,,Adult Social Care,Over500_2026_P02_-_published:1457,Over500_2026_P02_-_published,1457,2026-05-13,Adult Social Care,Third Party Payments,Private Contractors,BUPA Care Services,BUPA CARE SERVICES,5080.18,placement
T-09,R-06,1,off_contract.csv,5,BUPA CARE SERVICES,BUPA Care Services,1874166.5,7496666.0,370,placement,1.0,True,none,,Adult Social Care,Over500_2026_P02_-_published:1458,Over500_2026_P02_-_published,1458,2026-05-13,Adult Social Care,Third Party Payments,Private Contractors,BUPA Care Services,BUPA CARE SERVICES,7325.0,placement
T-09,R-06,1,off_contract.csv,5,BUPA CARE SERVICES,BUPA Care Services,1874166.5,7496666.0,370,placement,1.0,True,none,,Adult Social Care,Over500_2026_P02_-_published:1459,Over500_2026_P02_-_published,1459,2026-05-13,Adult Social Care,Third Party Payments,Private Contractors,BUPA Care Services,BUPA CARE SERVICES,5148.43,placement
T-09,R-06,1,off_contract.csv,5,BUPA CARE SERVICES,BUPA Care Services,1874166.5,7496666.0,370,placement,1.0,True,none,,Adult Social Care,Over500_2026_P02_-_published:1460,Over500_2026_P02_-_published,1460,2026-05-13,Adult Social Care,Third Party Payments,Private Contractors,BUPA Care Services,BUPA CARE SERVICES,5148.43,placement
T-09,R-06,1,off_contract.csv,5,BUPA CARE SERVICES,BUPA Care Services,1874166.5,7496666.0,370,placement,1.0,True,none,,Adult Social Care,Over500_2026_P02_-_published:1461,Over500_2026_P02_-_published,1461,2026-05-13,Adult Social Care,Third Party Payments,Private Contractors,BUPA Care Services,BUPA CARE SERVICES,6452.74,placement
T-09,R-06,1,off_contract.csv,5,BUPA CARE SERVICES,BUPA Care Services,1874166.5,7496666.0,370,placement,1.0,True,none,,Adult Social Care,Over500_2026_P02_-_published:1462,Over500_2026_P02_-_published,1462,2026-05-13,Adult Social Care,Third Party Payments,Private Contractors,BUPA Care Services,BUPA CARE SERVICES,6278.57,placement
T-09,R-06,1,off_contract.csv,5,BUPA CARE SERVICES,BUPA Care Services,1874166.5,7496666.0,370,placement,1.0,True,none,,Adult Social Care,Over500_2026_P02_-_published:1463,Over500_2026_P02_-_published,1463,2026-05-13,Adult Social Care,Third Party Payments,Private Contractors,BUPA Care Services,BUPA CARE SERVICES,5797.21,placement
T-09,R-06,1,off_contract.csv,5,BUPA CARE SERVICES,BUPA Care Services,1874166.5,7496666.0,370,placement,1.0,True,none,,Adult Social Care,Over500_2026_P02_-_published:1464,Over500_2026_P02_-_published,1464,2026-05-13,Adult Social Care,Third Party Payments,Private Contractors,BUPA Care Services,BUPA CARE SERVICES,5148.43,placement
T-09,R-06,1,off_contract.csv,5,BUPA CARE SERVICES,BUPA Care Services,1874166.5,7496666.0,370,placement,1.0,True,none,,Adult Social Care,Over500_2026_P02_-_published:1465,Over500_2026_P02_-_published,1465,2026-05-13,Adult Social Care,Third Party Payments,Private Contractors,BUPA Care Services,BUPA CARE SERVICES,6811.71,placement
T-09,R-06,1,off_contract.csv,5,BUPA CARE SERVICES,BUPA Care Services,1874166.5,7496666.0,370,placement,1.0,True,none,,Adult Social Care,Over500_2026_P02_-_published:1466,Over500_2026_P02_-_published,1466,2026-05-13,Adult Social Care,Third Party Payments,Private Contractors,BUPA Care Services,BUPA CARE SERVICES,5704.89,placement
T-09,R-06,1,off_contract.csv,5,BUPA CARE SERVICES,BUPA Care Services,1874166.5,7496666.0,370,placement,1.0,True,none,,Adult Social Care,Over500_2026_P02_-_published:1467,Over500_2026_P02_-_published,1467,2026-05-13,Adult Social Care,Third Party Payments,Private Contractors,BUPA Care Services,BUPA CARE SERVICES,5961.18,placement
T-09,R-06,1,off_contract.csv,5,BUPA CARE SERVICES,BUPA Care Services,1874166.5,7496666.0,370,placement,1.0,True,none,,Adult Social Care,Over500_2026_P02_-_published:1468,Over500_2026_P02_-_published,1468,2026-05-13,Adult Social Care,Third Party Payments,Private Contractors,BUPA Care Services,BUPA CARE SERVICES,5611.41,placement
T-09,R-06,1,off_contract.csv,5,BUPA CARE SERVICES,BUPA Care Services,1874166.5,7496666.0,370,placement,1.0,True,none,,Adult Social Care,Over500_2026_P02_-_published:1469,Over500_2026_P02_-_published,1469,2026-05-13,Adult Social Care,Third Party Payments,Private Contractors,BUPA Care Services,BUPA CARE SERVICES,5793.1,placement
T-09,R-06,1,off_contract.csv,5,BUPA CARE SERVICES,BUPA Care Services,1874166.5,7496666.0,370,placement,1.0,True,none,,Adult Social Care,Over500_2026_P02_-_published:1470,Over500_2026_P02_-_published,1470,2026-05-13,Adult Social Care,Third Party Payments,Private Contractors,BUPA Care Services,BUPA CARE SERVICES,5493.73,placement
T-09,R-06,1,off_contract.csv,5,BUPA CARE SERVICES,BUPA Care Services,1874166.5,7496666.0,370,placement,1.0,True,none,,Adult Social Care,Over500_2026_P02_-_published:1471,Over500_2026_P02_-_published,1471,2026-05-13,Adult Social Care,Third Party Payments,Private Contractors,BUPA Care Services,BUPA CARE SERVICES,5875.95,placement
T-09,R-06,1,off_contract.csv,5,BUPA CARE SERVICES,BUPA Care Services,1874166.5,7496666.0,370,placement,1.0,True,none,,Adult Social Care,Over500_2026_P02_-_published:1472,Over500_2026_P02_-_published,1472,2026-05-13,Adult Social Care,Third Party Payments,Private Contractors,BUPA Care Services,BUPA CARE SERVICES,6582.34,placement
T-09,R-06,1,off_contract.csv,5,BUPA CARE SERVICES,BUPA Care Services,1874166.5,7496666.0,370,placement,1.0,True,none,,Adult Social Care,Over500_2026_P02_-_published:1473,Over500_2026_P02_-_published,1473,2026-05-13,Adult Social Care,Third Party Payments,Private Contractors,BUPA Care Services,BUPA CARE SERVICES,5487.47,placement
T-09,R-06,1,off_contract.csv,5,BUPA CARE SERVICES,BUPA Care Services,1874166.5,7496666.0,370,placement,1.0,True,none,,Adult Social Care,Over500_2026_P02_-_published:1474,Over500_2026_P02_-_published,1474,2026-05-13,Adult Social Care,Third Party Payments,Private Contractors,BUPA Care Services,BUPA CARE SERVICES,4813.57,placement
T-09,R-06,1,off_contract.csv,5,BUPA CARE SERVICES,BUPA Care Services,1874166.5,7496666.0,370,placement,1.0,True,none,,Adult Social Care,Over500_2026_P02_-_published:1475,Over500_2026_P02_-_published,1475,2026-05-13,Adult Social Care,Third Party Payments,Private Contractors,BUPA Care Services,BUPA CARE SERVICES,3606.07,placement
T-09,R-06,1,off_contract.csv,5,BUPA CARE SERVICES,BUPA Care Services,1874166.5,7496666.0,370,placement,1.0,True,none,,Adult Social Care,Over500_2026_P02_-_published:1524,Over500_2026_P02_-_published,1524,2026-05-13,Adult Social Care,Third Party Payments,Private Contractors,BUPA Care Services,BUPA CARE SERVICES,5232.14,placement
T-09,R-06,1,off_contract.csv,5,BUPA CARE SERVICES,BUPA Care Services,1874166.5,7496666.0,370,placement,1.0,True,none,,Adult Social Care,Over500_2026_P02_-_published:1525,Over500_2026_P02_-_published,1525,2026-05-13,Adult Social Care,Third Party Payments,Private Contractors,BUPA Care Services,BUPA CARE SERVICES,5875.95,placement
T-09,R-06,1,off_contract.csv,5,BUPA CARE SERVICES,BUPA Care Services,1874166.5,7496666.0,370,placement,1.0,True,none,,Adult Social Care,Over500_2026_P02_-_published:1526,Over500_2026_P02_-_published,1526,2026-05-13,Adult Social Care,Third Party Payments,Private Contractors,BUPA Care Services,BUPA CARE SERVICES,5875.95,placement
T-09,R-06,1,off_contract.csv,5,BUPA CARE SERVICES,BUPA Care Services,1874166.5,7496666.0,370,placement,1.0,True,none,,Adult Social Care,Over500_2026_P02_-_published:1527,Over500_2026_P02_-_published,1527,2026-05-13,Adult Social Care,Third Party Payments,Private Contractors,BUPA Care Services,BUPA CARE SERVICES,5875.95,placement
T-09,R-06,1,off_contract.csv,5,BUPA CARE SERVICES,BUPA Care Services,1874166.5,7496666.0,370,placement,1.0,True,none,,Adult Social Care,Over500_2026_P02_-_published:1528,Over500_2026_P02_-_published,1528,2026-05-13,Adult Social Care,Third Party Payments,Private Contractors,BUPA Care Services,BUPA CARE SERVICES,5872.84,placement
T-09,R-06,1,off_contract.csv,5,BUPA CARE SERVICES,BUPA Care Services,1874166.5,7496666.0,370,placement,1.0,True,none,,Adult Social Care,Over500_2026_P02_-_published:1529,Over500_2026_P02_-_published,1529,2026-05-13,Adult Social Care,Third Party Payments,Private Contractors,BUPA Care Services,BUPA CARE SERVICES,5862.63,placement
T-09,R-06,1,off_contract.csv,5,BUPA CARE SERVICES,BUPA Care Services,1874166.5,7496666.0,370,placement,1.0,True,none,,Adult Social Care,Over500_2026_P02_-_published:1530,Over500_2026_P02_-_published,1530,2026-05-13,Adult Social Care,Third Party Payments,Private Contractors,BUPA Care Services,BUPA CARE SERVICES,5890.21,placement
T-09,R-06,1,off_contract.csv,5,BUPA CARE SERVICES,BUPA Care Services,1874166.5,7496666.0,370,placement,1.0,True,none,,Adult Social Care,Over500_2026_P02_-_published:1531,Over500_2026_P02_-_published,1531,2026-05-13,Adult Social Care,Third Party Payments,Private Contractors,BUPA Care Services,BUPA CARE SERVICES,5148.43,placement
T-09,R-06,1,off_contract.csv,5,BUPA CARE SERVICES,BUPA Care Services,1874166.5,7496666.0,370,placement,1.0,True,none,,Adult Social Care,Over500_2026_P02_-_published:1532,Over500_2026_P02_-_published,1532,2026-05-13,Adult Social Care,Third Party Payments,Private Contractors,BUPA Care Services,BUPA CARE SERVICES,5148.43,placement
T-09,R-06,1,off_contract.csv,5,BUPA CARE SERVICES,BUPA Care Services,1874166.5,7496666.0,370,placement,1.0,True,none,,Adult Social Care,Over500_2026_P02_-_published:1533,Over500_2026_P02_-_published,1533,2026-05-13,Adult Social Care,Third Party Payments,Private Contractors,BUPA Care Services,BUPA CARE SERVICES,5441.43,placement
T-09,R-06,1,off_contract.csv,5,BUPA CARE SERVICES,BUPA Care Services,1874166.5,7496666.0,370,placement,1.0,True,none,,Adult Social Care,Over500_2026_P02_-_published:1534,Over500_2026_P02_-_published,1534,2026-05-13,Adult Social Care,Third Party Payments,Private Contractors,BUPA Care Services,BUPA CARE SERVICES,5797.21,placement
T-09,R-06,1,off_contract.csv,5,BUPA CARE SERVICES,BUPA Care Services,1874166.5,7496666.0,370,placement,1.0,True,none,,Adult Social Care,Over500_2026_P02_-_published:1535,Over500_2026_P02_-_published,1535,2026-05-13,Adult Social Care,Third Party Payments,Private Contractors,BUPA Care Services,BUPA CARE SERVICES,5148.43,placement
T-09,R-06,1,off_contract.csv,5,BUPA CARE SERVICES,BUPA Care Services,1874166.5,7496666.0,370,placement,1.0,True,none,,Adult Social Care,Over500_2026_P02_-_published:1536,Over500_2026_P02_-_published,1536,2026-05-13,Adult Social Care,Third Party Payments,Private Contractors,BUPA Care Services,BUPA CARE SERVICES,5148.43,placement
T-09,R-06,1,off_contract.csv,5,BUPA CARE SERVICES,BUPA Care Services,1874166.5,7496666.0,370,placement,1.0,True,none,,Adult Social Care,Over500_2026_P02_-_published:1537,Over500_2026_P02_-_published,1537,2026-05-13,Adult Social Care,Third Party Payments,Private Contractors,BUPA Care Services,BUPA CARE SERVICES,5148.43,placement
T-09,R-06,1,off_contract.csv,5,BUPA CARE SERVICES,BUPA Care Services,1874166.5,7496666.0,370,placement,1.0,True,none,,Adult Social Care,Over500_2026_P02_-_published:1627,Over500_2026_P02_-_published,1627,2026-05-13,Adult Social Care,Third Party Payments,Private Contractors,BUPA Care Services,BUPA CARE SERVICES,3398.59,placement
T-09,R-06,1,off_contract.csv,5,BUPA CARE SERVICES,BUPA Care Services,1874166.5,7496666.0,370,placement,1.0,True,none,,Adult Social Care,Over500_2026_P02_-_published:1630,Over500_2026_P02_-_published,1630,2026-05-13,Adult Social Care,Third Party Payments,Private Contractors,BUPA Care Services,BUPA CARE SERVICES,7325.0,placement
T-09,R-06,1,off_contract.csv,5,BUPA CARE SERVICES,BUPA Care Services,1874166.5,7496666.0,370,placement,1.0,True,none,,Adult Social Care,Over500_2026_P02_-_published:1832,Over500_2026_P02_-_published,1832,2026-05-13,Adult Social Care,Third Party Payments,Private Contractors,BUPA Care Services,BUPA CARE SERVICES,8077.32,placement
T-09,R-06,1,off_contract.csv,5,BUPA CARE SERVICES,BUPA Care Services,1874166.5,7496666.0,370,placement,1.0,True,none,,Adult Social Care,Over500_2026_P02_-_published:1850,Over500_2026_P02_-_published,1850,2026-05-13,Adult Social Care,Third Party Payments,Private Contractors,BUPA Care Services,BUPA CARE SERVICES,5080.18,placement
T-09,R-06,1,off_contract.csv,5,BUPA CARE SERVICES,BUPA Care Services,1874166.5,7496666.0,370,placement,1.0,True,none,,Adult Social Care,Over500_2026_P02_-_published:1962,Over500_2026_P02_-_published,1962,2026-05-13,Adult Social Care,Third Party Payments,Private Contractors,BUPA Care Services,BUPA CARE SERVICES,1441.36,placement
T-09,R-06,1,off_contract.csv,5,BUPA CARE SERVICES,BUPA Care Services,1874166.5,7496666.0,370,placement,1.0,True,none,,Adult Social Care,Over500_2026_P02_-_published:1963,Over500_2026_P02_-_published,1963,2026-05-13,Adult Social Care,Third Party Payments,Private Contractors,BUPA Care Services,BUPA CARE SERVICES,5454.47,placement
T-09,R-06,1,off_contract.csv,5,BUPA CARE SERVICES,BUPA Care Services,1874166.5,7496666.0,370,placement,1.0,True,none,,Adult Social Care,Over500_2026_P02_-_published:1976,Over500_2026_P02_-_published,1976,2026-05-13,Adult Social Care,Third Party Payments,Private Contractors,BUPA Care Services,BUPA CARE SERVICES,5890.21,placement
T-09,R-06,1,off_contract.csv,5,BUPA CARE SERVICES,BUPA Care Services,1874166.5,7496666.0,370,placement,1.0,True,none,,Adult Social Care,Over500_2026_P02_-_published:868,Over500_2026_P02_-_published,868,2026-05-13,Adult Social Care,Third Party Payments,Private Contractors,BUPA Care Services,BUPA CARE SERVICES,5080.18,placement
T-09,R-06,1,off_contract.csv,5,BUPA CARE SERVICES,BUPA Care Services,1874166.5,7496666.0,370,placement,1.0,True,none,,Adult Social Care,Over500_2026_P02_-_published:869,Over500_2026_P02_-_published,869,2026-05-13,Adult Social Care,Third Party Payments,Private Contractors,BUPA Care Services,BUPA CARE SERVICES,6470.88,placement
T-09,R-06,1,off_contract.csv,5,BUPA CARE SERVICES,BUPA Care Services,1874166.5,7496666.0,370,placement,1.0,True,none,,Adult Social Care,Over500_2026_P02_-_published:870,Over500_2026_P02_-_published,870,2026-05-13,Adult Social Care,Third Party Payments,Private Contractors,BUPA Care Services,BUPA CARE SERVICES,5531.92,placement
T-09,R-06,1,off_contract.csv,5,BUPA CARE SERVICES,BUPA Care Services,1874166.5,7496666.0,370,placement,1.0,True,none,,Adult Social Care,Over500_2026_P02_-_published:871,Over500_2026_P02_-_published,871,2026-05-13,Adult Social Care,Third Party Payments,Private Contractors,BUPA Care Services,BUPA CARE SERVICES,903.95,placement
T-09,R-06,1,off_contract.csv,5,BUPA CARE SERVICES,BUPA Care Services,1874166.5,7496666.0,370,placement,1.0,True,none,,Adult Social Care,Over500_2026_P02_-_published:872,Over500_2026_P02_-_published,872,2026-05-13,Adult Social Care,Third Party Payments,Private Contractors,BUPA Care Services,BUPA CARE SERVICES,4793.08,placement
T-09,R-06,1,off_contract.csv,5,BUPA CARE SERVICES,BUPA Care Services,1874166.5,7496666.0,370,placement,1.0,True,none,,Adult Social Care,Over500_2026_P02_-_published:875,Over500_2026_P02_-_published,875,2026-05-13,Adult Social Care,Third Party Payments,Private Contractors,BUPA Care Services,BUPA CARE SERVICES,517.5,placement
T-09,R-06,1,off_contract.csv,5,BUPA CARE SERVICES,BUPA Care Services,1874166.5,7496666.0,370,placement,1.0,True,none,,Adult Social Care,Over500_2026_P02_-_published:958,Over500_2026_P02_-_published,958,2026-05-13,Adult Social Care,Third Party Payments,Private Contractors,BUPA Care Services,BUPA CARE SERVICES,5156.48,placement
T-09,R-06,1,off_contract.csv,5,BUPA CARE SERVICES,BUPA Care Services,1874166.5,7496666.0,370,placement,1.0,True,none,,Adult Social Care,Over500_2026_P02_-_published:959,Over500_2026_P02_-_published,959,2026-05-13,Adult Social Care,Third Party Payments,Private Contractors,BUPA Care Services,BUPA CARE SERVICES,5080.18,placement
T-09,R-06,1,off_contract.csv,5,BUPA CARE SERVICES,BUPA Care Services,1874166.5,7496666.0,370,placement,1.0,True,none,,Adult Social Care,Over500_2026_P02_-_published:960,Over500_2026_P02_-_published,960,2026-05-13,Adult Social Care,Third Party Payments,Private Contractors,BUPA Care Services,BUPA CARE SERVICES,5080.18,placement
T-09,R-06,1,off_contract.csv,5,BUPA CARE SERVICES,BUPA Care Services,1874166.5,7496666.0,370,placement,1.0,True,none,,Adult Social Care,Over500_2026_P02_-_published:961,Over500_2026_P02_-_published,961,2026-05-13,Adult Social Care,Third Party Payments,Private Contractors,BUPA Care Services,BUPA CARE SERVICES,5080.18,placement
T-09,R-06,1,off_contract.csv,5,BUPA CARE SERVICES,BUPA Care Services,1874166.5,7496666.0,370,placement,1.0,True,none,,Adult Social Care,Over500_2026_P02_-_published:962,Over500_2026_P02_-_published,962,2026-05-13,Adult Social Care,Third Party Payments,Private Contractors,BUPA Care Services,BUPA CARE SERVICES,5080.18,placement
T-09,R-06,1,off_contract.csv,5,BUPA CARE SERVICES,BUPA Care Services,1874166.5,7496666.0,370,placement,1.0,True,none,,Adult Social Care,Over500_2026_P02_-_published:963,Over500_2026_P02_-_published,963,2026-05-13,Adult Social Care,Third Party Payments,Private Contractors,BUPA Care Services,BUPA CARE SERVICES,5487.47,placement
T-09,R-06,1,off_contract.csv,5,BUPA CARE SERVICES,BUPA Care Services,1874166.5,7496666.0,370,placement,1.0,True,none,,Adult Social Care,Over500_2026_P02_-_published:964,Over500_2026_P02_-_published,964,2026-05-13,Adult Social Care,Third Party Payments,Private Contractors,BUPA Care Services,BUPA CARE SERVICES,5080.18,placement
T-09,R-06,1,off_contract.csv,5,BUPA CARE SERVICES,BUPA Care Services,1874166.5,7496666.0,370,placement,1.0,True,none,,Adult Social Care,Over500_2026_P02_-_published:965,Over500_2026_P02_-_published,965,2026-05-13,Adult Social Care,Third Party Payments,Private Contractors,BUPA Care Services,BUPA CARE SERVICES,5080.18,placement
T-09,R-06,1,off_contract.csv,5,BUPA CARE SERVICES,BUPA Care Services,1874166.5,7496666.0,370,placement,1.0,True,none,,Adult Social Care,Over500_2026_P02_-_published:966,Over500_2026_P02_-_published,966,2026-05-13,Adult Social Care,Third Party Payments,Private Contractors,BUPA Care Services,BUPA CARE SERVICES,6074.35,placement
T-09,R-06,1,off_contract.csv,5,BUPA CARE SERVICES,BUPA Care Services,1874166.5,7496666.0,370,placement,1.0,True,none,,Adult Social Care,Over500_2026_P02_-_published:967,Over500_2026_P02_-_published,967,2026-05-13,Adult Social Care,Third Party Payments,Private Contractors,BUPA Care Services,BUPA CARE SERVICES,4456.32,placement
T-09,R-06,1,off_contract.csv,5,BUPA CARE SERVICES,BUPA Care Services,1874166.5,7496666.0,370,placement,1.0,True,none,,Adult Social Care,Over500_2026_P02_-_published:968,Over500_2026_P02_-_published,968,2026-05-13,Adult Social Care,Third Party Payments,Private Contractors,BUPA Care Services,BUPA CARE SERVICES,4456.32,placement
T-09,R-06,1,off_contract.csv,5,BUPA CARE SERVICES,BUPA Care Services,1874166.5,7496666.0,370,placement,1.0,True,none,,Adult Social Care,Over500_2026_P02_-_published:969,Over500_2026_P02_-_published,969,2026-05-13,Adult Social Care,Third Party Payments,Private Contractors,BUPA Care Services,BUPA CARE SERVICES,5080.18,placement
T-09,R-06,1,off_contract.csv,5,BUPA CARE SERVICES,BUPA Care Services,1874166.5,7496666.0,370,placement,1.0,True,none,,Adult Social Care,Over500_2026_P02_-_published:970,Over500_2026_P02_-_published,970,2026-05-13,Adult Social Care,Third Party Payments,Private Contractors,BUPA Care Services,BUPA CARE SERVICES,5080.18,placement
T-09,R-06,1,off_contract.csv,5,BUPA CARE SERVICES,BUPA Care Services,1874166.5,7496666.0,370,placement,1.0,True,none,,Adult Social Care,Over500_2026_P02_-_published:971,Over500_2026_P02_-_published,971,2026-05-13,Adult Social Care,Third Party Payments,Private Contractors,BUPA Care Services,BUPA CARE SERVICES,5080.18,placement
T-09,R-06,1,off_contract.csv,5,BUPA CARE SERVICES,BUPA Care Services,1874166.5,7496666.0,370,placement,1.0,True,none,,Adult Social Care,Over500_2026_P02_-_published:972,Over500_2026_P02_-_published,972,2026-05-13,Adult Social Care,Third Party Payments,Private Contractors,BUPA Care Services,BUPA CARE SERVICES,5022.86,placement
T-09,R-06,1,off_contract.csv,5,BUPA CARE SERVICES,BUPA Care Services,1874166.5,7496666.0,370,placement,1.0,True,none,,Adult Social Care,Over500_2026_P02_-_published:973,Over500_2026_P02_-_published,973,2026-05-13,Adult Social Care,Third Party Payments,Private Contractors,BUPA Care Services,BUPA CARE SERVICES,5487.47,placement
T-09,R-06,1,off_contract.csv,5,BUPA CARE SERVICES,BUPA Care Services,1874166.5,7496666.0,370,placement,1.0,True,none,,Adult Social Care,Over500_2026_P02_-_published:974,Over500_2026_P02_-_published,974,2026-05-13,Adult Social Care,Third Party Payments,Private Contractors,BUPA Care Services,BUPA CARE SERVICES,815.66,placement
T-09,R-06,1,off_contract.csv,5,BUPA CARE SERVICES,BUPA Care Services,1874166.5,7496666.0,370,placement,1.0,True,none,,Adult Social Care,Over500_2026_P02_-_published:975,Over500_2026_P02_-_published,975,2026-05-13,Adult Social Care,Third Party Payments,Private Contractors,BUPA Care Services,BUPA CARE SERVICES,4238.93,placement
T-09,R-06,1,off_contract.csv,5,BUPA CARE SERVICES,BUPA Care Services,1874166.5,7496666.0,370,placement,1.0,True,none,,Adult Social Care,Over500_2026_P02_-_published:976,Over500_2026_P02_-_published,976,2026-05-13,Adult Social Care,Third Party Payments,Private Contractors,BUPA Care Services,BUPA CARE SERVICES,5572.66,placement
T-09,R-06,1,off_contract.csv,5,BUPA CARE SERVICES,BUPA Care Services,1874166.5,7496666.0,370,placement,1.0,True,none,,Adult Social Care,Over500_2026_P02_-_published:977,Over500_2026_P02_-_published,977,2026-05-13,Adult Social Care,Third Party Payments,Private Contractors,BUPA Care Services,BUPA CARE SERVICES,4733.81,placement
T-09,R-06,1,off_contract.csv,5,BUPA CARE SERVICES,BUPA Care Services,1874166.5,7496666.0,370,placement,1.0,True,none,,Adult Social Care,Over500_2026_P02_-_published:978,Over500_2026_P02_-_published,978,2026-05-13,Adult Social Care,Third Party Payments,Private Contractors,BUPA Care Services,BUPA CARE SERVICES,3719.71,placement
T-09,R-06,1,off_contract.csv,5,BUPA CARE SERVICES,BUPA Care Services,1874166.5,7496666.0,370,placement,1.0,True,none,,Adult Social Care,Over500_2026_P02_-_published:979,Over500_2026_P02_-_published,979,2026-05-13,Adult Social Care,Third Party Payments,Private Contractors,BUPA Care Services,BUPA CARE SERVICES,5148.43,placement
T-09,R-06,1,off_contract.csv,5,BUPA CARE SERVICES,BUPA Care Services,1874166.5,7496666.0,370,placement,1.0,True,none,,Adult Social Care,Over500_2026_P02_-_published:980,Over500_2026_P02_-_published,980,2026-05-13,Adult Social Care,Third Party Payments,Private Contractors,BUPA Care Services,BUPA CARE SERVICES,831.0,placement
T-09,R-06,1,off_contract.csv,5,BUPA CARE SERVICES,BUPA Care Services,1874166.5,7496666.0,370,placement,1.0,True,none,,Adult Social Care,Over500_2026_P02_-_published:981,Over500_2026_P02_-_published,981,2026-05-13,Adult Social Care,Third Party Payments,Private Contractors,BUPA Care Services,BUPA CARE SERVICES,6606.89,placement
T-09,R-06,1,off_contract.csv,5,BUPA CARE SERVICES,BUPA Care Services,1874166.5,7496666.0,370,placement,1.0,True,none,,Adult Social Care,Over500_2026_P02_-_published:982,Over500_2026_P02_-_published,982,2026-05-13,Adult Social Care,Third Party Payments,Private Contractors,BUPA Care Services,BUPA CARE SERVICES,6013.68,placement
T-09,R-06,1,off_contract.csv,5,BUPA CARE SERVICES,BUPA Care Services,1874166.5,7496666.0,370,placement,1.0,True,none,,Adult Social Care,Over500_2026_P02_-_published:983,Over500_2026_P02_-_published,983,2026-05-13,Adult Social Care,Third Party Payments,Private Contractors,BUPA Care Services,BUPA CARE SERVICES,5860.0,placement
T-09,R-06,1,off_contract.csv,5,BUPA CARE SERVICES,BUPA Care Services,1874166.5,7496666.0,370,placement,1.0,True,none,,Adult Social Care,Over500_2026_P02_-_published:984,Over500_2026_P02_-_published,984,2026-05-13,Adult Social Care,Third Party Payments,Private Contractors,BUPA Care Services,BUPA CARE SERVICES,4813.57,placement
T-09,R-06,1,off_contract.csv,5,BUPA CARE SERVICES,BUPA Care Services,1874166.5,7496666.0,370,placement,1.0,True,none,,Adult Social Care,Over500_2026_P02_-_published:985,Over500_2026_P02_-_published,985,2026-05-13,Adult Social Care,Third Party Payments,Private Contractors,BUPA Care Services,BUPA CARE SERVICES,7078.84,placement
T-09,R-06,1,off_contract.csv,5,BUPA CARE SERVICES,BUPA Care Services,1874166.5,7496666.0,370,placement,1.0,True,none,,Adult Social Care,Over500_2026_P02_-_published:986,Over500_2026_P02_-_published,986,2026-05-13,Adult Social Care,Third Party Payments,Private Contractors,BUPA Care Services,BUPA CARE SERVICES,4813.57,placement
T-09,R-06,1,off_contract.csv,5,BUPA CARE SERVICES,BUPA Care Services,1874166.5,7496666.0,370,placement,1.0,True,none,,Adult Social Care,Over500_2026_P02_-_published:987,Over500_2026_P02_-_published,987,2026-05-13,Adult Social Care,Third Party Payments,Private Contractors,BUPA Care Services,BUPA CARE SERVICES,4813.57,placement
T-09,R-06,1,off_contract.csv,5,BUPA CARE SERVICES,BUPA Care Services,1874166.5,7496666.0,370,placement,1.0,True,none,,Adult Social Care,Over500_2026_P02_-_published:988,Over500_2026_P02_-_published,988,2026-05-13,Adult Social Care,Third Party Payments,Private Contractors,BUPA Care Services,BUPA CARE SERVICES,4813.57,placement
T-09,R-06,1,off_contract.csv,5,BUPA CARE SERVICES,BUPA Care Services,1874166.5,7496666.0,370,placement,1.0,True,none,,Adult Social Care,Over500_2026_P02_-_published:1023,Over500_2026_P02_-_published,1023,2026-05-20,Adult Social Care,Third Party Payments,Private Contractors,BUPA Care Services,BUPA CARE SERVICES,4548.75,placement
T-09,R-06,1,off_contract.csv,5,BUPA CARE SERVICES,BUPA Care Services,1874166.5,7496666.0,370,placement,1.0,True,none,,Adult Social Care,Over500_2026_P02_-_published:1024,Over500_2026_P02_-_published,1024,2026-05-20,Adult Social Care,Third Party Payments,Private Contractors,BUPA Care Services,BUPA CARE SERVICES,4548.75,placement
T-09,R-06,1,off_contract.csv,5,BUPA CARE SERVICES,BUPA Care Services,1874166.5,7496666.0,370,placement,1.0,True,none,,Adult Social Care,Over500_2026_P02_-_published:1025,Over500_2026_P02_-_published,1025,2026-05-20,Adult Social Care,Third Party Payments,Private Contractors,BUPA Care Services,BUPA CARE SERVICES,5314.58,placement
T-09,R-06,1,off_contract.csv,5,BUPA CARE SERVICES,BUPA Care Services,1874166.5,7496666.0,370,placement,1.0,True,none,,Adult Social Care,Over500_2026_P02_-_published:1026,Over500_2026_P02_-_published,1026,2026-05-20,Adult Social Care,Third Party Payments,Private Contractors,BUPA Care Services,BUPA CARE SERVICES,5314.58,placement
T-09,R-06,1,off_contract.csv,5,BUPA CARE SERVICES,BUPA Care Services,1874166.5,7496666.0,370,placement,1.0,True,none,,Adult Social Care,Over500_2026_P02_-_published:1069,Over500_2026_P02_-_published,1069,2026-05-20,Adult Social Care,Third Party Payments,Private Contractors,BUPA Care Services,BUPA CARE SERVICES,4548.75,placement
T-09,R-06,1,off_contract.csv,5,BUPA CARE SERVICES,BUPA Care Services,1874166.5,7496666.0,370,placement,1.0,True,none,,Adult Social Care,Over500_2026_P02_-_published:1070,Over500_2026_P02_-_published,1070,2026-05-20,Adult Social Care,Third Party Payments,Private Contractors,BUPA Care Services,BUPA CARE SERVICES,4548.75,placement
T-09,R-06,1,off_contract.csv,5,BUPA CARE SERVICES,BUPA Care Services,1874166.5,7496666.0,370,placement,1.0,True,none,,Adult Social Care,Over500_2026_P02_-_published:1071,Over500_2026_P02_-_published,1071,2026-05-20,Adult Social Care,Third Party Payments,Private Contractors,BUPA Care Services,BUPA CARE SERVICES,4548.75,placement
T-09,R-06,1,off_contract.csv,5,BUPA CARE SERVICES,BUPA Care Services,1874166.5,7496666.0,370,placement,1.0,True,none,,Adult Social Care,Over500_2026_P02_-_published:1072,Over500_2026_P02_-_published,1072,2026-05-20,Adult Social Care,Third Party Payments,Private Contractors,BUPA Care Services,BUPA CARE SERVICES,4548.75,placement
T-09,R-06,1,off_contract.csv,5,BUPA CARE SERVICES,BUPA Care Services,1874166.5,7496666.0,370,placement,1.0,True,none,,Adult Social Care,Over500_2026_P02_-_published:1967,Over500_2026_P02_-_published,1967,2026-05-20,Adult Social Care,Third Party Payments,Private Contractors,BUPA Care Services,BUPA CARE SERVICES,5314.58,placement
T-09,R-06,1,off_contract.csv,5,BUPA CARE SERVICES,BUPA Care Services,1874166.5,7496666.0,370,placement,1.0,True,none,,Adult Social Care,Over500_2026_P03_-_published:1018,Over500_2026_P03_-_published,1018,2026-06-03,Adult Social Care,Third Party Payments,Private Contractors,BUPA Care Services,BUPA CARE SERVICES,4548.75,placement
T-09,R-06,1,off_contract.csv,5,BUPA CARE SERVICES,BUPA Care Services,1874166.5,7496666.0,370,placement,1.0,True,none,,Adult Social Care,Over500_2026_P03_-_published:1322,Over500_2026_P03_-_published,1322,2026-06-03,Adult Social Care,Third Party Payments,Private Contractors,BUPA Care Services,BUPA CARE SERVICES,4548.75,placement
T-09,R-06,1,off_contract.csv,5,BUPA CARE SERVICES,BUPA Care Services,1874166.5,7496666.0,370,placement,1.0,True,none,,Adult Social Care,Over500_2026_P03_-_published:1857,Over500_2026_P03_-_published,1857,2026-06-03,Adult Social Care,Third Party Payments,Private Contractors,BUPA Care Services,BUPA CARE SERVICES,4548.75,placement
T-09,R-06,1,off_contract.csv,5,BUPA CARE SERVICES,BUPA Care Services,1874166.5,7496666.0,370,placement,1.0,True,none,,Adult Social Care,Over500_2026_P03_-_published:2830,Over500_2026_P03_-_published,2830,2026-06-03,Adult Social Care,Third Party Payments,Private Contractors,BUPA Care Services,BUPA CARE SERVICES,4548.75,placement
T-09,R-06,1,off_contract.csv,5,BUPA CARE SERVICES,BUPA Care Services,1874166.5,7496666.0,370,placement,1.0,True,none,,Adult Social Care,Over500_2026_P03_-_published:2845,Over500_2026_P03_-_published,2845,2026-06-03,Adult Social Care,Third Party Payments,Private Contractors,BUPA Care Services,BUPA CARE SERVICES,4548.75,placement
T-09,R-06,1,off_contract.csv,5,BUPA CARE SERVICES,BUPA Care Services,1874166.5,7496666.0,370,placement,1.0,True,none,,Adult Social Care,Over500_2026_P03_-_published:890,Over500_2026_P03_-_published,890,2026-06-03,Adult Social Care,Third Party Payments,Private Contractors,BUPA Care Services,BUPA CARE SERVICES,4548.75,placement
T-09,R-06,1,off_contract.csv,5,BUPA CARE SERVICES,BUPA Care Services,1874166.5,7496666.0,370,placement,1.0,True,none,,Adult Social Care,Over500_2026_P03_-_published:891,Over500_2026_P03_-_published,891,2026-06-03,Adult Social Care,Third Party Payments,Private Contractors,BUPA Care Services,BUPA CARE SERVICES,4548.75,placement
T-09,R-06,1,off_contract.csv,5,BUPA CARE SERVICES,BUPA Care Services,1874166.5,7496666.0,370,placement,1.0,True,none,,Adult Social Care,Over500_2026_P03_-_published:892,Over500_2026_P03_-_published,892,2026-06-03,Adult Social Care,Third Party Payments,Private Contractors,BUPA Care Services,BUPA CARE SERVICES,5314.58,placement
T-09,R-06,1,off_contract.csv,5,BUPA CARE SERVICES,BUPA Care Services,1874166.5,7496666.0,370,placement,1.0,True,none,,Adult Social Care,Over500_2026_P03_-_published:915,Over500_2026_P03_-_published,915,2026-06-03,Adult Social Care,Third Party Payments,Private Contractors,BUPA Care Services,BUPA CARE SERVICES,4548.75,placement
T-09,R-06,1,off_contract.csv,5,BUPA CARE SERVICES,BUPA Care Services,1874166.5,7496666.0,370,placement,1.0,True,none,,Adult Social Care,Over500_2026_P03_-_published:916,Over500_2026_P03_-_published,916,2026-06-03,Adult Social Care,Third Party Payments,Private Contractors,BUPA Care Services,BUPA CARE SERVICES,4548.75,placement
T-09,R-06,1,off_contract.csv,5,BUPA CARE SERVICES,BUPA Care Services,1874166.5,7496666.0,370,placement,1.0,True,none,,Adult Social Care,Over500_2026_P03_-_published:917,Over500_2026_P03_-_published,917,2026-06-03,Adult Social Care,Third Party Payments,Private Contractors,BUPA Care Services,BUPA CARE SERVICES,4548.75,placement
T-09,R-06,1,off_contract.csv,5,BUPA CARE SERVICES,BUPA Care Services,1874166.5,7496666.0,370,placement,1.0,True,none,,Adult Social Care,Over500_2026_P03_-_published:918,Over500_2026_P03_-_published,918,2026-06-03,Adult Social Care,Third Party Payments,Private Contractors,BUPA Care Services,BUPA CARE SERVICES,5314.58,placement
T-09,R-06,1,off_contract.csv,5,BUPA CARE SERVICES,BUPA Care Services,1874166.5,7496666.0,370,placement,1.0,True,none,,Adult Social Care,Over500_2026_P03_-_published:937,Over500_2026_P03_-_published,937,2026-06-03,Adult Social Care,Third Party Payments,Private Contractors,BUPA Care Services,BUPA CARE SERVICES,4548.75,placement
T-09,R-06,1,off_contract.csv,5,BUPA CARE SERVICES,BUPA Care Services,1874166.5,7496666.0,370,placement,1.0,True,none,,Adult Social Care,Over500_2026_P03_-_published:938,Over500_2026_P03_-_published,938,2026-06-03,Adult Social Care,Third Party Payments,Private Contractors,BUPA Care Services,BUPA CARE SERVICES,4548.75,placement
T-09,R-06,1,off_contract.csv,5,BUPA CARE SERVICES,BUPA Care Services,1874166.5,7496666.0,370,placement,1.0,True,none,,Adult Social Care,Over500_2026_P03_-_published:939,Over500_2026_P03_-_published,939,2026-06-03,Adult Social Care,Third Party Payments,Private Contractors,BUPA Care Services,BUPA CARE SERVICES,5314.58,placement
T-09,R-06,1,off_contract.csv,5,BUPA CARE SERVICES,BUPA Care Services,1874166.5,7496666.0,370,placement,1.0,True,none,,Adult Social Care,Over500_2026_P03_-_published:951,Over500_2026_P03_-_published,951,2026-06-03,Adult Social Care,Third Party Payments,Private Contractors,BUPA Care Services,BUPA CARE SERVICES,4548.75,placement
T-09,R-06,1,off_contract.csv,5,BUPA CARE SERVICES,BUPA Care Services,1874166.5,7496666.0,370,placement,1.0,True,none,,Adult Social Care,Over500_2026_P03_-_published:1003,Over500_2026_P03_-_published,1003,2026-06-10,Adult Social Care,Third Party Payments,Private Contractors,BUPA Care Services,BUPA CARE SERVICES,5880.0,placement
T-09,R-06,1,off_contract.csv,5,BUPA CARE SERVICES,BUPA Care Services,1874166.5,7496666.0,370,placement,1.0,True,none,,Adult Social Care,Over500_2026_P03_-_published:1005,Over500_2026_P03_-_published,1005,2026-06-10,Adult Social Care,Third Party Payments,Private Contractors,BUPA Care Services,BUPA CARE SERVICES,5174.08,placement
T-09,R-06,1,off_contract.csv,5,BUPA CARE SERVICES,BUPA Care Services,1874166.5,7496666.0,370,placement,1.0,True,none,,Adult Social Care,Over500_2026_P03_-_published:1006,Over500_2026_P03_-_published,1006,2026-06-10,Adult Social Care,Third Party Payments,Private Contractors,BUPA Care Services,BUPA CARE SERVICES,5591.68,placement
T-09,R-06,1,off_contract.csv,5,BUPA CARE SERVICES,BUPA Care Services,1874166.5,7496666.0,370,placement,1.0,True,none,,Adult Social Care,Over500_2026_P03_-_published:1011,Over500_2026_P03_-_published,1011,2026-06-10,Adult Social Care,Third Party Payments,Private Contractors,BUPA Care Services,BUPA CARE SERVICES,5097.52,placement
T-09,R-06,1,off_contract.csv,5,BUPA CARE SERVICES,BUPA Care Services,1874166.5,7496666.0,370,placement,1.0,True,none,,Adult Social Care,Over500_2026_P03_-_published:1012,Over500_2026_P03_-_published,1012,2026-06-10,Adult Social Care,Third Party Payments,Private Contractors,BUPA Care Services,BUPA CARE SERVICES,6095.08,placement
T-09,R-06,1,off_contract.csv,5,BUPA CARE SERVICES,BUPA Care Services,1874166.5,7496666.0,370,placement,1.0,True,none,,Adult Social Care,Over500_2026_P03_-_published:1027,Over500_2026_P03_-_published,1027,2026-06-10,Adult Social Care,Third Party Payments,Private Contractors,BUPA Care Services,BUPA CARE SERVICES,5097.52,placement
T-09,R-06,1,off_contract.csv,5,BUPA CARE SERVICES,BUPA Care Services,1874166.5,7496666.0,370,placement,1.0,True,none,,Adult Social Care,Over500_2026_P03_-_published:1028,Over500_2026_P03_-_published,1028,2026-06-10,Adult Social Care,Third Party Payments,Private Contractors,BUPA Care Services,BUPA CARE SERVICES,5097.52,placement
T-09,R-06,1,off_contract.csv,5,BUPA CARE SERVICES,BUPA Care Services,1874166.5,7496666.0,370,placement,1.0,True,none,,Adult Social Care,Over500_2026_P03_-_published:1312,Over500_2026_P03_-_published,1312,2026-06-10,Adult Social Care,Third Party Payments,Private Contractors,BUPA Care Services,BUPA CARE SERVICES,5812.88,placement
T-09,R-06,1,off_contract.csv,5,BUPA CARE SERVICES,BUPA Care Services,1874166.5,7496666.0,370,placement,1.0,True,none,,Adult Social Care,Over500_2026_P03_-_published:1323,Over500_2026_P03_-_published,1323,2026-06-10,Adult Social Care,Third Party Payments,Private Contractors,BUPA Care Services,BUPA CARE SERVICES,3714.28,placement
T-09,R-06,1,off_contract.csv,5,BUPA CARE SERVICES,BUPA Care Services,1874166.5,7496666.0,370,placement,1.0,True,none,,Adult Social Care,Over500_2026_P03_-_published:1324,Over500_2026_P03_-_published,1324,2026-06-10,Adult Social Care,Third Party Payments,Private Contractors,BUPA Care Services,BUPA CARE SERVICES,6834.96,placement
T-09,R-06,1,off_contract.csv,5,BUPA CARE SERVICES,BUPA Care Services,1874166.5,7496666.0,370,placement,1.0,True,none,,Adult Social Care,Over500_2026_P03_-_published:1325,Over500_2026_P03_-_published,1325,2026-06-10,Adult Social Care,Third Party Payments,Private Contractors,BUPA Care Services,BUPA CARE SERVICES,6300.0,placement
T-09,R-06,1,off_contract.csv,5,BUPA CARE SERVICES,BUPA Care Services,1874166.5,7496666.0,370,placement,1.0,True,none,,Adult Social Care,Over500_2026_P03_-_published:1326,Over500_2026_P03_-_published,1326,2026-06-10,Adult Social Care,Third Party Payments,Private Contractors,BUPA Care Services,BUPA CARE SERVICES,4830.0,placement
T-09,R-06,1,off_contract.csv,5,BUPA CARE SERVICES,BUPA Care Services,1874166.5,7496666.0,370,placement,1.0,True,none,,Adult Social Care,Over500_2026_P03_-_published:1327,Over500_2026_P03_-_published,1327,2026-06-10,Adult Social Care,Third Party Payments,Private Contractors,BUPA Care Services,BUPA CARE SERVICES,5896.0,placement
T-09,R-06,1,off_contract.csv,5,BUPA CARE SERVICES,BUPA Care Services,1874166.5,7496666.0,370,placement,1.0,True,none,,Adult Social Care,Over500_2026_P03_-_published:1328,Over500_2026_P03_-_published,1328,2026-06-10,Adult Social Care,Third Party Payments,Private Contractors,BUPA Care Services,BUPA CARE SERVICES,5166.0,placement
T-09,R-06,1,off_contract.csv,5,BUPA CARE SERVICES,BUPA Care Services,1874166.5,7496666.0,370,placement,1.0,True,none,,Adult Social Care,Over500_2026_P03_-_published:1329,Over500_2026_P03_-_published,1329,2026-06-10,Adult Social Care,Third Party Payments,Private Contractors,BUPA Care Services,BUPA CARE SERVICES,5817.0,placement
T-09,R-06,1,off_contract.csv,5,BUPA CARE SERVICES,BUPA Care Services,1874166.5,7496666.0,370,placement,1.0,True,none,,Adult Social Care,Over500_2026_P03_-_published:1330,Over500_2026_P03_-_published,1330,2026-06-10,Adult Social Care,Third Party Payments,Private Contractors,BUPA Care Services,BUPA CARE SERVICES,5506.2,placement
T-09,R-06,1,off_contract.csv,5,BUPA CARE SERVICES,BUPA Care Services,1874166.5,7496666.0,370,placement,1.0,True,none,,Adult Social Care,Over500_2026_P03_-_published:1336,Over500_2026_P03_-_published,1336,2026-06-10,Adult Social Care,Third Party Payments,Private Contractors,BUPA Care Services,BUPA CARE SERVICES,5097.52,placement
T-09,R-06,1,off_contract.csv,5,BUPA CARE SERVICES,BUPA Care Services,1874166.5,7496666.0,370,placement,1.0,True,none,,Adult Social Care,Over500_2026_P03_-_published:1342,Over500_2026_P03_-_published,1342,2026-06-10,Adult Social Care,Third Party Payments,Private Contractors,BUPA Care Services,BUPA CARE SERVICES,5250.0,placement
T-09,R-06,1,off_contract.csv,5,BUPA CARE SERVICES,BUPA Care Services,1874166.5,7496666.0,370,placement,1.0,True,none,,Adult Social Care,Over500_2026_P03_-_published:1343,Over500_2026_P03_-_published,1343,2026-06-10,Adult Social Care,Third Party Payments,Private Contractors,BUPA Care Services,BUPA CARE SERVICES,5896.0,placement
T-09,R-06,1,off_contract.csv,5,BUPA CARE SERVICES,BUPA Care Services,1874166.5,7496666.0,370,placement,1.0,True,none,,Adult Social Care,Over500_2026_P03_-_published:1344,Over500_2026_P03_-_published,1344,2026-06-10,Adult Social Care,Third Party Payments,Private Contractors,BUPA Care Services,BUPA CARE SERVICES,5166.0,placement
T-09,R-06,1,off_contract.csv,5,BUPA CARE SERVICES,BUPA Care Services,1874166.5,7496666.0,370,placement,1.0,True,none,,Adult Social Care,Over500_2026_P03_-_published:1345,Over500_2026_P03_-_published,1345,2026-06-10,Adult Social Care,Third Party Payments,Private Contractors,BUPA Care Services,BUPA CARE SERVICES,5166.0,placement
T-09,R-06,1,off_contract.csv,5,BUPA CARE SERVICES,BUPA Care Services,1874166.5,7496666.0,370,placement,1.0,True,none,,Adult Social Care,Over500_2026_P03_-_published:1346,Over500_2026_P03_-_published,1346,2026-06-10,Adult Social Care,Third Party Payments,Private Contractors,BUPA Care Services,BUPA CARE SERVICES,5166.0,placement
T-09,R-06,1,off_contract.csv,5,BUPA CARE SERVICES,BUPA Care Services,1874166.5,7496666.0,370,placement,1.0,True,none,,Adult Social Care,Over500_2026_P03_-_published:1371,Over500_2026_P03_-_published,1371,2026-06-10,Adult Social Care,Third Party Payments,Private Contractors,BUPA Care Services,BUPA CARE SERVICES,5630.56,placement
T-09,R-06,1,off_contract.csv,5,BUPA CARE SERVICES,BUPA Care Services,1874166.5,7496666.0,370,placement,1.0,True,none,,Adult Social Care,Over500_2026_P03_-_published:1372,Over500_2026_P03_-_published,1372,2026-06-10,Adult Social Care,Third Party Payments,Private Contractors,BUPA Care Services,BUPA CARE SERVICES,5812.88,placement
T-09,R-06,1,off_contract.csv,5,BUPA CARE SERVICES,BUPA Care Services,1874166.5,7496666.0,370,placement,1.0,True,none,,Adult Social Care,Over500_2026_P03_-_published:1377,Over500_2026_P03_-_published,1377,2026-06-10,Adult Social Care,Third Party Payments,Private Contractors,BUPA Care Services,BUPA CARE SERVICES,5981.52,placement
T-09,R-06,1,off_contract.csv,5,BUPA CARE SERVICES,BUPA Care Services,1874166.5,7496666.0,370,placement,1.0,True,none,,Adult Social Care,Over500_2026_P03_-_published:1378,Over500_2026_P03_-_published,1378,2026-06-10,Adult Social Care,Third Party Payments,Private Contractors,BUPA Care Services,BUPA CARE SERVICES,6474.76,placement
T-09,R-06,1,off_contract.csv,5,BUPA CARE SERVICES,BUPA Care Services,1874166.5,7496666.0,370,placement,1.0,True,none,,Adult Social Care,Over500_2026_P03_-_published:1379,Over500_2026_P03_-_published,1379,2026-06-10,Adult Social Care,Third Party Payments,Private Contractors,BUPA Care Services,BUPA CARE SERVICES,5166.0,placement
T-09,R-06,1,off_contract.csv,5,BUPA CARE SERVICES,BUPA Care Services,1874166.5,7496666.0,370,placement,1.0,True,none,,Adult Social Care,Over500_2026_P03_-_published:1380,Over500_2026_P03_-_published,1380,2026-06-10,Adult Social Care,Third Party Payments,Private Contractors,BUPA Care Services,BUPA CARE SERVICES,6604.8,placement
T-09,R-06,1,off_contract.csv,5,BUPA CARE SERVICES,BUPA Care Services,1874166.5,7496666.0,370,placement,1.0,True,none,,Adult Social Care,Over500_2026_P03_-_published:1412,Over500_2026_P03_-_published,1412,2026-06-10,Adult Social Care,Third Party Payments,Private Contractors,BUPA Care Services,BUPA CARE SERVICES,5892.88,placement
T-09,R-06,1,off_contract.csv,5,BUPA CARE SERVICES,BUPA Care Services,1874166.5,7496666.0,370,placement,1.0,True,none,,Adult Social Care,Over500_2026_P03_-_published:1413,Over500_2026_P03_-_published,1413,2026-06-10,Adult Social Care,Third Party Payments,Private Contractors,BUPA Care Services,BUPA CARE SERVICES,5817.0,placement
T-09,R-06,1,off_contract.csv,5,BUPA CARE SERVICES,BUPA Care Services,1874166.5,7496666.0,370,placement,1.0,True,none,,Adult Social Care,Over500_2026_P03_-_published:1414,Over500_2026_P03_-_published,1414,2026-06-10,Adult Social Care,Third Party Payments,Private Contractors,BUPA Care Services,BUPA CARE SERVICES,5460.0,placement
T-09,R-06,1,off_contract.csv,5,BUPA CARE SERVICES,BUPA Care Services,1874166.5,7496666.0,370,placement,1.0,True,none,,Adult Social Care,Over500_2026_P03_-_published:1460,Over500_2026_P03_-_published,1460,2026-06-10,Adult Social Care,Third Party Payments,Private Contractors,BUPA Care Services,BUPA CARE SERVICES,5597.68,placement
T-09,R-06,1,off_contract.csv,5,BUPA CARE SERVICES,BUPA Care Services,1874166.5,7496666.0,370,placement,1.0,True,none,,Adult Social Care,Over500_2026_P03_-_published:1470,Over500_2026_P03_-_published,1470,2026-06-10,Adult Social Care,Third Party Payments,Private Contractors,BUPA Care Services,BUPA CARE SERVICES,7350.0,placement
T-09,R-06,1,off_contract.csv,5,BUPA CARE SERVICES,BUPA Care Services,1874166.5,7496666.0,370,placement,1.0,True,none,,Adult Social Care,Over500_2026_P03_-_published:1477,Over500_2026_P03_-_published,1477,2026-06-10,Adult Social Care,Third Party Payments,Private Contractors,BUPA Care Services,BUPA CARE SERVICES,5097.52,placement
T-09,R-06,1,off_contract.csv,5,BUPA CARE SERVICES,BUPA Care Services,1874166.5,7496666.0,370,placement,1.0,True,none,,Adult Social Care,Over500_2026_P03_-_published:1485,Over500_2026_P03_-_published,1485,2026-06-10,Adult Social Care,Third Party Payments,Private Contractors,BUPA Care Services,BUPA CARE SERVICES,5896.0,placement
T-09,R-06,1,off_contract.csv,5,BUPA CARE SERVICES,BUPA Care Services,1874166.5,7496666.0,370,placement,1.0,True,none,,Adult Social Care,Over500_2026_P03_-_published:1486,Over500_2026_P03_-_published,1486,2026-06-10,Adult Social Care,Third Party Payments,Private Contractors,BUPA Care Services,BUPA CARE SERVICES,5910.32,placement
T-09,R-06,1,off_contract.csv,5,BUPA CARE SERVICES,BUPA Care Services,1874166.5,7496666.0,370,placement,1.0,True,none,,Adult Social Care,Over500_2026_P03_-_published:1487,Over500_2026_P03_-_published,1487,2026-06-10,Adult Social Care,Third Party Payments,Private Contractors,BUPA Care Services,BUPA CARE SERVICES,5166.0,placement
T-09,R-06,1,off_contract.csv,5,BUPA CARE SERVICES,BUPA Care Services,1874166.5,7496666.0,370,placement,1.0,True,none,,Adult Social Care,Over500_2026_P03_-_published:1759,Over500_2026_P03_-_published,1759,2026-06-10,Adult Social Care,Third Party Payments,Private Contractors,BUPA Care Services,BUPA CARE SERVICES,5097.52,placement
T-09,R-06,1,off_contract.csv,5,BUPA CARE SERVICES,BUPA Care Services,1874166.5,7496666.0,370,placement,1.0,True,none,,Adult Social Care,Over500_2026_P03_-_published:1822,Over500_2026_P03_-_published,1822,2026-06-10,Adult Social Care,Third Party Payments,Private Contractors,BUPA Care Services,BUPA CARE SERVICES,1446.28,placement
T-09,R-06,1,off_contract.csv,5,BUPA CARE SERVICES,BUPA Care Services,1874166.5,7496666.0,370,placement,1.0,True,none,,Adult Social Care,Over500_2026_P03_-_published:2690,Over500_2026_P03_-_published,2690,2026-06-10,Adult Social Care,Third Party Payments,Private Contractors,BUPA Care Services,BUPA CARE SERVICES,6492.96,placement
T-09,R-06,1,off_contract.csv,5,BUPA CARE SERVICES,BUPA Care Services,1874166.5,7496666.0,370,placement,1.0,True,none,,Adult Social Care,Over500_2026_P03_-_published:2691,Over500_2026_P03_-_published,2691,2026-06-10,Adult Social Care,Third Party Payments,Private Contractors,BUPA Care Services,BUPA CARE SERVICES,5550.8,placement
T-09,R-06,1,off_contract.csv,5,BUPA CARE SERVICES,BUPA Care Services,1874166.5,7496666.0,370,placement,1.0,True,none,,Adult Social Care,Over500_2026_P03_-_published:2700,Over500_2026_P03_-_published,2700,2026-06-10,Adult Social Care,Third Party Payments,Private Contractors,BUPA Care Services,BUPA CARE SERVICES,1798.0,placement
T-09,R-06,1,off_contract.csv,5,BUPA CARE SERVICES,BUPA Care Services,1874166.5,7496666.0,370,placement,1.0,True,none,,Adult Social Care,Over500_2026_P03_-_published:2701,Over500_2026_P03_-_published,2701,2026-06-10,Adult Social Care,Third Party Payments,Private Contractors,BUPA Care Services,BUPA CARE SERVICES,5817.0,placement
T-09,R-06,1,off_contract.csv,5,BUPA CARE SERVICES,BUPA Care Services,1874166.5,7496666.0,370,placement,1.0,True,none,,Adult Social Care,Over500_2026_P03_-_published:2702,Over500_2026_P03_-_published,2702,2026-06-10,Adult Social Care,Third Party Payments,Private Contractors,BUPA Care Services,BUPA CARE SERVICES,6034.2,placement
T-09,R-06,1,off_contract.csv,5,BUPA CARE SERVICES,BUPA Care Services,1874166.5,7496666.0,370,placement,1.0,True,none,,Adult Social Care,Over500_2026_P03_-_published:2703,Over500_2026_P03_-_published,2703,2026-06-10,Adult Social Care,Third Party Payments,Private Contractors,BUPA Care Services,BUPA CARE SERVICES,4830.0,placement
T-09,R-06,1,off_contract.csv,5,BUPA CARE SERVICES,BUPA Care Services,1874166.5,7496666.0,370,placement,1.0,True,none,,Adult Social Care,Over500_2026_P03_-_published:2709,Over500_2026_P03_-_published,2709,2026-06-10,Adult Social Care,Third Party Payments,Private Contractors,BUPA Care Services,BUPA CARE SERVICES,5097.52,placement
T-09,R-06,1,off_contract.csv,5,BUPA CARE SERVICES,BUPA Care Services,1874166.5,7496666.0,370,placement,1.0,True,none,,Adult Social Care,Over500_2026_P03_-_published:2710,Over500_2026_P03_-_published,2710,2026-06-10,Adult Social Care,Third Party Payments,Private Contractors,BUPA Care Services,BUPA CARE SERVICES,5097.52,placement
T-09,R-06,1,off_contract.csv,5,BUPA CARE SERVICES,BUPA Care Services,1874166.5,7496666.0,370,placement,1.0,True,none,,Adult Social Care,Over500_2026_P03_-_published:2716,Over500_2026_P03_-_published,2716,2026-06-10,Adult Social Care,Third Party Payments,Private Contractors,BUPA Care Services,BUPA CARE SERVICES,5460.0,placement
T-09,R-06,1,off_contract.csv,5,BUPA CARE SERVICES,BUPA Care Services,1874166.5,7496666.0,370,placement,1.0,True,none,,Adult Social Care,Over500_2026_P03_-_published:2825,Over500_2026_P03_-_published,2825,2026-06-10,Adult Social Care,Third Party Payments,Private Contractors,BUPA Care Services,BUPA CARE SERVICES,4830.0,placement
T-09,R-06,1,off_contract.csv,5,BUPA CARE SERVICES,BUPA Care Services,1874166.5,7496666.0,370,placement,1.0,True,none,,Adult Social Care,Over500_2026_P03_-_published:2831,Over500_2026_P03_-_published,2831,2026-06-10,Adult Social Care,Third Party Payments,Private Contractors,BUPA Care Services,BUPA CARE SERVICES,5724.36,placement
T-09,R-06,1,off_contract.csv,5,BUPA CARE SERVICES,BUPA Care Services,1874166.5,7496666.0,370,placement,1.0,True,none,,Adult Social Care,Over500_2026_P03_-_published:2832,Over500_2026_P03_-_published,2832,2026-06-10,Adult Social Care,Third Party Payments,Private Contractors,BUPA Care Services,BUPA CARE SERVICES,5630.56,placement
T-09,R-06,1,off_contract.csv,5,BUPA CARE SERVICES,BUPA Care Services,1874166.5,7496666.0,370,placement,1.0,True,none,,Adult Social Care,Over500_2026_P03_-_published:2833,Over500_2026_P03_-_published,2833,2026-06-10,Adult Social Care,Third Party Payments,Private Contractors,BUPA Care Services,BUPA CARE SERVICES,5512.48,placement
T-09,R-06,1,off_contract.csv,5,BUPA CARE SERVICES,BUPA Care Services,1874166.5,7496666.0,370,placement,1.0,True,none,,Adult Social Care,Over500_2026_P03_-_published:2834,Over500_2026_P03_-_published,2834,2026-06-10,Adult Social Care,Third Party Payments,Private Contractors,BUPA Care Services,BUPA CARE SERVICES,5166.0,placement
T-09,R-06,1,off_contract.csv,5,BUPA CARE SERVICES,BUPA Care Services,1874166.5,7496666.0,370,placement,1.0,True,none,,Adult Social Care,Over500_2026_P03_-_published:2844,Over500_2026_P03_-_published,2844,2026-06-10,Adult Social Care,Third Party Payments,Private Contractors,BUPA Care Services,BUPA CARE SERVICES,5097.52,placement
T-09,R-06,1,off_contract.csv,5,BUPA CARE SERVICES,BUPA Care Services,1874166.5,7496666.0,370,placement,1.0,True,none,,Adult Social Care,Over500_2026_P03_-_published:2849,Over500_2026_P03_-_published,2849,2026-06-10,Adult Social Care,Third Party Payments,Private Contractors,BUPA Care Services,BUPA CARE SERVICES,5896.0,placement
T-09,R-06,1,off_contract.csv,5,BUPA CARE SERVICES,BUPA Care Services,1874166.5,7496666.0,370,placement,1.0,True,none,,Adult Social Care,Over500_2026_P03_-_published:2850,Over500_2026_P03_-_published,2850,2026-06-10,Adult Social Care,Third Party Payments,Private Contractors,BUPA Care Services,BUPA CARE SERVICES,5882.64,placement
T-09,R-06,1,off_contract.csv,5,BUPA CARE SERVICES,BUPA Care Services,1874166.5,7496666.0,370,placement,1.0,True,none,,Adult Social Care,Over500_2026_P03_-_published:2851,Over500_2026_P03_-_published,2851,2026-06-10,Adult Social Care,Third Party Payments,Private Contractors,BUPA Care Services,BUPA CARE SERVICES,5166.0,placement
T-09,R-06,1,off_contract.csv,5,BUPA CARE SERVICES,BUPA Care Services,1874166.5,7496666.0,370,placement,1.0,True,none,,Adult Social Care,Over500_2026_P03_-_published:2890,Over500_2026_P03_-_published,2890,2026-06-10,Adult Social Care,Third Party Payments,Private Contractors,BUPA Care Services,BUPA CARE SERVICES,7350.0,placement
T-09,R-06,1,off_contract.csv,5,BUPA CARE SERVICES,BUPA Care Services,1874166.5,7496666.0,370,placement,1.0,True,none,,Adult Social Care,Over500_2026_P03_-_published:3020,Over500_2026_P03_-_published,3020,2026-06-10,Adult Social Care,Third Party Payments,Private Contractors,BUPA Care Services,BUPA CARE SERVICES,5460.0,placement
T-09,R-06,1,off_contract.csv,5,BUPA CARE SERVICES,BUPA Care Services,1874166.5,7496666.0,370,placement,1.0,True,none,,Adult Social Care,Over500_2026_P03_-_published:3023,Over500_2026_P03_-_published,3023,2026-06-10,Adult Social Care,Third Party Payments,Private Contractors,BUPA Care Services,BUPA CARE SERVICES,5910.32,placement
T-09,R-06,1,off_contract.csv,5,BUPA CARE SERVICES,BUPA Care Services,1874166.5,7496666.0,370,placement,1.0,True,none,,Adult Social Care,Over500_2026_P03_-_published:837,Over500_2026_P03_-_published,837,2026-06-10,Adult Social Care,Third Party Payments,Private Contractors,BUPA Care Services,BUPA CARE SERVICES,5097.52,placement
T-09,R-06,1,off_contract.csv,5,BUPA CARE SERVICES,BUPA Care Services,1874166.5,7496666.0,370,placement,1.0,True,none,,Adult Social Care,Over500_2026_P03_-_published:852,Over500_2026_P03_-_published,852,2026-06-10,Adult Social Care,Third Party Payments,Private Contractors,BUPA Care Services,BUPA CARE SERVICES,4830.0,placement
T-09,R-06,1,off_contract.csv,5,BUPA CARE SERVICES,BUPA Care Services,1874166.5,7496666.0,370,placement,1.0,True,none,,Adult Social Care,Over500_2026_P03_-_published:871,Over500_2026_P03_-_published,871,2026-06-10,Adult Social Care,Third Party Payments,Private Contractors,BUPA Care Services,BUPA CARE SERVICES,4809.44,placement
T-09,R-06,1,off_contract.csv,5,BUPA CARE SERVICES,BUPA Care Services,1874166.5,7496666.0,370,placement,1.0,True,none,,Adult Social Care,Over500_2026_P03_-_published:872,Over500_2026_P03_-_published,872,2026-06-10,Adult Social Care,Third Party Payments,Private Contractors,BUPA Care Services,BUPA CARE SERVICES,4946.43,placement
T-09,R-06,1,off_contract.csv,5,BUPA CARE SERVICES,BUPA Care Services,1874166.5,7496666.0,370,placement,1.0,True,none,,Adult Social Care,Over500_2026_P03_-_published:893,Over500_2026_P03_-_published,893,2026-06-10,Adult Social Care,Third Party Payments,Private Contractors,BUPA Care Services,BUPA CARE SERVICES,5097.52,placement
T-09,R-06,1,off_contract.csv,5,BUPA CARE SERVICES,BUPA Care Services,1874166.5,7496666.0,370,placement,1.0,True,none,,Adult Social Care,Over500_2026_P03_-_published:894,Over500_2026_P03_-_published,894,2026-06-10,Adult Social Care,Third Party Payments,Private Contractors,BUPA Care Services,BUPA CARE SERVICES,5097.52,placement
T-09,R-06,1,off_contract.csv,5,BUPA CARE SERVICES,BUPA Care Services,1874166.5,7496666.0,370,placement,1.0,True,none,,Adult Social Care,Over500_2026_P03_-_published:895,Over500_2026_P03_-_published,895,2026-06-10,Adult Social Care,Third Party Payments,Private Contractors,BUPA Care Services,BUPA CARE SERVICES,5160.44,placement
T-09,R-06,1,off_contract.csv,5,BUPA CARE SERVICES,BUPA Care Services,1874166.5,7496666.0,370,placement,1.0,True,none,,Adult Social Care,Over500_2026_P03_-_published:896,Over500_2026_P03_-_published,896,2026-06-10,Adult Social Care,Third Party Payments,Private Contractors,BUPA Care Services,BUPA CARE SERVICES,1208.0,placement
T-09,R-06,1,off_contract.csv,5,BUPA CARE SERVICES,BUPA Care Services,1874166.5,7496666.0,370,placement,1.0,True,none,,Adult Social Care,Over500_2026_P03_-_published:897,Over500_2026_P03_-_published,897,2026-06-10,Adult Social Care,Third Party Payments,Private Contractors,BUPA Care Services,BUPA CARE SERVICES,7103.0,placement
T-09,R-06,1,off_contract.csv,5,BUPA CARE SERVICES,BUPA Care Services,1874166.5,7496666.0,370,placement,1.0,True,none,,Adult Social Care,Over500_2026_P03_-_published:898,Over500_2026_P03_-_published,898,2026-06-10,Adult Social Care,Third Party Payments,Private Contractors,BUPA Care Services,BUPA CARE SERVICES,4830.0,placement
T-09,R-06,1,off_contract.csv,5,BUPA CARE SERVICES,BUPA Care Services,1874166.5,7496666.0,370,placement,1.0,True,none,,Adult Social Care,Over500_2026_P03_-_published:903,Over500_2026_P03_-_published,903,2026-06-10,Adult Social Care,Third Party Payments,Private Contractors,BUPA Care Services,BUPA CARE SERVICES,5097.52,placement
T-09,R-06,1,off_contract.csv,5,BUPA CARE SERVICES,BUPA Care Services,1874166.5,7496666.0,370,placement,1.0,True,none,,Adult Social Care,Over500_2026_P03_-_published:904,Over500_2026_P03_-_published,904,2026-06-10,Adult Social Care,Third Party Payments,Private Contractors,BUPA Care Services,BUPA CARE SERVICES,4471.52,placement
T-09,R-06,1,off_contract.csv,5,BUPA CARE SERVICES,BUPA Care Services,1874166.5,7496666.0,370,placement,1.0,True,none,,Adult Social Care,Over500_2026_P03_-_published:919,Over500_2026_P03_-_published,919,2026-06-10,Adult Social Care,Third Party Payments,Private Contractors,BUPA Care Services,BUPA CARE SERVICES,5097.52,placement
T-09,R-06,1,off_contract.csv,5,BUPA CARE SERVICES,BUPA Care Services,1874166.5,7496666.0,370,placement,1.0,True,none,,Adult Social Care,Over500_2026_P03_-_published:920,Over500_2026_P03_-_published,920,2026-06-10,Adult Social Care,Third Party Payments,Private Contractors,BUPA Care Services,BUPA CARE SERVICES,5040.0,placement
T-09,R-06,1,off_contract.csv,5,BUPA CARE SERVICES,BUPA Care Services,1874166.5,7496666.0,370,placement,1.0,True,none,,Adult Social Care,Over500_2026_P03_-_published:921,Over500_2026_P03_-_published,921,2026-06-10,Adult Social Care,Third Party Payments,Private Contractors,BUPA Care Services,BUPA CARE SERVICES,4749.96,placement
T-09,R-06,1,off_contract.csv,5,BUPA CARE SERVICES,BUPA Care Services,1874166.5,7496666.0,370,placement,1.0,True,none,,Adult Social Care,Over500_2026_P03_-_published:922,Over500_2026_P03_-_published,922,2026-06-10,Adult Social Care,Third Party Payments,Private Contractors,BUPA Care Services,BUPA CARE SERVICES,2792.86,placement
T-09,R-06,1,off_contract.csv,5,BUPA CARE SERVICES,BUPA Care Services,1874166.5,7496666.0,370,placement,1.0,True,none,,Adult Social Care,Over500_2026_P03_-_published:923,Over500_2026_P03_-_published,923,2026-06-10,Adult Social Care,Third Party Payments,Private Contractors,BUPA Care Services,BUPA CARE SERVICES,4830.0,placement
T-09,R-06,1,off_contract.csv,5,BUPA CARE SERVICES,BUPA Care Services,1874166.5,7496666.0,370,placement,1.0,True,none,,Adult Social Care,Over500_2026_P03_-_published:940,Over500_2026_P03_-_published,940,2026-06-10,Adult Social Care,Third Party Payments,Private Contractors,BUPA Care Services,BUPA CARE SERVICES,5506.2,placement
T-09,R-06,1,off_contract.csv,5,BUPA CARE SERVICES,BUPA Care Services,1874166.5,7496666.0,370,placement,1.0,True,none,,Adult Social Care,Over500_2026_P03_-_published:941,Over500_2026_P03_-_published,941,2026-06-10,Adult Social Care,Third Party Payments,Private Contractors,BUPA Care Services,BUPA CARE SERVICES,5166.0,placement
T-09,R-06,1,off_contract.csv,5,BUPA CARE SERVICES,BUPA Care Services,1874166.5,7496666.0,370,placement,1.0,True,none,,Adult Social Care,Over500_2026_P03_-_published:942,Over500_2026_P03_-_published,942,2026-06-10,Adult Social Care,Third Party Payments,Private Contractors,BUPA Care Services,BUPA CARE SERVICES,4830.0,placement
T-09,R-06,1,off_contract.csv,5,BUPA CARE SERVICES,BUPA Care Services,1874166.5,7496666.0,370,placement,1.0,True,none,,Adult Social Care,Over500_2026_P03_-_published:943,Over500_2026_P03_-_published,943,2026-06-10,Adult Social Care,Third Party Payments,Private Contractors,BUPA Care Services,BUPA CARE SERVICES,6629.44,placement
T-09,R-06,1,off_contract.csv,5,BUPA CARE SERVICES,BUPA Care Services,1874166.5,7496666.0,370,placement,1.0,True,none,,Adult Social Care,Over500_2026_P03_-_published:944,Over500_2026_P03_-_published,944,2026-06-10,Adult Social Care,Third Party Payments,Private Contractors,BUPA Care Services,BUPA CARE SERVICES,5097.52,placement
T-09,R-06,1,off_contract.csv,5,BUPA CARE SERVICES,BUPA Care Services,1874166.5,7496666.0,370,placement,1.0,True,none,,Adult Social Care,Over500_2026_P03_-_published:945,Over500_2026_P03_-_published,945,2026-06-10,Adult Social Care,Third Party Payments,Private Contractors,BUPA Care Services,BUPA CARE SERVICES,5506.2,placement
T-09,R-06,1,off_contract.csv,5,BUPA CARE SERVICES,BUPA Care Services,1874166.5,7496666.0,370,placement,1.0,True,none,,Adult Social Care,Over500_2026_P03_-_published:946,Over500_2026_P03_-_published,946,2026-06-10,Adult Social Care,Third Party Payments,Private Contractors,BUPA Care Services,BUPA CARE SERVICES,5097.52,placement
T-09,R-06,1,off_contract.csv,5,BUPA CARE SERVICES,BUPA Care Services,1874166.5,7496666.0,370,placement,1.0,True,none,,Adult Social Care,Over500_2026_P03_-_published:947,Over500_2026_P03_-_published,947,2026-06-10,Adult Social Care,Third Party Payments,Private Contractors,BUPA Care Services,BUPA CARE SERVICES,4471.52,placement
T-09,R-06,1,off_contract.csv,5,BUPA CARE SERVICES,BUPA Care Services,1874166.5,7496666.0,370,placement,1.0,True,none,,Adult Social Care,Over500_2026_P03_-_published:953,Over500_2026_P03_-_published,953,2026-06-10,Adult Social Care,Third Party Payments,Private Contractors,BUPA Care Services,BUPA CARE SERVICES,5506.2,placement
T-09,R-06,1,off_contract.csv,5,BUPA CARE SERVICES,BUPA Care Services,1874166.5,7496666.0,370,placement,1.0,True,none,,Adult Social Care,Over500_2026_P03_-_published:954,Over500_2026_P03_-_published,954,2026-06-10,Adult Social Care,Third Party Payments,Private Contractors,BUPA Care Services,BUPA CARE SERVICES,1250.0,placement
T-09,R-06,1,off_contract.csv,5,BUPA CARE SERVICES,BUPA Care Services,1874166.5,7496666.0,370,placement,1.0,True,none,,Adult Social Care,Over500_2026_P03_-_published:960,Over500_2026_P03_-_published,960,2026-06-10,Adult Social Care,Third Party Payments,Private Contractors,BUPA Care Services,BUPA CARE SERVICES,5132.2,placement
T-09,R-06,1,off_contract.csv,5,BUPA CARE SERVICES,BUPA Care Services,1874166.5,7496666.0,370,placement,1.0,True,none,,Adult Social Care,Over500_2026_P03_-_published:961,Over500_2026_P03_-_published,961,2026-06-10,Adult Social Care,Third Party Payments,Private Contractors,BUPA Care Services,BUPA CARE SERVICES,5097.52,placement
T-09,R-06,1,off_contract.csv,5,BUPA CARE SERVICES,BUPA Care Services,1874166.5,7496666.0,370,placement,1.0,True,none,,Adult Social Care,Over500_2026_P03_-_published:962,Over500_2026_P03_-_published,962,2026-06-10,Adult Social Care,Third Party Payments,Private Contractors,BUPA Care Services,BUPA CARE SERVICES,5460.0,placement
T-09,R-06,1,off_contract.csv,5,BUPA CARE SERVICES,BUPA Care Services,1874166.5,7496666.0,370,placement,1.0,True,none,,Adult Social Care,Over500_2026_P03_-_published:975,Over500_2026_P03_-_published,975,2026-06-10,Adult Social Care,Third Party Payments,Private Contractors,BUPA Care Services,BUPA CARE SERVICES,5097.52,placement
T-09,R-06,1,off_contract.csv,5,BUPA CARE SERVICES,BUPA Care Services,1874166.5,7496666.0,370,placement,1.0,True,none,,Adult Social Care,Over500_2026_P03_-_published:976,Over500_2026_P03_-_published,976,2026-06-10,Adult Social Care,Third Party Payments,Private Contractors,BUPA Care Services,BUPA CARE SERVICES,1898.29,placement
T-09,R-06,1,off_contract.csv,5,BUPA CARE SERVICES,BUPA Care Services,1874166.5,7496666.0,370,placement,1.0,True,none,,Adult Social Care,Over500_2026_P03_-_published:977,Over500_2026_P03_-_published,977,2026-06-10,Adult Social Care,Third Party Payments,Private Contractors,BUPA Care Services,BUPA CARE SERVICES,5506.2,placement
T-09,R-06,1,off_contract.csv,5,BUPA CARE SERVICES,BUPA Care Services,1874166.5,7496666.0,370,placement,1.0,True,none,,Adult Social Care,Over500_2026_P03_-_published:980,Over500_2026_P03_-_published,980,2026-06-10,Adult Social Care,Third Party Payments,Private Contractors,BUPA Care Services,BUPA CARE SERVICES,5166.0,placement
T-09,R-06,1,off_contract.csv,5,BUPA CARE SERVICES,BUPA Care Services,1874166.5,7496666.0,370,placement,1.0,True,none,,Adult Social Care,Over500_2026_P03_-_published:981,Over500_2026_P03_-_published,981,2026-06-10,Adult Social Care,Third Party Payments,Private Contractors,BUPA Care Services,BUPA CARE SERVICES,4809.44,placement
T-09,R-06,1,off_contract.csv,5,BUPA CARE SERVICES,BUPA Care Services,1874166.5,7496666.0,370,placement,1.0,True,none,,Adult Social Care,Over500_2026_P03_-_published:987,Over500_2026_P03_-_published,987,2026-06-10,Adult Social Care,Third Party Payments,Private Contractors,BUPA Care Services,BUPA CARE SERVICES,5097.52,placement
T-09,R-06,1,off_contract.csv,5,BUPA CARE SERVICES,BUPA Care Services,1874166.5,7496666.0,370,placement,1.0,True,none,,Adult Social Care,Over500_2026_P04_-_published:1028,Over500_2026_P04_-_published,1028,2026-07-01,Adult Social Care,Third Party Payments,Private Contractors,BUPA Care Services,BUPA CARE SERVICES,761.82,placement
T-09,R-06,1,off_contract.csv,5,BUPA CARE SERVICES,BUPA Care Services,1874166.5,7496666.0,370,placement,1.0,True,none,,Adult Social Care,Over500_2026_P04_-_published:1029,Over500_2026_P04_-_published,1029,2026-07-01,Adult Social Care,Third Party Payments,Private Contractors,BUPA Care Services,BUPA CARE SERVICES,652.04,placement
T-09,R-06,1,off_contract.csv,5,BUPA CARE SERVICES,BUPA Care Services,1874166.5,7496666.0,370,placement,1.0,True,none,,Adult Social Care,Over500_2026_P04_-_published:1030,Over500_2026_P04_-_published,1030,2026-07-01,Adult Social Care,Third Party Payments,Private Contractors,BUPA Care Services,BUPA CARE SERVICES,652.04,placement
T-09,R-06,1,off_contract.csv,5,BUPA CARE SERVICES,BUPA Care Services,1874166.5,7496666.0,370,placement,1.0,True,none,,Adult Social Care,Over500_2026_P04_-_published:1031,Over500_2026_P04_-_published,1031,2026-07-01,Adult Social Care,Third Party Payments,Private Contractors,BUPA Care Services,BUPA CARE SERVICES,652.04,placement
T-09,R-06,1,off_contract.csv,5,BUPA CARE SERVICES,BUPA Care Services,1874166.5,7496666.0,370,placement,1.0,True,none,,Adult Social Care,Over500_2026_P04_-_published:1051,Over500_2026_P04_-_published,1051,2026-07-01,Adult Social Care,Third Party Payments,Private Contractors,BUPA Care Services,BUPA CARE SERVICES,652.04,placement
T-09,R-06,1,off_contract.csv,5,BUPA CARE SERVICES,BUPA Care Services,1874166.5,7496666.0,370,placement,1.0,True,none,,Adult Social Care,Over500_2026_P04_-_published:1067,Over500_2026_P04_-_published,1067,2026-07-01,Adult Social Care,Third Party Payments,Private Contractors,BUPA Care Services,BUPA CARE SERVICES,652.04,placement
T-09,R-06,1,off_contract.csv,5,BUPA CARE SERVICES,BUPA Care Services,1874166.5,7496666.0,370,placement,1.0,True,none,,Adult Social Care,Over500_2026_P04_-_published:1068,Over500_2026_P04_-_published,1068,2026-07-01,Adult Social Care,Third Party Payments,Private Contractors,BUPA Care Services,BUPA CARE SERVICES,652.04,placement
T-09,R-06,1,off_contract.csv,5,BUPA CARE SERVICES,BUPA Care Services,1874166.5,7496666.0,370,placement,1.0,True,none,,Adult Social Care,Over500_2026_P04_-_published:1069,Over500_2026_P04_-_published,1069,2026-07-01,Adult Social Care,Third Party Payments,Private Contractors,BUPA Care Services,BUPA CARE SERVICES,761.82,placement
T-09,R-06,1,off_contract.csv,5,BUPA CARE SERVICES,BUPA Care Services,1874166.5,7496666.0,370,placement,1.0,True,none,,Adult Social Care,Over500_2026_P04_-_published:1075,Over500_2026_P04_-_published,1075,2026-07-01,Adult Social Care,Third Party Payments,Private Contractors,BUPA Care Services,BUPA CARE SERVICES,761.82,placement
T-09,R-06,1,off_contract.csv,5,BUPA CARE SERVICES,BUPA Care Services,1874166.5,7496666.0,370,placement,1.0,True,none,,Adult Social Care,Over500_2026_P04_-_published:1076,Over500_2026_P04_-_published,1076,2026-07-01,Adult Social Care,Third Party Payments,Private Contractors,BUPA Care Services,BUPA CARE SERVICES,652.04,placement
T-09,R-06,1,off_contract.csv,5,BUPA CARE SERVICES,BUPA Care Services,1874166.5,7496666.0,370,placement,1.0,True,none,,Adult Social Care,Over500_2026_P04_-_published:1077,Over500_2026_P04_-_published,1077,2026-07-01,Adult Social Care,Third Party Payments,Private Contractors,BUPA Care Services,BUPA CARE SERVICES,652.04,placement
T-09,R-06,1,off_contract.csv,5,BUPA CARE SERVICES,BUPA Care Services,1874166.5,7496666.0,370,placement,1.0,True,none,,Adult Social Care,Over500_2026_P04_-_published:1078,Over500_2026_P04_-_published,1078,2026-07-01,Adult Social Care,Third Party Payments,Private Contractors,BUPA Care Services,BUPA CARE SERVICES,652.04,placement
T-09,R-06,1,off_contract.csv,5,BUPA CARE SERVICES,BUPA Care Services,1874166.5,7496666.0,370,placement,1.0,True,none,,Adult Social Care,Over500_2026_P04_-_published:1079,Over500_2026_P04_-_published,1079,2026-07-01,Adult Social Care,Third Party Payments,Private Contractors,BUPA Care Services,BUPA CARE SERVICES,652.04,placement
T-09,R-06,1,off_contract.csv,5,BUPA CARE SERVICES,BUPA Care Services,1874166.5,7496666.0,370,placement,1.0,True,none,,Adult Social Care,Over500_2026_P04_-_published:1080,Over500_2026_P04_-_published,1080,2026-07-01,Adult Social Care,Third Party Payments,Private Contractors,BUPA Care Services,BUPA CARE SERVICES,761.82,placement
T-09,R-06,1,off_contract.csv,5,BUPA CARE SERVICES,BUPA Care Services,1874166.5,7496666.0,370,placement,1.0,True,none,,Adult Social Care,Over500_2026_P04_-_published:1100,Over500_2026_P04_-_published,1100,2026-07-01,Adult Social Care,Third Party Payments,Private Contractors,BUPA Care Services,BUPA CARE SERVICES,652.04,placement
T-09,R-06,1,off_contract.csv,5,BUPA CARE SERVICES,BUPA Care Services,1874166.5,7496666.0,370,placement,1.0,True,none,,Adult Social Care,Over500_2026_P04_-_published:1132,Over500_2026_P04_-_published,1132,2026-07-01,Adult Social Care,Third Party Payments,Private Contractors,BUPA Care Services,BUPA CARE SERVICES,652.04,placement
T-09,R-06,1,off_contract.csv,5,BUPA CARE SERVICES,BUPA Care Services,1874166.5,7496666.0,370,placement,1.0,True,none,,Adult Social Care,Over500_2026_P04_-_published:1133,Over500_2026_P04_-_published,1133,2026-07-01,Adult Social Care,Third Party Payments,Private Contractors,BUPA Care Services,BUPA CARE SERVICES,652.04,placement
T-09,R-06,1,off_contract.csv,5,BUPA CARE SERVICES,BUPA Care Services,1874166.5,7496666.0,370,placement,1.0,True,none,,Adult Social Care,Over500_2026_P04_-_published:1151,Over500_2026_P04_-_published,1151,2026-07-01,Adult Social Care,Third Party Payments,Private Contractors,BUPA Care Services,BUPA CARE SERVICES,652.04,placement
T-09,R-06,1,off_contract.csv,5,BUPA CARE SERVICES,BUPA Care Services,1874166.5,7496666.0,370,placement,1.0,True,none,,Adult Social Care,Over500_2026_P04_-_published:1817,Over500_2026_P04_-_published,1817,2026-07-01,Adult Social Care,Third Party Payments,Private Contractors,BUPA Care Services,BUPA CARE SERVICES,761.82,placement
T-09,R-06,1,off_contract.csv,5,BUPA CARE SERVICES,BUPA Care Services,1874166.5,7496666.0,370,placement,1.0,True,none,,Adult Social Care,Over500_2026_P04_-_published:1841,Over500_2026_P04_-_published,1841,2026-07-01,Adult Social Care,Third Party Payments,Private Contractors,BUPA Care Services,BUPA CARE SERVICES,652.04,placement
T-09,R-06,1,off_contract.csv,5,BUPA CARE SERVICES,BUPA Care Services,1874166.5,7496666.0,370,placement,1.0,True,none,,Adult Social Care,Over500_2026_P04_-_published:1889,Over500_2026_P04_-_published,1889,2026-07-01,Adult Social Care,Third Party Payments,Private Contractors,BUPA Care Services,BUPA CARE SERVICES,652.04,placement
T-09,R-06,1,off_contract.csv,5,BUPA CARE SERVICES,BUPA Care Services,1874166.5,7496666.0,370,placement,1.0,True,none,,Adult Social Care,Over500_2026_P04_-_published:1925,Over500_2026_P04_-_published,1925,2026-07-01,Adult Social Care,Third Party Payments,Private Contractors,BUPA Care Services,BUPA CARE SERVICES,652.04,placement
T-09,R-06,1,off_contract.csv,5,BUPA CARE SERVICES,BUPA Care Services,1874166.5,7496666.0,370,placement,1.0,True,none,,Adult Social Care,Over500_2026_P04_-_published:1944,Over500_2026_P04_-_published,1944,2026-07-01,Adult Social Care,Third Party Payments,Private Contractors,BUPA Care Services,BUPA CARE SERVICES,652.04,placement
T-09,R-06,1,off_contract.csv,5,BUPA CARE SERVICES,BUPA Care Services,1874166.5,7496666.0,370,placement,1.0,True,none,,Adult Social Care,Over500_2026_P04_-_published:2770,Over500_2026_P04_-_published,2770,2026-07-01,Adult Social Care,Third Party Payments,Private Contractors,BUPA Care Services,BUPA CARE SERVICES,652.04,placement
T-09,R-06,1,off_contract.csv,5,BUPA CARE SERVICES,BUPA Care Services,1874166.5,7496666.0,370,placement,1.0,True,none,,Adult Social Care,Over500_2026_P04_-_published:2869,Over500_2026_P04_-_published,2869,2026-07-01,Adult Social Care,Third Party Payments,Private Contractors,BUPA Care Services,BUPA CARE SERVICES,761.83,placement
T-09,R-06,1,off_contract.csv,5,BUPA CARE SERVICES,BUPA Care Services,1874166.5,7496666.0,370,placement,1.0,True,none,,Adult Social Care,Over500_2026_P04_-_published:1032,Over500_2026_P04_-_published,1032,2026-07-08,Adult Social Care,Third Party Payments,Private Contractors,BUPA Care Services,BUPA CARE SERVICES,5160.44,placement
T-09,R-06,1,off_contract.csv,5,BUPA CARE SERVICES,BUPA Care Services,1874166.5,7496666.0,370,placement,1.0,True,none,,Adult Social Care,Over500_2026_P04_-_published:1033,Over500_2026_P04_-_published,1033,2026-07-08,Adult Social Care,Third Party Payments,Private Contractors,BUPA Care Services,BUPA CARE SERVICES,5097.52,placement
T-09,R-06,1,off_contract.csv,5,BUPA CARE SERVICES,BUPA Care Services,1874166.5,7496666.0,370,placement,1.0,True,none,,Adult Social Care,Over500_2026_P04_-_published:1034,Over500_2026_P04_-_published,1034,2026-07-08,Adult Social Care,Third Party Payments,Private Contractors,BUPA Care Services,BUPA CARE SERVICES,5097.52,placement
T-09,R-06,1,off_contract.csv,5,BUPA CARE SERVICES,BUPA Care Services,1874166.5,7496666.0,370,placement,1.0,True,none,,Adult Social Care,Over500_2026_P04_-_published:1035,Over500_2026_P04_-_published,1035,2026-07-08,Adult Social Care,Third Party Payments,Private Contractors,BUPA Care Services,BUPA CARE SERVICES,4471.52,placement
T-09,R-06,1,off_contract.csv,5,BUPA CARE SERVICES,BUPA Care Services,1874166.5,7496666.0,370,placement,1.0,True,none,,Adult Social Care,Over500_2026_P04_-_published:1036,Over500_2026_P04_-_published,1036,2026-07-08,Adult Social Care,Third Party Payments,Private Contractors,BUPA Care Services,BUPA CARE SERVICES,5591.68,placement
T-09,R-06,1,off_contract.csv,5,BUPA CARE SERVICES,BUPA Care Services,1874166.5,7496666.0,370,placement,1.0,True,none,,Adult Social Care,Over500_2026_P04_-_published:1037,Over500_2026_P04_-_published,1037,2026-07-08,Adult Social Care,Third Party Payments,Private Contractors,BUPA Care Services,BUPA CARE SERVICES,5097.52,placement
T-09,R-06,1,off_contract.csv,5,BUPA CARE SERVICES,BUPA Care Services,1874166.5,7496666.0,370,placement,1.0,True,none,,Adult Social Care,Over500_2026_P04_-_published:1038,Over500_2026_P04_-_published,1038,2026-07-08,Adult Social Care,Third Party Payments,Private Contractors,BUPA Care Services,BUPA CARE SERVICES,5040.0,placement
T-09,R-06,1,off_contract.csv,5,BUPA CARE SERVICES,BUPA Care Services,1874166.5,7496666.0,370,placement,1.0,True,none,,Adult Social Care,Over500_2026_P04_-_published:1039,Over500_2026_P04_-_published,1039,2026-07-08,Adult Social Care,Third Party Payments,Private Contractors,BUPA Care Services,BUPA CARE SERVICES,9903.62,placement
T-09,R-06,1,off_contract.csv,5,BUPA CARE SERVICES,BUPA Care Services,1874166.5,7496666.0,370,placement,1.0,True,none,,Adult Social Care,Over500_2026_P04_-_published:1040,Over500_2026_P04_-_published,1040,2026-07-08,Adult Social Care,Third Party Payments,Private Contractors,BUPA Care Services,BUPA CARE SERVICES,8476.52,placement
T-09,R-06,1,off_contract.csv,5,BUPA CARE SERVICES,BUPA Care Services,1874166.5,7496666.0,370,placement,1.0,True,none,,Adult Social Care,Over500_2026_P04_-_published:1041,Over500_2026_P04_-_published,1041,2026-07-08,Adult Social Care,Third Party Payments,Private Contractors,BUPA Care Services,BUPA CARE SERVICES,8476.52,placement
T-09,R-06,1,off_contract.csv,5,BUPA CARE SERVICES,BUPA Care Services,1874166.5,7496666.0,370,placement,1.0,True,none,,Adult Social Care,Over500_2026_P04_-_published:1042,Over500_2026_P04_-_published,1042,2026-07-08,Adult Social Care,Third Party Payments,Private Contractors,BUPA Care Services,BUPA CARE SERVICES,7103.0,placement
T-09,R-06,1,off_contract.csv,5,BUPA CARE SERVICES,BUPA Care Services,1874166.5,7496666.0,370,placement,1.0,True,none,,Adult Social Care,Over500_2026_P04_-_published:1043,Over500_2026_P04_-_published,1043,2026-07-08,Adult Social Care,Third Party Payments,Private Contractors,BUPA Care Services,BUPA CARE SERVICES,9903.62,placement
T-09,R-06,1,off_contract.csv,5,BUPA CARE SERVICES,BUPA Care Services,1874166.5,7496666.0,370,placement,1.0,True,none,,Adult Social Care,Over500_2026_P04_-_published:1070,Over500_2026_P04_-_published,1070,2026-07-08,Adult Social Care,Third Party Payments,Private Contractors,BUPA Care Services,BUPA CARE SERVICES,4471.52,placement
T-09,R-06,1,off_contract.csv,5,BUPA CARE SERVICES,BUPA Care Services,1874166.5,7496666.0,370,placement,1.0,True,none,,Adult Social Care,Over500_2026_P04_-_published:1071,Over500_2026_P04_-_published,1071,2026-07-08,Adult Social Care,Third Party Payments,Private Contractors,BUPA Care Services,BUPA CARE SERVICES,8476.52,placement
T-09,R-06,1,off_contract.csv,5,BUPA CARE SERVICES,BUPA Care Services,1874166.5,7496666.0,370,placement,1.0,True,none,,Adult Social Care,Over500_2026_P04_-_published:1072,Over500_2026_P04_-_published,1072,2026-07-08,Adult Social Care,Third Party Payments,Private Contractors,BUPA Care Services,BUPA CARE SERVICES,5097.52,placement
T-09,R-06,1,off_contract.csv,5,BUPA CARE SERVICES,BUPA Care Services,1874166.5,7496666.0,370,placement,1.0,True,none,,Adult Social Care,Over500_2026_P04_-_published:1073,Over500_2026_P04_-_published,1073,2026-07-08,Adult Social Care,Third Party Payments,Private Contractors,BUPA Care Services,BUPA CARE SERVICES,9903.62,placement
T-09,R-06,1,off_contract.csv,5,BUPA CARE SERVICES,BUPA Care Services,1874166.5,7496666.0,370,placement,1.0,True,none,,Adult Social Care,Over500_2026_P04_-_published:1081,Over500_2026_P04_-_published,1081,2026-07-08,Adult Social Care,Third Party Payments,Private Contractors,BUPA Care Services,BUPA CARE SERVICES,5097.52,placement
T-09,R-06,1,off_contract.csv,5,BUPA CARE SERVICES,BUPA Care Services,1874166.5,7496666.0,370,placement,1.0,True,none,,Adult Social Care,Over500_2026_P04_-_published:1082,Over500_2026_P04_-_published,1082,2026-07-08,Adult Social Care,Third Party Payments,Private Contractors,BUPA Care Services,BUPA CARE SERVICES,5506.2,placement
T-09,R-06,1,off_contract.csv,5,BUPA CARE SERVICES,BUPA Care Services,1874166.5,7496666.0,370,placement,1.0,True,none,,Adult Social Care,Over500_2026_P04_-_published:1083,Over500_2026_P04_-_published,1083,2026-07-08,Adult Social Care,Third Party Payments,Private Contractors,BUPA Care Services,BUPA CARE SERVICES,5097.52,placement
T-09,R-06,1,off_contract.csv,5,BUPA CARE SERVICES,BUPA Care Services,1874166.5,7496666.0,370,placement,1.0,True,none,,Adult Social Care,Over500_2026_P04_-_published:1084,Over500_2026_P04_-_published,1084,2026-07-08,Adult Social Care,Third Party Payments,Private Contractors,BUPA Care Services,BUPA CARE SERVICES,5506.2,placement
T-09,R-06,1,off_contract.csv,5,BUPA CARE SERVICES,BUPA Care Services,1874166.5,7496666.0,370,placement,1.0,True,none,,Adult Social Care,Over500_2026_P04_-_published:1085,Over500_2026_P04_-_published,1085,2026-07-08,Adult Social Care,Third Party Payments,Private Contractors,BUPA Care Services,BUPA CARE SERVICES,3900.0,placement
T-09,R-06,1,off_contract.csv,5,BUPA CARE SERVICES,BUPA Care Services,1874166.5,7496666.0,370,placement,1.0,True,none,,Adult Social Care,Over500_2026_P04_-_published:1086,Over500_2026_P04_-_published,1086,2026-07-08,Adult Social Care,Third Party Payments,Private Contractors,BUPA Care Services,BUPA CARE SERVICES,8476.52,placement
T-09,R-06,1,off_contract.csv,5,BUPA CARE SERVICES,BUPA Care Services,1874166.5,7496666.0,370,placement,1.0,True,none,,Adult Social Care,Over500_2026_P04_-_published:1087,Over500_2026_P04_-_published,1087,2026-07-08,Adult Social Care,Third Party Payments,Private Contractors,BUPA Care Services,BUPA CARE SERVICES,8476.52,placement
T-09,R-06,1,off_contract.csv,5,BUPA CARE SERVICES,BUPA Care Services,1874166.5,7496666.0,370,placement,1.0,True,none,,Adult Social Care,Over500_2026_P04_-_published:1088,Over500_2026_P04_-_published,1088,2026-07-08,Adult Social Care,Third Party Payments,Private Contractors,BUPA Care Services,BUPA CARE SERVICES,5817.0,placement
T-09,R-06,1,off_contract.csv,5,BUPA CARE SERVICES,BUPA Care Services,1874166.5,7496666.0,370,placement,1.0,True,none,,Adult Social Care,Over500_2026_P04_-_published:1089,Over500_2026_P04_-_published,1089,2026-07-08,Adult Social Care,Third Party Payments,Private Contractors,BUPA Care Services,BUPA CARE SERVICES,5880.0,placement
T-09,R-06,1,off_contract.csv,5,BUPA CARE SERVICES,BUPA Care Services,1874166.5,7496666.0,370,placement,1.0,True,none,,Adult Social Care,Over500_2026_P04_-_published:1090,Over500_2026_P04_-_published,1090,2026-07-08,Adult Social Care,Third Party Payments,Private Contractors,BUPA Care Services,BUPA CARE SERVICES,4830.0,placement
T-09,R-06,1,off_contract.csv,5,BUPA CARE SERVICES,BUPA Care Services,1874166.5,7496666.0,370,placement,1.0,True,none,,Adult Social Care,Over500_2026_P04_-_published:1091,Over500_2026_P04_-_published,1091,2026-07-08,Adult Social Care,Third Party Payments,Private Contractors,BUPA Care Services,BUPA CARE SERVICES,4830.0,placement
T-09,R-06,1,off_contract.csv,5,BUPA CARE SERVICES,BUPA Care Services,1874166.5,7496666.0,370,placement,1.0,True,none,,Adult Social Care,Over500_2026_P04_-_published:1103,Over500_2026_P04_-_published,1103,2026-07-08,Adult Social Care,Third Party Payments,Private Contractors,BUPA Care Services,BUPA CARE SERVICES,4832.0,placement
T-09,R-06,1,off_contract.csv,5,BUPA CARE SERVICES,BUPA Care Services,1874166.5,7496666.0,370,placement,1.0,True,none,,Adult Social Care,Over500_2026_P04_-_published:1104,Over500_2026_P04_-_published,1104,2026-07-08,Adult Social Care,Third Party Payments,Private Contractors,BUPA Care Services,BUPA CARE SERVICES,5097.52,placement
T-09,R-06,1,off_contract.csv,5,BUPA CARE SERVICES,BUPA Care Services,1874166.5,7496666.0,370,placement,1.0,True,none,,Adult Social Care,Over500_2026_P04_-_published:1105,Over500_2026_P04_-_published,1105,2026-07-08,Adult Social Care,Third Party Payments,Private Contractors,BUPA Care Services,BUPA CARE SERVICES,8476.52,placement
T-09,R-06,1,off_contract.csv,5,BUPA CARE SERVICES,BUPA Care Services,1874166.5,7496666.0,370,placement,1.0,True,none,,Adult Social Care,Over500_2026_P04_-_published:1106,Over500_2026_P04_-_published,1106,2026-07-08,Adult Social Care,Third Party Payments,Private Contractors,BUPA Care Services,BUPA CARE SERVICES,5506.2,placement
T-09,R-06,1,off_contract.csv,5,BUPA CARE SERVICES,BUPA Care Services,1874166.5,7496666.0,370,placement,1.0,True,none,,Adult Social Care,Over500_2026_P04_-_published:1107,Over500_2026_P04_-_published,1107,2026-07-08,Adult Social Care,Third Party Payments,Private Contractors,BUPA Care Services,BUPA CARE SERVICES,8476.52,placement
T-09,R-06,1,off_contract.csv,5,BUPA CARE SERVICES,BUPA Care Services,1874166.5,7496666.0,370,placement,1.0,True,none,,Adult Social Care,Over500_2026_P04_-_published:1115,Over500_2026_P04_-_published,1115,2026-07-08,Adult Social Care,Third Party Payments,Private Contractors,BUPA Care Services,BUPA CARE SERVICES,8476.52,placement
T-09,R-06,1,off_contract.csv,5,BUPA CARE SERVICES,BUPA Care Services,1874166.5,7496666.0,370,placement,1.0,True,none,,Adult Social Care,Over500_2026_P04_-_published:1116,Over500_2026_P04_-_published,1116,2026-07-08,Adult Social Care,Third Party Payments,Private Contractors,BUPA Care Services,BUPA CARE SERVICES,3100.0,placement
T-09,R-06,1,off_contract.csv,5,BUPA CARE SERVICES,BUPA Care Services,1874166.5,7496666.0,370,placement,1.0,True,none,,Adult Social Care,Over500_2026_P04_-_published:1117,Over500_2026_P04_-_published,1117,2026-07-08,Adult Social Care,Third Party Payments,Private Contractors,BUPA Care Services,BUPA CARE SERVICES,6034.2,placement
T-09,R-06,1,off_contract.csv,5,BUPA CARE SERVICES,BUPA Care Services,1874166.5,7496666.0,370,placement,1.0,True,none,,Adult Social Care,Over500_2026_P04_-_published:1118,Over500_2026_P04_-_published,1118,2026-07-08,Adult Social Care,Third Party Payments,Private Contractors,BUPA Care Services,BUPA CARE SERVICES,4830.0,placement
T-09,R-06,1,off_contract.csv,5,BUPA CARE SERVICES,BUPA Care Services,1874166.5,7496666.0,370,placement,1.0,True,none,,Adult Social Care,Over500_2026_P04_-_published:1119,Over500_2026_P04_-_published,1119,2026-07-08,Adult Social Care,Third Party Payments,Private Contractors,BUPA Care Services,BUPA CARE SERVICES,4600.0,placement
T-09,R-06,1,off_contract.csv,5,BUPA CARE SERVICES,BUPA Care Services,1874166.5,7496666.0,370,placement,1.0,True,none,,Adult Social Care,Over500_2026_P04_-_published:1120,Over500_2026_P04_-_published,1120,2026-07-08,Adult Social Care,Third Party Payments,Private Contractors,BUPA Care Services,BUPA CARE SERVICES,9903.62,placement
T-09,R-06,1,off_contract.csv,5,BUPA CARE SERVICES,BUPA Care Services,1874166.5,7496666.0,370,placement,1.0,True,none,,Adult Social Care,Over500_2026_P04_-_published:1135,Over500_2026_P04_-_published,1135,2026-07-08,Adult Social Care,Third Party Payments,Private Contractors,BUPA Care Services,BUPA CARE SERVICES,5166.0,placement
T-09,R-06,1,off_contract.csv,5,BUPA CARE SERVICES,BUPA Care Services,1874166.5,7496666.0,370,placement,1.0,True,none,,Adult Social Care,Over500_2026_P04_-_published:1136,Over500_2026_P04_-_published,1136,2026-07-08,Adult Social Care,Third Party Payments,Private Contractors,BUPA Care Services,BUPA CARE SERVICES,5097.52,placement
T-09,R-06,1,off_contract.csv,5,BUPA CARE SERVICES,BUPA Care Services,1874166.5,7496666.0,370,placement,1.0,True,none,,Adult Social Care,Over500_2026_P04_-_published:1137,Over500_2026_P04_-_published,1137,2026-07-08,Adult Social Care,Third Party Payments,Private Contractors,BUPA Care Services,BUPA CARE SERVICES,5097.52,placement
T-09,R-06,1,off_contract.csv,5,BUPA CARE SERVICES,BUPA Care Services,1874166.5,7496666.0,370,placement,1.0,True,none,,Adult Social Care,Over500_2026_P04_-_published:1153,Over500_2026_P04_-_published,1153,2026-07-08,Adult Social Care,Third Party Payments,Private Contractors,BUPA Care Services,BUPA CARE SERVICES,4809.44,placement
T-09,R-06,1,off_contract.csv,5,BUPA CARE SERVICES,BUPA Care Services,1874166.5,7496666.0,370,placement,1.0,True,none,,Adult Social Care,Over500_2026_P04_-_published:1154,Over500_2026_P04_-_published,1154,2026-07-08,Adult Social Care,Third Party Payments,Private Contractors,BUPA Care Services,BUPA CARE SERVICES,8476.52,placement
T-09,R-06,1,off_contract.csv,5,BUPA CARE SERVICES,BUPA Care Services,1874166.5,7496666.0,370,placement,1.0,True,none,,Adult Social Care,Over500_2026_P04_-_published:1155,Over500_2026_P04_-_published,1155,2026-07-08,Adult Social Care,Third Party Payments,Private Contractors,BUPA Care Services,BUPA CARE SERVICES,8476.52,placement
T-09,R-06,1,off_contract.csv,5,BUPA CARE SERVICES,BUPA Care Services,1874166.5,7496666.0,370,placement,1.0,True,none,,Adult Social Care,Over500_2026_P04_-_published:1156,Over500_2026_P04_-_published,1156,2026-07-08,Adult Social Care,Third Party Payments,Private Contractors,BUPA Care Services,BUPA CARE SERVICES,5000.0,placement
T-09,R-06,1,off_contract.csv,5,BUPA CARE SERVICES,BUPA Care Services,1874166.5,7496666.0,370,placement,1.0,True,none,,Adult Social Care,Over500_2026_P04_-_published:1157,Over500_2026_P04_-_published,1157,2026-07-08,Adult Social Care,Third Party Payments,Private Contractors,BUPA Care Services,BUPA CARE SERVICES,1964.29,placement
T-09,R-06,1,off_contract.csv,5,BUPA CARE SERVICES,BUPA Care Services,1874166.5,7496666.0,370,placement,1.0,True,none,,Adult Social Care,Over500_2026_P04_-_published:1158,Over500_2026_P04_-_published,1158,2026-07-08,Adult Social Care,Third Party Payments,Private Contractors,BUPA Care Services,BUPA CARE SERVICES,8476.52,placement
T-09,R-06,1,off_contract.csv,5,BUPA CARE SERVICES,BUPA Care Services,1874166.5,7496666.0,370,placement,1.0,True,none,,Adult Social Care,Over500_2026_P04_-_published:1563,Over500_2026_P04_-_published,1563,2026-07-08,Adult Social Care,Third Party Payments,Private Contractors,BUPA Care Services,BUPA CARE SERVICES,4809.44,placement
T-09,R-06,1,off_contract.csv,5,BUPA CARE SERVICES,BUPA Care Services,1874166.5,7496666.0,370,placement,1.0,True,none,,Adult Social Care,Over500_2026_P04_-_published:1565,Over500_2026_P04_-_published,1565,2026-07-08,Adult Social Care,Third Party Payments,Private Contractors,BUPA Care Services,BUPA CARE SERVICES,4345.36,placement
T-09,R-06,1,off_contract.csv,5,BUPA CARE SERVICES,BUPA Care Services,1874166.5,7496666.0,370,placement,1.0,True,none,,Adult Social Care,Over500_2026_P04_-_published:1791,Over500_2026_P04_-_published,1791,2026-07-08,Adult Social Care,Third Party Payments,Private Contractors,BUPA Care Services,BUPA CARE SERVICES,4818.35,placement
T-09,R-06,1,off_contract.csv,5,BUPA CARE SERVICES,BUPA Care Services,1874166.5,7496666.0,370,placement,1.0,True,none,,Adult Social Care,Over500_2026_P04_-_published:1792,Over500_2026_P04_-_published,1792,2026-07-08,Adult Social Care,Third Party Payments,Private Contractors,BUPA Care Services,BUPA CARE SERVICES,8035.71,placement
T-09,R-06,1,off_contract.csv,5,BUPA CARE SERVICES,BUPA Care Services,1874166.5,7496666.0,370,placement,1.0,True,none,,Adult Social Care,Over500_2026_P04_-_published:1813,Over500_2026_P04_-_published,1813,2026-07-08,Adult Social Care,Third Party Payments,Private Contractors,BUPA Care Services,BUPA CARE SERVICES,4580.4,placement
T-09,R-06,1,off_contract.csv,5,BUPA CARE SERVICES,BUPA Care Services,1874166.5,7496666.0,370,placement,1.0,True,none,,Adult Social Care,Over500_2026_P04_-_published:1814,Over500_2026_P04_-_published,1814,2026-07-08,Adult Social Care,Third Party Payments,Private Contractors,BUPA Care Services,BUPA CARE SERVICES,5978.57,placement
T-09,R-06,1,off_contract.csv,5,BUPA CARE SERVICES,BUPA Care Services,1874166.5,7496666.0,370,placement,1.0,True,none,,Adult Social Care,Over500_2026_P04_-_published:1818,Over500_2026_P04_-_published,1818,2026-07-08,Adult Social Care,Third Party Payments,Private Contractors,BUPA Care Services,BUPA CARE SERVICES,539.4,placement
T-09,R-06,1,off_contract.csv,5,BUPA CARE SERVICES,BUPA Care Services,1874166.5,7496666.0,370,placement,1.0,True,none,,Adult Social Care,Over500_2026_P04_-_published:1819,Over500_2026_P04_-_published,1819,2026-07-08,Adult Social Care,Third Party Payments,Private Contractors,BUPA Care Services,BUPA CARE SERVICES,5174.08,placement
T-09,R-06,1,off_contract.csv,5,BUPA CARE SERVICES,BUPA Care Services,1874166.5,7496666.0,370,placement,1.0,True,none,,Adult Social Care,Over500_2026_P04_-_published:1820,Over500_2026_P04_-_published,1820,2026-07-08,Adult Social Care,Third Party Payments,Private Contractors,BUPA Care Services,BUPA CARE SERVICES,5097.52,placement
T-09,R-06,1,off_contract.csv,5,BUPA CARE SERVICES,BUPA Care Services,1874166.5,7496666.0,370,placement,1.0,True,none,,Adult Social Care,Over500_2026_P04_-_published:1821,Over500_2026_P04_-_published,1821,2026-07-08,Adult Social Care,Third Party Payments,Private Contractors,BUPA Care Services,BUPA CARE SERVICES,5097.52,placement
T-09,R-06,1,off_contract.csv,5,BUPA CARE SERVICES,BUPA Care Services,1874166.5,7496666.0,370,placement,1.0,True,none,,Adult Social Care,Over500_2026_P04_-_published:1822,Over500_2026_P04_-_published,1822,2026-07-08,Adult Social Care,Third Party Payments,Private Contractors,BUPA Care Services,BUPA CARE SERVICES,6095.08,placement
T-09,R-06,1,off_contract.csv,5,BUPA CARE SERVICES,BUPA Care Services,1874166.5,7496666.0,370,placement,1.0,True,none,,Adult Social Care,Over500_2026_P04_-_published:1823,Over500_2026_P04_-_published,1823,2026-07-08,Adult Social Care,Third Party Payments,Private Contractors,BUPA Care Services,BUPA CARE SERVICES,5097.52,placement
T-09,R-06,1,off_contract.csv,5,BUPA CARE SERVICES,BUPA Care Services,1874166.5,7496666.0,370,placement,1.0,True,none,,Adult Social Care,Over500_2026_P04_-_published:1824,Over500_2026_P04_-_published,1824,2026-07-08,Adult Social Care,Third Party Payments,Private Contractors,BUPA Care Services,BUPA CARE SERVICES,9903.62,placement
T-09,R-06,1,off_contract.csv,5,BUPA CARE SERVICES,BUPA Care Services,1874166.5,7496666.0,370,placement,1.0,True,none,,Adult Social Care,Over500_2026_P04_-_published:1825,Over500_2026_P04_-_published,1825,2026-07-08,Adult Social Care,Third Party Payments,Private Contractors,BUPA Care Services,BUPA CARE SERVICES,8476.52,placement
T-09,R-06,1,off_contract.csv,5,BUPA CARE SERVICES,BUPA Care Services,1874166.5,7496666.0,370,placement,1.0,True,none,,Adult Social Care,Over500_2026_P04_-_published:1826,Over500_2026_P04_-_published,1826,2026-07-08,Adult Social Care,Third Party Payments,Private Contractors,BUPA Care Services,BUPA CARE SERVICES,8476.52,placement
T-09,R-06,1,off_contract.csv,5,BUPA CARE SERVICES,BUPA Care Services,1874166.5,7496666.0,370,placement,1.0,True,none,,Adult Social Care,Over500_2026_P04_-_published:1827,Over500_2026_P04_-_published,1827,2026-07-08,Adult Social Care,Third Party Payments,Private Contractors,BUPA Care Services,BUPA CARE SERVICES,4749.96,placement
T-09,R-06,1,off_contract.csv,5,BUPA CARE SERVICES,BUPA Care Services,1874166.5,7496666.0,370,placement,1.0,True,none,,Adult Social Care,Over500_2026_P04_-_published:1828,Over500_2026_P04_-_published,1828,2026-07-08,Adult Social Care,Third Party Payments,Private Contractors,BUPA Care Services,BUPA CARE SERVICES,5166.0,placement
T-09,R-06,1,off_contract.csv,5,BUPA CARE SERVICES,BUPA Care Services,1874166.5,7496666.0,370,placement,1.0,True,none,,Adult Social Care,Over500_2026_P04_-_published:1829,Over500_2026_P04_-_published,1829,2026-07-08,Adult Social Care,Third Party Payments,Private Contractors,BUPA Care Services,BUPA CARE SERVICES,6629.44,placement
T-09,R-06,1,off_contract.csv,5,BUPA CARE SERVICES,BUPA Care Services,1874166.5,7496666.0,370,placement,1.0,True,none,,Adult Social Care,Over500_2026_P04_-_published:1830,Over500_2026_P04_-_published,1830,2026-07-08,Adult Social Care,Third Party Payments,Private Contractors,BUPA Care Services,BUPA CARE SERVICES,4830.0,placement
T-09,R-06,1,off_contract.csv,5,BUPA CARE SERVICES,BUPA Care Services,1874166.5,7496666.0,370,placement,1.0,True,none,,Adult Social Care,Over500_2026_P04_-_published:1831,Over500_2026_P04_-_published,1831,2026-07-08,Adult Social Care,Third Party Payments,Private Contractors,BUPA Care Services,BUPA CARE SERVICES,8476.52,placement
T-09,R-06,1,off_contract.csv,5,BUPA CARE SERVICES,BUPA Care Services,1874166.5,7496666.0,370,placement,1.0,True,none,,Adult Social Care,Over500_2026_P04_-_published:1845,Over500_2026_P04_-_published,1845,2026-07-08,Adult Social Care,Third Party Payments,Private Contractors,BUPA Care Services,BUPA CARE SERVICES,5561.91,placement
T-09,R-06,1,off_contract.csv,5,BUPA CARE SERVICES,BUPA Care Services,1874166.5,7496666.0,370,placement,1.0,True,none,,Adult Social Care,Over500_2026_P04_-_published:1846,Over500_2026_P04_-_published,1846,2026-07-08,Adult Social Care,Third Party Payments,Private Contractors,BUPA Care Services,BUPA CARE SERVICES,8476.52,placement
T-09,R-06,1,off_contract.csv,5,BUPA CARE SERVICES,BUPA Care Services,1874166.5,7496666.0,370,placement,1.0,True,none,,Adult Social Care,Over500_2026_P04_-_published:1847,Over500_2026_P04_-_published,1847,2026-07-08,Adult Social Care,Third Party Payments,Private Contractors,BUPA Care Services,BUPA CARE SERVICES,5132.2,placement
T-09,R-06,1,off_contract.csv,5,BUPA CARE SERVICES,BUPA Care Services,1874166.5,7496666.0,370,placement,1.0,True,none,,Adult Social Care,Over500_2026_P04_-_published:1848,Over500_2026_P04_-_published,1848,2026-07-08,Adult Social Care,Third Party Payments,Private Contractors,BUPA Care Services,BUPA CARE SERVICES,5097.52,placement
T-09,R-06,1,off_contract.csv,5,BUPA CARE SERVICES,BUPA Care Services,1874166.5,7496666.0,370,placement,1.0,True,none,,Adult Social Care,Over500_2026_P04_-_published:1849,Over500_2026_P04_-_published,1849,2026-07-08,Adult Social Care,Third Party Payments,Private Contractors,BUPA Care Services,BUPA CARE SERVICES,5506.2,placement
T-09,R-06,1,off_contract.csv,5,BUPA CARE SERVICES,BUPA Care Services,1874166.5,7496666.0,370,placement,1.0,True,none,,Adult Social Care,Over500_2026_P04_-_published:1850,Over500_2026_P04_-_published,1850,2026-07-08,Adult Social Care,Third Party Payments,Private Contractors,BUPA Care Services,BUPA CARE SERVICES,10400.0,placement
T-09,R-06,1,off_contract.csv,5,BUPA CARE SERVICES,BUPA Care Services,1874166.5,7496666.0,370,placement,1.0,True,none,,Adult Social Care,Over500_2026_P04_-_published:1871,Over500_2026_P04_-_published,1871,2026-07-08,Adult Social Care,Third Party Payments,Private Contractors,BUPA Care Services,BUPA CARE SERVICES,1274.38,placement
T-09,R-06,1,off_contract.csv,5,BUPA CARE SERVICES,BUPA Care Services,1874166.5,7496666.0,370,placement,1.0,True,none,,Adult Social Care,Over500_2026_P04_-_published:1881,Over500_2026_P04_-_published,1881,2026-07-08,Adult Social Care,Third Party Payments,Private Contractors,BUPA Care Services,BUPA CARE SERVICES,5812.88,placement
T-09,R-06,1,off_contract.csv,5,BUPA CARE SERVICES,BUPA Care Services,1874166.5,7496666.0,370,placement,1.0,True,none,,Adult Social Care,Over500_2026_P04_-_published:1890,Over500_2026_P04_-_published,1890,2026-07-08,Adult Social Care,Third Party Payments,Private Contractors,BUPA Care Services,BUPA CARE SERVICES,5724.36,placement
T-09,R-06,1,off_contract.csv,5,BUPA CARE SERVICES,BUPA Care Services,1874166.5,7496666.0,370,placement,1.0,True,none,,Adult Social Care,Over500_2026_P04_-_published:1891,Over500_2026_P04_-_published,1891,2026-07-08,Adult Social Care,Third Party Payments,Private Contractors,BUPA Care Services,BUPA CARE SERVICES,5812.88,placement
T-09,R-06,1,off_contract.csv,5,BUPA CARE SERVICES,BUPA Care Services,1874166.5,7496666.0,370,placement,1.0,True,none,,Adult Social Care,Over500_2026_P04_-_published:1892,Over500_2026_P04_-_published,1892,2026-07-08,Adult Social Care,Third Party Payments,Private Contractors,BUPA Care Services,BUPA CARE SERVICES,5896.0,placement
T-09,R-06,1,off_contract.csv,5,BUPA CARE SERVICES,BUPA Care Services,1874166.5,7496666.0,370,placement,1.0,True,none,,Adult Social Care,Over500_2026_P04_-_published:1893,Over500_2026_P04_-_published,1893,2026-07-08,Adult Social Care,Third Party Payments,Private Contractors,BUPA Care Services,BUPA CARE SERVICES,5166.0,placement
T-09,R-06,1,off_contract.csv,5,BUPA CARE SERVICES,BUPA Care Services,1874166.5,7496666.0,370,placement,1.0,True,none,,Adult Social Care,Over500_2026_P04_-_published:1894,Over500_2026_P04_-_published,1894,2026-07-08,Adult Social Care,Third Party Payments,Private Contractors,BUPA Care Services,BUPA CARE SERVICES,5817.0,placement
T-09,R-06,1,off_contract.csv,5,BUPA CARE SERVICES,BUPA Care Services,1874166.5,7496666.0,370,placement,1.0,True,none,,Adult Social Care,Over500_2026_P04_-_published:1895,Over500_2026_P04_-_published,1895,2026-07-08,Adult Social Care,Third Party Payments,Private Contractors,BUPA Care Services,BUPA CARE SERVICES,6604.8,placement
T-09,R-06,1,off_contract.csv,5,BUPA CARE SERVICES,BUPA Care Services,1874166.5,7496666.0,370,placement,1.0,True,none,,Adult Social Care,Over500_2026_P04_-_published:1896,Over500_2026_P04_-_published,1896,2026-07-08,Adult Social Care,Third Party Payments,Private Contractors,BUPA Care Services,BUPA CARE SERVICES,5506.2,placement
T-09,R-06,1,off_contract.csv,5,BUPA CARE SERVICES,BUPA Care Services,1874166.5,7496666.0,370,placement,1.0,True,none,,Adult Social Care,Over500_2026_P04_-_published:1904,Over500_2026_P04_-_published,1904,2026-07-08,Adult Social Care,Third Party Payments,Private Contractors,BUPA Care Services,BUPA CARE SERVICES,8476.52,placement
T-09,R-06,1,off_contract.csv,5,BUPA CARE SERVICES,BUPA Care Services,1874166.5,7496666.0,370,placement,1.0,True,none,,Adult Social Care,Over500_2026_P04_-_published:1905,Over500_2026_P04_-_published,1905,2026-07-08,Adult Social Care,Third Party Payments,Private Contractors,BUPA Care Services,BUPA CARE SERVICES,8476.52,placement
T-09,R-06,1,off_contract.csv,5,BUPA CARE SERVICES,BUPA Care Services,1874166.5,7496666.0,370,placement,1.0,True,none,,Adult Social Care,Over500_2026_P04_-_published:1906,Over500_2026_P04_-_published,1906,2026-07-08,Adult Social Care,Third Party Payments,Private Contractors,BUPA Care Services,BUPA CARE SERVICES,5981.52,placement
T-09,R-06,1,off_contract.csv,5,BUPA CARE SERVICES,BUPA Care Services,1874166.5,7496666.0,370,placement,1.0,True,none,,Adult Social Care,Over500_2026_P04_-_published:1907,Over500_2026_P04_-_published,1907,2026-07-08,Adult Social Care,Third Party Payments,Private Contractors,BUPA Care Services,BUPA CARE SERVICES,6474.76,placement
T-09,R-06,1,off_contract.csv,5,BUPA CARE SERVICES,BUPA Care Services,1874166.5,7496666.0,370,placement,1.0,True,none,,Adult Social Care,Over500_2026_P04_-_published:1908,Over500_2026_P04_-_published,1908,2026-07-08,Adult Social Care,Third Party Payments,Private Contractors,BUPA Care Services,BUPA CARE SERVICES,5166.0,placement
T-09,R-06,1,off_contract.csv,5,BUPA CARE SERVICES,BUPA Care Services,1874166.5,7496666.0,370,placement,1.0,True,none,,Adult Social Care,Over500_2026_P04_-_published:1922,Over500_2026_P04_-_published,1922,2026-07-08,Adult Social Care,Third Party Payments,Private Contractors,BUPA Care Services,BUPA CARE SERVICES,5166.0,placement
T-09,R-06,1,off_contract.csv,5,BUPA CARE SERVICES,BUPA Care Services,1874166.5,7496666.0,370,placement,1.0,True,none,,Adult Social Care,Over500_2026_P04_-_published:1923,Over500_2026_P04_-_published,1923,2026-07-08,Adult Social Care,Third Party Payments,Private Contractors,BUPA Care Services,BUPA CARE SERVICES,989.29,placement
T-09,R-06,1,off_contract.csv,5,BUPA CARE SERVICES,BUPA Care Services,1874166.5,7496666.0,370,placement,1.0,True,none,,Adult Social Care,Over500_2026_P04_-_published:1924,Over500_2026_P04_-_published,1924,2026-07-08,Adult Social Care,Third Party Payments,Private Contractors,BUPA Care Services,BUPA CARE SERVICES,5896.0,placement
T-09,R-06,1,off_contract.csv,5,BUPA CARE SERVICES,BUPA Care Services,1874166.5,7496666.0,370,placement,1.0,True,none,,Adult Social Care,Over500_2026_P04_-_published:1926,Over500_2026_P04_-_published,1926,2026-07-08,Adult Social Care,Third Party Payments,Private Contractors,BUPA Care Services,BUPA CARE SERVICES,5097.52,placement
T-09,R-06,1,off_contract.csv,5,BUPA CARE SERVICES,BUPA Care Services,1874166.5,7496666.0,370,placement,1.0,True,none,,Adult Social Care,Over500_2026_P04_-_published:1927,Over500_2026_P04_-_published,1927,2026-07-08,Adult Social Care,Third Party Payments,Private Contractors,BUPA Care Services,BUPA CARE SERVICES,5097.52,placement
T-09,R-06,1,off_contract.csv,5,BUPA CARE SERVICES,BUPA Care Services,1874166.5,7496666.0,370,placement,1.0,True,none,,Adult Social Care,Over500_2026_P04_-_published:1928,Over500_2026_P04_-_published,1928,2026-07-08,Adult Social Care,Third Party Payments,Private Contractors,BUPA Care Services,BUPA CARE SERVICES,7350.0,placement
T-09,R-06,1,off_contract.csv,5,BUPA CARE SERVICES,BUPA Care Services,1874166.5,7496666.0,370,placement,1.0,True,none,,Adult Social Care,Over500_2026_P04_-_published:1929,Over500_2026_P04_-_published,1929,2026-07-08,Adult Social Care,Third Party Payments,Private Contractors,BUPA Care Services,BUPA CARE SERVICES,5630.56,placement
T-09,R-06,1,off_contract.csv,5,BUPA CARE SERVICES,BUPA Care Services,1874166.5,7496666.0,370,placement,1.0,True,none,,Adult Social Care,Over500_2026_P04_-_published:1930,Over500_2026_P04_-_published,1930,2026-07-08,Adult Social Care,Third Party Payments,Private Contractors,BUPA Care Services,BUPA CARE SERVICES,5512.48,placement
T-09,R-06,1,off_contract.csv,5,BUPA CARE SERVICES,BUPA Care Services,1874166.5,7496666.0,370,placement,1.0,True,none,,Adult Social Care,Over500_2026_P04_-_published:1931,Over500_2026_P04_-_published,1931,2026-07-08,Adult Social Care,Third Party Payments,Private Contractors,BUPA Care Services,BUPA CARE SERVICES,5166.0,placement
T-09,R-06,1,off_contract.csv,5,BUPA CARE SERVICES,BUPA Care Services,1874166.5,7496666.0,370,placement,1.0,True,none,,Adult Social Care,Over500_2026_P04_-_published:1948,Over500_2026_P04_-_published,1948,2026-07-08,Adult Social Care,Third Party Payments,Private Contractors,BUPA Care Services,BUPA CARE SERVICES,5817.0,placement
T-09,R-06,1,off_contract.csv,5,BUPA CARE SERVICES,BUPA Care Services,1874166.5,7496666.0,370,placement,1.0,True,none,,Adult Social Care,Over500_2026_P04_-_published:1949,Over500_2026_P04_-_published,1949,2026-07-08,Adult Social Care,Third Party Payments,Private Contractors,BUPA Care Services,BUPA CARE SERVICES,5460.0,placement
T-09,R-06,1,off_contract.csv,5,BUPA CARE SERVICES,BUPA Care Services,1874166.5,7496666.0,370,placement,1.0,True,none,,Adult Social Care,Over500_2026_P04_-_published:1950,Over500_2026_P04_-_published,1950,2026-07-08,Adult Social Care,Third Party Payments,Private Contractors,BUPA Care Services,BUPA CARE SERVICES,5882.64,placement
T-09,R-06,1,off_contract.csv,5,BUPA CARE SERVICES,BUPA Care Services,1874166.5,7496666.0,370,placement,1.0,True,none,,Adult Social Care,Over500_2026_P04_-_published:1951,Over500_2026_P04_-_published,1951,2026-07-08,Adult Social Care,Third Party Payments,Private Contractors,BUPA Care Services,BUPA CARE SERVICES,4428.0,placement
T-09,R-06,1,off_contract.csv,5,BUPA CARE SERVICES,BUPA Care Services,1874166.5,7496666.0,370,placement,1.0,True,none,,Adult Social Care,Over500_2026_P04_-_published:1952,Over500_2026_P04_-_published,1952,2026-07-08,Adult Social Care,Third Party Payments,Private Contractors,BUPA Care Services,BUPA CARE SERVICES,9200.0,placement
T-09,R-06,1,off_contract.csv,5,BUPA CARE SERVICES,BUPA Care Services,1874166.5,7496666.0,370,placement,1.0,True,none,,Adult Social Care,Over500_2026_P04_-_published:1963,Over500_2026_P04_-_published,1963,2026-07-08,Adult Social Care,Third Party Payments,Private Contractors,BUPA Care Services,BUPA CARE SERVICES,5910.32,placement
T-09,R-06,1,off_contract.csv,5,BUPA CARE SERVICES,BUPA Care Services,1874166.5,7496666.0,370,placement,1.0,True,none,,Adult Social Care,Over500_2026_P04_-_published:2003,Over500_2026_P04_-_published,2003,2026-07-08,Adult Social Care,Third Party Payments,Private Contractors,BUPA Care Services,BUPA CARE SERVICES,5166.0,placement
T-09,R-06,1,off_contract.csv,5,BUPA CARE SERVICES,BUPA Care Services,1874166.5,7496666.0,370,placement,1.0,True,none,,Adult Social Care,Over500_2026_P04_-_published:2004,Over500_2026_P04_-_published,2004,2026-07-08,Adult Social Care,Third Party Payments,Private Contractors,BUPA Care Services,BUPA CARE SERVICES,5896.0,placement
T-09,R-06,1,off_contract.csv,5,BUPA CARE SERVICES,BUPA Care Services,1874166.5,7496666.0,370,placement,1.0,True,none,,Adult Social Care,Over500_2026_P04_-_published:2005,Over500_2026_P04_-_published,2005,2026-07-08,Adult Social Care,Third Party Payments,Private Contractors,BUPA Care Services,BUPA CARE SERVICES,5892.88,placement
T-09,R-06,1,off_contract.csv,5,BUPA CARE SERVICES,BUPA Care Services,1874166.5,7496666.0,370,placement,1.0,True,none,,Adult Social Care,Over500_2026_P04_-_published:2006,Over500_2026_P04_-_published,2006,2026-07-08,Adult Social Care,Third Party Payments,Private Contractors,BUPA Care Services,BUPA CARE SERVICES,5250.0,placement
T-09,R-06,1,off_contract.csv,5,BUPA CARE SERVICES,BUPA Care Services,1874166.5,7496666.0,370,placement,1.0,True,none,,Adult Social Care,Over500_2026_P04_-_published:2131,Over500_2026_P04_-_published,2131,2026-07-08,Adult Social Care,Third Party Payments,Private Contractors,BUPA Care Services,BUPA CARE SERVICES,5597.68,placement
T-09,R-06,1,off_contract.csv,5,BUPA CARE SERVICES,BUPA Care Services,1874166.5,7496666.0,370,placement,1.0,True,none,,Adult Social Care,Over500_2026_P04_-_published:2178,Over500_2026_P04_-_published,2178,2026-07-08,Adult Social Care,Third Party Payments,Private Contractors,BUPA Care Services,BUPA CARE SERVICES,7350.0,placement
T-09,R-06,1,off_contract.csv,5,BUPA CARE SERVICES,BUPA Care Services,1874166.5,7496666.0,370,placement,1.0,True,none,,Adult Social Care,Over500_2026_P04_-_published:2656,Over500_2026_P04_-_published,2656,2026-07-08,Adult Social Care,Third Party Payments,Private Contractors,BUPA Care Services,BUPA CARE SERVICES,5630.56,placement
T-09,R-06,1,off_contract.csv,5,BUPA CARE SERVICES,BUPA Care Services,1874166.5,7496666.0,370,placement,1.0,True,none,,Adult Social Care,Over500_2026_P04_-_published:2664,Over500_2026_P04_-_published,2664,2026-07-08,Adult Social Care,Third Party Payments,Private Contractors,BUPA Care Services,BUPA CARE SERVICES,5097.52,placement
T-09,R-06,1,off_contract.csv,5,BUPA CARE SERVICES,BUPA Care Services,1874166.5,7496666.0,370,placement,1.0,True,none,,Adult Social Care,Over500_2026_P04_-_published:2665,Over500_2026_P04_-_published,2665,2026-07-08,Adult Social Care,Third Party Payments,Private Contractors,BUPA Care Services,BUPA CARE SERVICES,6300.0,placement
T-09,R-06,1,off_contract.csv,5,BUPA CARE SERVICES,BUPA Care Services,1874166.5,7496666.0,370,placement,1.0,True,none,,Adult Social Care,Over500_2026_P04_-_published:2666,Over500_2026_P04_-_published,2666,2026-07-08,Adult Social Care,Third Party Payments,Private Contractors,BUPA Care Services,BUPA CARE SERVICES,4830.0,placement
T-09,R-06,1,off_contract.csv,5,BUPA CARE SERVICES,BUPA Care Services,1874166.5,7496666.0,370,placement,1.0,True,none,,Adult Social Care,Over500_2026_P04_-_published:2676,Over500_2026_P04_-_published,2676,2026-07-08,Adult Social Care,Third Party Payments,Private Contractors,BUPA Care Services,BUPA CARE SERVICES,5166.0,placement
T-09,R-06,1,off_contract.csv,5,BUPA CARE SERVICES,BUPA Care Services,1874166.5,7496666.0,370,placement,1.0,True,none,,Adult Social Care,Over500_2026_P04_-_published:2677,Over500_2026_P04_-_published,2677,2026-07-08,Adult Social Care,Third Party Payments,Private Contractors,BUPA Care Services,BUPA CARE SERVICES,5896.0,placement
T-09,R-06,1,off_contract.csv,5,BUPA CARE SERVICES,BUPA Care Services,1874166.5,7496666.0,370,placement,1.0,True,none,,Adult Social Care,Over500_2026_P04_-_published:2678,Over500_2026_P04_-_published,2678,2026-07-08,Adult Social Care,Third Party Payments,Private Contractors,BUPA Care Services,BUPA CARE SERVICES,8476.52,placement
T-09,R-06,1,off_contract.csv,5,BUPA CARE SERVICES,BUPA Care Services,1874166.5,7496666.0,370,placement,1.0,True,none,,Adult Social Care,Over500_2026_P04_-_published:2717,Over500_2026_P04_-_published,2717,2026-07-08,Adult Social Care,Third Party Payments,Private Contractors,BUPA Care Services,BUPA CARE SERVICES,5097.52,placement
T-09,R-06,1,off_contract.csv,5,BUPA CARE SERVICES,BUPA Care Services,1874166.5,7496666.0,370,placement,1.0,True,none,,Adult Social Care,Over500_2026_P04_-_published:2884,Over500_2026_P04_-_published,2884,2026-07-08,Adult Social Care,Third Party Payments,Private Contractors,BUPA Care Services,BUPA CARE SERVICES,1446.28,placement
T-09,R-06,1,off_contract.csv,5,BUPA CARE SERVICES,BUPA Care Services,1874166.5,7496666.0,370,placement,1.0,True,none,,Adult Social Care,Over500_2026_P04_-_published:2908,Over500_2026_P04_-_published,2908,2026-07-08,Adult Social Care,Third Party Payments,Private Contractors,BUPA Care Services,BUPA CARE SERVICES,9903.62,placement
T-09,R-06,1,off_contract.csv,5,BUPA CARE SERVICES,BUPA Care Services,1874166.5,7496666.0,370,placement,1.0,True,none,,Adult Social Care,Over500_2026_P04_-_published:2931,Over500_2026_P04_-_published,2931,2026-07-08,Adult Social Care,Third Party Payments,Private Contractors,BUPA Care Services,BUPA CARE SERVICES,2284.29,placement
T-09,R-06,1,off_contract.csv,5,BUPA CARE SERVICES,BUPA Care Services,1874166.5,7496666.0,370,placement,1.0,True,none,,Adult Social Care,Over500_2026_P04_-_published:2932,Over500_2026_P04_-_published,2932,2026-07-08,Adult Social Care,Third Party Payments,Private Contractors,BUPA Care Services,BUPA CARE SERVICES,1300.0,placement
T-09,R-06,1,off_contract.csv,5,BUPA CARE SERVICES,BUPA Care Services,1874166.5,7496666.0,370,placement,1.0,True,none,,Adult Social Care,Over500_2026_P04_-_published:3006,Over500_2026_P04_-_published,3006,2026-07-08,Adult Social Care,Third Party Payments,Private Contractors,BUPA Care Services,BUPA CARE SERVICES,2400.0,placement
T-09,R-06,1,off_contract.csv,5,BUPA CARE SERVICES,BUPA Care Services,1874166.5,7496666.0,370,placement,1.0,True,none,,Adult Social Care,Over500_2026_P04_-_published:3699,Over500_2026_P04_-_published,3699,2026-07-08,Adult Social Care,Third Party Payments,Private Contractors,BUPA Care Services,BUPA CARE SERVICES,5460.0,placement
T-09,R-06,1,off_contract.csv,5,BUPA CARE SERVICES,BUPA Care Services,1874166.5,7496666.0,370,placement,1.0,True,none,,Adult Social Care,Over500_2026_P04_-_published:3704,Over500_2026_P04_-_published,3704,2026-07-08,Adult Social Care,Third Party Payments,Private Contractors,BUPA Care Services,BUPA CARE SERVICES,5910.32,placement
T-09,R-06,1,off_contract.csv,5,BUPA CARE SERVICES,BUPA Care Services,1874166.5,7496666.0,370,placement,1.0,True,none,,Adult Social Care,Over500_2026_P04_-_published:724,Over500_2026_P04_-_published,724,2026-07-08,Adult Social Care,Third Party Payments,Private Contractors,BUPA Care Services,BUPA CARE SERVICES,6492.96,placement
T-09,R-06,1,off_contract.csv,5,BUPA CARE SERVICES,BUPA Care Services,1874166.5,7496666.0,370,placement,1.0,True,none,,Adult Social Care,Over500_2026_P04_-_published:887,Over500_2026_P04_-_published,887,2026-07-08,Adult Social Care,Third Party Payments,Private Contractors,BUPA Care Services,BUPA CARE SERVICES,5097.52,placement
T-09,R-06,1,off_contract.csv,5,BUPA CARE SERVICES,BUPA Care Services,1874166.5,7496666.0,370,placement,1.0,True,none,,Adult Social Care,Over500_2026_P04_-_published:916,Over500_2026_P04_-_published,916,2026-07-08,Adult Social Care,Third Party Payments,Private Contractors,BUPA Care Services,BUPA CARE SERVICES,5550.8,placement
T-09,R-06,1,off_contract.csv,5,BUPA CARE SERVICES,BUPA Care Services,1874166.5,7496666.0,370,placement,1.0,True,none,,Adult Social Care,Over500_2026_P04_-_published:927,Over500_2026_P04_-_published,927,2026-07-08,Adult Social Care,Third Party Payments,Private Contractors,BUPA Care Services,BUPA CARE SERVICES,791.43,placement
T-09,R-06,1,off_contract.csv,5,BUPA CARE SERVICES,BUPA Care Services,1874166.5,7496666.0,370,placement,1.0,True,none,,Adult Social Care,Over500_2026_P04_-_published:2771,Over500_2026_P04_-_published,2771,2026-07-29,Adult Social Care,Third Party Payments,Private Contractors,BUPA Care Services,BUPA CARE SERVICES,3912.24,placement
T-09,R-06,1,off_contract.csv,5,BUPA CARE SERVICES,BUPA Care Services,1874166.5,7496666.0,370,placement,1.0,True,none,,Adult Social Care,Over500_2026_P04_-_published:2868,Over500_2026_P04_-_published,2868,2026-07-29,Adult Social Care,Third Party Payments,Private Contractors,BUPA Care Services,BUPA CARE SERVICES,4564.28,placement
T-09,R-06,2,off_contract.csv,7,AFFINITY TRUST SUPPORT,Affinity Trust Support Ltd,1098336.76,4393347.04,263,placement,1.0,True,none,,Adult Social Care,Over500_2026_P02_-_published:1720,Over500_2026_P02_-_published,1720,2026-05-13,Adult Social Care,Third Party Payments,Private Contractors,Affinity Trust Support Ltd,AFFINITY TRUST SUPPORT,14140.97,placement
T-09,R-06,2,off_contract.csv,7,AFFINITY TRUST SUPPORT,Affinity Trust Support Ltd,1098336.76,4393347.04,263,placement,1.0,True,none,,Adult Social Care,Over500_2026_P02_-_published:1722,Over500_2026_P02_-_published,1722,2026-05-13,Adult Social Care,Third Party Payments,Private Contractors,Affinity Trust Support Ltd,AFFINITY TRUST SUPPORT,675.08,placement
T-09,R-06,2,off_contract.csv,7,AFFINITY TRUST SUPPORT,Affinity Trust Support Ltd,1098336.76,4393347.04,263,placement,1.0,True,none,,Adult Social Care,Over500_2026_P02_-_published:1723,Over500_2026_P02_-_published,1723,2026-05-13,Adult Social Care,Third Party Payments,Private Contractors,Affinity Trust Support Ltd,AFFINITY TRUST SUPPORT,675.08,placement
T-09,R-06,2,off_contract.csv,7,AFFINITY TRUST SUPPORT,Affinity Trust Support Ltd,1098336.76,4393347.04,263,placement,1.0,True,none,,Adult Social Care,Over500_2026_P02_-_published:1724,Over500_2026_P02_-_published,1724,2026-05-13,Adult Social Care,Third Party Payments,Private Contractors,Affinity Trust Support Ltd,AFFINITY TRUST SUPPORT,675.08,placement
T-09,R-06,2,off_contract.csv,7,AFFINITY TRUST SUPPORT,Affinity Trust Support Ltd,1098336.76,4393347.04,263,placement,1.0,True,none,,Adult Social Care,Over500_2026_P02_-_published:2016,Over500_2026_P02_-_published,2016,2026-05-13,Adult Social Care,Third Party Payments,Private Contractors,Affinity Trust Support Ltd,AFFINITY TRUST SUPPORT,2217.72,placement
T-09,R-06,2,off_contract.csv,7,AFFINITY TRUST SUPPORT,Affinity Trust Support Ltd,1098336.76,4393347.04,263,placement,1.0,True,none,,Adult Social Care,Over500_2026_P02_-_published:2017,Over500_2026_P02_-_published,2017,2026-05-13,Adult Social Care,Third Party Payments,Private Contractors,Affinity Trust Support Ltd,AFFINITY TRUST SUPPORT,866.8,placement
T-09,R-06,2,off_contract.csv,7,AFFINITY TRUST SUPPORT,Affinity Trust Support Ltd,1098336.76,4393347.04,263,placement,1.0,True,none,,Adult Social Care,Over500_2026_P02_-_published:1862,Over500_2026_P02_-_published,1862,2026-05-20,Adult Social Care,Third Party Payments,Private Contractors,Affinity Trust Support Ltd,AFFINITY TRUST SUPPORT,7943.2,placement
T-09,R-06,2,off_contract.csv,7,AFFINITY TRUST SUPPORT,Affinity Trust Support Ltd,1098336.76,4393347.04,263,placement,1.0,True,none,,Adult Social Care,Over500_2026_P02_-_published:1802,Over500_2026_P02_-_published,1802,2026-05-22,Adult Social Care,Third Party Payments,Private Contractors,Affinity Trust Support Ltd,AFFINITY TRUST SUPPORT,1018.38,placement
T-09,R-06,2,off_contract.csv,7,AFFINITY TRUST SUPPORT,Affinity Trust Support Ltd,1098336.76,4393347.04,263,placement,1.0,True,none,,Adult Social Care,Over500_2026_P02_-_published:1803,Over500_2026_P02_-_published,1803,2026-05-22,Adult Social Care,Third Party Payments,Private Contractors,Affinity Trust Support Ltd,AFFINITY TRUST SUPPORT,880.0,placement
T-09,R-06,2,off_contract.csv,7,AFFINITY TRUST SUPPORT,Affinity Trust Support Ltd,1098336.76,4393347.04,263,placement,1.0,True,none,,Adult Social Care,Over500_2026_P02_-_published:1804,Over500_2026_P02_-_published,1804,2026-05-22,Adult Social Care,Third Party Payments,Private Contractors,Affinity Trust Support Ltd,AFFINITY TRUST SUPPORT,880.0,placement
T-09,R-06,2,off_contract.csv,7,AFFINITY TRUST SUPPORT,Affinity Trust Support Ltd,1098336.76,4393347.04,263,placement,1.0,True,none,,Adult Social Care,Over500_2026_P03_-_published:1447,Over500_2026_P03_-_published,1447,2026-06-03,Adult Social Care,Third Party Payments,Private Contractors,Affinity Trust Support Ltd,AFFINITY TRUST SUPPORT,579.92,placement
T-09,R-06,2,off_contract.csv,7,AFFINITY TRUST SUPPORT,Affinity Trust Support Ltd,1098336.76,4393347.04,263,placement,1.0,True,none,,Adult Social Care,Over500_2026_P03_-_published:1450,Over500_2026_P03_-_published,1450,2026-06-03,Adult Social Care,Third Party Payments,Private Contractors,Affinity Trust Support Ltd,AFFINITY TRUST SUPPORT,626.86,placement
T-09,R-06,2,off_contract.csv,7,AFFINITY TRUST SUPPORT,Affinity Trust Support Ltd,1098336.76,4393347.04,263,placement,1.0,True,none,,Adult Social Care,Over500_2026_P03_-_published:1518,Over500_2026_P03_-_published,1518,2026-06-03,Adult Social Care,Third Party Payments,Private Contractors,Affinity Trust Support Ltd,AFFINITY TRUST SUPPORT,2024.96,placement
T-09,R-06,2,off_contract.csv,7,AFFINITY TRUST SUPPORT,Affinity Trust Support Ltd,1098336.76,4393347.04,263,placement,1.0,True,none,,Adult Social Care,Over500_2026_P03_-_published:1521,Over500_2026_P03_-_published,1521,2026-06-03,Adult Social Care,Third Party Payments,Private Contractors,Affinity Trust Support Ltd,AFFINITY TRUST SUPPORT,626.86,placement
T-09,R-06,2,off_contract.csv,7,AFFINITY TRUST SUPPORT,Affinity Trust Support Ltd,1098336.76,4393347.04,263,placement,1.0,True,none,,Adult Social Care,Over500_2026_P03_-_published:1522,Over500_2026_P03_-_published,1522,2026-06-03,Adult Social Care,Third Party Payments,Private Contractors,Affinity Trust Support Ltd,AFFINITY TRUST SUPPORT,2451.46,placement
T-09,R-06,2,off_contract.csv,7,AFFINITY TRUST SUPPORT,Affinity Trust Support Ltd,1098336.76,4393347.04,263,placement,1.0,True,none,,Adult Social Care,Over500_2026_P03_-_published:1523,Over500_2026_P03_-_published,1523,2026-06-03,Adult Social Care,Third Party Payments,Private Contractors,Affinity Trust Support Ltd,AFFINITY TRUST SUPPORT,940.42,placement
T-09,R-06,2,off_contract.csv,7,AFFINITY TRUST SUPPORT,Affinity Trust Support Ltd,1098336.76,4393347.04,263,placement,1.0,True,none,,Adult Social Care,Over500_2026_P03_-_published:1524,Over500_2026_P03_-_published,1524,2026-06-03,Adult Social Care,Third Party Payments,Private Contractors,Affinity Trust Support Ltd,AFFINITY TRUST SUPPORT,3679.5,placement
T-09,R-06,2,off_contract.csv,7,AFFINITY TRUST SUPPORT,Affinity Trust Support Ltd,1098336.76,4393347.04,263,placement,1.0,True,none,,Adult Social Care,Over500_2026_P03_-_published:1525,Over500_2026_P03_-_published,1525,2026-06-03,Adult Social Care,Third Party Payments,Private Contractors,Affinity Trust Support Ltd,AFFINITY TRUST SUPPORT,626.86,placement
T-09,R-06,2,off_contract.csv,7,AFFINITY TRUST SUPPORT,Affinity Trust Support Ltd,1098336.76,4393347.04,263,placement,1.0,True,none,,Adult Social Care,Over500_2026_P03_-_published:1609,Over500_2026_P03_-_published,1609,2026-06-03,Adult Social Care,Third Party Payments,Private Contractors,Affinity Trust Support Ltd,AFFINITY TRUST SUPPORT,836.0,placement
T-09,R-06,2,off_contract.csv,7,AFFINITY TRUST SUPPORT,Affinity Trust Support Ltd,1098336.76,4393347.04,263,placement,1.0,True,none,,Adult Social Care,Over500_2026_P03_-_published:1611,Over500_2026_P03_-_published,1611,2026-06-03,Adult Social Care,Third Party Payments,Private Contractors,Affinity Trust Support Ltd,AFFINITY TRUST SUPPORT,1430.0,placement
T-09,R-06,2,off_contract.csv,7,AFFINITY TRUST SUPPORT,Affinity Trust Support Ltd,1098336.76,4393347.04,263,placement,1.0,True,none,,Adult Social Care,Over500_2026_P03_-_published:1612,Over500_2026_P03_-_published,1612,2026-06-03,Adult Social Care,Third Party Payments,Private Contractors,Affinity Trust Support Ltd,AFFINITY TRUST SUPPORT,1880.32,placement
T-09,R-06,2,off_contract.csv,7,AFFINITY TRUST SUPPORT,Affinity Trust Support Ltd,1098336.76,4393347.04,263,placement,1.0,True,none,,Adult Social Care,Over500_2026_P03_-_published:1613,Over500_2026_P03_-_published,1613,2026-06-03,Adult Social Care,Third Party Payments,Private Contractors,Affinity Trust Support Ltd,AFFINITY TRUST SUPPORT,940.42,placement
T-09,R-06,2,off_contract.csv,7,AFFINITY TRUST SUPPORT,Affinity Trust Support Ltd,1098336.76,4393347.04,263,placement,1.0,True,none,,Adult Social Care,Over500_2026_P03_-_published:1614,Over500_2026_P03_-_published,1614,2026-06-03,Adult Social Care,Third Party Payments,Private Contractors,Affinity Trust Support Ltd,AFFINITY TRUST SUPPORT,626.86,placement
T-09,R-06,2,off_contract.csv,7,AFFINITY TRUST SUPPORT,Affinity Trust Support Ltd,1098336.76,4393347.04,263,placement,1.0,True,none,,Adult Social Care,Over500_2026_P03_-_published:2920,Over500_2026_P03_-_published,2920,2026-06-03,Adult Social Care,Third Party Payments,Private Contractors,Affinity Trust Support Ltd,AFFINITY TRUST SUPPORT,737.0,placement
T-09,R-06,2,off_contract.csv,7,AFFINITY TRUST SUPPORT,Affinity Trust Support Ltd,1098336.76,4393347.04,263,placement,1.0,True,none,,Adult Social Care,Over500_2026_P03_-_published:2921,Over500_2026_P03_-_published,2921,2026-06-03,Adult Social Care,Third Party Payments,Private Contractors,Affinity Trust Support Ltd,AFFINITY TRUST SUPPORT,1005.62,placement
T-09,R-06,2,off_contract.csv,7,AFFINITY TRUST SUPPORT,Affinity Trust Support Ltd,1098336.76,4393347.04,263,placement,1.0,True,none,,Adult Social Care,Over500_2026_P03_-_published:2922,Over500_2026_P03_-_published,2922,2026-06-03,Adult Social Care,Third Party Payments,Private Contractors,Affinity Trust Support Ltd,AFFINITY TRUST SUPPORT,626.86,placement
T-09,R-06,2,off_contract.csv,7,AFFINITY TRUST SUPPORT,Affinity Trust Support Ltd,1098336.76,4393347.04,263,placement,1.0,True,none,,Adult Social Care,Over500_2026_P03_-_published:2923,Over500_2026_P03_-_published,2923,2026-06-03,Adult Social Care,Third Party Payments,Private Contractors,Affinity Trust Support Ltd,AFFINITY TRUST SUPPORT,626.86,placement
T-09,R-06,2,off_contract.csv,7,AFFINITY TRUST SUPPORT,Affinity Trust Support Ltd,1098336.76,4393347.04,263,placement,1.0,True,none,,Adult Social Care,Over500_2026_P03_-_published:1444,Over500_2026_P03_-_published,1444,2026-06-24,Adult Social Care,Third Party Payments,Private Contractors,Affinity Trust Support Ltd,AFFINITY TRUST SUPPORT,506.24,placement
T-09,R-06,2,off_contract.csv,7,AFFINITY TRUST SUPPORT,Affinity Trust Support Ltd,1098336.76,4393347.04,263,placement,1.0,True,none,,Adult Social Care,Over500_2026_P03_-_published:1531,Over500_2026_P03_-_published,1531,2026-06-24,Adult Social Care,Third Party Payments,Private Contractors,Affinity Trust Support Ltd,AFFINITY TRUST SUPPORT,506.24,placement
T-09,R-06,2,off_contract.csv,7,AFFINITY TRUST SUPPORT,Affinity Trust Support Ltd,1098336.76,4393347.04,263,placement,1.0,True,none,,Adult Social Care,Over500_2026_P03_-_published:1532,Over500_2026_P03_-_published,1532,2026-06-24,Adult Social Care,Third Party Payments,Private Contractors,Affinity Trust Support Ltd,AFFINITY TRUST SUPPORT,506.24,placement
T-09,R-06,2,off_contract.csv,7,AFFINITY TRUST SUPPORT,Affinity Trust Support Ltd,1098336.76,4393347.04,263,placement,1.0,True,none,,Adult Social Care,Over500_2026_P03_-_published:1533,Over500_2026_P03_-_published,1533,2026-06-24,Adult Social Care,Third Party Payments,Private Contractors,Affinity Trust Support Ltd,AFFINITY TRUST SUPPORT,506.24,placement
T-09,R-06,2,off_contract.csv,7,AFFINITY TRUST SUPPORT,Affinity Trust Support Ltd,1098336.76,4393347.04,263,placement,1.0,True,none,,Adult Social Care,Over500_2026_P03_-_published:1539,Over500_2026_P03_-_published,1539,2026-06-24,Adult Social Care,Third Party Payments,Private Contractors,Affinity Trust Support Ltd,AFFINITY TRUST SUPPORT,1633.5,placement
T-09,R-06,2,off_contract.csv,7,AFFINITY TRUST SUPPORT,Affinity Trust Support Ltd,1098336.76,4393347.04,263,placement,1.0,True,none,,Adult Social Care,Over500_2026_P03_-_published:1540,Over500_2026_P03_-_published,1540,2026-06-24,Adult Social Care,Third Party Payments,Private Contractors,Affinity Trust Support Ltd,AFFINITY TRUST SUPPORT,10862.72,placement
T-09,R-06,2,off_contract.csv,7,AFFINITY TRUST SUPPORT,Affinity Trust Support Ltd,1098336.76,4393347.04,263,placement,1.0,True,none,,Adult Social Care,Over500_2026_P03_-_published:1541,Over500_2026_P03_-_published,1541,2026-06-24,Adult Social Care,Third Party Payments,Private Contractors,Affinity Trust Support Ltd,AFFINITY TRUST SUPPORT,783.38,placement
T-09,R-06,2,off_contract.csv,7,AFFINITY TRUST SUPPORT,Affinity Trust Support Ltd,1098336.76,4393347.04,263,placement,1.0,True,none,,Adult Social Care,Over500_2026_P03_-_published:1542,Over500_2026_P03_-_published,1542,2026-06-24,Adult Social Care,Third Party Payments,Private Contractors,Affinity Trust Support Ltd,AFFINITY TRUST SUPPORT,3679.5,placement
T-09,R-06,2,off_contract.csv,7,AFFINITY TRUST SUPPORT,Affinity Trust Support Ltd,1098336.76,4393347.04,263,placement,1.0,True,none,,Adult Social Care,Over500_2026_P03_-_published:1543,Over500_2026_P03_-_published,1543,2026-06-24,Adult Social Care,Third Party Payments,Private Contractors,Affinity Trust Support Ltd,AFFINITY TRUST SUPPORT,1878.8,placement
T-09,R-06,2,off_contract.csv,7,AFFINITY TRUST SUPPORT,Affinity Trust Support Ltd,1098336.76,4393347.04,263,placement,1.0,True,none,,Adult Social Care,Over500_2026_P03_-_published:1544,Over500_2026_P03_-_published,1544,2026-06-24,Adult Social Care,Third Party Payments,Private Contractors,Affinity Trust Support Ltd,AFFINITY TRUST SUPPORT,11440.0,placement
T-09,R-06,2,off_contract.csv,7,AFFINITY TRUST SUPPORT,Affinity Trust Support Ltd,1098336.76,4393347.04,263,placement,1.0,True,none,,Adult Social Care,Over500_2026_P03_-_published:1545,Over500_2026_P03_-_published,1545,2026-06-24,Adult Social Care,Third Party Payments,Private Contractors,Affinity Trust Support Ltd,AFFINITY TRUST SUPPORT,2900.92,placement
T-09,R-06,2,off_contract.csv,7,AFFINITY TRUST SUPPORT,Affinity Trust Support Ltd,1098336.76,4393347.04,263,placement,1.0,True,none,,Adult Social Care,Over500_2026_P03_-_published:1546,Over500_2026_P03_-_published,1546,2026-06-24,Adult Social Care,Third Party Payments,Private Contractors,Affinity Trust Support Ltd,AFFINITY TRUST SUPPORT,2247.08,placement
T-09,R-06,2,off_contract.csv,7,AFFINITY TRUST SUPPORT,Affinity Trust Support Ltd,1098336.76,4393347.04,263,placement,1.0,True,none,,Adult Social Care,Over500_2026_P03_-_published:1547,Over500_2026_P03_-_published,1547,2026-06-24,Adult Social Care,Third Party Payments,Private Contractors,Affinity Trust Support Ltd,AFFINITY TRUST SUPPORT,13073.5,placement
T-09,R-06,2,off_contract.csv,7,AFFINITY TRUST SUPPORT,Affinity Trust Support Ltd,1098336.76,4393347.04,263,placement,1.0,True,none,,Adult Social Care,Over500_2026_P03_-_published:1548,Over500_2026_P03_-_published,1548,2026-06-24,Adult Social Care,Third Party Payments,Private Contractors,Affinity Trust Support Ltd,AFFINITY TRUST SUPPORT,2860.0,placement
T-09,R-06,2,off_contract.csv,7,AFFINITY TRUST SUPPORT,Affinity Trust Support Ltd,1098336.76,4393347.04,263,placement,1.0,True,none,,Adult Social Care,Over500_2026_P03_-_published:1549,Over500_2026_P03_-_published,1549,2026-06-24,Adult Social Care,Third Party Payments,Private Contractors,Affinity Trust Support Ltd,AFFINITY TRUST SUPPORT,2206.6,placement
T-09,R-06,2,off_contract.csv,7,AFFINITY TRUST SUPPORT,Affinity Trust Support Ltd,1098336.76,4393347.04,263,placement,1.0,True,none,,Adult Social Care,Over500_2026_P03_-_published:1550,Over500_2026_P03_-_published,1550,2026-06-24,Adult Social Care,Third Party Payments,Private Contractors,Affinity Trust Support Ltd,AFFINITY TRUST SUPPORT,4584.36,placement
T-09,R-06,2,off_contract.csv,7,AFFINITY TRUST SUPPORT,Affinity Trust Support Ltd,1098336.76,4393347.04,263,placement,1.0,True,none,,Adult Social Care,Over500_2026_P03_-_published:1551,Over500_2026_P03_-_published,1551,2026-06-24,Adult Social Care,Third Party Payments,Private Contractors,Affinity Trust Support Ltd,AFFINITY TRUST SUPPORT,2574.0,placement
T-09,R-06,2,off_contract.csv,7,AFFINITY TRUST SUPPORT,Affinity Trust Support Ltd,1098336.76,4393347.04,263,placement,1.0,True,none,,Adult Social Care,Over500_2026_P03_-_published:1588,Over500_2026_P03_-_published,1588,2026-06-24,Adult Social Care,Third Party Payments,Private Contractors,Affinity Trust Support Ltd,AFFINITY TRUST SUPPORT,1880.32,placement
T-09,R-06,2,off_contract.csv,7,AFFINITY TRUST SUPPORT,Affinity Trust Support Ltd,1098336.76,4393347.04,263,placement,1.0,True,none,,Adult Social Care,Over500_2026_P03_-_published:1589,Over500_2026_P03_-_published,1589,2026-06-24,Adult Social Care,Third Party Payments,Private Contractors,Affinity Trust Support Ltd,AFFINITY TRUST SUPPORT,9515.0,placement
T-09,R-06,2,off_contract.csv,7,AFFINITY TRUST SUPPORT,Affinity Trust Support Ltd,1098336.76,4393347.04,263,placement,1.0,True,none,,Adult Social Care,Over500_2026_P03_-_published:1590,Over500_2026_P03_-_published,1590,2026-06-24,Adult Social Care,Third Party Payments,Private Contractors,Affinity Trust Support Ltd,AFFINITY TRUST SUPPORT,2984.08,placement
T-09,R-06,2,off_contract.csv,7,AFFINITY TRUST SUPPORT,Affinity Trust Support Ltd,1098336.76,4393347.04,263,placement,1.0,True,none,,Adult Social Care,Over500_2026_P03_-_published:1591,Over500_2026_P03_-_published,1591,2026-06-24,Adult Social Care,Third Party Payments,Private Contractors,Affinity Trust Support Ltd,AFFINITY TRUST SUPPORT,1309.0,placement
T-09,R-06,2,off_contract.csv,7,AFFINITY TRUST SUPPORT,Affinity Trust Support Ltd,1098336.76,4393347.04,263,placement,1.0,True,none,,Adult Social Care,Over500_2026_P03_-_published:1592,Over500_2026_P03_-_published,1592,2026-06-24,Adult Social Care,Third Party Payments,Private Contractors,Affinity Trust Support Ltd,AFFINITY TRUST SUPPORT,12061.28,placement
T-09,R-06,2,off_contract.csv,7,AFFINITY TRUST SUPPORT,Affinity Trust Support Ltd,1098336.76,4393347.04,263,placement,1.0,True,none,,Adult Social Care,Over500_2026_P03_-_published:1595,Over500_2026_P03_-_published,1595,2026-06-24,Adult Social Care,Third Party Payments,Private Contractors,Affinity Trust Support Ltd,AFFINITY TRUST SUPPORT,2420.0,placement
T-09,R-06,2,off_contract.csv,7,AFFINITY TRUST SUPPORT,Affinity Trust Support Ltd,1098336.76,4393347.04,263,placement,1.0,True,none,,Adult Social Care,Over500_2026_P03_-_published:1627,Over500_2026_P03_-_published,1627,2026-06-24,Adult Social Care,Third Party Payments,Private Contractors,Affinity Trust Support Ltd,AFFINITY TRUST SUPPORT,12276.0,placement
T-09,R-06,2,off_contract.csv,7,AFFINITY TRUST SUPPORT,Affinity Trust Support Ltd,1098336.76,4393347.04,263,placement,1.0,True,none,,Adult Social Care,Over500_2026_P03_-_published:1628,Over500_2026_P03_-_published,1628,2026-06-24,Adult Social Care,Third Party Payments,Private Contractors,Affinity Trust Support Ltd,AFFINITY TRUST SUPPORT,26394.66,placement
T-09,R-06,2,off_contract.csv,7,AFFINITY TRUST SUPPORT,Affinity Trust Support Ltd,1098336.76,4393347.04,263,placement,1.0,True,none,,Adult Social Care,Over500_2026_P03_-_published:1629,Over500_2026_P03_-_published,1629,2026-06-24,Adult Social Care,Third Party Payments,Private Contractors,Affinity Trust Support Ltd,AFFINITY TRUST SUPPORT,17444.96,placement
T-09,R-06,2,off_contract.csv,7,AFFINITY TRUST SUPPORT,Affinity Trust Support Ltd,1098336.76,4393347.04,263,placement,1.0,True,none,,Adult Social Care,Over500_2026_P03_-_published:1630,Over500_2026_P03_-_published,1630,2026-06-24,Adult Social Care,Third Party Payments,Private Contractors,Affinity Trust Support Ltd,AFFINITY TRUST SUPPORT,506.24,placement
T-09,R-06,2,off_contract.csv,7,AFFINITY TRUST SUPPORT,Affinity Trust Support Ltd,1098336.76,4393347.04,263,placement,1.0,True,none,,Adult Social Care,Over500_2026_P03_-_published:1633,Over500_2026_P03_-_published,1633,2026-06-24,Adult Social Care,Third Party Payments,Private Contractors,Affinity Trust Support Ltd,AFFINITY TRUST SUPPORT,2453.0,placement
T-09,R-06,2,off_contract.csv,7,AFFINITY TRUST SUPPORT,Affinity Trust Support Ltd,1098336.76,4393347.04,263,placement,1.0,True,none,,Adult Social Care,Over500_2026_P03_-_published:1634,Over500_2026_P03_-_published,1634,2026-06-24,Adult Social Care,Third Party Payments,Private Contractors,Affinity Trust Support Ltd,AFFINITY TRUST SUPPORT,2981.0,placement
T-09,R-06,2,off_contract.csv,7,AFFINITY TRUST SUPPORT,Affinity Trust Support Ltd,1098336.76,4393347.04,263,placement,1.0,True,none,,Adult Social Care,Over500_2026_P03_-_published:1635,Over500_2026_P03_-_published,1635,2026-06-24,Adult Social Care,Third Party Payments,Private Contractors,Affinity Trust Support Ltd,AFFINITY TRUST SUPPORT,4257.0,placement
T-09,R-06,2,off_contract.csv,7,AFFINITY TRUST SUPPORT,Affinity Trust Support Ltd,1098336.76,4393347.04,263,placement,1.0,True,none,,Adult Social Care,Over500_2026_P03_-_published:1640,Over500_2026_P03_-_published,1640,2026-06-24,Adult Social Care,Third Party Payments,Private Contractors,Affinity Trust Support Ltd,AFFINITY TRUST SUPPORT,2640.0,placement
T-09,R-06,2,off_contract.csv,7,AFFINITY TRUST SUPPORT,Affinity Trust Support Ltd,1098336.76,4393347.04,263,placement,1.0,True,none,,Adult Social Care,Over500_2026_P03_-_published:1641,Over500_2026_P03_-_published,1641,2026-06-24,Adult Social Care,Third Party Payments,Private Contractors,Affinity Trust Support Ltd,AFFINITY TRUST SUPPORT,2772.0,placement
T-09,R-06,2,off_contract.csv,7,AFFINITY TRUST SUPPORT,Affinity Trust Support Ltd,1098336.76,4393347.04,263,placement,1.0,True,none,,Adult Social Care,Over500_2026_P03_-_published:1642,Over500_2026_P03_-_published,1642,2026-06-24,Adult Social Care,Third Party Payments,Private Contractors,Affinity Trust Support Ltd,AFFINITY TRUST SUPPORT,1980.0,placement
T-09,R-06,2,off_contract.csv,7,AFFINITY TRUST SUPPORT,Affinity Trust Support Ltd,1098336.76,4393347.04,263,placement,1.0,True,none,,Adult Social Care,Over500_2026_P03_-_published:1643,Over500_2026_P03_-_published,1643,2026-06-24,Adult Social Care,Third Party Payments,Private Contractors,Affinity Trust Support Ltd,AFFINITY TRUST SUPPORT,4405.28,placement
T-09,R-06,2,off_contract.csv,7,AFFINITY TRUST SUPPORT,Affinity Trust Support Ltd,1098336.76,4393347.04,263,placement,1.0,True,none,,Adult Social Care,Over500_2026_P03_-_published:1644,Over500_2026_P03_-_published,1644,2026-06-24,Adult Social Care,Third Party Payments,Private Contractors,Affinity Trust Support Ltd,AFFINITY TRUST SUPPORT,3608.0,placement
T-09,R-06,2,off_contract.csv,7,AFFINITY TRUST SUPPORT,Affinity Trust Support Ltd,1098336.76,4393347.04,263,placement,1.0,True,none,,Adult Social Care,Over500_2026_P03_-_published:1663,Over500_2026_P03_-_published,1663,2026-06-24,Adult Social Care,Third Party Payments,Private Contractors,Affinity Trust Support Ltd,AFFINITY TRUST SUPPORT,1760.0,placement
T-09,R-06,2,off_contract.csv,7,AFFINITY TRUST SUPPORT,Affinity Trust Support Ltd,1098336.76,4393347.04,263,placement,1.0,True,none,,Adult Social Care,Over500_2026_P03_-_published:1664,Over500_2026_P03_-_published,1664,2026-06-24,Adult Social Care,Third Party Payments,Private Contractors,Affinity Trust Support Ltd,AFFINITY TRUST SUPPORT,2640.0,placement
T-09,R-06,2,off_contract.csv,7,AFFINITY TRUST SUPPORT,Affinity Trust Support Ltd,1098336.76,4393347.04,263,placement,1.0,True,none,,Adult Social Care,Over500_2026_P03_-_published:1665,Over500_2026_P03_-_published,1665,2026-06-24,Adult Social Care,Third Party Payments,Private Contractors,Affinity Trust Support Ltd,AFFINITY TRUST SUPPORT,880.0,placement
T-09,R-06,2,off_contract.csv,7,AFFINITY TRUST SUPPORT,Affinity Trust Support Ltd,1098336.76,4393347.04,263,placement,1.0,True,none,,Adult Social Care,Over500_2026_P03_-_published:1666,Over500_2026_P03_-_published,1666,2026-06-24,Adult Social Care,Third Party Payments,Private Contractors,Affinity Trust Support Ltd,AFFINITY TRUST SUPPORT,2024.96,placement
T-09,R-06,2,off_contract.csv,7,AFFINITY TRUST SUPPORT,Affinity Trust Support Ltd,1098336.76,4393347.04,263,placement,1.0,True,none,,Adult Social Care,Over500_2026_P03_-_published:1667,Over500_2026_P03_-_published,1667,2026-06-24,Adult Social Care,Third Party Payments,Private Contractors,Affinity Trust Support Ltd,AFFINITY TRUST SUPPORT,6600.0,placement
T-09,R-06,2,off_contract.csv,7,AFFINITY TRUST SUPPORT,Affinity Trust Support Ltd,1098336.76,4393347.04,263,placement,1.0,True,none,,Adult Social Care,Over500_2026_P03_-_published:1674,Over500_2026_P03_-_published,1674,2026-06-24,Adult Social Care,Third Party Payments,Private Contractors,Affinity Trust Support Ltd,AFFINITY TRUST SUPPORT,2376.0,placement
T-09,R-06,2,off_contract.csv,7,AFFINITY TRUST SUPPORT,Affinity Trust Support Ltd,1098336.76,4393347.04,263,placement,1.0,True,none,,Adult Social Care,Over500_2026_P03_-_published:1678,Over500_2026_P03_-_published,1678,2026-06-24,Adult Social Care,Third Party Payments,Private Contractors,Affinity Trust Support Ltd,AFFINITY TRUST SUPPORT,14080.0,placement
T-09,R-06,2,off_contract.csv,7,AFFINITY TRUST SUPPORT,Affinity Trust Support Ltd,1098336.76,4393347.04,263,placement,1.0,True,none,,Adult Social Care,Over500_2026_P03_-_published:1689,Over500_2026_P03_-_published,1689,2026-06-24,Adult Social Care,Third Party Payments,Private Contractors,Affinity Trust Support Ltd,AFFINITY TRUST SUPPORT,8118.0,placement
T-09,R-06,2,off_contract.csv,7,AFFINITY TRUST SUPPORT,Affinity Trust Support Ltd,1098336.76,4393347.04,263,placement,1.0,True,none,,Adult Social Care,Over500_2026_P03_-_published:1690,Over500_2026_P03_-_published,1690,2026-06-24,Adult Social Care,Third Party Payments,Private Contractors,Affinity Trust Support Ltd,AFFINITY TRUST SUPPORT,2024.0,placement
T-09,R-06,2,off_contract.csv,7,AFFINITY TRUST SUPPORT,Affinity Trust Support Ltd,1098336.76,4393347.04,263,placement,1.0,True,none,,Adult Social Care,Over500_2026_P03_-_published:1691,Over500_2026_P03_-_published,1691,2026-06-24,Adult Social Care,Third Party Payments,Private Contractors,Affinity Trust Support Ltd,AFFINITY TRUST SUPPORT,3213.76,placement
T-09,R-06,2,off_contract.csv,7,AFFINITY TRUST SUPPORT,Affinity Trust Support Ltd,1098336.76,4393347.04,263,placement,1.0,True,none,,Adult Social Care,Over500_2026_P03_-_published:1692,Over500_2026_P03_-_published,1692,2026-06-24,Adult Social Care,Third Party Payments,Private Contractors,Affinity Trust Support Ltd,AFFINITY TRUST SUPPORT,1540.0,placement
T-09,R-06,2,off_contract.csv,7,AFFINITY TRUST SUPPORT,Affinity Trust Support Ltd,1098336.76,4393347.04,263,placement,1.0,True,none,,Adult Social Care,Over500_2026_P03_-_published:1693,Over500_2026_P03_-_published,1693,2026-06-24,Adult Social Care,Third Party Payments,Private Contractors,Affinity Trust Support Ltd,AFFINITY TRUST SUPPORT,11704.88,placement
T-09,R-06,2,off_contract.csv,7,AFFINITY TRUST SUPPORT,Affinity Trust Support Ltd,1098336.76,4393347.04,263,placement,1.0,True,none,,Adult Social Care,Over500_2026_P03_-_published:1694,Over500_2026_P03_-_published,1694,2026-06-24,Adult Social Care,Third Party Payments,Private Contractors,Affinity Trust Support Ltd,AFFINITY TRUST SUPPORT,12320.0,placement
T-09,R-06,2,off_contract.csv,7,AFFINITY TRUST SUPPORT,Affinity Trust Support Ltd,1098336.76,4393347.04,263,placement,1.0,True,none,,Adult Social Care,Over500_2026_P03_-_published:1695,Over500_2026_P03_-_published,1695,2026-06-24,Adult Social Care,Third Party Payments,Private Contractors,Affinity Trust Support Ltd,AFFINITY TRUST SUPPORT,10252.0,placement
T-09,R-06,2,off_contract.csv,7,AFFINITY TRUST SUPPORT,Affinity Trust Support Ltd,1098336.76,4393347.04,263,placement,1.0,True,none,,Adult Social Care,Over500_2026_P03_-_published:1696,Over500_2026_P03_-_published,1696,2026-06-24,Adult Social Care,Third Party Payments,Private Contractors,Affinity Trust Support Ltd,AFFINITY TRUST SUPPORT,1760.0,placement
T-09,R-06,2,off_contract.csv,7,AFFINITY TRUST SUPPORT,Affinity Trust Support Ltd,1098336.76,4393347.04,263,placement,1.0,True,none,,Adult Social Care,Over500_2026_P03_-_published:1699,Over500_2026_P03_-_published,1699,2026-06-24,Adult Social Care,Third Party Payments,Private Contractors,Affinity Trust Support Ltd,AFFINITY TRUST SUPPORT,4090.68,placement
T-09,R-06,2,off_contract.csv,7,AFFINITY TRUST SUPPORT,Affinity Trust Support Ltd,1098336.76,4393347.04,263,placement,1.0,True,none,,Adult Social Care,Over500_2026_P03_-_published:1700,Over500_2026_P03_-_published,1700,2026-06-24,Adult Social Care,Third Party Payments,Private Contractors,Affinity Trust Support Ltd,AFFINITY TRUST SUPPORT,3212.0,placement
T-09,R-06,2,off_contract.csv,7,AFFINITY TRUST SUPPORT,Affinity Trust Support Ltd,1098336.76,4393347.04,263,placement,1.0,True,none,,Adult Social Care,Over500_2026_P03_-_published:1701,Over500_2026_P03_-_published,1701,2026-06-24,Adult Social Care,Third Party Payments,Private Contractors,Affinity Trust Support Ltd,AFFINITY TRUST SUPPORT,3080.0,placement
T-09,R-06,2,off_contract.csv,7,AFFINITY TRUST SUPPORT,Affinity Trust Support Ltd,1098336.76,4393347.04,263,placement,1.0,True,none,,Adult Social Care,Over500_2026_P03_-_published:1702,Over500_2026_P03_-_published,1702,2026-06-24,Adult Social Care,Third Party Payments,Private Contractors,Affinity Trust Support Ltd,AFFINITY TRUST SUPPORT,12988.8,placement
T-09,R-06,2,off_contract.csv,7,AFFINITY TRUST SUPPORT,Affinity Trust Support Ltd,1098336.76,4393347.04,263,placement,1.0,True,none,,Adult Social Care,Over500_2026_P03_-_published:1703,Over500_2026_P03_-_published,1703,2026-06-24,Adult Social Care,Third Party Payments,Private Contractors,Affinity Trust Support Ltd,AFFINITY TRUST SUPPORT,4936.8,placement
T-09,R-06,2,off_contract.csv,7,AFFINITY TRUST SUPPORT,Affinity Trust Support Ltd,1098336.76,4393347.04,263,placement,1.0,True,none,,Adult Social Care,Over500_2026_P03_-_published:1704,Over500_2026_P03_-_published,1704,2026-06-24,Adult Social Care,Third Party Payments,Private Contractors,Affinity Trust Support Ltd,AFFINITY TRUST SUPPORT,843.64,placement
T-09,R-06,2,off_contract.csv,7,AFFINITY TRUST SUPPORT,Affinity Trust Support Ltd,1098336.76,4393347.04,263,placement,1.0,True,none,,Adult Social Care,Over500_2026_P03_-_published:1715,Over500_2026_P03_-_published,1715,2026-06-24,Adult Social Care,Third Party Payments,Private Contractors,Affinity Trust Support Ltd,AFFINITY TRUST SUPPORT,1408.0,placement
T-09,R-06,2,off_contract.csv,7,AFFINITY TRUST SUPPORT,Affinity Trust Support Ltd,1098336.76,4393347.04,263,placement,1.0,True,none,,Adult Social Care,Over500_2026_P03_-_published:1716,Over500_2026_P03_-_published,1716,2026-06-24,Adult Social Care,Third Party Payments,Private Contractors,Affinity Trust Support Ltd,AFFINITY TRUST SUPPORT,3960.0,placement
T-09,R-06,2,off_contract.csv,7,AFFINITY TRUST SUPPORT,Affinity Trust Support Ltd,1098336.76,4393347.04,263,placement,1.0,True,none,,Adult Social Care,Over500_2026_P03_-_published:1754,Over500_2026_P03_-_published,1754,2026-06-24,Adult Social Care,Third Party Payments,Private Contractors,Affinity Trust Support Ltd,AFFINITY TRUST SUPPORT,4607.75,placement
T-09,R-06,2,off_contract.csv,7,AFFINITY TRUST SUPPORT,Affinity Trust Support Ltd,1098336.76,4393347.04,263,placement,1.0,True,none,,Adult Social Care,Over500_2026_P03_-_published:1764,Over500_2026_P03_-_published,1764,2026-06-24,Adult Social Care,Third Party Payments,Private Contractors,Affinity Trust Support Ltd,AFFINITY TRUST SUPPORT,506.24,placement
T-09,R-06,2,off_contract.csv,7,AFFINITY TRUST SUPPORT,Affinity Trust Support Ltd,1098336.76,4393347.04,263,placement,1.0,True,none,,Adult Social Care,Over500_2026_P03_-_published:1768,Over500_2026_P03_-_published,1768,2026-06-24,Adult Social Care,Third Party Payments,Private Contractors,Affinity Trust Support Ltd,AFFINITY TRUST SUPPORT,5399.24,placement
T-09,R-06,2,off_contract.csv,7,AFFINITY TRUST SUPPORT,Affinity Trust Support Ltd,1098336.76,4393347.04,263,placement,1.0,True,none,,Adult Social Care,Over500_2026_P03_-_published:1770,Over500_2026_P03_-_published,1770,2026-06-24,Adult Social Care,Third Party Payments,Private Contractors,Affinity Trust Support Ltd,AFFINITY TRUST SUPPORT,2992.0,placement
T-09,R-06,2,off_contract.csv,7,AFFINITY TRUST SUPPORT,Affinity Trust Support Ltd,1098336.76,4393347.04,263,placement,1.0,True,none,,Adult Social Care,Over500_2026_P03_-_published:1771,Over500_2026_P03_-_published,1771,2026-06-24,Adult Social Care,Third Party Payments,Private Contractors,Affinity Trust Support Ltd,AFFINITY TRUST SUPPORT,4664.88,placement
T-09,R-06,2,off_contract.csv,7,AFFINITY TRUST SUPPORT,Affinity Trust Support Ltd,1098336.76,4393347.04,263,placement,1.0,True,none,,Adult Social Care,Over500_2026_P03_-_published:1831,Over500_2026_P03_-_published,1831,2026-06-24,Adult Social Care,Third Party Payments,Private Contractors,Affinity Trust Support Ltd,AFFINITY TRUST SUPPORT,2783.0,placement
T-09,R-06,2,off_contract.csv,7,AFFINITY TRUST SUPPORT,Affinity Trust Support Ltd,1098336.76,4393347.04,263,placement,1.0,True,none,,Adult Social Care,Over500_2026_P03_-_published:1832,Over500_2026_P03_-_published,1832,2026-06-24,Adult Social Care,Third Party Payments,Private Contractors,Affinity Trust Support Ltd,AFFINITY TRUST SUPPORT,5814.16,placement
T-09,R-06,2,off_contract.csv,7,AFFINITY TRUST SUPPORT,Affinity Trust Support Ltd,1098336.76,4393347.04,263,placement,1.0,True,none,,Adult Social Care,Over500_2026_P03_-_published:1844,Over500_2026_P03_-_published,1844,2026-06-24,Adult Social Care,Third Party Payments,Private Contractors,Affinity Trust Support Ltd,AFFINITY TRUST SUPPORT,6160.0,placement
T-09,R-06,2,off_contract.csv,7,AFFINITY TRUST SUPPORT,Affinity Trust Support Ltd,1098336.76,4393347.04,263,placement,1.0,True,none,,Adult Social Care,Over500_2026_P03_-_published:1855,Over500_2026_P03_-_published,1855,2026-06-24,Adult Social Care,Third Party Payments,Private Contractors,Affinity Trust Support Ltd,AFFINITY TRUST SUPPORT,4332.02,placement
T-09,R-06,2,off_contract.csv,7,AFFINITY TRUST SUPPORT,Affinity Trust Support Ltd,1098336.76,4393347.04,263,placement,1.0,True,none,,Adult Social Care,Over500_2026_P03_-_published:1856,Over500_2026_P03_-_published,1856,2026-06-24,Adult Social Care,Third Party Payments,Private Contractors,Affinity Trust Support Ltd,AFFINITY TRUST SUPPORT,4048.0,placement
T-09,R-06,2,off_contract.csv,7,AFFINITY TRUST SUPPORT,Affinity Trust Support Ltd,1098336.76,4393347.04,263,placement,1.0,True,none,,Adult Social Care,Over500_2026_P03_-_published:1875,Over500_2026_P03_-_published,1875,2026-06-24,Adult Social Care,Third Party Payments,Private Contractors,Affinity Trust Support Ltd,AFFINITY TRUST SUPPORT,704.0,placement
T-09,R-06,2,off_contract.csv,7,AFFINITY TRUST SUPPORT,Affinity Trust Support Ltd,1098336.76,4393347.04,263,placement,1.0,True,none,,Adult Social Care,Over500_2026_P03_-_published:1977,Over500_2026_P03_-_published,1977,2026-06-24,Adult Social Care,Third Party Payments,Private Contractors,Affinity Trust Support Ltd,AFFINITY TRUST SUPPORT,790.9,placement
T-09,R-06,2,off_contract.csv,7,AFFINITY TRUST SUPPORT,Affinity Trust Support Ltd,1098336.76,4393347.04,263,placement,1.0,True,none,,Adult Social Care,Over500_2026_P03_-_published:1983,Over500_2026_P03_-_published,1983,2026-06-24,Adult Social Care,Third Party Payments,Private Contractors,Affinity Trust Support Ltd,AFFINITY TRUST SUPPORT,654.5,placement
T-09,R-06,2,off_contract.csv,7,AFFINITY TRUST SUPPORT,Affinity Trust Support Ltd,1098336.76,4393347.04,263,placement,1.0,True,none,,Adult Social Care,Over500_2026_P03_-_published:2914,Over500_2026_P03_-_published,2914,2026-06-24,Adult Social Care,Third Party Payments,Private Contractors,Affinity Trust Support Ltd,AFFINITY TRUST SUPPORT,506.24,placement
T-09,R-06,2,off_contract.csv,7,AFFINITY TRUST SUPPORT,Affinity Trust Support Ltd,1098336.76,4393347.04,263,placement,1.0,True,none,,Adult Social Care,Over500_2026_P03_-_published:2939,Over500_2026_P03_-_published,2939,2026-06-24,Adult Social Care,Third Party Payments,Private Contractors,Affinity Trust Support Ltd,AFFINITY TRUST SUPPORT,783.38,placement
T-09,R-06,2,off_contract.csv,7,AFFINITY TRUST SUPPORT,Affinity Trust Support Ltd,1098336.76,4393347.04,263,placement,1.0,True,none,,Adult Social Care,Over500_2026_P03_-_published:2940,Over500_2026_P03_-_published,2940,2026-06-24,Adult Social Care,Third Party Payments,Private Contractors,Affinity Trust Support Ltd,AFFINITY TRUST SUPPORT,817.08,placement
T-09,R-06,2,off_contract.csv,7,AFFINITY TRUST SUPPORT,Affinity Trust Support Ltd,1098336.76,4393347.04,263,placement,1.0,True,none,,Adult Social Care,Over500_2026_P03_-_published:2941,Over500_2026_P03_-_published,2941,2026-06-24,Adult Social Care,Third Party Payments,Private Contractors,Affinity Trust Support Ltd,AFFINITY TRUST SUPPORT,6128.76,placement
T-09,R-06,2,off_contract.csv,7,AFFINITY TRUST SUPPORT,Affinity Trust Support Ltd,1098336.76,4393347.04,263,placement,1.0,True,none,,Adult Social Care,Over500_2026_P03_-_published:2942,Over500_2026_P03_-_published,2942,2026-06-24,Adult Social Care,Third Party Payments,Private Contractors,Affinity Trust Support Ltd,AFFINITY TRUST SUPPORT,1837.0,placement
T-09,R-06,2,off_contract.csv,7,AFFINITY TRUST SUPPORT,Affinity Trust Support Ltd,1098336.76,4393347.04,263,placement,1.0,True,none,,Adult Social Care,Over500_2026_P03_-_published:2943,Over500_2026_P03_-_published,2943,2026-06-24,Adult Social Care,Third Party Payments,Private Contractors,Affinity Trust Support Ltd,AFFINITY TRUST SUPPORT,3124.0,placement
T-09,R-06,2,off_contract.csv,7,AFFINITY TRUST SUPPORT,Affinity Trust Support Ltd,1098336.76,4393347.04,263,placement,1.0,True,none,,Adult Social Care,Over500_2026_P03_-_published:2944,Over500_2026_P03_-_published,2944,2026-06-24,Adult Social Care,Third Party Payments,Private Contractors,Affinity Trust Support Ltd,AFFINITY TRUST SUPPORT,843.64,placement
T-09,R-06,2,off_contract.csv,7,AFFINITY TRUST SUPPORT,Affinity Trust Support Ltd,1098336.76,4393347.04,263,placement,1.0,True,none,,Adult Social Care,Over500_2026_P03_-_published:2955,Over500_2026_P03_-_published,2955,2026-06-24,Adult Social Care,Third Party Payments,Private Contractors,Affinity Trust Support Ltd,AFFINITY TRUST SUPPORT,3350.6,placement
T-09,R-06,2,off_contract.csv,7,AFFINITY TRUST SUPPORT,Affinity Trust Support Ltd,1098336.76,4393347.04,263,placement,1.0,True,none,,Adult Social Care,Over500_2026_P03_-_published:2956,Over500_2026_P03_-_published,2956,2026-06-24,Adult Social Care,Third Party Payments,Private Contractors,Affinity Trust Support Ltd,AFFINITY TRUST SUPPORT,3740.0,placement
T-09,R-06,2,off_contract.csv,7,AFFINITY TRUST SUPPORT,Affinity Trust Support Ltd,1098336.76,4393347.04,263,placement,1.0,True,none,,Adult Social Care,Over500_2026_P03_-_published:2957,Over500_2026_P03_-_published,2957,2026-06-24,Adult Social Care,Third Party Payments,Private Contractors,Affinity Trust Support Ltd,AFFINITY TRUST SUPPORT,2024.96,placement
T-09,R-06,2,off_contract.csv,7,AFFINITY TRUST SUPPORT,Affinity Trust Support Ltd,1098336.76,4393347.04,263,placement,1.0,True,none,,Adult Social Care,Over500_2026_P03_-_published:2958,Over500_2026_P03_-_published,2958,2026-06-24,Adult Social Care,Third Party Payments,Private Contractors,Affinity Trust Support Ltd,AFFINITY TRUST SUPPORT,3960.0,placement
T-09,R-06,2,off_contract.csv,7,AFFINITY TRUST SUPPORT,Affinity Trust Support Ltd,1098336.76,4393347.04,263,placement,1.0,True,none,,Adult Social Care,Over500_2026_P03_-_published:2959,Over500_2026_P03_-_published,2959,2026-06-24,Adult Social Care,Third Party Payments,Private Contractors,Affinity Trust Support Ltd,AFFINITY TRUST SUPPORT,3342.24,placement
T-09,R-06,2,off_contract.csv,7,AFFINITY TRUST SUPPORT,Affinity Trust Support Ltd,1098336.76,4393347.04,263,placement,1.0,True,none,,Adult Social Care,Over500_2026_P03_-_published:2978,Over500_2026_P03_-_published,2978,2026-06-24,Adult Social Care,Third Party Payments,Private Contractors,Affinity Trust Support Ltd,AFFINITY TRUST SUPPORT,506.24,placement
T-09,R-06,2,off_contract.csv,7,AFFINITY TRUST SUPPORT,Affinity Trust Support Ltd,1098336.76,4393347.04,263,placement,1.0,True,none,,Adult Social Care,Over500_2026_P03_-_published:2986,Over500_2026_P03_-_published,2986,2026-06-24,Adult Social Care,Third Party Payments,Private Contractors,Affinity Trust Support Ltd,AFFINITY TRUST SUPPORT,3757.82,placement
T-09,R-06,2,off_contract.csv,7,AFFINITY TRUST SUPPORT,Affinity Trust Support Ltd,1098336.76,4393347.04,263,placement,1.0,True,none,,Adult Social Care,Over500_2026_P03_-_published:935,Over500_2026_P03_-_published,935,2026-06-24,Adult Social Care,Third Party Payments,Private Contractors,Affinity Trust Support Ltd,AFFINITY TRUST SUPPORT,6194.32,placement
T-09,R-06,2,off_contract.csv,7,AFFINITY TRUST SUPPORT,Affinity Trust Support Ltd,1098336.76,4393347.04,263,placement,1.0,True,none,,Adult Social Care,Over500_2026_P04_-_published:2222,Over500_2026_P04_-_published,2222,2026-07-01,Adult Social Care,Third Party Payments,Private Contractors,Affinity Trust Support Ltd,AFFINITY TRUST SUPPORT,3342.24,placement
T-09,R-06,2,off_contract.csv,7,AFFINITY TRUST SUPPORT,Affinity Trust Support Ltd,1098336.76,4393347.04,263,placement,1.0,True,none,,Adult Social Care,Over500_2026_P04_-_published:2224,Over500_2026_P04_-_published,2224,2026-07-01,Adult Social Care,Third Party Payments,Private Contractors,Affinity Trust Support Ltd,AFFINITY TRUST SUPPORT,6958.38,placement
T-09,R-06,2,off_contract.csv,7,AFFINITY TRUST SUPPORT,Affinity Trust Support Ltd,1098336.76,4393347.04,263,placement,1.0,True,none,,Adult Social Care,Over500_2026_P04_-_published:2226,Over500_2026_P04_-_published,2226,2026-07-01,Adult Social Care,Third Party Payments,Private Contractors,Affinity Trust Support Ltd,AFFINITY TRUST SUPPORT,12276.0,placement
T-09,R-06,2,off_contract.csv,7,AFFINITY TRUST SUPPORT,Affinity Trust Support Ltd,1098336.76,4393347.04,263,placement,1.0,True,none,,Adult Social Care,Over500_2026_P04_-_published:2227,Over500_2026_P04_-_published,2227,2026-07-01,Adult Social Care,Third Party Payments,Private Contractors,Affinity Trust Support Ltd,AFFINITY TRUST SUPPORT,6490.88,placement
T-09,R-06,2,off_contract.csv,7,AFFINITY TRUST SUPPORT,Affinity Trust Support Ltd,1098336.76,4393347.04,263,placement,1.0,True,none,,Adult Social Care,Over500_2026_P04_-_published:2239,Over500_2026_P04_-_published,2239,2026-07-01,Adult Social Care,Third Party Payments,Private Contractors,Affinity Trust Support Ltd,AFFINITY TRUST SUPPORT,24926.0,placement
T-09,R-06,2,off_contract.csv,7,AFFINITY TRUST SUPPORT,Affinity Trust Support Ltd,1098336.76,4393347.04,263,placement,1.0,True,none,,Adult Social Care,Over500_2026_P04_-_published:2240,Over500_2026_P04_-_published,2240,2026-07-01,Adult Social Care,Third Party Payments,Private Contractors,Affinity Trust Support Ltd,AFFINITY TRUST SUPPORT,3103.32,placement
T-09,R-06,2,off_contract.csv,7,AFFINITY TRUST SUPPORT,Affinity Trust Support Ltd,1098336.76,4393347.04,263,placement,1.0,True,none,,Adult Social Care,Over500_2026_P04_-_published:2241,Over500_2026_P04_-_published,2241,2026-07-01,Adult Social Care,Third Party Payments,Private Contractors,Affinity Trust Support Ltd,AFFINITY TRUST SUPPORT,6026.46,placement
T-09,R-06,2,off_contract.csv,7,AFFINITY TRUST SUPPORT,Affinity Trust Support Ltd,1098336.76,4393347.04,263,placement,1.0,True,none,,Adult Social Care,Over500_2026_P04_-_published:2251,Over500_2026_P04_-_published,2251,2026-07-01,Adult Social Care,Third Party Payments,Private Contractors,Affinity Trust Support Ltd,AFFINITY TRUST SUPPORT,6455.46,placement
T-09,R-06,2,off_contract.csv,7,AFFINITY TRUST SUPPORT,Affinity Trust Support Ltd,1098336.76,4393347.04,263,placement,1.0,True,none,,Adult Social Care,Over500_2026_P04_-_published:2252,Over500_2026_P04_-_published,2252,2026-07-01,Adult Social Care,Third Party Payments,Private Contractors,Affinity Trust Support Ltd,AFFINITY TRUST SUPPORT,8118.0,placement
T-09,R-06,2,off_contract.csv,7,AFFINITY TRUST SUPPORT,Affinity Trust Support Ltd,1098336.76,4393347.04,263,placement,1.0,True,none,,Adult Social Care,Over500_2026_P04_-_published:2253,Over500_2026_P04_-_published,2253,2026-07-01,Adult Social Care,Third Party Payments,Private Contractors,Affinity Trust Support Ltd,AFFINITY TRUST SUPPORT,1980.0,placement
T-09,R-06,2,off_contract.csv,7,AFFINITY TRUST SUPPORT,Affinity Trust Support Ltd,1098336.76,4393347.04,263,placement,1.0,True,none,,Adult Social Care,Over500_2026_P04_-_published:2257,Over500_2026_P04_-_published,2257,2026-07-01,Adult Social Care,Third Party Payments,Private Contractors,Affinity Trust Support Ltd,AFFINITY TRUST SUPPORT,7538.08,placement
T-09,R-06,2,off_contract.csv,7,AFFINITY TRUST SUPPORT,Affinity Trust Support Ltd,1098336.76,4393347.04,263,placement,1.0,True,none,,Adult Social Care,Over500_2026_P04_-_published:2258,Over500_2026_P04_-_published,2258,2026-07-01,Adult Social Care,Third Party Payments,Private Contractors,Affinity Trust Support Ltd,AFFINITY TRUST SUPPORT,11399.3,placement
T-09,R-06,2,off_contract.csv,7,AFFINITY TRUST SUPPORT,Affinity Trust Support Ltd,1098336.76,4393347.04,263,placement,1.0,True,none,,Adult Social Care,Over500_2026_P04_-_published:2259,Over500_2026_P04_-_published,2259,2026-07-01,Adult Social Care,Third Party Payments,Private Contractors,Affinity Trust Support Ltd,AFFINITY TRUST SUPPORT,6952.0,placement
T-09,R-06,2,off_contract.csv,7,AFFINITY TRUST SUPPORT,Affinity Trust Support Ltd,1098336.76,4393347.04,263,placement,1.0,True,none,,Adult Social Care,Over500_2026_P04_-_published:2267,Over500_2026_P04_-_published,2267,2026-07-01,Adult Social Care,Third Party Payments,Private Contractors,Affinity Trust Support Ltd,AFFINITY TRUST SUPPORT,1012.76,placement
T-09,R-06,2,off_contract.csv,7,AFFINITY TRUST SUPPORT,Affinity Trust Support Ltd,1098336.76,4393347.04,263,placement,1.0,True,none,,Adult Social Care,Over500_2026_P04_-_published:2268,Over500_2026_P04_-_published,2268,2026-07-01,Adult Social Care,Third Party Payments,Private Contractors,Affinity Trust Support Ltd,AFFINITY TRUST SUPPORT,3740.0,placement
T-09,R-06,2,off_contract.csv,7,AFFINITY TRUST SUPPORT,Affinity Trust Support Ltd,1098336.76,4393347.04,263,placement,1.0,True,none,,Adult Social Care,Over500_2026_P04_-_published:2269,Over500_2026_P04_-_published,2269,2026-07-01,Adult Social Care,Third Party Payments,Private Contractors,Affinity Trust Support Ltd,AFFINITY TRUST SUPPORT,4936.8,placement
T-09,R-06,2,off_contract.csv,7,AFFINITY TRUST SUPPORT,Affinity Trust Support Ltd,1098336.76,4393347.04,263,placement,1.0,True,none,,Adult Social Care,Over500_2026_P04_-_published:2270,Over500_2026_P04_-_published,2270,2026-07-01,Adult Social Care,Third Party Payments,Private Contractors,Affinity Trust Support Ltd,AFFINITY TRUST SUPPORT,2640.0,placement
T-09,R-06,2,off_contract.csv,7,AFFINITY TRUST SUPPORT,Affinity Trust Support Ltd,1098336.76,4393347.04,263,placement,1.0,True,none,,Adult Social Care,Over500_2026_P04_-_published:2271,Over500_2026_P04_-_published,2271,2026-07-01,Adult Social Care,Third Party Payments,Private Contractors,Affinity Trust Support Ltd,AFFINITY TRUST SUPPORT,3080.0,placement
T-09,R-06,2,off_contract.csv,7,AFFINITY TRUST SUPPORT,Affinity Trust Support Ltd,1098336.76,4393347.04,263,placement,1.0,True,none,,Adult Social Care,Over500_2026_P04_-_published:2272,Over500_2026_P04_-_published,2272,2026-07-01,Adult Social Care,Third Party Payments,Private Contractors,Affinity Trust Support Ltd,AFFINITY TRUST SUPPORT,4405.28,placement
T-09,R-06,2,off_contract.csv,7,AFFINITY TRUST SUPPORT,Affinity Trust Support Ltd,1098336.76,4393347.04,263,placement,1.0,True,none,,Adult Social Care,Over500_2026_P04_-_published:2294,Over500_2026_P04_-_published,2294,2026-07-01,Adult Social Care,Third Party Payments,Private Contractors,Affinity Trust Support Ltd,AFFINITY TRUST SUPPORT,843.64,placement
T-09,R-06,2,off_contract.csv,7,AFFINITY TRUST SUPPORT,Affinity Trust Support Ltd,1098336.76,4393347.04,263,placement,1.0,True,none,,Adult Social Care,Over500_2026_P04_-_published:2295,Over500_2026_P04_-_published,2295,2026-07-01,Adult Social Care,Third Party Payments,Private Contractors,Affinity Trust Support Ltd,AFFINITY TRUST SUPPORT,1760.0,placement
T-09,R-06,2,off_contract.csv,7,AFFINITY TRUST SUPPORT,Affinity Trust Support Ltd,1098336.76,4393347.04,263,placement,1.0,True,none,,Adult Social Care,Over500_2026_P04_-_published:2313,Over500_2026_P04_-_published,2313,2026-07-01,Adult Social Care,Third Party Payments,Private Contractors,Affinity Trust Support Ltd,AFFINITY TRUST SUPPORT,6952.0,placement
T-09,R-06,2,off_contract.csv,7,AFFINITY TRUST SUPPORT,Affinity Trust Support Ltd,1098336.76,4393347.04,263,placement,1.0,True,none,,Adult Social Care,Over500_2026_P04_-_published:2314,Over500_2026_P04_-_published,2314,2026-07-01,Adult Social Care,Third Party Payments,Private Contractors,Affinity Trust Support Ltd,AFFINITY TRUST SUPPORT,2024.96,placement
T-09,R-06,2,off_contract.csv,7,AFFINITY TRUST SUPPORT,Affinity Trust Support Ltd,1098336.76,4393347.04,263,placement,1.0,True,none,,Adult Social Care,Over500_2026_P04_-_published:2315,Over500_2026_P04_-_published,2315,2026-07-01,Adult Social Care,Third Party Payments,Private Contractors,Affinity Trust Support Ltd,AFFINITY TRUST SUPPORT,6490.88,placement
T-09,R-06,2,off_contract.csv,7,AFFINITY TRUST SUPPORT,Affinity Trust Support Ltd,1098336.76,4393347.04,263,placement,1.0,True,none,,Adult Social Care,Over500_2026_P04_-_published:2316,Over500_2026_P04_-_published,2316,2026-07-01,Adult Social Care,Third Party Payments,Private Contractors,Affinity Trust Support Ltd,AFFINITY TRUST SUPPORT,6600.0,placement
T-09,R-06,2,off_contract.csv,7,AFFINITY TRUST SUPPORT,Affinity Trust Support Ltd,1098336.76,4393347.04,263,placement,1.0,True,none,,Adult Social Care,Over500_2026_P04_-_published:2337,Over500_2026_P04_-_published,2337,2026-07-01,Adult Social Care,Third Party Payments,Private Contractors,Affinity Trust Support Ltd,AFFINITY TRUST SUPPORT,1760.0,placement
T-09,R-06,2,off_contract.csv,7,AFFINITY TRUST SUPPORT,Affinity Trust Support Ltd,1098336.76,4393347.04,263,placement,1.0,True,none,,Adult Social Care,Over500_2026_P04_-_published:2338,Over500_2026_P04_-_published,2338,2026-07-01,Adult Social Care,Third Party Payments,Private Contractors,Affinity Trust Support Ltd,AFFINITY TRUST SUPPORT,1012.76,placement
T-09,R-06,2,off_contract.csv,7,AFFINITY TRUST SUPPORT,Affinity Trust Support Ltd,1098336.76,4393347.04,263,placement,1.0,True,none,,Adult Social Care,Over500_2026_P04_-_published:2339,Over500_2026_P04_-_published,2339,2026-07-01,Adult Social Care,Third Party Payments,Private Contractors,Affinity Trust Support Ltd,AFFINITY TRUST SUPPORT,2772.0,placement
T-09,R-06,2,off_contract.csv,7,AFFINITY TRUST SUPPORT,Affinity Trust Support Ltd,1098336.76,4393347.04,263,placement,1.0,True,none,,Adult Social Care,Over500_2026_P04_-_published:2340,Over500_2026_P04_-_published,2340,2026-07-01,Adult Social Care,Third Party Payments,Private Contractors,Affinity Trust Support Ltd,AFFINITY TRUST SUPPORT,12276.0,placement
T-09,R-06,2,off_contract.csv,7,AFFINITY TRUST SUPPORT,Affinity Trust Support Ltd,1098336.76,4393347.04,263,placement,1.0,True,none,,Adult Social Care,Over500_2026_P04_-_published:2341,Over500_2026_P04_-_published,2341,2026-07-01,Adult Social Care,Third Party Payments,Private Contractors,Affinity Trust Support Ltd,AFFINITY TRUST SUPPORT,2024.96,placement
T-09,R-06,2,off_contract.csv,7,AFFINITY TRUST SUPPORT,Affinity Trust Support Ltd,1098336.76,4393347.04,263,placement,1.0,True,none,,Adult Social Care,Over500_2026_P04_-_published:2342,Over500_2026_P04_-_published,2342,2026-07-01,Adult Social Care,Third Party Payments,Private Contractors,Affinity Trust Support Ltd,AFFINITY TRUST SUPPORT,14080.0,placement
T-09,R-06,2,off_contract.csv,7,AFFINITY TRUST SUPPORT,Affinity Trust Support Ltd,1098336.76,4393347.04,263,placement,1.0,True,none,,Adult Social Care,Over500_2026_P04_-_published:2343,Over500_2026_P04_-_published,2343,2026-07-01,Adult Social Care,Third Party Payments,Private Contractors,Affinity Trust Support Ltd,AFFINITY TRUST SUPPORT,11704.88,placement
T-09,R-06,2,off_contract.csv,7,AFFINITY TRUST SUPPORT,Affinity Trust Support Ltd,1098336.76,4393347.04,263,placement,1.0,True,none,,Adult Social Care,Over500_2026_P04_-_published:2344,Over500_2026_P04_-_published,2344,2026-07-01,Adult Social Care,Third Party Payments,Private Contractors,Affinity Trust Support Ltd,AFFINITY TRUST SUPPORT,880.0,placement
T-09,R-06,2,off_contract.csv,7,AFFINITY TRUST SUPPORT,Affinity Trust Support Ltd,1098336.76,4393347.04,263,placement,1.0,True,none,,Adult Social Care,Over500_2026_P04_-_published:2603,Over500_2026_P04_-_published,2603,2026-07-01,Adult Social Care,Third Party Payments,Private Contractors,Affinity Trust Support Ltd,AFFINITY TRUST SUPPORT,1060.4,placement
T-09,R-06,2,off_contract.csv,7,AFFINITY TRUST SUPPORT,Affinity Trust Support Ltd,1098336.76,4393347.04,263,placement,1.0,True,none,,Adult Social Care,Over500_2026_P04_-_published:2707,Over500_2026_P04_-_published,2707,2026-07-01,Adult Social Care,Third Party Payments,Private Contractors,Affinity Trust Support Ltd,AFFINITY TRUST SUPPORT,2992.0,placement
T-09,R-06,2,off_contract.csv,7,AFFINITY TRUST SUPPORT,Affinity Trust Support Ltd,1098336.76,4393347.04,263,placement,1.0,True,none,,Adult Social Care,Over500_2026_P04_-_published:2742,Over500_2026_P04_-_published,2742,2026-07-01,Adult Social Care,Third Party Payments,Private Contractors,Affinity Trust Support Ltd,AFFINITY TRUST SUPPORT,4664.88,placement
T-09,R-06,2,off_contract.csv,7,AFFINITY TRUST SUPPORT,Affinity Trust Support Ltd,1098336.76,4393347.04,263,placement,1.0,True,none,,Adult Social Care,Over500_2026_P04_-_published:2765,Over500_2026_P04_-_published,2765,2026-07-01,Adult Social Care,Third Party Payments,Private Contractors,Affinity Trust Support Ltd,AFFINITY TRUST SUPPORT,5814.16,placement
T-09,R-06,2,off_contract.csv,7,AFFINITY TRUST SUPPORT,Affinity Trust Support Ltd,1098336.76,4393347.04,263,placement,1.0,True,none,,Adult Social Care,Over500_2026_P04_-_published:2960,Over500_2026_P04_-_published,2960,2026-07-01,Adult Social Care,Third Party Payments,Private Contractors,Affinity Trust Support Ltd,AFFINITY TRUST SUPPORT,3342.24,placement
T-09,R-06,2,off_contract.csv,7,AFFINITY TRUST SUPPORT,Affinity Trust Support Ltd,1098336.76,4393347.04,263,placement,1.0,True,none,,Adult Social Care,Over500_2026_P04_-_published:2961,Over500_2026_P04_-_published,2961,2026-07-01,Adult Social Care,Third Party Payments,Private Contractors,Affinity Trust Support Ltd,AFFINITY TRUST SUPPORT,608.08,placement
T-09,R-06,2,off_contract.csv,7,AFFINITY TRUST SUPPORT,Affinity Trust Support Ltd,1098336.76,4393347.04,263,placement,1.0,True,none,,Adult Social Care,Over500_2026_P04_-_published:2970,Over500_2026_P04_-_published,2970,2026-07-01,Adult Social Care,Third Party Payments,Private Contractors,Affinity Trust Support Ltd,AFFINITY TRUST SUPPORT,2640.0,placement
T-09,R-06,2,off_contract.csv,7,AFFINITY TRUST SUPPORT,Affinity Trust Support Ltd,1098336.76,4393347.04,263,placement,1.0,True,none,,Adult Social Care,Over500_2026_P04_-_published:2971,Over500_2026_P04_-_published,2971,2026-07-01,Adult Social Care,Third Party Payments,Private Contractors,Affinity Trust Support Ltd,AFFINITY TRUST SUPPORT,1540.0,placement
T-09,R-06,2,off_contract.csv,7,AFFINITY TRUST SUPPORT,Affinity Trust Support Ltd,1098336.76,4393347.04,263,placement,1.0,True,none,,Adult Social Care,Over500_2026_P04_-_published:2972,Over500_2026_P04_-_published,2972,2026-07-01,Adult Social Care,Third Party Payments,Private Contractors,Affinity Trust Support Ltd,AFFINITY TRUST SUPPORT,3124.0,placement
T-09,R-06,2,off_contract.csv,7,AFFINITY TRUST SUPPORT,Affinity Trust Support Ltd,1098336.76,4393347.04,263,placement,1.0,True,none,,Adult Social Care,Over500_2026_P04_-_published:2973,Over500_2026_P04_-_published,2973,2026-07-01,Adult Social Care,Third Party Payments,Private Contractors,Affinity Trust Support Ltd,AFFINITY TRUST SUPPORT,3213.76,placement
T-09,R-06,2,off_contract.csv,7,AFFINITY TRUST SUPPORT,Affinity Trust Support Ltd,1098336.76,4393347.04,263,placement,1.0,True,none,,Adult Social Care,Over500_2026_P04_-_published:2974,Over500_2026_P04_-_published,2974,2026-07-01,Adult Social Care,Third Party Payments,Private Contractors,Affinity Trust Support Ltd,AFFINITY TRUST SUPPORT,3212.0,placement
T-09,R-06,2,off_contract.csv,7,AFFINITY TRUST SUPPORT,Affinity Trust Support Ltd,1098336.76,4393347.04,263,placement,1.0,True,none,,Adult Social Care,Over500_2026_P04_-_published:2975,Over500_2026_P04_-_published,2975,2026-07-01,Adult Social Care,Third Party Payments,Private Contractors,Affinity Trust Support Ltd,AFFINITY TRUST SUPPORT,12320.0,placement
T-09,R-06,2,off_contract.csv,7,AFFINITY TRUST SUPPORT,Affinity Trust Support Ltd,1098336.76,4393347.04,263,placement,1.0,True,none,,Adult Social Care,Over500_2026_P04_-_published:2976,Over500_2026_P04_-_published,2976,2026-07-01,Adult Social Care,Third Party Payments,Private Contractors,Affinity Trust Support Ltd,AFFINITY TRUST SUPPORT,2420.0,placement
T-09,R-06,2,off_contract.csv,7,AFFINITY TRUST SUPPORT,Affinity Trust Support Ltd,1098336.76,4393347.04,263,placement,1.0,True,none,,Adult Social Care,Over500_2026_P04_-_published:2977,Over500_2026_P04_-_published,2977,2026-07-01,Adult Social Care,Third Party Payments,Private Contractors,Affinity Trust Support Ltd,AFFINITY TRUST SUPPORT,12988.8,placement
T-09,R-06,2,off_contract.csv,7,AFFINITY TRUST SUPPORT,Affinity Trust Support Ltd,1098336.76,4393347.04,263,placement,1.0,True,none,,Adult Social Care,Over500_2026_P04_-_published:2978,Over500_2026_P04_-_published,2978,2026-07-01,Adult Social Care,Third Party Payments,Private Contractors,Affinity Trust Support Ltd,AFFINITY TRUST SUPPORT,4585.68,placement
T-09,R-06,2,off_contract.csv,7,AFFINITY TRUST SUPPORT,Affinity Trust Support Ltd,1098336.76,4393347.04,263,placement,1.0,True,none,,Adult Social Care,Over500_2026_P04_-_published:2979,Over500_2026_P04_-_published,2979,2026-07-01,Adult Social Care,Third Party Payments,Private Contractors,Affinity Trust Support Ltd,AFFINITY TRUST SUPPORT,3960.0,placement
T-09,R-06,2,off_contract.csv,7,AFFINITY TRUST SUPPORT,Affinity Trust Support Ltd,1098336.76,4393347.04,263,placement,1.0,True,none,,Adult Social Care,Over500_2026_P04_-_published:2980,Over500_2026_P04_-_published,2980,2026-07-01,Adult Social Care,Third Party Payments,Private Contractors,Affinity Trust Support Ltd,AFFINITY TRUST SUPPORT,843.64,placement
T-09,R-06,2,off_contract.csv,7,AFFINITY TRUST SUPPORT,Affinity Trust Support Ltd,1098336.76,4393347.04,263,placement,1.0,True,none,,Adult Social Care,Over500_2026_P04_-_published:2981,Over500_2026_P04_-_published,2981,2026-07-01,Adult Social Care,Third Party Payments,Private Contractors,Affinity Trust Support Ltd,AFFINITY TRUST SUPPORT,2376.0,placement
T-09,R-06,2,off_contract.csv,7,AFFINITY TRUST SUPPORT,Affinity Trust Support Ltd,1098336.76,4393347.04,263,placement,1.0,True,none,,Adult Social Care,Over500_2026_P04_-_published:2982,Over500_2026_P04_-_published,2982,2026-07-01,Adult Social Care,Third Party Payments,Private Contractors,Affinity Trust Support Ltd,AFFINITY TRUST SUPPORT,10252.0,placement
T-09,R-06,2,off_contract.csv,7,AFFINITY TRUST SUPPORT,Affinity Trust Support Ltd,1098336.76,4393347.04,263,placement,1.0,True,none,,Adult Social Care,Over500_2026_P04_-_published:3066,Over500_2026_P04_-_published,3066,2026-07-01,Adult Social Care,Third Party Payments,Private Contractors,Affinity Trust Support Ltd,AFFINITY TRUST SUPPORT,704.0,placement
T-09,R-06,2,off_contract.csv,7,AFFINITY TRUST SUPPORT,Affinity Trust Support Ltd,1098336.76,4393347.04,263,placement,1.0,True,none,,Adult Social Care,Over500_2026_P04_-_published:3564,Over500_2026_P04_-_published,3564,2026-07-01,Adult Social Care,Third Party Payments,Private Contractors,Affinity Trust Support Ltd,AFFINITY TRUST SUPPORT,5720.0,placement
T-09,R-06,2,off_contract.csv,7,AFFINITY TRUST SUPPORT,Affinity Trust Support Ltd,1098336.76,4393347.04,263,placement,1.0,True,none,,Adult Social Care,Over500_2026_P04_-_published:3629,Over500_2026_P04_-_published,3629,2026-07-01,Adult Social Care,Third Party Payments,Private Contractors,Affinity Trust Support Ltd,AFFINITY TRUST SUPPORT,4048.0,placement
T-09,R-06,2,off_contract.csv,7,AFFINITY TRUST SUPPORT,Affinity Trust Support Ltd,1098336.76,4393347.04,263,placement,1.0,True,none,,Adult Social Care,Over500_2026_P04_-_published:3730,Over500_2026_P04_-_published,3730,2026-07-01,Adult Social Care,Third Party Payments,Private Contractors,Affinity Trust Support Ltd,AFFINITY TRUST SUPPORT,850.96,placement
T-09,R-06,2,off_contract.csv,7,AFFINITY TRUST SUPPORT,Affinity Trust Support Ltd,1098336.76,4393347.04,263,placement,1.0,True,none,,Adult Social Care,Over500_2026_P04_-_published:3731,Over500_2026_P04_-_published,3731,2026-07-01,Adult Social Care,Third Party Payments,Private Contractors,Affinity Trust Support Ltd,AFFINITY TRUST SUPPORT,782.1,placement
T-09,R-06,2,off_contract.csv,7,AFFINITY TRUST SUPPORT,Affinity Trust Support Ltd,1098336.76,4393347.04,263,placement,1.0,True,none,,Adult Social Care,Over500_2026_P04_-_published:972,Over500_2026_P04_-_published,972,2026-07-01,Adult Social Care,Third Party Payments,Private Contractors,Affinity Trust Support Ltd,AFFINITY TRUST SUPPORT,3212.0,placement
T-09,R-06,2,off_contract.csv,7,AFFINITY TRUST SUPPORT,Affinity Trust Support Ltd,1098336.76,4393347.04,263,placement,1.0,True,none,,Adult Social Care,Over500_2026_P04_-_published:2297,Over500_2026_P04_-_published,2297,2026-07-08,Adult Social Care,Third Party Payments,Private Contractors,Affinity Trust Support Ltd,AFFINITY TRUST SUPPORT,3608.0,placement
T-09,R-06,2,off_contract.csv,7,AFFINITY TRUST SUPPORT,Affinity Trust Support Ltd,1098336.76,4393347.04,263,placement,1.0,True,none,,Adult Social Care,Over500_2026_P04_-_published:2298,Over500_2026_P04_-_published,2298,2026-07-08,Adult Social Care,Third Party Payments,Private Contractors,Affinity Trust Support Ltd,AFFINITY TRUST SUPPORT,3677.08,placement
T-09,R-06,2,off_contract.csv,7,AFFINITY TRUST SUPPORT,Affinity Trust Support Ltd,1098336.76,4393347.04,263,placement,1.0,True,none,,Adult Social Care,Over500_2026_P04_-_published:2299,Over500_2026_P04_-_published,2299,2026-07-08,Adult Social Care,Third Party Payments,Private Contractors,Affinity Trust Support Ltd,AFFINITY TRUST SUPPORT,1953.18,placement
T-09,R-06,2,off_contract.csv,7,AFFINITY TRUST SUPPORT,Affinity Trust Support Ltd,1098336.76,4393347.04,263,placement,1.0,True,none,,Adult Social Care,Over500_2026_P04_-_published:2300,Over500_2026_P04_-_published,2300,2026-07-08,Adult Social Care,Third Party Payments,Private Contractors,Affinity Trust Support Ltd,AFFINITY TRUST SUPPORT,1012.76,placement
T-09,R-06,2,off_contract.csv,7,AFFINITY TRUST SUPPORT,Affinity Trust Support Ltd,1098336.76,4393347.04,263,placement,1.0,True,none,,Adult Social Care,Over500_2026_P04_-_published:2301,Over500_2026_P04_-_published,2301,2026-07-08,Adult Social Care,Third Party Payments,Private Contractors,Affinity Trust Support Ltd,AFFINITY TRUST SUPPORT,675.08,placement
T-09,R-06,2,off_contract.csv,7,AFFINITY TRUST SUPPORT,Affinity Trust Support Ltd,1098336.76,4393347.04,263,placement,1.0,True,none,,Adult Social Care,Over500_2026_P04_-_published:2302,Over500_2026_P04_-_published,2302,2026-07-08,Adult Social Care,Third Party Payments,Private Contractors,Affinity Trust Support Ltd,AFFINITY TRUST SUPPORT,1633.5,placement
T-09,R-06,2,off_contract.csv,7,AFFINITY TRUST SUPPORT,Affinity Trust Support Ltd,1098336.76,4393347.04,263,placement,1.0,True,none,,Adult Social Care,Over500_2026_P04_-_published:2317,Over500_2026_P04_-_published,2317,2026-07-08,Adult Social Care,Third Party Payments,Private Contractors,Affinity Trust Support Ltd,AFFINITY TRUST SUPPORT,3330.25,placement
T-09,R-06,2,off_contract.csv,7,AFFINITY TRUST SUPPORT,Affinity Trust Support Ltd,1098336.76,4393347.04,263,placement,1.0,True,none,,Adult Social Care,Over500_2026_P04_-_published:2318,Over500_2026_P04_-_published,2318,2026-07-08,Adult Social Care,Third Party Payments,Private Contractors,Affinity Trust Support Ltd,AFFINITY TRUST SUPPORT,3924.0,placement
T-09,R-06,2,off_contract.csv,7,AFFINITY TRUST SUPPORT,Affinity Trust Support Ltd,1098336.76,4393347.04,263,placement,1.0,True,none,,Adult Social Care,Over500_2026_P04_-_published:2319,Over500_2026_P04_-_published,2319,2026-07-08,Adult Social Care,Third Party Payments,Private Contractors,Affinity Trust Support Ltd,AFFINITY TRUST SUPPORT,3960.0,placement
T-09,R-06,2,off_contract.csv,7,AFFINITY TRUST SUPPORT,Affinity Trust Support Ltd,1098336.76,4393347.04,263,placement,1.0,True,none,,Adult Social Care,Over500_2026_P04_-_published:2320,Over500_2026_P04_-_published,2320,2026-07-08,Adult Social Care,Third Party Payments,Private Contractors,Affinity Trust Support Ltd,AFFINITY TRUST SUPPORT,28512.0,placement
T-09,R-06,2,off_contract.csv,7,AFFINITY TRUST SUPPORT,Affinity Trust Support Ltd,1098336.76,4393347.04,263,placement,1.0,True,none,,Adult Social Care,Over500_2026_P04_-_published:2321,Over500_2026_P04_-_published,2321,2026-07-08,Adult Social Care,Third Party Payments,Private Contractors,Affinity Trust Support Ltd,AFFINITY TRUST SUPPORT,1012.76,placement
T-09,R-06,2,off_contract.csv,7,AFFINITY TRUST SUPPORT,Affinity Trust Support Ltd,1098336.76,4393347.04,263,placement,1.0,True,none,,Adult Social Care,Over500_2026_P04_-_published:2322,Over500_2026_P04_-_published,2322,2026-07-08,Adult Social Care,Third Party Payments,Private Contractors,Affinity Trust Support Ltd,AFFINITY TRUST SUPPORT,675.08,placement
T-09,R-06,2,off_contract.csv,7,AFFINITY TRUST SUPPORT,Affinity Trust Support Ltd,1098336.76,4393347.04,263,placement,1.0,True,none,,Adult Social Care,Over500_2026_P04_-_published:2334,Over500_2026_P04_-_published,2334,2026-07-08,Adult Social Care,Third Party Payments,Private Contractors,Affinity Trust Support Ltd,AFFINITY TRUST SUPPORT,1012.76,placement
T-09,R-06,2,off_contract.csv,7,AFFINITY TRUST SUPPORT,Affinity Trust Support Ltd,1098336.76,4393347.04,263,placement,1.0,True,none,,Adult Social Care,Over500_2026_P04_-_published:2345,Over500_2026_P04_-_published,2345,2026-07-08,Adult Social Care,Third Party Payments,Private Contractors,Affinity Trust Support Ltd,AFFINITY TRUST SUPPORT,11914.14,placement
T-09,R-06,2,off_contract.csv,7,AFFINITY TRUST SUPPORT,Affinity Trust Support Ltd,1098336.76,4393347.04,263,placement,1.0,True,none,,Adult Social Care,Over500_2026_P04_-_published:2346,Over500_2026_P04_-_published,2346,2026-07-08,Adult Social Care,Third Party Payments,Private Contractors,Affinity Trust Support Ltd,AFFINITY TRUST SUPPORT,3960.0,placement
T-09,R-06,2,off_contract.csv,7,AFFINITY TRUST SUPPORT,Affinity Trust Support Ltd,1098336.76,4393347.04,263,placement,1.0,True,none,,Adult Social Care,Over500_2026_P04_-_published:2347,Over500_2026_P04_-_published,2347,2026-07-08,Adult Social Care,Third Party Payments,Private Contractors,Affinity Trust Support Ltd,AFFINITY TRUST SUPPORT,3124.0,placement
T-09,R-06,2,off_contract.csv,7,AFFINITY TRUST SUPPORT,Affinity Trust Support Ltd,1098336.76,4393347.04,263,placement,1.0,True,none,,Adult Social Care,Over500_2026_P04_-_published:2348,Over500_2026_P04_-_published,2348,2026-07-08,Adult Social Care,Third Party Payments,Private Contractors,Affinity Trust Support Ltd,AFFINITY TRUST SUPPORT,3960.0,placement
T-09,R-06,2,off_contract.csv,7,AFFINITY TRUST SUPPORT,Affinity Trust Support Ltd,1098336.76,4393347.04,263,placement,1.0,True,none,,Adult Social Care,Over500_2026_P04_-_published:2350,Over500_2026_P04_-_published,2350,2026-07-08,Adult Social Care,Third Party Payments,Private Contractors,Affinity Trust Support Ltd,AFFINITY TRUST SUPPORT,13237.62,placement
T-09,R-06,2,off_contract.csv,7,AFFINITY TRUST SUPPORT,Affinity Trust Support Ltd,1098336.76,4393347.04,263,placement,1.0,True,none,,Adult Social Care,Over500_2026_P04_-_published:2351,Over500_2026_P04_-_published,2351,2026-07-08,Adult Social Care,Third Party Payments,Private Contractors,Affinity Trust Support Ltd,AFFINITY TRUST SUPPORT,1953.18,placement
T-09,R-06,2,off_contract.csv,7,AFFINITY TRUST SUPPORT,Affinity Trust Support Ltd,1098336.76,4393347.04,263,placement,1.0,True,none,,Adult Social Care,Over500_2026_P04_-_published:2391,Over500_2026_P04_-_published,2391,2026-07-08,Adult Social Care,Third Party Payments,Private Contractors,Affinity Trust Support Ltd,AFFINITY TRUST SUPPORT,1012.76,placement
T-09,R-06,2,off_contract.csv,7,AFFINITY TRUST SUPPORT,Affinity Trust Support Ltd,1098336.76,4393347.04,263,placement,1.0,True,none,,Adult Social Care,Over500_2026_P04_-_published:2693,Over500_2026_P04_-_published,2693,2026-07-08,Adult Social Care,Third Party Payments,Private Contractors,Affinity Trust Support Ltd,AFFINITY TRUST SUPPORT,2532.32,placement
T-09,R-06,2,off_contract.csv,7,AFFINITY TRUST SUPPORT,Affinity Trust Support Ltd,1098336.76,4393347.04,263,placement,1.0,True,none,,Adult Social Care,Over500_2026_P04_-_published:2694,Over500_2026_P04_-_published,2694,2026-07-08,Adult Social Care,Third Party Payments,Private Contractors,Affinity Trust Support Ltd,AFFINITY TRUST SUPPORT,628.98,placement
T-09,R-06,2,off_contract.csv,7,AFFINITY TRUST SUPPORT,Affinity Trust Support Ltd,1098336.76,4393347.04,263,placement,1.0,True,none,,Adult Social Care,Over500_2026_P04_-_published:2985,Over500_2026_P04_-_published,2985,2026-07-08,Adult Social Care,Third Party Payments,Private Contractors,Affinity Trust Support Ltd,AFFINITY TRUST SUPPORT,3960.0,placement
T-09,R-06,2,off_contract.csv,7,AFFINITY TRUST SUPPORT,Affinity Trust Support Ltd,1098336.76,4393347.04,263,placement,1.0,True,none,,Adult Social Care,Over500_2026_P04_-_published:2986,Over500_2026_P04_-_published,2986,2026-07-08,Adult Social Care,Third Party Payments,Private Contractors,Affinity Trust Support Ltd,AFFINITY TRUST SUPPORT,2772.0,placement
T-09,R-06,2,off_contract.csv,7,AFFINITY TRUST SUPPORT,Affinity Trust Support Ltd,1098336.76,4393347.04,263,placement,1.0,True,none,,Adult Social Care,Over500_2026_P04_-_published:2989,Over500_2026_P04_-_published,2989,2026-07-08,Adult Social Care,Third Party Payments,Private Contractors,Affinity Trust Support Ltd,AFFINITY TRUST SUPPORT,7639.5,placement
T-09,R-06,2,off_contract.csv,7,AFFINITY TRUST SUPPORT,Affinity Trust Support Ltd,1098336.76,4393347.04,263,placement,1.0,True,none,,Adult Social Care,Over500_2026_P04_-_published:3008,Over500_2026_P04_-_published,3008,2026-07-08,Adult Social Care,Third Party Payments,Private Contractors,Affinity Trust Support Ltd,AFFINITY TRUST SUPPORT,675.08,placement
T-09,R-06,2,off_contract.csv,7,AFFINITY TRUST SUPPORT,Affinity Trust Support Ltd,1098336.76,4393347.04,263,placement,1.0,True,none,,Adult Social Care,Over500_2026_P04_-_published:3565,Over500_2026_P04_-_published,3565,2026-07-08,Adult Social Care,Third Party Payments,Private Contractors,Affinity Trust Support Ltd,AFFINITY TRUST SUPPORT,1060.84,placement
T-09,R-06,2,off_contract.csv,7,AFFINITY TRUST SUPPORT,Affinity Trust Support Ltd,1098336.76,4393347.04,263,placement,1.0,True,none,,Adult Social Care,Over500_2026_P04_-_published:974,Over500_2026_P04_-_published,974,2026-07-08,Adult Social Care,Third Party Payments,Private Contractors,Affinity Trust Support Ltd,AFFINITY TRUST SUPPORT,3743.25,placement
T-09,R-06,2,off_contract.csv,7,AFFINITY TRUST SUPPORT,Affinity Trust Support Ltd,1098336.76,4393347.04,263,placement,1.0,True,none,,Adult Social Care,Over500_2026_P04_-_published:993,Over500_2026_P04_-_published,993,2026-07-08,Adult Social Care,Third Party Payments,Private Contractors,Affinity Trust Support Ltd,AFFINITY TRUST SUPPORT,3212.0,placement
T-09,R-06,2,off_contract.csv,7,AFFINITY TRUST SUPPORT,Affinity Trust Support Ltd,1098336.76,4393347.04,263,placement,1.0,True,none,,Adult Social Care,Over500_2026_P04_-_published:2401,Over500_2026_P04_-_published,2401,2026-07-15,Adult Social Care,Third Party Payments,Private Contractors,Affinity Trust Support Ltd,AFFINITY TRUST SUPPORT,675.08,placement
T-09,R-06,2,off_contract.csv,7,AFFINITY TRUST SUPPORT,Affinity Trust Support Ltd,1098336.76,4393347.04,263,placement,1.0,True,none,,Adult Social Care,Over500_2026_P04_-_published:2402,Over500_2026_P04_-_published,2402,2026-07-15,Adult Social Care,Third Party Payments,Private Contractors,Affinity Trust Support Ltd,AFFINITY TRUST SUPPORT,3608.0,placement
T-09,R-06,2,off_contract.csv,7,AFFINITY TRUST SUPPORT,Affinity Trust Support Ltd,1098336.76,4393347.04,263,placement,1.0,True,none,,Adult Social Care,Over500_2026_P04_-_published:2422,Over500_2026_P04_-_published,2422,2026-07-15,Adult Social Care,Third Party Payments,Private Contractors,Affinity Trust Support Ltd,AFFINITY TRUST SUPPORT,675.08,placement
T-09,R-06,2,off_contract.csv,7,AFFINITY TRUST SUPPORT,Affinity Trust Support Ltd,1098336.76,4393347.04,263,placement,1.0,True,none,,Adult Social Care,Over500_2026_P04_-_published:2423,Over500_2026_P04_-_published,2423,2026-07-15,Adult Social Care,Third Party Payments,Private Contractors,Affinity Trust Support Ltd,AFFINITY TRUST SUPPORT,3960.0,placement
T-09,R-06,2,off_contract.csv,7,AFFINITY TRUST SUPPORT,Affinity Trust Support Ltd,1098336.76,4393347.04,263,placement,1.0,True,none,,Adult Social Care,Over500_2026_P04_-_published:2441,Over500_2026_P04_-_published,2441,2026-07-15,Adult Social Care,Third Party Payments,Private Contractors,Affinity Trust Support Ltd,AFFINITY TRUST SUPPORT,675.08,placement
T-09,R-06,2,off_contract.csv,7,AFFINITY TRUST SUPPORT,Affinity Trust Support Ltd,1098336.76,4393347.04,263,placement,1.0,True,none,,Adult Social Care,Over500_2026_P04_-_published:2709,Over500_2026_P04_-_published,2709,2026-07-15,Adult Social Care,Third Party Payments,Private Contractors,Affinity Trust Support Ltd,AFFINITY TRUST SUPPORT,880.0,placement
T-09,R-06,2,off_contract.csv,7,AFFINITY TRUST SUPPORT,Affinity Trust Support Ltd,1098336.76,4393347.04,263,placement,1.0,True,none,,Adult Social Care,Over500_2026_P04_-_published:3028,Over500_2026_P04_-_published,3028,2026-07-15,Adult Social Care,Third Party Payments,Private Contractors,Affinity Trust Support Ltd,AFFINITY TRUST SUPPORT,8622.24,placement
T-09,R-06,2,off_contract.csv,7,AFFINITY TRUST SUPPORT,Affinity Trust Support Ltd,1098336.76,4393347.04,263,placement,1.0,True,none,,Adult Social Care,Over500_2026_P04_-_published:3029,Over500_2026_P04_-_published,3029,2026-07-15,Adult Social Care,Third Party Payments,Private Contractors,Affinity Trust Support Ltd,AFFINITY TRUST SUPPORT,3960.0,placement
T-09,R-06,2,off_contract.csv,7,AFFINITY TRUST SUPPORT,Affinity Trust Support Ltd,1098336.76,4393347.04,263,placement,1.0,True,none,,Adult Social Care,Over500_2026_P04_-_published:3045,Over500_2026_P04_-_published,3045,2026-07-22,Adult Social Care,Third Party Payments,Private Contractors,Affinity Trust Support Ltd,AFFINITY TRUST SUPPORT,1408.0,placement
T-09,R-06,2,off_contract.csv,7,AFFINITY TRUST SUPPORT,Affinity Trust Support Ltd,1098336.76,4393347.04,263,placement,1.0,True,none,,Adult Social Care,Over500_2026_P04_-_published:1052,Over500_2026_P04_-_published,1052,2026-07-29,Adult Social Care,Third Party Payments,Private Contractors,Affinity Trust Support Ltd,AFFINITY TRUST SUPPORT,3212.0,placement
T-09,R-06,2,off_contract.csv,7,AFFINITY TRUST SUPPORT,Affinity Trust Support Ltd,1098336.76,4393347.04,263,placement,1.0,True,none,,Adult Social Care,Over500_2026_P04_-_published:2482,Over500_2026_P04_-_published,2482,2026-07-29,Adult Social Care,Third Party Payments,Private Contractors,Affinity Trust Support Ltd,AFFINITY TRUST SUPPORT,3471.82,placement
T-09,R-06,2,off_contract.csv,7,AFFINITY TRUST SUPPORT,Affinity Trust Support Ltd,1098336.76,4393347.04,263,placement,1.0,True,none,,Adult Social Care,Over500_2026_P04_-_published:2514,Over500_2026_P04_-_published,2514,2026-07-29,Adult Social Care,Third Party Payments,Private Contractors,Affinity Trust Support Ltd,AFFINITY TRUST SUPPORT,4585.68,placement
T-09,R-06,2,off_contract.csv,7,AFFINITY TRUST SUPPORT,Affinity Trust Support Ltd,1098336.76,4393347.04,263,placement,1.0,True,none,,Adult Social Care,Over500_2026_P04_-_published:2515,Over500_2026_P04_-_published,2515,2026-07-29,Adult Social Care,Third Party Payments,Private Contractors,Affinity Trust Support Ltd,AFFINITY TRUST SUPPORT,3342.68,placement
T-09,R-06,2,off_contract.csv,7,AFFINITY TRUST SUPPORT,Affinity Trust Support Ltd,1098336.76,4393347.04,263,placement,1.0,True,none,,Adult Social Care,Over500_2026_P04_-_published:2532,Over500_2026_P04_-_published,2532,2026-07-29,Adult Social Care,Third Party Payments,Private Contractors,Affinity Trust Support Ltd,AFFINITY TRUST SUPPORT,1540.0,placement
T-09,R-06,2,off_contract.csv,7,AFFINITY TRUST SUPPORT,Affinity Trust Support Ltd,1098336.76,4393347.04,263,placement,1.0,True,none,,Adult Social Care,Over500_2026_P04_-_published:2533,Over500_2026_P04_-_published,2533,2026-07-29,Adult Social Care,Third Party Payments,Private Contractors,Affinity Trust Support Ltd,AFFINITY TRUST SUPPORT,3213.76,placement
T-09,R-06,2,off_contract.csv,7,AFFINITY TRUST SUPPORT,Affinity Trust Support Ltd,1098336.76,4393347.04,263,placement,1.0,True,none,,Adult Social Care,Over500_2026_P04_-_published:2534,Over500_2026_P04_-_published,2534,2026-07-29,Adult Social Care,Third Party Payments,Private Contractors,Affinity Trust Support Ltd,AFFINITY TRUST SUPPORT,675.08,placement
T-09,R-06,2,off_contract.csv,7,AFFINITY TRUST SUPPORT,Affinity Trust Support Ltd,1098336.76,4393347.04,263,placement,1.0,True,none,,Adult Social Care,Over500_2026_P04_-_published:2535,Over500_2026_P04_-_published,2535,2026-07-29,Adult Social Care,Third Party Payments,Private Contractors,Affinity Trust Support Ltd,AFFINITY TRUST SUPPORT,2376.0,placement
T-09,R-06,2,off_contract.csv,7,AFFINITY TRUST SUPPORT,Affinity Trust Support Ltd,1098336.76,4393347.04,263,placement,1.0,True,none,,Adult Social Care,Over500_2026_P04_-_published:2536,Over500_2026_P04_-_published,2536,2026-07-29,Adult Social Care,Third Party Payments,Private Contractors,Affinity Trust Support Ltd,AFFINITY TRUST SUPPORT,12320.0,placement
T-09,R-06,2,off_contract.csv,7,AFFINITY TRUST SUPPORT,Affinity Trust Support Ltd,1098336.76,4393347.04,263,placement,1.0,True,none,,Adult Social Care,Over500_2026_P04_-_published:2537,Over500_2026_P04_-_published,2537,2026-07-29,Adult Social Care,Third Party Payments,Private Contractors,Affinity Trust Support Ltd,AFFINITY TRUST SUPPORT,11704.88,placement
T-09,R-06,2,off_contract.csv,7,AFFINITY TRUST SUPPORT,Affinity Trust Support Ltd,1098336.76,4393347.04,263,placement,1.0,True,none,,Adult Social Care,Over500_2026_P04_-_published:2538,Over500_2026_P04_-_published,2538,2026-07-29,Adult Social Care,Third Party Payments,Private Contractors,Affinity Trust Support Ltd,AFFINITY TRUST SUPPORT,3080.0,placement
T-09,R-06,2,off_contract.csv,7,AFFINITY TRUST SUPPORT,Affinity Trust Support Ltd,1098336.76,4393347.04,263,placement,1.0,True,none,,Adult Social Care,Over500_2026_P04_-_published:2539,Over500_2026_P04_-_published,2539,2026-07-29,Adult Social Care,Third Party Payments,Private Contractors,Affinity Trust Support Ltd,AFFINITY TRUST SUPPORT,2376.0,placement
T-09,R-06,2,off_contract.csv,7,AFFINITY TRUST SUPPORT,Affinity Trust Support Ltd,1098336.76,4393347.04,263,placement,1.0,True,none,,Adult Social Care,Over500_2026_P04_-_published:2540,Over500_2026_P04_-_published,2540,2026-07-29,Adult Social Care,Third Party Payments,Private Contractors,Affinity Trust Support Ltd,AFFINITY TRUST SUPPORT,1012.76,placement
T-09,R-06,2,off_contract.csv,7,AFFINITY TRUST SUPPORT,Affinity Trust Support Ltd,1098336.76,4393347.04,263,placement,1.0,True,none,,Adult Social Care,Over500_2026_P04_-_published:2541,Over500_2026_P04_-_published,2541,2026-07-29,Adult Social Care,Third Party Payments,Private Contractors,Affinity Trust Support Ltd,AFFINITY TRUST SUPPORT,2024.0,placement
T-09,R-06,2,off_contract.csv,7,AFFINITY TRUST SUPPORT,Affinity Trust Support Ltd,1098336.76,4393347.04,263,placement,1.0,True,none,,Adult Social Care,Over500_2026_P04_-_published:2542,Over500_2026_P04_-_published,2542,2026-07-29,Adult Social Care,Third Party Payments,Private Contractors,Affinity Trust Support Ltd,AFFINITY TRUST SUPPORT,1980.0,placement
T-09,R-06,2,off_contract.csv,7,AFFINITY TRUST SUPPORT,Affinity Trust Support Ltd,1098336.76,4393347.04,263,placement,1.0,True,none,,Adult Social Care,Over500_2026_P04_-_published:2543,Over500_2026_P04_-_published,2543,2026-07-29,Adult Social Care,Third Party Payments,Private Contractors,Affinity Trust Support Ltd,AFFINITY TRUST SUPPORT,6600.0,placement
T-09,R-06,2,off_contract.csv,7,AFFINITY TRUST SUPPORT,Affinity Trust Support Ltd,1098336.76,4393347.04,263,placement,1.0,True,none,,Adult Social Care,Over500_2026_P04_-_published:2554,Over500_2026_P04_-_published,2554,2026-07-29,Adult Social Care,Third Party Payments,Private Contractors,Affinity Trust Support Ltd,AFFINITY TRUST SUPPORT,9502.24,placement
T-09,R-06,2,off_contract.csv,7,AFFINITY TRUST SUPPORT,Affinity Trust Support Ltd,1098336.76,4393347.04,263,placement,1.0,True,none,,Adult Social Care,Over500_2026_P04_-_published:2555,Over500_2026_P04_-_published,2555,2026-07-29,Adult Social Care,Third Party Payments,Private Contractors,Affinity Trust Support Ltd,AFFINITY TRUST SUPPORT,14256.0,placement
T-09,R-06,2,off_contract.csv,7,AFFINITY TRUST SUPPORT,Affinity Trust Support Ltd,1098336.76,4393347.04,263,placement,1.0,True,none,,Adult Social Care,Over500_2026_P04_-_published:2556,Over500_2026_P04_-_published,2556,2026-07-29,Adult Social Care,Third Party Payments,Private Contractors,Affinity Trust Support Ltd,AFFINITY TRUST SUPPORT,3960.0,placement
T-09,R-06,2,off_contract.csv,7,AFFINITY TRUST SUPPORT,Affinity Trust Support Ltd,1098336.76,4393347.04,263,placement,1.0,True,none,,Adult Social Care,Over500_2026_P04_-_published:2557,Over500_2026_P04_-_published,2557,2026-07-29,Adult Social Care,Third Party Payments,Private Contractors,Affinity Trust Support Ltd,AFFINITY TRUST SUPPORT,2420.0,placement
T-09,R-06,2,off_contract.csv,7,AFFINITY TRUST SUPPORT,Affinity Trust Support Ltd,1098336.76,4393347.04,263,placement,1.0,True,none,,Adult Social Care,Over500_2026_P04_-_published:2558,Over500_2026_P04_-_published,2558,2026-07-29,Adult Social Care,Third Party Payments,Private Contractors,Affinity Trust Support Ltd,AFFINITY TRUST SUPPORT,12988.8,placement
T-09,R-06,2,off_contract.csv,7,AFFINITY TRUST SUPPORT,Affinity Trust Support Ltd,1098336.76,4393347.04,263,placement,1.0,True,none,,Adult Social Care,Over500_2026_P04_-_published:2559,Over500_2026_P04_-_published,2559,2026-07-29,Adult Social Care,Third Party Payments,Private Contractors,Affinity Trust Support Ltd,AFFINITY TRUST SUPPORT,880.0,placement
T-09,R-06,2,off_contract.csv,7,AFFINITY TRUST SUPPORT,Affinity Trust Support Ltd,1098336.76,4393347.04,263,placement,1.0,True,none,,Adult Social Care,Over500_2026_P04_-_published:2560,Over500_2026_P04_-_published,2560,2026-07-29,Adult Social Care,Third Party Payments,Private Contractors,Affinity Trust Support Ltd,AFFINITY TRUST SUPPORT,1012.76,placement
T-09,R-06,2,off_contract.csv,7,AFFINITY TRUST SUPPORT,Affinity Trust Support Ltd,1098336.76,4393347.04,263,placement,1.0,True,none,,Adult Social Care,Over500_2026_P04_-_published:2561,Over500_2026_P04_-_published,2561,2026-07-29,Adult Social Care,Third Party Payments,Private Contractors,Affinity Trust Support Ltd,AFFINITY TRUST SUPPORT,2640.0,placement
T-09,R-06,2,off_contract.csv,7,AFFINITY TRUST SUPPORT,Affinity Trust Support Ltd,1098336.76,4393347.04,263,placement,1.0,True,none,,Adult Social Care,Over500_2026_P04_-_published:2562,Over500_2026_P04_-_published,2562,2026-07-29,Adult Social Care,Third Party Payments,Private Contractors,Affinity Trust Support Ltd,AFFINITY TRUST SUPPORT,2024.96,placement
T-09,R-06,2,off_contract.csv,7,AFFINITY TRUST SUPPORT,Affinity Trust Support Ltd,1098336.76,4393347.04,263,placement,1.0,True,none,,Adult Social Care,Over500_2026_P04_-_published:2583,Over500_2026_P04_-_published,2583,2026-07-29,Adult Social Care,Third Party Payments,Private Contractors,Affinity Trust Support Ltd,AFFINITY TRUST SUPPORT,8118.0,placement
T-09,R-06,2,off_contract.csv,7,AFFINITY TRUST SUPPORT,Affinity Trust Support Ltd,1098336.76,4393347.04,263,placement,1.0,True,none,,Adult Social Care,Over500_2026_P04_-_published:2584,Over500_2026_P04_-_published,2584,2026-07-29,Adult Social Care,Third Party Payments,Private Contractors,Affinity Trust Support Ltd,AFFINITY TRUST SUPPORT,675.08,placement
T-09,R-06,2,off_contract.csv,7,AFFINITY TRUST SUPPORT,Affinity Trust Support Ltd,1098336.76,4393347.04,263,placement,1.0,True,none,,Adult Social Care,Over500_2026_P04_-_published:2585,Over500_2026_P04_-_published,2585,2026-07-29,Adult Social Care,Third Party Payments,Private Contractors,Affinity Trust Support Ltd,AFFINITY TRUST SUPPORT,2640.0,placement
T-09,R-06,2,off_contract.csv,7,AFFINITY TRUST SUPPORT,Affinity Trust Support Ltd,1098336.76,4393347.04,263,placement,1.0,True,none,,Adult Social Care,Over500_2026_P04_-_published:2586,Over500_2026_P04_-_published,2586,2026-07-29,Adult Social Care,Third Party Payments,Private Contractors,Affinity Trust Support Ltd,AFFINITY TRUST SUPPORT,3740.0,placement
T-09,R-06,2,off_contract.csv,7,AFFINITY TRUST SUPPORT,Affinity Trust Support Ltd,1098336.76,4393347.04,263,placement,1.0,True,none,,Adult Social Care,Over500_2026_P04_-_published:2587,Over500_2026_P04_-_published,2587,2026-07-29,Adult Social Care,Third Party Payments,Private Contractors,Affinity Trust Support Ltd,AFFINITY TRUST SUPPORT,10252.0,placement
T-09,R-06,2,off_contract.csv,7,AFFINITY TRUST SUPPORT,Affinity Trust Support Ltd,1098336.76,4393347.04,263,placement,1.0,True,none,,Adult Social Care,Over500_2026_P04_-_published:2588,Over500_2026_P04_-_published,2588,2026-07-29,Adult Social Care,Third Party Payments,Private Contractors,Affinity Trust Support Ltd,AFFINITY TRUST SUPPORT,6490.88,placement
T-09,R-06,2,off_contract.csv,7,AFFINITY TRUST SUPPORT,Affinity Trust Support Ltd,1098336.76,4393347.04,263,placement,1.0,True,none,,Adult Social Care,Over500_2026_P04_-_published:2589,Over500_2026_P04_-_published,2589,2026-07-29,Adult Social Care,Third Party Payments,Private Contractors,Affinity Trust Support Ltd,AFFINITY TRUST SUPPORT,6916.8,placement
T-09,R-06,2,off_contract.csv,7,AFFINITY TRUST SUPPORT,Affinity Trust Support Ltd,1098336.76,4393347.04,263,placement,1.0,True,none,,Adult Social Care,Over500_2026_P04_-_published:2590,Over500_2026_P04_-_published,2590,2026-07-29,Adult Social Care,Third Party Payments,Private Contractors,Affinity Trust Support Ltd,AFFINITY TRUST SUPPORT,2772.0,placement
T-09,R-06,2,off_contract.csv,7,AFFINITY TRUST SUPPORT,Affinity Trust Support Ltd,1098336.76,4393347.04,263,placement,1.0,True,none,,Adult Social Care,Over500_2026_P04_-_published:2726,Over500_2026_P04_-_published,2726,2026-07-29,Adult Social Care,Third Party Payments,Private Contractors,Affinity Trust Support Ltd,AFFINITY TRUST SUPPORT,2992.0,placement
T-09,R-06,2,off_contract.csv,7,AFFINITY TRUST SUPPORT,Affinity Trust Support Ltd,1098336.76,4393347.04,263,placement,1.0,True,none,,Adult Social Care,Over500_2026_P04_-_published:2745,Over500_2026_P04_-_published,2745,2026-07-29,Adult Social Care,Third Party Payments,Private Contractors,Affinity Trust Support Ltd,AFFINITY TRUST SUPPORT,4048.0,placement
T-09,R-06,2,off_contract.csv,7,AFFINITY TRUST SUPPORT,Affinity Trust Support Ltd,1098336.76,4393347.04,263,placement,1.0,True,none,,Adult Social Care,Over500_2026_P04_-_published:2768,Over500_2026_P04_-_published,2768,2026-07-29,Adult Social Care,Third Party Payments,Private Contractors,Affinity Trust Support Ltd,AFFINITY TRUST SUPPORT,5814.16,placement
T-09,R-06,2,off_contract.csv,7,AFFINITY TRUST SUPPORT,Affinity Trust Support Ltd,1098336.76,4393347.04,263,placement,1.0,True,none,,Adult Social Care,Over500_2026_P04_-_published:3149,Over500_2026_P04_-_published,3149,2026-07-29,Adult Social Care,Third Party Payments,Private Contractors,Affinity Trust Support Ltd,AFFINITY TRUST SUPPORT,967.12,placement
T-09,R-06,2,off_contract.csv,7,AFFINITY TRUST SUPPORT,Affinity Trust Support Ltd,1098336.76,4393347.04,263,placement,1.0,True,none,,Adult Social Care,Over500_2026_P04_-_published:3456,Over500_2026_P04_-_published,3456,2026-07-29,Adult Social Care,Third Party Payments,Private Contractors,Affinity Trust Support Ltd,AFFINITY TRUST SUPPORT,1760.0,placement
T-09,R-06,2,off_contract.csv,7,AFFINITY TRUST SUPPORT,Affinity Trust Support Ltd,1098336.76,4393347.04,263,placement,1.0,True,none,,Adult Social Care,Over500_2026_P04_-_published:3457,Over500_2026_P04_-_published,3457,2026-07-29,Adult Social Care,Third Party Payments,Private Contractors,Affinity Trust Support Ltd,AFFINITY TRUST SUPPORT,8514.0,placement
T-09,R-06,2,off_contract.csv,7,AFFINITY TRUST SUPPORT,Affinity Trust Support Ltd,1098336.76,4393347.04,263,placement,1.0,True,none,,Adult Social Care,Over500_2026_P04_-_published:3458,Over500_2026_P04_-_published,3458,2026-07-29,Adult Social Care,Third Party Payments,Private Contractors,Affinity Trust Support Ltd,AFFINITY TRUST SUPPORT,675.08,placement
T-09,R-06,2,off_contract.csv,7,AFFINITY TRUST SUPPORT,Affinity Trust Support Ltd,1098336.76,4393347.04,263,placement,1.0,True,none,,Adult Social Care,Over500_2026_P04_-_published:3459,Over500_2026_P04_-_published,3459,2026-07-29,Adult Social Care,Third Party Payments,Private Contractors,Affinity Trust Support Ltd,AFFINITY TRUST SUPPORT,3212.0,placement
T-09,R-06,2,off_contract.csv,7,AFFINITY TRUST SUPPORT,Affinity Trust Support Ltd,1098336.76,4393347.04,263,placement,1.0,True,none,,Adult Social Care,Over500_2026_P04_-_published:3460,Over500_2026_P04_-_published,3460,2026-07-29,Adult Social Care,Third Party Payments,Private Contractors,Affinity Trust Support Ltd,AFFINITY TRUST SUPPORT,3608.0,placement
T-09,R-06,2,off_contract.csv,7,AFFINITY TRUST SUPPORT,Affinity Trust Support Ltd,1098336.76,4393347.04,263,placement,1.0,True,none,,Adult Social Care,Over500_2026_P04_-_published:3461,Over500_2026_P04_-_published,3461,2026-07-29,Adult Social Care,Third Party Payments,Private Contractors,Affinity Trust Support Ltd,AFFINITY TRUST SUPPORT,3124.0,placement
T-09,R-06,2,off_contract.csv,7,AFFINITY TRUST SUPPORT,Affinity Trust Support Ltd,1098336.76,4393347.04,263,placement,1.0,True,none,,Adult Social Care,Over500_2026_P04_-_published:3462,Over500_2026_P04_-_published,3462,2026-07-29,Adult Social Care,Third Party Payments,Private Contractors,Affinity Trust Support Ltd,AFFINITY TRUST SUPPORT,14080.0,placement
T-09,R-06,2,off_contract.csv,7,AFFINITY TRUST SUPPORT,Affinity Trust Support Ltd,1098336.76,4393347.04,263,placement,1.0,True,none,,Adult Social Care,Over500_2026_P04_-_published:3463,Over500_2026_P04_-_published,3463,2026-07-29,Adult Social Care,Third Party Payments,Private Contractors,Affinity Trust Support Ltd,AFFINITY TRUST SUPPORT,4405.28,placement
T-09,R-06,2,off_contract.csv,7,AFFINITY TRUST SUPPORT,Affinity Trust Support Ltd,1098336.76,4393347.04,263,placement,1.0,True,none,,Adult Social Care,Over500_2026_P04_-_published:3464,Over500_2026_P04_-_published,3464,2026-07-29,Adult Social Care,Third Party Payments,Private Contractors,Affinity Trust Support Ltd,AFFINITY TRUST SUPPORT,4585.68,placement
T-09,R-06,2,off_contract.csv,7,AFFINITY TRUST SUPPORT,Affinity Trust Support Ltd,1098336.76,4393347.04,263,placement,1.0,True,none,,Adult Social Care,Over500_2026_P04_-_published:3465,Over500_2026_P04_-_published,3465,2026-07-29,Adult Social Care,Third Party Payments,Private Contractors,Affinity Trust Support Ltd,AFFINITY TRUST SUPPORT,3960.0,placement
T-09,R-06,2,off_contract.csv,7,AFFINITY TRUST SUPPORT,Affinity Trust Support Ltd,1098336.76,4393347.04,263,placement,1.0,True,none,,Adult Social Care,Over500_2026_P04_-_published:3466,Over500_2026_P04_-_published,3466,2026-07-29,Adult Social Care,Third Party Payments,Private Contractors,Affinity Trust Support Ltd,AFFINITY TRUST SUPPORT,3960.0,placement
T-09,R-06,2,off_contract.csv,7,AFFINITY TRUST SUPPORT,Affinity Trust Support Ltd,1098336.76,4393347.04,263,placement,1.0,True,none,,Adult Social Care,Over500_2026_P04_-_published:3467,Over500_2026_P04_-_published,3467,2026-07-29,Adult Social Care,Third Party Payments,Private Contractors,Affinity Trust Support Ltd,AFFINITY TRUST SUPPORT,1012.76,placement
T-09,R-06,2,off_contract.csv,7,AFFINITY TRUST SUPPORT,Affinity Trust Support Ltd,1098336.76,4393347.04,263,placement,1.0,True,none,,Adult Social Care,Over500_2026_P04_-_published:3468,Over500_2026_P04_-_published,3468,2026-07-29,Adult Social Care,Third Party Payments,Private Contractors,Affinity Trust Support Ltd,AFFINITY TRUST SUPPORT,1012.76,placement
T-09,R-06,2,off_contract.csv,7,AFFINITY TRUST SUPPORT,Affinity Trust Support Ltd,1098336.76,4393347.04,263,placement,1.0,True,none,,Adult Social Care,Over500_2026_P04_-_published:3469,Over500_2026_P04_-_published,3469,2026-07-29,Adult Social Care,Third Party Payments,Private Contractors,Affinity Trust Support Ltd,AFFINITY TRUST SUPPORT,4936.8,placement
T-09,R-06,2,off_contract.csv,7,AFFINITY TRUST SUPPORT,Affinity Trust Support Ltd,1098336.76,4393347.04,263,placement,1.0,True,none,,Adult Social Care,Over500_2026_P04_-_published:3470,Over500_2026_P04_-_published,3470,2026-07-29,Adult Social Care,Third Party Payments,Private Contractors,Affinity Trust Support Ltd,AFFINITY TRUST SUPPORT,1760.0,placement
T-09,R-06,2,off_contract.csv,7,AFFINITY TRUST SUPPORT,Affinity Trust Support Ltd,1098336.76,4393347.04,263,placement,1.0,True,none,,Adult Social Care,Over500_2026_P04_-_published:3634,Over500_2026_P04_-_published,3634,2026-07-29,Adult Social Care,Third Party Payments,Private Contractors,Affinity Trust Support Ltd,AFFINITY TRUST SUPPORT,4664.88,placement
T-09,R-06,2,off_contract.csv,7,AFFINITY TRUST SUPPORT,Affinity Trust Support Ltd,1098336.76,4393347.04,263,placement,1.0,True,none,,Adult Social Care,Over500_2026_P04_-_published:3733,Over500_2026_P04_-_published,3733,2026-07-29,Adult Social Care,Third Party Payments,Private Contractors,Affinity Trust Support Ltd,AFFINITY TRUST SUPPORT,704.0,placement
T-09,R-06,3,off_contract.csv,8,OAKLANDS SEN SCHOOL BERKSHIRE,Oaklands SEN School Berkshire Limited,1026661.89,4106647.56,54,placement,1.0,True,none,,Education (DSG Funded) & Other Education Grants,Over500_2026_P03_-_published:2164,Over500_2026_P03_-_published,2164,2026-06-17,Education (DSG Funded) & Other Education Grants,Third Party Payments,Other agencies,Oaklands SEN School Berkshire Limited,OAKLANDS SEN SCHOOL BERKSHIRE,20337.45,placement
T-09,R-06,3,off_contract.csv,8,OAKLANDS SEN SCHOOL BERKSHIRE,Oaklands SEN School Berkshire Limited,1026661.89,4106647.56,54,placement,1.0,True,none,,Education (DSG Funded) & Other Education Grants,Over500_2026_P03_-_published:2165,Over500_2026_P03_-_published,2165,2026-06-17,Education (DSG Funded) & Other Education Grants,Third Party Payments,Other agencies,Oaklands SEN School Berkshire Limited,OAKLANDS SEN SCHOOL BERKSHIRE,20337.45,placement
T-09,R-06,3,off_contract.csv,8,OAKLANDS SEN SCHOOL BERKSHIRE,Oaklands SEN School Berkshire Limited,1026661.89,4106647.56,54,placement,1.0,True,none,,Education (DSG Funded) & Other Education Grants,Over500_2026_P03_-_published:2166,Over500_2026_P03_-_published,2166,2026-06-17,Education (DSG Funded) & Other Education Grants,Third Party Payments,Other agencies,Oaklands SEN School Berkshire Limited,OAKLANDS SEN SCHOOL BERKSHIRE,20337.45,placement
T-09,R-06,3,off_contract.csv,8,OAKLANDS SEN SCHOOL BERKSHIRE,Oaklands SEN School Berkshire Limited,1026661.89,4106647.56,54,placement,1.0,True,none,,Education (DSG Funded) & Other Education Grants,Over500_2026_P03_-_published:2167,Over500_2026_P03_-_published,2167,2026-06-17,Education (DSG Funded) & Other Education Grants,Third Party Payments,Other agencies,Oaklands SEN School Berkshire Limited,OAKLANDS SEN SCHOOL BERKSHIRE,20337.45,placement
T-09,R-06,3,off_contract.csv,8,OAKLANDS SEN SCHOOL BERKSHIRE,Oaklands SEN School Berkshire Limited,1026661.89,4106647.56,54,placement,1.0,True,none,,Education (DSG Funded) & Other Education Grants,Over500_2026_P03_-_published:2169,Over500_2026_P03_-_published,2169,2026-06-17,Education (DSG Funded) & Other Education Grants,Third Party Payments,Other agencies,Oaklands SEN School Berkshire Limited,OAKLANDS SEN SCHOOL BERKSHIRE,20337.45,placement
T-09,R-06,3,off_contract.csv,8,OAKLANDS SEN SCHOOL BERKSHIRE,Oaklands SEN School Berkshire Limited,1026661.89,4106647.56,54,placement,1.0,True,none,,Education (DSG Funded) & Other Education Grants,Over500_2026_P03_-_published:2170,Over500_2026_P03_-_published,2170,2026-06-17,Education (DSG Funded) & Other Education Grants,Third Party Payments,Other agencies,Oaklands SEN School Berkshire Limited,OAKLANDS SEN SCHOOL BERKSHIRE,20337.45,placement
T-09,R-06,3,off_contract.csv,8,OAKLANDS SEN SCHOOL BERKSHIRE,Oaklands SEN School Berkshire Limited,1026661.89,4106647.56,54,placement,1.0,True,none,,Education (DSG Funded) & Other Education Grants,Over500_2026_P03_-_published:2171,Over500_2026_P03_-_published,2171,2026-06-17,Education (DSG Funded) & Other Education Grants,Third Party Payments,Other agencies,Oaklands SEN School Berkshire Limited,OAKLANDS SEN SCHOOL BERKSHIRE,20534.9,placement
T-09,R-06,3,off_contract.csv,8,OAKLANDS SEN SCHOOL BERKSHIRE,Oaklands SEN School Berkshire Limited,1026661.89,4106647.56,54,placement,1.0,True,none,,Education (DSG Funded) & Other Education Grants,Over500_2026_P03_-_published:2172,Over500_2026_P03_-_published,2172,2026-06-17,Education (DSG Funded) & Other Education Grants,Third Party Payments,Other agencies,Oaklands SEN School Berkshire Limited,OAKLANDS SEN SCHOOL BERKSHIRE,20534.9,placement
T-09,R-06,3,off_contract.csv,8,OAKLANDS SEN SCHOOL BERKSHIRE,Oaklands SEN School Berkshire Limited,1026661.89,4106647.56,54,placement,1.0,True,none,,Education (DSG Funded) & Other Education Grants,Over500_2026_P03_-_published:2173,Over500_2026_P03_-_published,2173,2026-06-17,Education (DSG Funded) & Other Education Grants,Third Party Payments,Other agencies,Oaklands SEN School Berkshire Limited,OAKLANDS SEN SCHOOL BERKSHIRE,20337.45,placement
T-09,R-06,3,off_contract.csv,8,OAKLANDS SEN SCHOOL BERKSHIRE,Oaklands SEN School Berkshire Limited,1026661.89,4106647.56,54,placement,1.0,True,none,,Education (DSG Funded) & Other Education Grants,Over500_2026_P03_-_published:2174,Over500_2026_P03_-_published,2174,2026-06-17,Education (DSG Funded) & Other Education Grants,Third Party Payments,Other agencies,Oaklands SEN School Berkshire Limited,OAKLANDS SEN SCHOOL BERKSHIRE,4863.53,placement
T-09,R-06,3,off_contract.csv,8,OAKLANDS SEN SCHOOL BERKSHIRE,Oaklands SEN School Berkshire Limited,1026661.89,4106647.56,54,placement,1.0,True,none,,Education (DSG Funded) & Other Education Grants,Over500_2026_P03_-_published:2175,Over500_2026_P03_-_published,2175,2026-06-17,Education (DSG Funded) & Other Education Grants,Third Party Payments,Other agencies,Oaklands SEN School Berkshire Limited,OAKLANDS SEN SCHOOL BERKSHIRE,20337.45,placement
T-09,R-06,3,off_contract.csv,8,OAKLANDS SEN SCHOOL BERKSHIRE,Oaklands SEN School Berkshire Limited,1026661.89,4106647.56,54,placement,1.0,True,none,,Education (DSG Funded) & Other Education Grants,Over500_2026_P03_-_published:2176,Over500_2026_P03_-_published,2176,2026-06-17,Education (DSG Funded) & Other Education Grants,Third Party Payments,Other agencies,Oaklands SEN School Berkshire Limited,OAKLANDS SEN SCHOOL BERKSHIRE,20337.45,placement
T-09,R-06,3,off_contract.csv,8,OAKLANDS SEN SCHOOL BERKSHIRE,Oaklands SEN School Berkshire Limited,1026661.89,4106647.56,54,placement,1.0,True,none,,Education (DSG Funded) & Other Education Grants,Over500_2026_P03_-_published:2177,Over500_2026_P03_-_published,2177,2026-06-17,Education (DSG Funded) & Other Education Grants,Third Party Payments,Other agencies,Oaklands SEN School Berkshire Limited,OAKLANDS SEN SCHOOL BERKSHIRE,20337.45,placement
T-09,R-06,3,off_contract.csv,8,OAKLANDS SEN SCHOOL BERKSHIRE,Oaklands SEN School Berkshire Limited,1026661.89,4106647.56,54,placement,1.0,True,none,,Education (DSG Funded) & Other Education Grants,Over500_2026_P03_-_published:2189,Over500_2026_P03_-_published,2189,2026-06-17,Education (DSG Funded) & Other Education Grants,Third Party Payments,Other agencies,Oaklands SEN School Berkshire Limited,OAKLANDS SEN SCHOOL BERKSHIRE,20337.45,placement
T-09,R-06,3,off_contract.csv,8,OAKLANDS SEN SCHOOL BERKSHIRE,Oaklands SEN School Berkshire Limited,1026661.89,4106647.56,54,placement,1.0,True,none,,Education (DSG Funded) & Other Education Grants,Over500_2026_P03_-_published:2190,Over500_2026_P03_-_published,2190,2026-06-17,Education (DSG Funded) & Other Education Grants,Third Party Payments,Other agencies,Oaklands SEN School Berkshire Limited,OAKLANDS SEN SCHOOL BERKSHIRE,20337.45,placement
T-09,R-06,3,off_contract.csv,8,OAKLANDS SEN SCHOOL BERKSHIRE,Oaklands SEN School Berkshire Limited,1026661.89,4106647.56,54,placement,1.0,True,none,,Education (DSG Funded) & Other Education Grants,Over500_2026_P03_-_published:2191,Over500_2026_P03_-_published,2191,2026-06-17,Education (DSG Funded) & Other Education Grants,Third Party Payments,Other agencies,Oaklands SEN School Berkshire Limited,OAKLANDS SEN SCHOOL BERKSHIRE,20534.9,placement
T-09,R-06,3,off_contract.csv,8,OAKLANDS SEN SCHOOL BERKSHIRE,Oaklands SEN School Berkshire Limited,1026661.89,4106647.56,54,placement,1.0,True,none,,Education (DSG Funded) & Other Education Grants,Over500_2026_P03_-_published:2192,Over500_2026_P03_-_published,2192,2026-06-17,Education (DSG Funded) & Other Education Grants,Third Party Payments,Other agencies,Oaklands SEN School Berkshire Limited,OAKLANDS SEN SCHOOL BERKSHIRE,20534.9,placement
T-09,R-06,3,off_contract.csv,8,OAKLANDS SEN SCHOOL BERKSHIRE,Oaklands SEN School Berkshire Limited,1026661.89,4106647.56,54,placement,1.0,True,none,,Education (DSG Funded) & Other Education Grants,Over500_2026_P03_-_published:2193,Over500_2026_P03_-_published,2193,2026-06-17,Education (DSG Funded) & Other Education Grants,Third Party Payments,Other agencies,Oaklands SEN School Berkshire Limited,OAKLANDS SEN SCHOOL BERKSHIRE,20534.9,placement
T-09,R-06,3,off_contract.csv,8,OAKLANDS SEN SCHOOL BERKSHIRE,Oaklands SEN School Berkshire Limited,1026661.89,4106647.56,54,placement,1.0,True,none,,Education (DSG Funded) & Other Education Grants,Over500_2026_P03_-_published:2194,Over500_2026_P03_-_published,2194,2026-06-17,Education (DSG Funded) & Other Education Grants,Third Party Payments,Other agencies,Oaklands SEN School Berkshire Limited,OAKLANDS SEN SCHOOL BERKSHIRE,3242.35,placement
T-09,R-06,3,off_contract.csv,8,OAKLANDS SEN SCHOOL BERKSHIRE,Oaklands SEN School Berkshire Limited,1026661.89,4106647.56,54,placement,1.0,True,none,,Education (DSG Funded) & Other Education Grants,Over500_2026_P03_-_published:2195,Over500_2026_P03_-_published,2195,2026-06-17,Education (DSG Funded) & Other Education Grants,Third Party Payments,Other agencies,Oaklands SEN School Berkshire Limited,OAKLANDS SEN SCHOOL BERKSHIRE,20337.45,placement
T-09,R-06,3,off_contract.csv,8,OAKLANDS SEN SCHOOL BERKSHIRE,Oaklands SEN School Berkshire Limited,1026661.89,4106647.56,54,placement,1.0,True,none,,Education (DSG Funded) & Other Education Grants,Over500_2026_P03_-_published:2196,Over500_2026_P03_-_published,2196,2026-06-17,Education (DSG Funded) & Other Education Grants,Third Party Payments,Other agencies,Oaklands SEN School Berkshire Limited,OAKLANDS SEN SCHOOL BERKSHIRE,20534.9,placement
T-09,R-06,3,off_contract.csv,8,OAKLANDS SEN SCHOOL BERKSHIRE,Oaklands SEN School Berkshire Limited,1026661.89,4106647.56,54,placement,1.0,True,none,,Education (DSG Funded) & Other Education Grants,Over500_2026_P03_-_published:2197,Over500_2026_P03_-_published,2197,2026-06-17,Education (DSG Funded) & Other Education Grants,Third Party Payments,Other agencies,Oaklands SEN School Berkshire Limited,OAKLANDS SEN SCHOOL BERKSHIRE,8105.88,placement
T-09,R-06,3,off_contract.csv,8,OAKLANDS SEN SCHOOL BERKSHIRE,Oaklands SEN School Berkshire Limited,1026661.89,4106647.56,54,placement,1.0,True,none,,Education (DSG Funded) & Other Education Grants,Over500_2026_P03_-_published:2198,Over500_2026_P03_-_published,2198,2026-06-17,Education (DSG Funded) & Other Education Grants,Third Party Payments,Other agencies,Oaklands SEN School Berkshire Limited,OAKLANDS SEN SCHOOL BERKSHIRE,20534.9,placement
T-09,R-06,3,off_contract.csv,8,OAKLANDS SEN SCHOOL BERKSHIRE,Oaklands SEN School Berkshire Limited,1026661.89,4106647.56,54,placement,1.0,True,none,,Education (DSG Funded) & Other Education Grants,Over500_2026_P03_-_published:2199,Over500_2026_P03_-_published,2199,2026-06-17,Education (DSG Funded) & Other Education Grants,Third Party Payments,Other agencies,Oaklands SEN School Berkshire Limited,OAKLANDS SEN SCHOOL BERKSHIRE,20337.45,placement
T-09,R-06,3,off_contract.csv,8,OAKLANDS SEN SCHOOL BERKSHIRE,Oaklands SEN School Berkshire Limited,1026661.89,4106647.56,54,placement,1.0,True,none,,Education (DSG Funded) & Other Education Grants,Over500_2026_P03_-_published:2200,Over500_2026_P03_-_published,2200,2026-06-17,Education (DSG Funded) & Other Education Grants,Third Party Payments,Other agencies,Oaklands SEN School Berkshire Limited,OAKLANDS SEN SCHOOL BERKSHIRE,20337.45,placement
T-09,R-06,3,off_contract.csv,8,OAKLANDS SEN SCHOOL BERKSHIRE,Oaklands SEN School Berkshire Limited,1026661.89,4106647.56,54,placement,1.0,True,none,,Education (DSG Funded) & Other Education Grants,Over500_2026_P03_-_published:2201,Over500_2026_P03_-_published,2201,2026-06-17,Education (DSG Funded) & Other Education Grants,Third Party Payments,Other agencies,Oaklands SEN School Berkshire Limited,OAKLANDS SEN SCHOOL BERKSHIRE,20337.45,placement
T-09,R-06,3,off_contract.csv,8,OAKLANDS SEN SCHOOL BERKSHIRE,Oaklands SEN School Berkshire Limited,1026661.89,4106647.56,54,placement,1.0,True,none,,Education (DSG Funded) & Other Education Grants,Over500_2026_P03_-_published:2202,Over500_2026_P03_-_published,2202,2026-06-17,Education (DSG Funded) & Other Education Grants,Third Party Payments,Other agencies,Oaklands SEN School Berkshire Limited,OAKLANDS SEN SCHOOL BERKSHIRE,3242.35,placement
T-09,R-06,3,off_contract.csv,8,OAKLANDS SEN SCHOOL BERKSHIRE,Oaklands SEN School Berkshire Limited,1026661.89,4106647.56,54,placement,1.0,True,none,,Education (DSG Funded) & Other Education Grants,Over500_2026_P03_-_published:2203,Over500_2026_P03_-_published,2203,2026-06-17,Education (DSG Funded) & Other Education Grants,Third Party Payments,Other agencies,Oaklands SEN School Berkshire Limited,OAKLANDS SEN SCHOOL BERKSHIRE,20337.45,placement
T-09,R-06,3,off_contract.csv,8,OAKLANDS SEN SCHOOL BERKSHIRE,Oaklands SEN School Berkshire Limited,1026661.89,4106647.56,54,placement,1.0,True,none,,Education (DSG Funded) & Other Education Grants,Over500_2026_P03_-_published:2204,Over500_2026_P03_-_published,2204,2026-06-17,Education (DSG Funded) & Other Education Grants,Third Party Payments,Other agencies,Oaklands SEN School Berkshire Limited,OAKLANDS SEN SCHOOL BERKSHIRE,20337.45,placement
T-09,R-06,3,off_contract.csv,8,OAKLANDS SEN SCHOOL BERKSHIRE,Oaklands SEN School Berkshire Limited,1026661.89,4106647.56,54,placement,1.0,True,none,,Education (DSG Funded) & Other Education Grants,Over500_2026_P03_-_published:2310,Over500_2026_P03_-_published,2310,2026-06-17,Education (DSG Funded) & Other Education Grants,Third Party Payments,Other agencies,Oaklands SEN School Berkshire Limited,OAKLANDS SEN SCHOOL BERKSHIRE,20534.9,placement
T-09,R-06,3,off_contract.csv,8,OAKLANDS SEN SCHOOL BERKSHIRE,Oaklands SEN School Berkshire Limited,1026661.89,4106647.56,54,placement,1.0,True,none,,Education (DSG Funded) & Other Education Grants,Over500_2026_P03_-_published:2311,Over500_2026_P03_-_published,2311,2026-06-17,Education (DSG Funded) & Other Education Grants,Third Party Payments,Other agencies,Oaklands SEN School Berkshire Limited,OAKLANDS SEN SCHOOL BERKSHIRE,20337.45,placement
T-09,R-06,3,off_contract.csv,8,OAKLANDS SEN SCHOOL BERKSHIRE,Oaklands SEN School Berkshire Limited,1026661.89,4106647.56,54,placement,1.0,True,none,,Education (DSG Funded) & Other Education Grants,Over500_2026_P03_-_published:2312,Over500_2026_P03_-_published,2312,2026-06-17,Education (DSG Funded) & Other Education Grants,Third Party Payments,Other agencies,Oaklands SEN School Berkshire Limited,OAKLANDS SEN SCHOOL BERKSHIRE,20337.45,placement
T-09,R-06,3,off_contract.csv,8,OAKLANDS SEN SCHOOL BERKSHIRE,Oaklands SEN School Berkshire Limited,1026661.89,4106647.56,54,placement,1.0,True,none,,Education (DSG Funded) & Other Education Grants,Over500_2026_P03_-_published:2313,Over500_2026_P03_-_published,2313,2026-06-17,Education (DSG Funded) & Other Education Grants,Third Party Payments,Other agencies,Oaklands SEN School Berkshire Limited,OAKLANDS SEN SCHOOL BERKSHIRE,20337.45,placement
T-09,R-06,3,off_contract.csv,8,OAKLANDS SEN SCHOOL BERKSHIRE,Oaklands SEN School Berkshire Limited,1026661.89,4106647.56,54,placement,1.0,True,none,,Education (DSG Funded) & Other Education Grants,Over500_2026_P03_-_published:2314,Over500_2026_P03_-_published,2314,2026-06-17,Education (DSG Funded) & Other Education Grants,Third Party Payments,Other agencies,Oaklands SEN School Berkshire Limited,OAKLANDS SEN SCHOOL BERKSHIRE,20534.9,placement
T-09,R-06,3,off_contract.csv,8,OAKLANDS SEN SCHOOL BERKSHIRE,Oaklands SEN School Berkshire Limited,1026661.89,4106647.56,54,placement,1.0,True,none,,Education (DSG Funded) & Other Education Grants,Over500_2026_P03_-_published:2315,Over500_2026_P03_-_published,2315,2026-06-17,Education (DSG Funded) & Other Education Grants,Third Party Payments,Other agencies,Oaklands SEN School Berkshire Limited,OAKLANDS SEN SCHOOL BERKSHIRE,20337.45,placement
T-09,R-06,3,off_contract.csv,8,OAKLANDS SEN SCHOOL BERKSHIRE,Oaklands SEN School Berkshire Limited,1026661.89,4106647.56,54,placement,1.0,True,none,,Education (DSG Funded) & Other Education Grants,Over500_2026_P03_-_published:2316,Over500_2026_P03_-_published,2316,2026-06-17,Education (DSG Funded) & Other Education Grants,Third Party Payments,Other agencies,Oaklands SEN School Berkshire Limited,OAKLANDS SEN SCHOOL BERKSHIRE,20337.45,placement
T-09,R-06,3,off_contract.csv,8,OAKLANDS SEN SCHOOL BERKSHIRE,Oaklands SEN School Berkshire Limited,1026661.89,4106647.56,54,placement,1.0,True,none,,Education (DSG Funded) & Other Education Grants,Over500_2026_P03_-_published:2317,Over500_2026_P03_-_published,2317,2026-06-17,Education (DSG Funded) & Other Education Grants,Third Party Payments,Other agencies,Oaklands SEN School Berkshire Limited,OAKLANDS SEN SCHOOL BERKSHIRE,20337.45,placement
T-09,R-06,3,off_contract.csv,8,OAKLANDS SEN SCHOOL BERKSHIRE,Oaklands SEN School Berkshire Limited,1026661.89,4106647.56,54,placement,1.0,True,none,,Education (DSG Funded) & Other Education Grants,Over500_2026_P03_-_published:2318,Over500_2026_P03_-_published,2318,2026-06-17,Education (DSG Funded) & Other Education Grants,Third Party Payments,Other agencies,Oaklands SEN School Berkshire Limited,OAKLANDS SEN SCHOOL BERKSHIRE,8105.88,placement
T-09,R-06,3,off_contract.csv,8,OAKLANDS SEN SCHOOL BERKSHIRE,Oaklands SEN School Berkshire Limited,1026661.89,4106647.56,54,placement,1.0,True,none,,Education (DSG Funded) & Other Education Grants,Over500_2026_P03_-_published:2319,Over500_2026_P03_-_published,2319,2026-06-17,Education (DSG Funded) & Other Education Grants,Third Party Payments,Other agencies,Oaklands SEN School Berkshire Limited,OAKLANDS SEN SCHOOL BERKSHIRE,20534.9,placement
T-09,R-06,3,off_contract.csv,8,OAKLANDS SEN SCHOOL BERKSHIRE,Oaklands SEN School Berkshire Limited,1026661.89,4106647.56,54,placement,1.0,True,none,,Education (DSG Funded) & Other Education Grants,Over500_2026_P03_-_published:2320,Over500_2026_P03_-_published,2320,2026-06-17,Education (DSG Funded) & Other Education Grants,Third Party Payments,Other agencies,Oaklands SEN School Berkshire Limited,OAKLANDS SEN SCHOOL BERKSHIRE,20534.9,placement
T-09,R-06,3,off_contract.csv,8,OAKLANDS SEN SCHOOL BERKSHIRE,Oaklands SEN School Berkshire Limited,1026661.89,4106647.56,54,placement,1.0,True,none,,Education (DSG Funded) & Other Education Grants,Over500_2026_P03_-_published:2321,Over500_2026_P03_-_published,2321,2026-06-17,Education (DSG Funded) & Other Education Grants,Third Party Payments,Other agencies,Oaklands SEN School Berkshire Limited,OAKLANDS SEN SCHOOL BERKSHIRE,20337.45,placement
T-09,R-06,3,off_contract.csv,8,OAKLANDS SEN SCHOOL BERKSHIRE,Oaklands SEN School Berkshire Limited,1026661.89,4106647.56,54,placement,1.0,True,none,,Education (DSG Funded) & Other Education Grants,Over500_2026_P03_-_published:2322,Over500_2026_P03_-_published,2322,2026-06-17,Education (DSG Funded) & Other Education Grants,Third Party Payments,Other agencies,Oaklands SEN School Berkshire Limited,OAKLANDS SEN SCHOOL BERKSHIRE,20337.45,placement
T-09,R-06,3,off_contract.csv,8,OAKLANDS SEN SCHOOL BERKSHIRE,Oaklands SEN School Berkshire Limited,1026661.89,4106647.56,54,placement,1.0,True,none,,Education (DSG Funded) & Other Education Grants,Over500_2026_P03_-_published:2323,Over500_2026_P03_-_published,2323,2026-06-17,Education (DSG Funded) & Other Education Grants,Third Party Payments,Other agencies,Oaklands SEN School Berkshire Limited,OAKLANDS SEN SCHOOL BERKSHIRE,20337.45,placement
T-09,R-06,3,off_contract.csv,8,OAKLANDS SEN SCHOOL BERKSHIRE,Oaklands SEN School Berkshire Limited,1026661.89,4106647.56,54,placement,1.0,True,none,,Education (DSG Funded) & Other Education Grants,Over500_2026_P03_-_published:3106,Over500_2026_P03_-_published,3106,2026-06-17,Education (DSG Funded) & Other Education Grants,Third Party Payments,Other agencies,Oaklands SEN School Berkshire Limited,OAKLANDS SEN SCHOOL BERKSHIRE,20337.45,placement
T-09,R-06,3,off_contract.csv,8,OAKLANDS SEN SCHOOL BERKSHIRE,Oaklands SEN School Berkshire Limited,1026661.89,4106647.56,54,placement,1.0,True,none,,Education (DSG Funded) & Other Education Grants,Over500_2026_P03_-_published:3107,Over500_2026_P03_-_published,3107,2026-06-17,Education (DSG Funded) & Other Education Grants,Third Party Payments,Other agencies,Oaklands SEN School Berkshire Limited,OAKLANDS SEN SCHOOL BERKSHIRE,20337.45,placement
T-09,R-06,3,off_contract.csv,8,OAKLANDS SEN SCHOOL BERKSHIRE,Oaklands SEN School Berkshire Limited,1026661.89,4106647.56,54,placement,1.0,True,none,,Education (DSG Funded) & Other Education Grants,Over500_2026_P03_-_published:3108,Over500_2026_P03_-_published,3108,2026-06-17,Education (DSG Funded) & Other Education Grants,Third Party Payments,Other agencies,Oaklands SEN School Berkshire Limited,OAKLANDS SEN SCHOOL BERKSHIRE,20534.9,placement
T-09,R-06,3,off_contract.csv,8,OAKLANDS SEN SCHOOL BERKSHIRE,Oaklands SEN School Berkshire Limited,1026661.89,4106647.56,54,placement,1.0,True,none,,Education (DSG Funded) & Other Education Grants,Over500_2026_P03_-_published:3109,Over500_2026_P03_-_published,3109,2026-06-17,Education (DSG Funded) & Other Education Grants,Third Party Payments,Other agencies,Oaklands SEN School Berkshire Limited,OAKLANDS SEN SCHOOL BERKSHIRE,20337.45,placement
T-09,R-06,3,off_contract.csv,8,OAKLANDS SEN SCHOOL BERKSHIRE,Oaklands SEN School Berkshire Limited,1026661.89,4106647.56,54,placement,1.0,True,none,,Education (DSG Funded) & Other Education Grants,Over500_2026_P03_-_published:3110,Over500_2026_P03_-_published,3110,2026-06-17,Education (DSG Funded) & Other Education Grants,Third Party Payments,Other agencies,Oaklands SEN School Berkshire Limited,OAKLANDS SEN SCHOOL BERKSHIRE,20337.45,placement
T-09,R-06,3,off_contract.csv,8,OAKLANDS SEN SCHOOL BERKSHIRE,Oaklands SEN School Berkshire Limited,1026661.89,4106647.56,54,placement,1.0,True,none,,Education (DSG Funded) & Other Education Grants,Over500_2026_P03_-_published:3111,Over500_2026_P03_-_published,3111,2026-06-17,Education (DSG Funded) & Other Education Grants,Third Party Payments,Other agencies,Oaklands SEN School Berkshire Limited,OAKLANDS SEN SCHOOL BERKSHIRE,20337.45,placement
T-09,R-06,3,off_contract.csv,8,OAKLANDS SEN SCHOOL BERKSHIRE,Oaklands SEN School Berkshire Limited,1026661.89,4106647.56,54,placement,1.0,True,none,,Education (DSG Funded) & Other Education Grants,Over500_2026_P03_-_published:3112,Over500_2026_P03_-_published,3112,2026-06-17,Education (DSG Funded) & Other Education Grants,Third Party Payments,Other agencies,Oaklands SEN School Berkshire Limited,OAKLANDS SEN SCHOOL BERKSHIRE,20337.45,placement
T-09,R-06,3,off_contract.csv,8,OAKLANDS SEN SCHOOL BERKSHIRE,Oaklands SEN School Berkshire Limited,1026661.89,4106647.56,54,placement,1.0,True,none,,Education (DSG Funded) & Other Education Grants,Over500_2026_P03_-_published:3113,Over500_2026_P03_-_published,3113,2026-06-17,Education (DSG Funded) & Other Education Grants,Third Party Payments,Other agencies,Oaklands SEN School Berkshire Limited,OAKLANDS SEN SCHOOL BERKSHIRE,20337.45,placement
T-09,R-06,3,off_contract.csv,8,OAKLANDS SEN SCHOOL BERKSHIRE,Oaklands SEN School Berkshire Limited,1026661.89,4106647.56,54,placement,1.0,True,none,,Education (DSG Funded) & Other Education Grants,Over500_2026_P03_-_published:3114,Over500_2026_P03_-_published,3114,2026-06-17,Education (DSG Funded) & Other Education Grants,Third Party Payments,Other agencies,Oaklands SEN School Berkshire Limited,OAKLANDS SEN SCHOOL BERKSHIRE,20337.45,placement
T-09,R-06,3,off_contract.csv,8,OAKLANDS SEN SCHOOL BERKSHIRE,Oaklands SEN School Berkshire Limited,1026661.89,4106647.56,54,placement,1.0,True,none,,Education (DSG Funded) & Other Education Grants,Over500_2026_P03_-_published:3115,Over500_2026_P03_-_published,3115,2026-06-17,Education (DSG Funded) & Other Education Grants,Third Party Payments,Other agencies,Oaklands SEN School Berkshire Limited,OAKLANDS SEN SCHOOL BERKSHIRE,20337.45,placement
T-09,R-06,3,off_contract.csv,8,OAKLANDS SEN SCHOOL BERKSHIRE,Oaklands SEN School Berkshire Limited,1026661.89,4106647.56,54,placement,1.0,True,none,,Education (DSG Funded) & Other Education Grants,Over500_2026_P03_-_published:3116,Over500_2026_P03_-_published,3116,2026-06-17,Education (DSG Funded) & Other Education Grants,Third Party Payments,Other agencies,Oaklands SEN School Berkshire Limited,OAKLANDS SEN SCHOOL BERKSHIRE,20534.9,placement
T-09,R-06,4,off_contract.csv,10,AMEGREEN CHILDRENS SERVICES,Amegreen Childrens Services,750437.33,3001749.32,27,placement,1.0,True,none,,Children's Social Care,Over500_2026_P02_-_published:2088,Over500_2026_P02_-_published,2088,2026-05-22,Children's Social Care,Third Party Payments,Private Contractors,Amegreen Childrens Services,AMEGREEN CHILDRENS SERVICES,35636.36,placement
T-09,R-06,4,off_contract.csv,10,AMEGREEN CHILDRENS SERVICES,Amegreen Childrens Services,750437.33,3001749.32,27,placement,1.0,True,none,,Children's Social Care,Over500_2026_P02_-_published:2089,Over500_2026_P02_-_published,2089,2026-05-22,Children's Social Care,Third Party Payments,Private Contractors,Amegreen Childrens Services,AMEGREEN CHILDRENS SERVICES,34486.8,placement
T-09,R-06,4,off_contract.csv,10,AMEGREEN CHILDRENS SERVICES,Amegreen Childrens Services,750437.33,3001749.32,27,placement,1.0,True,none,,Children's Social Care,Over500_2026_P02_-_published:2091,Over500_2026_P02_-_published,2091,2026-05-26,Children's Social Care,Third Party Payments,Private Contractors,Amegreen Childrens Services,AMEGREEN CHILDRENS SERVICES,33320.4,placement
T-09,R-06,4,off_contract.csv,10,AMEGREEN CHILDRENS SERVICES,Amegreen Childrens Services,750437.33,3001749.32,27,placement,1.0,True,none,,Children's Social Care,Over500_2026_P02_-_published:2092,Over500_2026_P02_-_published,2092,2026-05-26,Children's Social Care,Third Party Payments,Private Contractors,Amegreen Childrens Services,AMEGREEN CHILDRENS SERVICES,34431.08,placement
T-09,R-06,4,off_contract.csv,10,AMEGREEN CHILDRENS SERVICES,Amegreen Childrens Services,750437.33,3001749.32,27,placement,1.0,True,none,,Children's Social Care,Over500_2026_P02_-_published:2095,Over500_2026_P02_-_published,2095,2026-05-26,Children's Social Care,Third Party Payments,Private Contractors,Amegreen Childrens Services,AMEGREEN CHILDRENS SERVICES,36705.55,placement
T-09,R-06,4,off_contract.csv,10,AMEGREEN CHILDRENS SERVICES,Amegreen Childrens Services,750437.33,3001749.32,27,placement,1.0,True,none,,Children's Social Care,Over500_2026_P02_-_published:2105,Over500_2026_P02_-_published,2105,2026-05-27,Children's Social Care,Third Party Payments,Private Contractors,Amegreen Childrens Services,AMEGREEN CHILDRENS SERVICES,34431.08,placement
T-09,R-06,4,off_contract.csv,10,AMEGREEN CHILDRENS SERVICES,Amegreen Childrens Services,750437.33,3001749.32,27,placement,1.0,True,none,,Children's Social Care,Over500_2026_P02_-_published:2076,Over500_2026_P02_-_published,2076,2026-05-28,Children's Social Care,Third Party Payments,Private Contractors,Amegreen Childrens Services,AMEGREEN CHILDRENS SERVICES,18214.2,placement
T-09,R-06,4,off_contract.csv,10,AMEGREEN CHILDRENS SERVICES,Amegreen Childrens Services,750437.33,3001749.32,27,placement,1.0,True,none,,Children's Social Care,Over500_2026_P02_-_published:2108,Over500_2026_P02_-_published,2108,2026-05-28,Children's Social Care,Third Party Payments,Private Contractors,Amegreen Childrens Services,AMEGREEN CHILDRENS SERVICES,33320.4,placement
T-09,R-06,4,off_contract.csv,10,AMEGREEN CHILDRENS SERVICES,Amegreen Childrens Services,750437.33,3001749.32,27,placement,1.0,True,none,,Children's Social Care,Over500_2026_P03_-_published:1926,Over500_2026_P03_-_published,1926,2026-06-03,Children's Social Care,Third Party Payments,Private Contractors,Amegreen Childrens Services,AMEGREEN CHILDRENS SERVICES,35521.5,placement
T-09,R-06,4,off_contract.csv,10,AMEGREEN CHILDRENS SERVICES,Amegreen Childrens Services,750437.33,3001749.32,27,placement,1.0,True,none,,Children's Social Care,Over500_2026_P03_-_published:1987,Over500_2026_P03_-_published,1987,2026-06-03,Children's Social Care,Third Party Payments,Private Contractors,Amegreen Childrens Services,AMEGREEN CHILDRENS SERVICES,18821.34,placement
T-09,R-06,4,off_contract.csv,10,AMEGREEN CHILDRENS SERVICES,Amegreen Childrens Services,750437.33,3001749.32,27,placement,1.0,True,none,,Children's Social Care,Over500_2026_P03_-_published:1993,Over500_2026_P03_-_published,1993,2026-06-09,Children's Social Care,Third Party Payments,Private Contractors,Amegreen Childrens Services,AMEGREEN CHILDRENS SERVICES,10321.38,placement
T-09,R-06,4,off_contract.csv,10,AMEGREEN CHILDRENS SERVICES,Amegreen Childrens Services,750437.33,3001749.32,27,placement,1.0,True,none,,Children's Social Care,Over500_2026_P03_-_published:2026,Over500_2026_P03_-_published,2026,2026-06-09,Children's Social Care,Third Party Payments,Private Contractors,Amegreen Childrens Services,AMEGREEN CHILDRENS SERVICES,15928.0,placement
T-09,R-06,4,off_contract.csv,10,AMEGREEN CHILDRENS SERVICES,Amegreen Childrens Services,750437.33,3001749.32,27,placement,1.0,True,none,,Children's Social Care,Over500_2026_P03_-_published:3038,Over500_2026_P03_-_published,3038,2026-06-09,Children's Social Care,Third Party Payments,Private Contractors,Amegreen Childrens Services,AMEGREEN CHILDRENS SERVICES,9302.37,placement
T-09,R-06,4,off_contract.csv,10,AMEGREEN CHILDRENS SERVICES,Amegreen Childrens Services,750437.33,3001749.32,27,placement,1.0,True,none,,Children's Social Care,Over500_2026_P03_-_published:1936,Over500_2026_P03_-_published,1936,2026-06-17,Children's Social Care,Third Party Payments,Private Contractors,Amegreen Childrens Services,AMEGREEN CHILDRENS SERVICES,35521.5,placement
T-09,R-06,4,off_contract.csv,10,AMEGREEN CHILDRENS SERVICES,Amegreen Childrens Services,750437.33,3001749.32,27,placement,1.0,True,none,,Children's Social Care,Over500_2026_P03_-_published:2032,Over500_2026_P03_-_published,2032,2026-06-17,Children's Social Care,Third Party Payments,Private Contractors,Amegreen Childrens Services,AMEGREEN CHILDRENS SERVICES,33320.4,placement
T-09,R-06,4,off_contract.csv,10,AMEGREEN CHILDRENS SERVICES,Amegreen Childrens Services,750437.33,3001749.32,27,placement,1.0,True,none,,Children's Social Care,Over500_2026_P03_-_published:2033,Over500_2026_P03_-_published,2033,2026-06-17,Children's Social Care,Third Party Payments,Private Contractors,Amegreen Childrens Services,AMEGREEN CHILDRENS SERVICES,33320.4,placement
T-09,R-06,4,off_contract.csv,10,AMEGREEN CHILDRENS SERVICES,Amegreen Childrens Services,750437.33,3001749.32,27,placement,1.0,True,none,,Children's Social Care,Over500_2026_P03_-_published:3043,Over500_2026_P03_-_published,3043,2026-06-17,Children's Social Care,Third Party Payments,Private Contractors,Amegreen Childrens Services,AMEGREEN CHILDRENS SERVICES,31099.32,placement
T-09,R-06,4,off_contract.csv,10,AMEGREEN CHILDRENS SERVICES,Amegreen Childrens Services,750437.33,3001749.32,27,placement,1.0,True,none,,Children's Social Care,Over500_2026_P03_-_published:1938,Over500_2026_P03_-_published,1938,2026-06-22,Children's Social Care,Third Party Payments,Private Contractors,Amegreen Childrens Services,AMEGREEN CHILDRENS SERVICES,17142.96,placement
T-09,R-06,4,off_contract.csv,10,AMEGREEN CHILDRENS SERVICES,Amegreen Childrens Services,750437.33,3001749.32,27,placement,1.0,True,none,,Children's Social Care,Over500_2026_P03_-_published:3033,Over500_2026_P03_-_published,3033,2026-06-22,Children's Social Care,Third Party Payments,Private Contractors,Amegreen Childrens Services,AMEGREEN CHILDRENS SERVICES,18214.2,placement
T-09,R-06,4,off_contract.csv,10,AMEGREEN CHILDRENS SERVICES,Amegreen Childrens Services,750437.33,3001749.32,27,placement,1.0,True,none,,Children's Social Care,Over500_2026_P03_-_published:1921,Over500_2026_P03_-_published,1921,2026-06-24,Children's Social Care,Third Party Payments,Private Contractors,Amegreen Childrens Services,AMEGREEN CHILDRENS SERVICES,18214.5,placement
T-09,R-06,4,off_contract.csv,10,AMEGREEN CHILDRENS SERVICES,Amegreen Childrens Services,750437.33,3001749.32,27,placement,1.0,True,none,,Children's Social Care,Over500_2026_P03_-_published:1940,Over500_2026_P03_-_published,1940,2026-06-30,Children's Social Care,Third Party Payments,Private Contractors,Amegreen Childrens Services,AMEGREEN CHILDRENS SERVICES,35521.5,placement
T-09,R-06,4,off_contract.csv,10,AMEGREEN CHILDRENS SERVICES,Amegreen Childrens Services,750437.33,3001749.32,27,placement,1.0,True,none,,Children's Social Care,Over500_2026_P04_-_published:3080,Over500_2026_P04_-_published,3080,2026-07-17,Children's Social Care,Third Party Payments,Private Contractors,Amegreen Childrens Services,AMEGREEN CHILDRENS SERVICES,36705.55,placement
T-09,R-06,4,off_contract.csv,10,AMEGREEN CHILDRENS SERVICES,Amegreen Childrens Services,750437.33,3001749.32,27,placement,1.0,True,none,,Children's Social Care,Over500_2026_P04_-_published:3156,Over500_2026_P04_-_published,3156,2026-07-17,Children's Social Care,Third Party Payments,Private Contractors,Amegreen Childrens Services,AMEGREEN CHILDRENS SERVICES,34431.39,placement
T-09,R-06,4,off_contract.csv,10,AMEGREEN CHILDRENS SERVICES,Amegreen Childrens Services,750437.33,3001749.32,27,placement,1.0,True,none,,Children's Social Care,Over500_2026_P04_-_published:3081,Over500_2026_P04_-_published,3081,2026-07-20,Children's Social Care,Third Party Payments,Private Contractors,Amegreen Childrens Services,AMEGREEN CHILDRENS SERVICES,34431.08,placement
T-09,R-06,4,off_contract.csv,10,AMEGREEN CHILDRENS SERVICES,Amegreen Childrens Services,750437.33,3001749.32,27,placement,1.0,True,none,,Children's Social Care,Over500_2026_P04_-_published:3752,Over500_2026_P04_-_published,3752,2026-07-20,Children's Social Care,Third Party Payments,Private Contractors,Amegreen Childrens Services,AMEGREEN CHILDRENS SERVICES,34431.08,placement
T-09,R-06,4,off_contract.csv,10,AMEGREEN CHILDRENS SERVICES,Amegreen Childrens Services,750437.33,3001749.32,27,placement,1.0,True,none,,Children's Social Care,Over500_2026_P04_-_published:3739,Over500_2026_P04_-_published,3739,2026-07-23,Children's Social Care,Third Party Payments,Private Contractors,Amegreen Childrens Services,AMEGREEN CHILDRENS SERVICES,18821.34,placement
T-09,R-06,4,off_contract.csv,10,AMEGREEN CHILDRENS SERVICES,Amegreen Childrens Services,750437.33,3001749.32,27,placement,1.0,True,none,,Children's Social Care,Over500_2026_P04_-_published:3068,Over500_2026_P04_-_published,3068,2026-07-24,Children's Social Care,Third Party Payments,Private Contractors,Amegreen Childrens Services,AMEGREEN CHILDRENS SERVICES,18821.65,placement
T-09,R-06,5,off_contract.csv,11,BRIGHTER LIVING CARE,Brighter Living Care Ltd,747183.47,2988733.88,74,placement,1.0,True,none,,Adult Social Care,Over500_2026_P02_-_published:1705,Over500_2026_P02_-_published,1705,2026-05-01,Adult Social Care,Third Party Payments,Private Contractors,Brighter Living Care Ltd,BRIGHTER LIVING CARE,10676.4,placement
T-09,R-06,5,off_contract.csv,11,BRIGHTER LIVING CARE,Brighter Living Care Ltd,747183.47,2988733.88,74,placement,1.0,True,none,,Adult Social Care,Over500_2026_P02_-_published:1719,Over500_2026_P02_-_published,1719,2026-05-06,Adult Social Care,Third Party Payments,Private Contractors,Brighter Living Care Ltd,BRIGHTER LIVING CARE,9387.49,placement
T-09,R-06,5,off_contract.csv,11,BRIGHTER LIVING CARE,Brighter Living Care Ltd,747183.47,2988733.88,74,placement,1.0,True,none,,Adult Social Care,Over500_2026_P02_-_published:1728,Over500_2026_P02_-_published,1728,2026-05-13,Adult Social Care,Third Party Payments,Private Contractors,Brighter Living Care Ltd,BRIGHTER LIVING CARE,4274.68,placement
T-09,R-06,5,off_contract.csv,11,BRIGHTER LIVING CARE,Brighter Living Care Ltd,747183.47,2988733.88,74,placement,1.0,True,none,,Adult Social Care,Over500_2026_P02_-_published:1729,Over500_2026_P02_-_published,1729,2026-05-13,Adult Social Care,Third Party Payments,Private Contractors,Brighter Living Care Ltd,BRIGHTER LIVING CARE,4936.17,placement
T-09,R-06,5,off_contract.csv,11,BRIGHTER LIVING CARE,Brighter Living Care Ltd,747183.47,2988733.88,74,placement,1.0,True,none,,Adult Social Care,Over500_2026_P02_-_published:1730,Over500_2026_P02_-_published,1730,2026-05-13,Adult Social Care,Third Party Payments,Private Contractors,Brighter Living Care Ltd,BRIGHTER LIVING CARE,26531.96,placement
T-09,R-06,5,off_contract.csv,11,BRIGHTER LIVING CARE,Brighter Living Care Ltd,747183.47,2988733.88,74,placement,1.0,True,none,,Adult Social Care,Over500_2026_P02_-_published:1731,Over500_2026_P02_-_published,1731,2026-05-13,Adult Social Care,Third Party Payments,Private Contractors,Brighter Living Care Ltd,BRIGHTER LIVING CARE,5620.2,placement
T-09,R-06,5,off_contract.csv,11,BRIGHTER LIVING CARE,Brighter Living Care Ltd,747183.47,2988733.88,74,placement,1.0,True,none,,Adult Social Care,Over500_2026_P02_-_published:1732,Over500_2026_P02_-_published,1732,2026-05-13,Adult Social Care,Third Party Payments,Private Contractors,Brighter Living Care Ltd,BRIGHTER LIVING CARE,10174.98,placement
T-09,R-06,5,off_contract.csv,11,BRIGHTER LIVING CARE,Brighter Living Care Ltd,747183.47,2988733.88,74,placement,1.0,True,none,,Adult Social Care,Over500_2026_P02_-_published:1733,Over500_2026_P02_-_published,1733,2026-05-13,Adult Social Care,Third Party Payments,Private Contractors,Brighter Living Care Ltd,BRIGHTER LIVING CARE,19271.28,placement
T-09,R-06,5,off_contract.csv,11,BRIGHTER LIVING CARE,Brighter Living Care Ltd,747183.47,2988733.88,74,placement,1.0,True,none,,Adult Social Care,Over500_2026_P02_-_published:1734,Over500_2026_P02_-_published,1734,2026-05-13,Adult Social Care,Third Party Payments,Private Contractors,Brighter Living Care Ltd,BRIGHTER LIVING CARE,9052.8,placement
T-09,R-06,5,off_contract.csv,11,BRIGHTER LIVING CARE,Brighter Living Care Ltd,747183.47,2988733.88,74,placement,1.0,True,none,,Adult Social Care,Over500_2026_P02_-_published:1735,Over500_2026_P02_-_published,1735,2026-05-13,Adult Social Care,Third Party Payments,Private Contractors,Brighter Living Care Ltd,BRIGHTER LIVING CARE,3118.37,placement
T-09,R-06,5,off_contract.csv,11,BRIGHTER LIVING CARE,Brighter Living Care Ltd,747183.47,2988733.88,74,placement,1.0,True,none,,Adult Social Care,Over500_2026_P02_-_published:1736,Over500_2026_P02_-_published,1736,2026-05-13,Adult Social Care,Third Party Payments,Private Contractors,Brighter Living Care Ltd,BRIGHTER LIVING CARE,11021.42,placement
T-09,R-06,5,off_contract.csv,11,BRIGHTER LIVING CARE,Brighter Living Care Ltd,747183.47,2988733.88,74,placement,1.0,True,none,,Adult Social Care,Over500_2026_P02_-_published:1737,Over500_2026_P02_-_published,1737,2026-05-13,Adult Social Care,Third Party Payments,Private Contractors,Brighter Living Care Ltd,BRIGHTER LIVING CARE,26670.44,placement
T-09,R-06,5,off_contract.csv,11,BRIGHTER LIVING CARE,Brighter Living Care Ltd,747183.47,2988733.88,74,placement,1.0,True,none,,Adult Social Care,Over500_2026_P02_-_published:1738,Over500_2026_P02_-_published,1738,2026-05-13,Adult Social Care,Third Party Payments,Private Contractors,Brighter Living Care Ltd,BRIGHTER LIVING CARE,7507.16,placement
T-09,R-06,5,off_contract.csv,11,BRIGHTER LIVING CARE,Brighter Living Care Ltd,747183.47,2988733.88,74,placement,1.0,True,none,,Adult Social Care,Over500_2026_P02_-_published:1910,Over500_2026_P02_-_published,1910,2026-05-13,Adult Social Care,Third Party Payments,Private Contractors,Brighter Living Care Ltd,BRIGHTER LIVING CARE,7809.25,placement
T-09,R-06,5,off_contract.csv,11,BRIGHTER LIVING CARE,Brighter Living Care Ltd,747183.47,2988733.88,74,placement,1.0,True,none,,Adult Social Care,Over500_2026_P02_-_published:1911,Over500_2026_P02_-_published,1911,2026-05-13,Adult Social Care,Third Party Payments,Private Contractors,Brighter Living Care Ltd,BRIGHTER LIVING CARE,3995.44,placement
T-09,R-06,5,off_contract.csv,11,BRIGHTER LIVING CARE,Brighter Living Care Ltd,747183.47,2988733.88,74,placement,1.0,True,none,,Adult Social Care,Over500_2026_P02_-_published:1912,Over500_2026_P02_-_published,1912,2026-05-13,Adult Social Care,Third Party Payments,Private Contractors,Brighter Living Care Ltd,BRIGHTER LIVING CARE,2124.83,placement
T-09,R-06,5,off_contract.csv,11,BRIGHTER LIVING CARE,Brighter Living Care Ltd,747183.47,2988733.88,74,placement,1.0,True,none,,Adult Social Care,Over500_2026_P02_-_published:1913,Over500_2026_P02_-_published,1913,2026-05-13,Adult Social Care,Third Party Payments,Private Contractors,Brighter Living Care Ltd,BRIGHTER LIVING CARE,4360.7,placement
T-09,R-06,5,off_contract.csv,11,BRIGHTER LIVING CARE,Brighter Living Care Ltd,747183.47,2988733.88,74,placement,1.0,True,none,,Adult Social Care,Over500_2026_P02_-_published:1914,Over500_2026_P02_-_published,1914,2026-05-13,Adult Social Care,Third Party Payments,Private Contractors,Brighter Living Care Ltd,BRIGHTER LIVING CARE,7506.4,placement
T-09,R-06,5,off_contract.csv,11,BRIGHTER LIVING CARE,Brighter Living Care Ltd,747183.47,2988733.88,74,placement,1.0,True,none,,Adult Social Care,Over500_2026_P03_-_published:2926,Over500_2026_P03_-_published,2926,2026-06-10,Adult Social Care,Third Party Payments,Private Contractors,Brighter Living Care Ltd,BRIGHTER LIVING CARE,5633.88,placement
T-09,R-06,5,off_contract.csv,11,BRIGHTER LIVING CARE,Brighter Living Care Ltd,747183.47,2988733.88,74,placement,1.0,True,none,,Adult Social Care,Over500_2026_P03_-_published:1655,Over500_2026_P03_-_published,1655,2026-06-24,Adult Social Care,Third Party Payments,Private Contractors,Brighter Living Care Ltd,BRIGHTER LIVING CARE,4284.99,placement
T-09,R-06,5,off_contract.csv,11,BRIGHTER LIVING CARE,Brighter Living Care Ltd,747183.47,2988733.88,74,placement,1.0,True,none,,Adult Social Care,Over500_2026_P03_-_published:1656,Over500_2026_P03_-_published,1656,2026-06-24,Adult Social Care,Third Party Payments,Private Contractors,Brighter Living Care Ltd,BRIGHTER LIVING CARE,26596.08,placement
T-09,R-06,5,off_contract.csv,11,BRIGHTER LIVING CARE,Brighter Living Care Ltd,747183.47,2988733.88,74,placement,1.0,True,none,,Adult Social Care,Over500_2026_P03_-_published:1657,Over500_2026_P03_-_published,1657,2026-06-24,Adult Social Care,Third Party Payments,Private Contractors,Brighter Living Care Ltd,BRIGHTER LIVING CARE,7524.98,placement
T-09,R-06,5,off_contract.csv,11,BRIGHTER LIVING CARE,Brighter Living Care Ltd,747183.47,2988733.88,74,placement,1.0,True,none,,Adult Social Care,Over500_2026_P03_-_published:1683,Over500_2026_P03_-_published,1683,2026-06-24,Adult Social Care,Third Party Payments,Private Contractors,Brighter Living Care Ltd,BRIGHTER LIVING CARE,4948.08,placement
T-09,R-06,5,off_contract.csv,11,BRIGHTER LIVING CARE,Brighter Living Care Ltd,747183.47,2988733.88,74,placement,1.0,True,none,,Adult Social Care,Over500_2026_P03_-_published:1684,Over500_2026_P03_-_published,1684,2026-06-24,Adult Social Care,Third Party Payments,Private Contractors,Brighter Living Care Ltd,BRIGHTER LIVING CARE,9074.8,placement
T-09,R-06,5,off_contract.csv,11,BRIGHTER LIVING CARE,Brighter Living Care Ltd,747183.47,2988733.88,74,placement,1.0,True,none,,Adult Social Care,Over500_2026_P03_-_published:1685,Over500_2026_P03_-_published,1685,2026-06-24,Adult Social Care,Third Party Payments,Private Contractors,Brighter Living Care Ltd,BRIGHTER LIVING CARE,11050.36,placement
T-09,R-06,5,off_contract.csv,11,BRIGHTER LIVING CARE,Brighter Living Care Ltd,747183.47,2988733.88,74,placement,1.0,True,none,,Adult Social Care,Over500_2026_P03_-_published:1708,Over500_2026_P03_-_published,1708,2026-06-24,Adult Social Care,Third Party Payments,Private Contractors,Brighter Living Care Ltd,BRIGHTER LIVING CARE,26734.96,placement
T-09,R-06,5,off_contract.csv,11,BRIGHTER LIVING CARE,Brighter Living Care Ltd,747183.47,2988733.88,74,placement,1.0,True,none,,Adult Social Care,Over500_2026_P03_-_published:1904,Over500_2026_P03_-_published,1904,2026-06-24,Adult Social Care,Third Party Payments,Private Contractors,Brighter Living Care Ltd,BRIGHTER LIVING CARE,7828.24,placement
T-09,R-06,5,off_contract.csv,11,BRIGHTER LIVING CARE,Brighter Living Care Ltd,747183.47,2988733.88,74,placement,1.0,True,none,,Adult Social Care,Over500_2026_P03_-_published:1905,Over500_2026_P03_-_published,1905,2026-06-24,Adult Social Care,Third Party Payments,Private Contractors,Brighter Living Care Ltd,BRIGHTER LIVING CARE,4005.07,placement
T-09,R-06,5,off_contract.csv,11,BRIGHTER LIVING CARE,Brighter Living Care Ltd,747183.47,2988733.88,74,placement,1.0,True,none,,Adult Social Care,Over500_2026_P03_-_published:1906,Over500_2026_P03_-_published,1906,2026-06-24,Adult Social Care,Third Party Payments,Private Contractors,Brighter Living Care Ltd,BRIGHTER LIVING CARE,2129.96,placement
T-09,R-06,5,off_contract.csv,11,BRIGHTER LIVING CARE,Brighter Living Care Ltd,747183.47,2988733.88,74,placement,1.0,True,none,,Adult Social Care,Over500_2026_P03_-_published:1907,Over500_2026_P03_-_published,1907,2026-06-24,Adult Social Care,Third Party Payments,Private Contractors,Brighter Living Care Ltd,BRIGHTER LIVING CARE,7524.6,placement
T-09,R-06,5,off_contract.csv,11,BRIGHTER LIVING CARE,Brighter Living Care Ltd,747183.47,2988733.88,74,placement,1.0,True,none,,Adult Social Care,Over500_2026_P03_-_published:1951,Over500_2026_P03_-_published,1951,2026-06-24,Adult Social Care,Third Party Payments,Private Contractors,Brighter Living Care Ltd,BRIGHTER LIVING CARE,4371.24,placement
T-09,R-06,5,off_contract.csv,11,BRIGHTER LIVING CARE,Brighter Living Care Ltd,747183.47,2988733.88,74,placement,1.0,True,none,,Adult Social Care,Over500_2026_P03_-_published:2948,Over500_2026_P03_-_published,2948,2026-06-24,Adult Social Care,Third Party Payments,Private Contractors,Brighter Living Care Ltd,BRIGHTER LIVING CARE,3125.96,placement
T-09,R-06,5,off_contract.csv,11,BRIGHTER LIVING CARE,Brighter Living Care Ltd,747183.47,2988733.88,74,placement,1.0,True,none,,Adult Social Care,Over500_2026_P04_-_published:2229,Over500_2026_P04_-_published,2229,2026-07-01,Adult Social Care,Third Party Payments,Private Contractors,Brighter Living Care Ltd,BRIGHTER LIVING CARE,19317.76,placement
T-09,R-06,5,off_contract.csv,11,BRIGHTER LIVING CARE,Brighter Living Care Ltd,747183.47,2988733.88,74,placement,1.0,True,none,,Adult Social Care,Over500_2026_P04_-_published:2234,Over500_2026_P04_-_published,2234,2026-07-01,Adult Social Care,Third Party Payments,Private Contractors,Brighter Living Care Ltd,BRIGHTER LIVING CARE,4285.0,placement
T-09,R-06,5,off_contract.csv,11,BRIGHTER LIVING CARE,Brighter Living Care Ltd,747183.47,2988733.88,74,placement,1.0,True,none,,Adult Social Care,Over500_2026_P04_-_published:2249,Over500_2026_P04_-_published,2249,2026-07-01,Adult Social Care,Third Party Payments,Private Contractors,Brighter Living Care Ltd,BRIGHTER LIVING CARE,26596.08,placement
T-09,R-06,5,off_contract.csv,11,BRIGHTER LIVING CARE,Brighter Living Care Ltd,747183.47,2988733.88,74,placement,1.0,True,none,,Adult Social Care,Over500_2026_P04_-_published:2250,Over500_2026_P04_-_published,2250,2026-07-01,Adult Social Care,Third Party Payments,Private Contractors,Brighter Living Care Ltd,BRIGHTER LIVING CARE,26734.96,placement
T-09,R-06,5,off_contract.csv,11,BRIGHTER LIVING CARE,Brighter Living Care Ltd,747183.47,2988733.88,74,placement,1.0,True,none,,Adult Social Care,Over500_2026_P04_-_published:2260,Over500_2026_P04_-_published,2260,2026-07-01,Adult Social Care,Third Party Payments,Private Contractors,Brighter Living Care Ltd,BRIGHTER LIVING CARE,10199.56,placement
T-09,R-06,5,off_contract.csv,11,BRIGHTER LIVING CARE,Brighter Living Care Ltd,747183.47,2988733.88,74,placement,1.0,True,none,,Adult Social Care,Over500_2026_P04_-_published:2261,Over500_2026_P04_-_published,2261,2026-07-01,Adult Social Care,Third Party Payments,Private Contractors,Brighter Living Care Ltd,BRIGHTER LIVING CARE,9648.96,placement
T-09,R-06,5,off_contract.csv,11,BRIGHTER LIVING CARE,Brighter Living Care Ltd,747183.47,2988733.88,74,placement,1.0,True,none,,Adult Social Care,Over500_2026_P04_-_published:2265,Over500_2026_P04_-_published,2265,2026-07-01,Adult Social Care,Third Party Payments,Private Contractors,Brighter Living Care Ltd,BRIGHTER LIVING CARE,3125.96,placement
T-09,R-06,5,off_contract.csv,11,BRIGHTER LIVING CARE,Brighter Living Care Ltd,747183.47,2988733.88,74,placement,1.0,True,none,,Adult Social Care,Over500_2026_P04_-_published:2266,Over500_2026_P04_-_published,2266,2026-07-01,Adult Social Care,Third Party Payments,Private Contractors,Brighter Living Care Ltd,BRIGHTER LIVING CARE,7524.98,placement
T-09,R-06,5,off_contract.csv,11,BRIGHTER LIVING CARE,Brighter Living Care Ltd,747183.47,2988733.88,74,placement,1.0,True,none,,Adult Social Care,Over500_2026_P04_-_published:2335,Over500_2026_P04_-_published,2335,2026-07-01,Adult Social Care,Third Party Payments,Private Contractors,Brighter Living Care Ltd,BRIGHTER LIVING CARE,10199.56,placement
T-09,R-06,5,off_contract.csv,11,BRIGHTER LIVING CARE,Brighter Living Care Ltd,747183.47,2988733.88,74,placement,1.0,True,none,,Adult Social Care,Over500_2026_P04_-_published:2336,Over500_2026_P04_-_published,2336,2026-07-01,Adult Social Care,Third Party Payments,Private Contractors,Brighter Living Care Ltd,BRIGHTER LIVING CARE,9074.8,placement
T-09,R-06,5,off_contract.csv,11,BRIGHTER LIVING CARE,Brighter Living Care Ltd,747183.47,2988733.88,74,placement,1.0,True,none,,Adult Social Care,Over500_2026_P04_-_published:2755,Over500_2026_P04_-_published,2755,2026-07-01,Adult Social Care,Third Party Payments,Private Contractors,Brighter Living Care Ltd,BRIGHTER LIVING CARE,4371.24,placement
T-09,R-06,5,off_contract.csv,11,BRIGHTER LIVING CARE,Brighter Living Care Ltd,747183.47,2988733.88,74,placement,1.0,True,none,,Adult Social Care,Over500_2026_P04_-_published:2778,Over500_2026_P04_-_published,2778,2026-07-01,Adult Social Care,Third Party Payments,Private Contractors,Brighter Living Care Ltd,BRIGHTER LIVING CARE,2129.96,placement
T-09,R-06,5,off_contract.csv,11,BRIGHTER LIVING CARE,Brighter Living Care Ltd,747183.47,2988733.88,74,placement,1.0,True,none,,Adult Social Care,Over500_2026_P04_-_published:2780,Over500_2026_P04_-_published,2780,2026-07-01,Adult Social Care,Third Party Payments,Private Contractors,Brighter Living Care Ltd,BRIGHTER LIVING CARE,7828.24,placement
T-09,R-06,5,off_contract.csv,11,BRIGHTER LIVING CARE,Brighter Living Care Ltd,747183.47,2988733.88,74,placement,1.0,True,none,,Adult Social Care,Over500_2026_P04_-_published:2781,Over500_2026_P04_-_published,2781,2026-07-01,Adult Social Care,Third Party Payments,Private Contractors,Brighter Living Care Ltd,BRIGHTER LIVING CARE,7524.6,placement
T-09,R-06,5,off_contract.csv,11,BRIGHTER LIVING CARE,Brighter Living Care Ltd,747183.47,2988733.88,74,placement,1.0,True,none,,Adult Social Care,Over500_2026_P04_-_published:2966,Over500_2026_P04_-_published,2966,2026-07-01,Adult Social Care,Third Party Payments,Private Contractors,Brighter Living Care Ltd,BRIGHTER LIVING CARE,4948.08,placement
T-09,R-06,5,off_contract.csv,11,BRIGHTER LIVING CARE,Brighter Living Care Ltd,747183.47,2988733.88,74,placement,1.0,True,none,,Adult Social Care,Over500_2026_P04_-_published:2967,Over500_2026_P04_-_published,2967,2026-07-01,Adult Social Care,Third Party Payments,Private Contractors,Brighter Living Care Ltd,BRIGHTER LIVING CARE,5633.88,placement
T-09,R-06,5,off_contract.csv,11,BRIGHTER LIVING CARE,Brighter Living Care Ltd,747183.47,2988733.88,74,placement,1.0,True,none,,Adult Social Care,Over500_2026_P04_-_published:2968,Over500_2026_P04_-_published,2968,2026-07-01,Adult Social Care,Third Party Payments,Private Contractors,Brighter Living Care Ltd,BRIGHTER LIVING CARE,19317.76,placement
T-09,R-06,5,off_contract.csv,11,BRIGHTER LIVING CARE,Brighter Living Care Ltd,747183.47,2988733.88,74,placement,1.0,True,none,,Adult Social Care,Over500_2026_P04_-_published:2969,Over500_2026_P04_-_published,2969,2026-07-01,Adult Social Care,Third Party Payments,Private Contractors,Brighter Living Care Ltd,BRIGHTER LIVING CARE,10247.91,placement
T-09,R-06,5,off_contract.csv,11,BRIGHTER LIVING CARE,Brighter Living Care Ltd,747183.47,2988733.88,74,placement,1.0,True,none,,Adult Social Care,Over500_2026_P04_-_published:2473,Over500_2026_P04_-_published,2473,2026-07-22,Adult Social Care,Third Party Payments,Private Contractors,Brighter Living Care Ltd,BRIGHTER LIVING CARE,600.0,placement
T-09,R-06,5,off_contract.csv,11,BRIGHTER LIVING CARE,Brighter Living Care Ltd,747183.47,2988733.88,74,placement,1.0,True,none,,Adult Social Care,Over500_2026_P04_-_published:2513,Over500_2026_P04_-_published,2513,2026-07-29,Adult Social Care,Third Party Payments,Private Contractors,Brighter Living Care Ltd,BRIGHTER LIVING CARE,1034.12,placement
T-09,R-06,5,off_contract.csv,11,BRIGHTER LIVING CARE,Brighter Living Care Ltd,747183.47,2988733.88,74,placement,1.0,True,none,,Adult Social Care,Over500_2026_P04_-_published:2545,Over500_2026_P04_-_published,2545,2026-07-29,Adult Social Care,Third Party Payments,Private Contractors,Brighter Living Care Ltd,BRIGHTER LIVING CARE,19317.76,placement
T-09,R-06,5,off_contract.csv,11,BRIGHTER LIVING CARE,Brighter Living Care Ltd,747183.47,2988733.88,74,placement,1.0,True,none,,Adult Social Care,Over500_2026_P04_-_published:2546,Over500_2026_P04_-_published,2546,2026-07-29,Adult Social Care,Third Party Payments,Private Contractors,Brighter Living Care Ltd,BRIGHTER LIVING CARE,10199.56,placement
T-09,R-06,5,off_contract.csv,11,BRIGHTER LIVING CARE,Brighter Living Care Ltd,747183.47,2988733.88,74,placement,1.0,True,none,,Adult Social Care,Over500_2026_P04_-_published:2547,Over500_2026_P04_-_published,2547,2026-07-29,Adult Social Care,Third Party Payments,Private Contractors,Brighter Living Care Ltd,BRIGHTER LIVING CARE,26734.96,placement
T-09,R-06,5,off_contract.csv,11,BRIGHTER LIVING CARE,Brighter Living Care Ltd,747183.47,2988733.88,74,placement,1.0,True,none,,Adult Social Care,Over500_2026_P04_-_published:2564,Over500_2026_P04_-_published,2564,2026-07-29,Adult Social Care,Third Party Payments,Private Contractors,Brighter Living Care Ltd,BRIGHTER LIVING CARE,4285.0,placement
T-09,R-06,5,off_contract.csv,11,BRIGHTER LIVING CARE,Brighter Living Care Ltd,747183.47,2988733.88,74,placement,1.0,True,none,,Adult Social Care,Over500_2026_P04_-_published:2565,Over500_2026_P04_-_published,2565,2026-07-29,Adult Social Care,Third Party Payments,Private Contractors,Brighter Living Care Ltd,BRIGHTER LIVING CARE,9074.8,placement
T-09,R-06,5,off_contract.csv,11,BRIGHTER LIVING CARE,Brighter Living Care Ltd,747183.47,2988733.88,74,placement,1.0,True,none,,Adult Social Care,Over500_2026_P04_-_published:2566,Over500_2026_P04_-_published,2566,2026-07-29,Adult Social Care,Third Party Payments,Private Contractors,Brighter Living Care Ltd,BRIGHTER LIVING CARE,3125.96,placement
T-09,R-06,5,off_contract.csv,11,BRIGHTER LIVING CARE,Brighter Living Care Ltd,747183.47,2988733.88,74,placement,1.0,True,none,,Adult Social Care,Over500_2026_P04_-_published:2567,Over500_2026_P04_-_published,2567,2026-07-29,Adult Social Care,Third Party Payments,Private Contractors,Brighter Living Care Ltd,BRIGHTER LIVING CARE,7524.6,placement
T-09,R-06,5,off_contract.csv,11,BRIGHTER LIVING CARE,Brighter Living Care Ltd,747183.47,2988733.88,74,placement,1.0,True,none,,Adult Social Care,Over500_2026_P04_-_published:2571,Over500_2026_P04_-_published,2571,2026-07-29,Adult Social Care,Third Party Payments,Private Contractors,Brighter Living Care Ltd,BRIGHTER LIVING CARE,6635.64,placement
T-09,R-06,5,off_contract.csv,11,BRIGHTER LIVING CARE,Brighter Living Care Ltd,747183.47,2988733.88,74,placement,1.0,True,none,,Adult Social Care,Over500_2026_P04_-_published:2631,Over500_2026_P04_-_published,2631,2026-07-29,Adult Social Care,Third Party Payments,Private Contractors,Brighter Living Care Ltd,BRIGHTER LIVING CARE,11050.36,placement
T-09,R-06,5,off_contract.csv,11,BRIGHTER LIVING CARE,Brighter Living Care Ltd,747183.47,2988733.88,74,placement,1.0,True,none,,Adult Social Care,Over500_2026_P04_-_published:2635,Over500_2026_P04_-_published,2635,2026-07-29,Adult Social Care,Third Party Payments,Private Contractors,Brighter Living Care Ltd,BRIGHTER LIVING CARE,600.0,placement
T-09,R-06,5,off_contract.csv,11,BRIGHTER LIVING CARE,Brighter Living Care Ltd,747183.47,2988733.88,74,placement,1.0,True,none,,Adult Social Care,Over500_2026_P04_-_published:2865,Over500_2026_P04_-_published,2865,2026-07-29,Adult Social Care,Third Party Payments,Private Contractors,Brighter Living Care Ltd,BRIGHTER LIVING CARE,4371.24,placement
T-09,R-06,5,off_contract.csv,11,BRIGHTER LIVING CARE,Brighter Living Care Ltd,747183.47,2988733.88,74,placement,1.0,True,none,,Adult Social Care,Over500_2026_P04_-_published:2883,Over500_2026_P04_-_published,2883,2026-07-29,Adult Social Care,Third Party Payments,Private Contractors,Brighter Living Care Ltd,BRIGHTER LIVING CARE,4005.08,placement
T-09,R-06,5,off_contract.csv,11,BRIGHTER LIVING CARE,Brighter Living Care Ltd,747183.47,2988733.88,74,placement,1.0,True,none,,Adult Social Care,Over500_2026_P04_-_published:2902,Over500_2026_P04_-_published,2902,2026-07-29,Adult Social Care,Third Party Payments,Private Contractors,Brighter Living Care Ltd,BRIGHTER LIVING CARE,4005.08,placement
T-09,R-06,5,off_contract.csv,11,BRIGHTER LIVING CARE,Brighter Living Care Ltd,747183.47,2988733.88,74,placement,1.0,True,none,,Adult Social Care,Over500_2026_P04_-_published:2959,Over500_2026_P04_-_published,2959,2026-07-29,Adult Social Care,Third Party Payments,Private Contractors,Brighter Living Care Ltd,BRIGHTER LIVING CARE,602.25,placement
T-09,R-06,5,off_contract.csv,11,BRIGHTER LIVING CARE,Brighter Living Care Ltd,747183.47,2988733.88,74,placement,1.0,True,none,,Adult Social Care,Over500_2026_P04_-_published:3360,Over500_2026_P04_-_published,3360,2026-07-29,Adult Social Care,Third Party Payments,Private Contractors,Brighter Living Care Ltd,BRIGHTER LIVING CARE,11050.36,placement
T-09,R-06,5,off_contract.csv,11,BRIGHTER LIVING CARE,Brighter Living Care Ltd,747183.47,2988733.88,74,placement,1.0,True,none,,Adult Social Care,Over500_2026_P04_-_published:3472,Over500_2026_P04_-_published,3472,2026-07-29,Adult Social Care,Third Party Payments,Private Contractors,Brighter Living Care Ltd,BRIGHTER LIVING CARE,4948.08,placement
T-09,R-06,5,off_contract.csv,11,BRIGHTER LIVING CARE,Brighter Living Care Ltd,747183.47,2988733.88,74,placement,1.0,True,none,,Adult Social Care,Over500_2026_P04_-_published:3473,Over500_2026_P04_-_published,3473,2026-07-29,Adult Social Care,Third Party Payments,Private Contractors,Brighter Living Care Ltd,BRIGHTER LIVING CARE,26596.08,placement
T-09,R-06,5,off_contract.csv,11,BRIGHTER LIVING CARE,Brighter Living Care Ltd,747183.47,2988733.88,74,placement,1.0,True,none,,Adult Social Care,Over500_2026_P04_-_published:3474,Over500_2026_P04_-_published,3474,2026-07-29,Adult Social Care,Third Party Payments,Private Contractors,Brighter Living Care Ltd,BRIGHTER LIVING CARE,5633.88,placement
T-09,R-06,5,off_contract.csv,11,BRIGHTER LIVING CARE,Brighter Living Care Ltd,747183.47,2988733.88,74,placement,1.0,True,none,,Adult Social Care,Over500_2026_P04_-_published:3475,Over500_2026_P04_-_published,3475,2026-07-29,Adult Social Care,Third Party Payments,Private Contractors,Brighter Living Care Ltd,BRIGHTER LIVING CARE,9648.96,placement
T-09,R-06,5,off_contract.csv,11,BRIGHTER LIVING CARE,Brighter Living Care Ltd,747183.47,2988733.88,74,placement,1.0,True,none,,Adult Social Care,Over500_2026_P04_-_published:3476,Over500_2026_P04_-_published,3476,2026-07-29,Adult Social Care,Third Party Payments,Private Contractors,Brighter Living Care Ltd,BRIGHTER LIVING CARE,78599.04,placement
T-09,R-06,5,off_contract.csv,11,BRIGHTER LIVING CARE,Brighter Living Care Ltd,747183.47,2988733.88,74,placement,1.0,True,none,,Adult Social Care,Over500_2026_P04_-_published:3695,Over500_2026_P04_-_published,3695,2026-07-29,Adult Social Care,Third Party Payments,Private Contractors,Brighter Living Care Ltd,BRIGHTER LIVING CARE,7828.24,placement
T-09,R-06,5,off_contract.csv,11,BRIGHTER LIVING CARE,Brighter Living Care Ltd,747183.47,2988733.88,74,placement,1.0,True,none,,Adult Social Care,Over500_2026_P04_-_published:3696,Over500_2026_P04_-_published,3696,2026-07-29,Adult Social Care,Third Party Payments,Private Contractors,Brighter Living Care Ltd,BRIGHTER LIVING CARE,2129.96,placement
T-09,R-06,6,off_contract.csv,12,SUKHBIR SINGH AND HARVINDER SINGH TA CALCOT SERVICES FOR CHILDREN CSFC,Sukhbir Singh and Harvinder Singh T/A Calcot Services for Children (CSFC),639381.6,2557526.4,26,placement,1.0,True,none,,Children's Social Care; Education (DSG Funded) & Other Education Grants,Over500_2026_P02_-_published:2238,Over500_2026_P02_-_published,2238,2026-05-12,Education (DSG Funded) & Other Education Grants,Third Party Payments,Other agencies,Sukhbir Singh and Harvinder Singh T/A Calcot Services for Children (CSFC),SUKHBIR SINGH AND HARVINDER SINGH TA CALCOT SERVICES FOR CHILDREN CSFC,18768.75,placement
T-09,R-06,6,off_contract.csv,12,SUKHBIR SINGH AND HARVINDER SINGH TA CALCOT SERVICES FOR CHILDREN CSFC,Sukhbir Singh and Harvinder Singh T/A Calcot Services for Children (CSFC),639381.6,2557526.4,26,placement,1.0,True,none,,Children's Social Care; Education (DSG Funded) & Other Education Grants,Over500_2026_P02_-_published:2239,Over500_2026_P02_-_published,2239,2026-05-12,Education (DSG Funded) & Other Education Grants,Third Party Payments,Other agencies,Sukhbir Singh and Harvinder Singh T/A Calcot Services for Children (CSFC),SUKHBIR SINGH AND HARVINDER SINGH TA CALCOT SERVICES FOR CHILDREN CSFC,30468.75,placement
T-09,R-06,6,off_contract.csv,12,SUKHBIR SINGH AND HARVINDER SINGH TA CALCOT SERVICES FOR CHILDREN CSFC,Sukhbir Singh and Harvinder Singh T/A Calcot Services for Children (CSFC),639381.6,2557526.4,26,placement,1.0,True,none,,Children's Social Care; Education (DSG Funded) & Other Education Grants,Over500_2026_P02_-_published:2240,Over500_2026_P02_-_published,2240,2026-05-12,Education (DSG Funded) & Other Education Grants,Third Party Payments,Other agencies,Sukhbir Singh and Harvinder Singh T/A Calcot Services for Children (CSFC),SUKHBIR SINGH AND HARVINDER SINGH TA CALCOT SERVICES FOR CHILDREN CSFC,18768.75,placement
T-09,R-06,6,off_contract.csv,12,SUKHBIR SINGH AND HARVINDER SINGH TA CALCOT SERVICES FOR CHILDREN CSFC,Sukhbir Singh and Harvinder Singh T/A Calcot Services for Children (CSFC),639381.6,2557526.4,26,placement,1.0,True,none,,Children's Social Care; Education (DSG Funded) & Other Education Grants,Over500_2026_P02_-_published:2241,Over500_2026_P02_-_published,2241,2026-05-12,Education (DSG Funded) & Other Education Grants,Third Party Payments,Other agencies,Sukhbir Singh and Harvinder Singh T/A Calcot Services for Children (CSFC),SUKHBIR SINGH AND HARVINDER SINGH TA CALCOT SERVICES FOR CHILDREN CSFC,24618.75,placement
T-09,R-06,6,off_contract.csv,12,SUKHBIR SINGH AND HARVINDER SINGH TA CALCOT SERVICES FOR CHILDREN CSFC,Sukhbir Singh and Harvinder Singh T/A Calcot Services for Children (CSFC),639381.6,2557526.4,26,placement,1.0,True,none,,Children's Social Care; Education (DSG Funded) & Other Education Grants,Over500_2026_P02_-_published:2042,Over500_2026_P02_-_published,2042,2026-05-19,Children's Social Care,Third Party Payments,Private Contractors,Sukhbir Singh and Harvinder Singh T/A Calcot Services for Children (CSFC),SUKHBIR SINGH AND HARVINDER SINGH TA CALCOT SERVICES FOR CHILDREN CSFC,32203.73,placement
T-09,R-06,6,off_contract.csv,12,SUKHBIR SINGH AND HARVINDER SINGH TA CALCOT SERVICES FOR CHILDREN CSFC,Sukhbir Singh and Harvinder Singh T/A Calcot Services for Children (CSFC),639381.6,2557526.4,26,placement,1.0,True,none,,Children's Social Care; Education (DSG Funded) & Other Education Grants,Over500_2026_P02_-_published:2043,Over500_2026_P02_-_published,2043,2026-05-19,Children's Social Care,Third Party Payments,Private Contractors,Sukhbir Singh and Harvinder Singh T/A Calcot Services for Children (CSFC),SUKHBIR SINGH AND HARVINDER SINGH TA CALCOT SERVICES FOR CHILDREN CSFC,37641.75,placement
T-09,R-06,6,off_contract.csv,12,SUKHBIR SINGH AND HARVINDER SINGH TA CALCOT SERVICES FOR CHILDREN CSFC,Sukhbir Singh and Harvinder Singh T/A Calcot Services for Children (CSFC),639381.6,2557526.4,26,placement,1.0,True,none,,Children's Social Care; Education (DSG Funded) & Other Education Grants,Over500_2026_P02_-_published:2044,Over500_2026_P02_-_published,2044,2026-05-19,Children's Social Care,Third Party Payments,Private Contractors,Sukhbir Singh and Harvinder Singh T/A Calcot Services for Children (CSFC),SUKHBIR SINGH AND HARVINDER SINGH TA CALCOT SERVICES FOR CHILDREN CSFC,37191.44,placement
T-09,R-06,6,off_contract.csv,12,SUKHBIR SINGH AND HARVINDER SINGH TA CALCOT SERVICES FOR CHILDREN CSFC,Sukhbir Singh and Harvinder Singh T/A Calcot Services for Children (CSFC),639381.6,2557526.4,26,placement,1.0,True,none,,Children's Social Care; Education (DSG Funded) & Other Education Grants,Over500_2026_P02_-_published:2045,Over500_2026_P02_-_published,2045,2026-05-19,Children's Social Care,Third Party Payments,Private Contractors,Sukhbir Singh and Harvinder Singh T/A Calcot Services for Children (CSFC),SUKHBIR SINGH AND HARVINDER SINGH TA CALCOT SERVICES FOR CHILDREN CSFC,26481.44,placement
T-09,R-06,6,off_contract.csv,12,SUKHBIR SINGH AND HARVINDER SINGH TA CALCOT SERVICES FOR CHILDREN CSFC,Sukhbir Singh and Harvinder Singh T/A Calcot Services for Children (CSFC),639381.6,2557526.4,26,placement,1.0,True,none,,Children's Social Care; Education (DSG Funded) & Other Education Grants,Over500_2026_P02_-_published:2046,Over500_2026_P02_-_published,2046,2026-05-19,Children's Social Care,Third Party Payments,Private Contractors,Sukhbir Singh and Harvinder Singh T/A Calcot Services for Children (CSFC),SUKHBIR SINGH AND HARVINDER SINGH TA CALCOT SERVICES FOR CHILDREN CSFC,58670.56,placement
T-09,R-06,6,off_contract.csv,12,SUKHBIR SINGH AND HARVINDER SINGH TA CALCOT SERVICES FOR CHILDREN CSFC,Sukhbir Singh and Harvinder Singh T/A Calcot Services for Children (CSFC),639381.6,2557526.4,26,placement,1.0,True,none,,Children's Social Care; Education (DSG Funded) & Other Education Grants,Over500_2026_P03_-_published:2156,Over500_2026_P03_-_published,2156,2026-06-03,Education (DSG Funded) & Other Education Grants,Third Party Payments,Other agencies,Sukhbir Singh and Harvinder Singh T/A Calcot Services for Children (CSFC),SUKHBIR SINGH AND HARVINDER SINGH TA CALCOT SERVICES FOR CHILDREN CSFC,19488.75,placement
T-09,R-06,6,off_contract.csv,12,SUKHBIR SINGH AND HARVINDER SINGH TA CALCOT SERVICES FOR CHILDREN CSFC,Sukhbir Singh and Harvinder Singh T/A Calcot Services for Children (CSFC),639381.6,2557526.4,26,placement,1.0,True,none,,Children's Social Care; Education (DSG Funded) & Other Education Grants,Over500_2026_P03_-_published:2157,Over500_2026_P03_-_published,2157,2026-06-03,Education (DSG Funded) & Other Education Grants,Third Party Payments,Other agencies,Sukhbir Singh and Harvinder Singh T/A Calcot Services for Children (CSFC),SUKHBIR SINGH AND HARVINDER SINGH TA CALCOT SERVICES FOR CHILDREN CSFC,18768.75,placement
T-09,R-06,6,off_contract.csv,12,SUKHBIR SINGH AND HARVINDER SINGH TA CALCOT SERVICES FOR CHILDREN CSFC,Sukhbir Singh and Harvinder Singh T/A Calcot Services for Children (CSFC),639381.6,2557526.4,26,placement,1.0,True,none,,Children's Social Care; Education (DSG Funded) & Other Education Grants,Over500_2026_P03_-_published:2158,Over500_2026_P03_-_published,2158,2026-06-03,Education (DSG Funded) & Other Education Grants,Third Party Payments,Other agencies,Sukhbir Singh and Harvinder Singh T/A Calcot Services for Children (CSFC),SUKHBIR SINGH AND HARVINDER SINGH TA CALCOT SERVICES FOR CHILDREN CSFC,18768.75,placement
T-09,R-06,6,off_contract.csv,12,SUKHBIR SINGH AND HARVINDER SINGH TA CALCOT SERVICES FOR CHILDREN CSFC,Sukhbir Singh and Harvinder Singh T/A Calcot Services for Children (CSFC),639381.6,2557526.4,26,placement,1.0,True,none,,Children's Social Care; Education (DSG Funded) & Other Education Grants,Over500_2026_P03_-_published:2159,Over500_2026_P03_-_published,2159,2026-06-03,Education (DSG Funded) & Other Education Grants,Third Party Payments,Other agencies,Sukhbir Singh and Harvinder Singh T/A Calcot Services for Children (CSFC),SUKHBIR SINGH AND HARVINDER SINGH TA CALCOT SERVICES FOR CHILDREN CSFC,18768.75,placement
T-09,R-06,6,off_contract.csv,12,SUKHBIR SINGH AND HARVINDER SINGH TA CALCOT SERVICES FOR CHILDREN CSFC,Sukhbir Singh and Harvinder Singh T/A Calcot Services for Children (CSFC),639381.6,2557526.4,26,placement,1.0,True,none,,Children's Social Care; Education (DSG Funded) & Other Education Grants,Over500_2026_P03_-_published:2160,Over500_2026_P03_-_published,2160,2026-06-03,Education (DSG Funded) & Other Education Grants,Third Party Payments,Other agencies,Sukhbir Singh and Harvinder Singh T/A Calcot Services for Children (CSFC),SUKHBIR SINGH AND HARVINDER SINGH TA CALCOT SERVICES FOR CHILDREN CSFC,19278.75,placement
T-09,R-06,6,off_contract.csv,12,SUKHBIR SINGH AND HARVINDER SINGH TA CALCOT SERVICES FOR CHILDREN CSFC,Sukhbir Singh and Harvinder Singh T/A Calcot Services for Children (CSFC),639381.6,2557526.4,26,placement,1.0,True,none,,Children's Social Care; Education (DSG Funded) & Other Education Grants,Over500_2026_P03_-_published:2184,Over500_2026_P03_-_published,2184,2026-06-03,Education (DSG Funded) & Other Education Grants,Third Party Payments,Other agencies,Sukhbir Singh and Harvinder Singh T/A Calcot Services for Children (CSFC),SUKHBIR SINGH AND HARVINDER SINGH TA CALCOT SERVICES FOR CHILDREN CSFC,19052.08,placement
T-09,R-06,6,off_contract.csv,12,SUKHBIR SINGH AND HARVINDER SINGH TA CALCOT SERVICES FOR CHILDREN CSFC,Sukhbir Singh and Harvinder Singh T/A Calcot Services for Children (CSFC),639381.6,2557526.4,26,placement,1.0,True,none,,Children's Social Care; Education (DSG Funded) & Other Education Grants,Over500_2026_P03_-_published:2185,Over500_2026_P03_-_published,2185,2026-06-03,Education (DSG Funded) & Other Education Grants,Third Party Payments,Other agencies,Sukhbir Singh and Harvinder Singh T/A Calcot Services for Children (CSFC),SUKHBIR SINGH AND HARVINDER SINGH TA CALCOT SERVICES FOR CHILDREN CSFC,682.5,placement
T-09,R-06,6,off_contract.csv,12,SUKHBIR SINGH AND HARVINDER SINGH TA CALCOT SERVICES FOR CHILDREN CSFC,Sukhbir Singh and Harvinder Singh T/A Calcot Services for Children (CSFC),639381.6,2557526.4,26,placement,1.0,True,none,,Children's Social Care; Education (DSG Funded) & Other Education Grants,Over500_2026_P03_-_published:2306,Over500_2026_P03_-_published,2306,2026-06-03,Education (DSG Funded) & Other Education Grants,Third Party Payments,Other agencies,Sukhbir Singh and Harvinder Singh T/A Calcot Services for Children (CSFC),SUKHBIR SINGH AND HARVINDER SINGH TA CALCOT SERVICES FOR CHILDREN CSFC,18768.75,placement
T-09,R-06,6,off_contract.csv,12,SUKHBIR SINGH AND HARVINDER SINGH TA CALCOT SERVICES FOR CHILDREN CSFC,Sukhbir Singh and Harvinder Singh T/A Calcot Services for Children (CSFC),639381.6,2557526.4,26,placement,1.0,True,none,,Children's Social Care; Education (DSG Funded) & Other Education Grants,Over500_2026_P03_-_published:2307,Over500_2026_P03_-_published,2307,2026-06-03,Education (DSG Funded) & Other Education Grants,Third Party Payments,Other agencies,Sukhbir Singh and Harvinder Singh T/A Calcot Services for Children (CSFC),SUKHBIR SINGH AND HARVINDER SINGH TA CALCOT SERVICES FOR CHILDREN CSFC,24788.75,placement
T-09,R-06,6,off_contract.csv,12,SUKHBIR SINGH AND HARVINDER SINGH TA CALCOT SERVICES FOR CHILDREN CSFC,Sukhbir Singh and Harvinder Singh T/A Calcot Services for Children (CSFC),639381.6,2557526.4,26,placement,1.0,True,none,,Children's Social Care; Education (DSG Funded) & Other Education Grants,Over500_2026_P03_-_published:3102,Over500_2026_P03_-_published,3102,2026-06-03,Education (DSG Funded) & Other Education Grants,Third Party Payments,Other agencies,Sukhbir Singh and Harvinder Singh T/A Calcot Services for Children (CSFC),SUKHBIR SINGH AND HARVINDER SINGH TA CALCOT SERVICES FOR CHILDREN CSFC,18768.75,placement
T-09,R-06,6,off_contract.csv,12,SUKHBIR SINGH AND HARVINDER SINGH TA CALCOT SERVICES FOR CHILDREN CSFC,Sukhbir Singh and Harvinder Singh T/A Calcot Services for Children (CSFC),639381.6,2557526.4,26,placement,1.0,True,none,,Children's Social Care; Education (DSG Funded) & Other Education Grants,Over500_2026_P03_-_published:3103,Over500_2026_P03_-_published,3103,2026-06-03,Education (DSG Funded) & Other Education Grants,Third Party Payments,Other agencies,Sukhbir Singh and Harvinder Singh T/A Calcot Services for Children (CSFC),SUKHBIR SINGH AND HARVINDER SINGH TA CALCOT SERVICES FOR CHILDREN CSFC,18768.75,placement
T-09,R-06,6,off_contract.csv,12,SUKHBIR SINGH AND HARVINDER SINGH TA CALCOT SERVICES FOR CHILDREN CSFC,Sukhbir Singh and Harvinder Singh T/A Calcot Services for Children (CSFC),639381.6,2557526.4,26,placement,1.0,True,none,,Children's Social Care; Education (DSG Funded) & Other Education Grants,Over500_2026_P03_-_published:3104,Over500_2026_P03_-_published,3104,2026-06-03,Education (DSG Funded) & Other Education Grants,Third Party Payments,Other agencies,Sukhbir Singh and Harvinder Singh T/A Calcot Services for Children (CSFC),SUKHBIR SINGH AND HARVINDER SINGH TA CALCOT SERVICES FOR CHILDREN CSFC,19278.75,placement
T-09,R-06,6,off_contract.csv,12,SUKHBIR SINGH AND HARVINDER SINGH TA CALCOT SERVICES FOR CHILDREN CSFC,Sukhbir Singh and Harvinder Singh T/A Calcot Services for Children (CSFC),639381.6,2557526.4,26,placement,1.0,True,none,,Children's Social Care; Education (DSG Funded) & Other Education Grants,Over500_2026_P03_-_published:1932,Over500_2026_P03_-_published,1932,2026-06-16,Children's Social Care,Third Party Payments,Private Contractors,Sukhbir Singh and Harvinder Singh T/A Calcot Services for Children (CSFC),SUKHBIR SINGH AND HARVINDER SINGH TA CALCOT SERVICES FOR CHILDREN CSFC,25627.2,placement
T-09,R-06,6,off_contract.csv,12,SUKHBIR SINGH AND HARVINDER SINGH TA CALCOT SERVICES FOR CHILDREN CSFC,Sukhbir Singh and Harvinder Singh T/A Calcot Services for Children (CSFC),639381.6,2557526.4,26,placement,1.0,True,none,,Children's Social Care; Education (DSG Funded) & Other Education Grants,Over500_2026_P03_-_published:2029,Over500_2026_P03_-_published,2029,2026-06-16,Children's Social Care,Third Party Payments,Private Contractors,Sukhbir Singh and Harvinder Singh T/A Calcot Services for Children (CSFC),SUKHBIR SINGH AND HARVINDER SINGH TA CALCOT SERVICES FOR CHILDREN CSFC,36427.5,placement
T-09,R-06,6,off_contract.csv,12,SUKHBIR SINGH AND HARVINDER SINGH TA CALCOT SERVICES FOR CHILDREN CSFC,Sukhbir Singh and Harvinder Singh T/A Calcot Services for Children (CSFC),639381.6,2557526.4,26,placement,1.0,True,none,,Children's Social Care; Education (DSG Funded) & Other Education Grants,Over500_2026_P03_-_published:2035,Over500_2026_P03_-_published,2035,2026-06-30,Children's Social Care,Third Party Payments,Private Contractors,Sukhbir Singh and Harvinder Singh T/A Calcot Services for Children (CSFC),SUKHBIR SINGH AND HARVINDER SINGH TA CALCOT SERVICES FOR CHILDREN CSFC,36547.2,placement
T-09,R-06,6,off_contract.csv,12,SUKHBIR SINGH AND HARVINDER SINGH TA CALCOT SERVICES FOR CHILDREN CSFC,Sukhbir Singh and Harvinder Singh T/A Calcot Services for Children (CSFC),639381.6,2557526.4,26,placement,1.0,True,none,,Children's Social Care; Education (DSG Funded) & Other Education Grants,Over500_2026_P04_-_published:3074,Over500_2026_P04_-_published,3074,2026-07-01,Children's Social Care,Third Party Payments,Private Contractors,Sukhbir Singh and Harvinder Singh T/A Calcot Services for Children (CSFC),SUKHBIR SINGH AND HARVINDER SINGH TA CALCOT SERVICES FOR CHILDREN CSFC,31164.9,placement
T-09,R-06,6,off_contract.csv,12,SUKHBIR SINGH AND HARVINDER SINGH TA CALCOT SERVICES FOR CHILDREN CSFC,Sukhbir Singh and Harvinder Singh T/A Calcot Services for Children (CSFC),639381.6,2557526.4,26,placement,1.0,True,none,,Children's Social Care; Education (DSG Funded) & Other Education Grants,Over500_2026_P04_-_published:3742,Over500_2026_P04_-_published,3742,2026-07-01,Children's Social Care,Third Party Payments,Private Contractors,Sukhbir Singh and Harvinder Singh T/A Calcot Services for Children (CSFC),SUKHBIR SINGH AND HARVINDER SINGH TA CALCOT SERVICES FOR CHILDREN CSFC,9618.8,placement
T-09,R-06,7,off_contract.csv,13,WE ARE THE CARE COMPANY,We Are The Care Company Ltd,589012.31,2356049.24,349,placement,1.0,True,none,,Adult Social Care,Over500_2026_P02_-_published:1113,Over500_2026_P02_-_published,1113,2026-05-06,Adult Social Care,Third Party Payments,Private Contractors,We Are The Care Company Ltd,WE ARE THE CARE COMPANY,2784.6,placement
T-09,R-06,7,off_contract.csv,13,WE ARE THE CARE COMPANY,We Are The Care Company Ltd,589012.31,2356049.24,349,placement,1.0,True,none,,Adult Social Care,Over500_2026_P02_-_published:1114,Over500_2026_P02_-_published,1114,2026-05-06,Adult Social Care,Third Party Payments,Private Contractors,We Are The Care Company Ltd,WE ARE THE CARE COMPANY,2220.07,placement
T-09,R-06,7,off_contract.csv,13,WE ARE THE CARE COMPANY,We Are The Care Company Ltd,589012.31,2356049.24,349,placement,1.0,True,none,,Adult Social Care,Over500_2026_P02_-_published:1115,Over500_2026_P02_-_published,1115,2026-05-06,Adult Social Care,Third Party Payments,Private Contractors,We Are The Care Company Ltd,WE ARE THE CARE COMPANY,714.0,placement
T-09,R-06,7,off_contract.csv,13,WE ARE THE CARE COMPANY,We Are The Care Company Ltd,589012.31,2356049.24,349,placement,1.0,True,none,,Adult Social Care,Over500_2026_P02_-_published:1116,Over500_2026_P02_-_published,1116,2026-05-06,Adult Social Care,Third Party Payments,Private Contractors,We Are The Care Company Ltd,WE ARE THE CARE COMPANY,2960.14,placement
T-09,R-06,7,off_contract.csv,13,WE ARE THE CARE COMPANY,We Are The Care Company Ltd,589012.31,2356049.24,349,placement,1.0,True,none,,Adult Social Care,Over500_2026_P02_-_published:1117,Over500_2026_P02_-_published,1117,2026-05-06,Adult Social Care,Third Party Payments,Private Contractors,We Are The Care Company Ltd,WE ARE THE CARE COMPANY,2072.06,placement
T-09,R-06,7,off_contract.csv,13,WE ARE THE CARE COMPANY,We Are The Care Company Ltd,589012.31,2356049.24,349,placement,1.0,True,none,,Adult Social Care,Over500_2026_P02_-_published:1118,Over500_2026_P02_-_published,1118,2026-05-06,Adult Social Care,Third Party Payments,Private Contractors,We Are The Care Company Ltd,WE ARE THE CARE COMPANY,888.05,placement
T-09,R-06,7,off_contract.csv,13,WE ARE THE CARE COMPANY,We Are The Care Company Ltd,589012.31,2356049.24,349,placement,1.0,True,none,,Adult Social Care,Over500_2026_P02_-_published:1119,Over500_2026_P02_-_published,1119,2026-05-06,Adult Social Care,Third Party Payments,Private Contractors,We Are The Care Company Ltd,WE ARE THE CARE COMPANY,1263.74,placement
T-09,R-06,7,off_contract.csv,13,WE ARE THE CARE COMPANY,We Are The Care Company Ltd,589012.31,2356049.24,349,placement,1.0,True,none,,Adult Social Care,Over500_2026_P02_-_published:1120,Over500_2026_P02_-_published,1120,2026-05-06,Adult Social Care,Third Party Payments,Private Contractors,We Are The Care Company Ltd,WE ARE THE CARE COMPANY,2664.1,placement
T-09,R-06,7,off_contract.csv,13,WE ARE THE CARE COMPANY,We Are The Care Company Ltd,589012.31,2356049.24,349,placement,1.0,True,none,,Adult Social Care,Over500_2026_P02_-_published:1121,Over500_2026_P02_-_published,1121,2026-05-06,Adult Social Care,Third Party Payments,Private Contractors,We Are The Care Company Ltd,WE ARE THE CARE COMPANY,618.8,placement
T-09,R-06,7,off_contract.csv,13,WE ARE THE CARE COMPANY,We Are The Care Company Ltd,589012.31,2356049.24,349,placement,1.0,True,none,,Adult Social Care,Over500_2026_P02_-_published:1122,Over500_2026_P02_-_published,1122,2026-05-06,Adult Social Care,Third Party Payments,Private Contractors,We Are The Care Company Ltd,WE ARE THE CARE COMPANY,3552.12,placement
T-09,R-06,7,off_contract.csv,13,WE ARE THE CARE COMPANY,We Are The Care Company Ltd,589012.31,2356049.24,349,placement,1.0,True,none,,Adult Social Care,Over500_2026_P02_-_published:1123,Over500_2026_P02_-_published,1123,2026-05-06,Adult Social Care,Third Party Payments,Private Contractors,We Are The Care Company Ltd,WE ARE THE CARE COMPANY,592.02,placement
T-09,R-06,7,off_contract.csv,13,WE ARE THE CARE COMPANY,We Are The Care Company Ltd,589012.31,2356049.24,349,placement,1.0,True,none,,Adult Social Care,Over500_2026_P02_-_published:1124,Over500_2026_P02_-_published,1124,2026-05-06,Adult Social Care,Third Party Payments,Private Contractors,We Are The Care Company Ltd,WE ARE THE CARE COMPANY,740.03,placement
T-09,R-06,7,off_contract.csv,13,WE ARE THE CARE COMPANY,We Are The Care Company Ltd,589012.31,2356049.24,349,placement,1.0,True,none,,Adult Social Care,Over500_2026_P02_-_published:1125,Over500_2026_P02_-_published,1125,2026-05-06,Adult Social Care,Third Party Payments,Private Contractors,We Are The Care Company Ltd,WE ARE THE CARE COMPANY,2011.1,placement
T-09,R-06,7,off_contract.csv,13,WE ARE THE CARE COMPANY,We Are The Care Company Ltd,589012.31,2356049.24,349,placement,1.0,True,none,,Adult Social Care,Over500_2026_P02_-_published:1126,Over500_2026_P02_-_published,1126,2026-05-06,Adult Social Care,Third Party Payments,Private Contractors,We Are The Care Company Ltd,WE ARE THE CARE COMPANY,1773.82,placement
T-09,R-06,7,off_contract.csv,13,WE ARE THE CARE COMPANY,We Are The Care Company Ltd,589012.31,2356049.24,349,placement,1.0,True,none,,Adult Social Care,Over500_2026_P02_-_published:1127,Over500_2026_P02_-_published,1127,2026-05-06,Adult Social Care,Third Party Payments,Private Contractors,We Are The Care Company Ltd,WE ARE THE CARE COMPANY,3256.1,placement
T-09,R-06,7,off_contract.csv,13,WE ARE THE CARE COMPANY,We Are The Care Company Ltd,589012.31,2356049.24,349,placement,1.0,True,none,,Adult Social Care,Over500_2026_P02_-_published:1128,Over500_2026_P02_-_published,1128,2026-05-06,Adult Social Care,Third Party Payments,Private Contractors,We Are The Care Company Ltd,WE ARE THE CARE COMPANY,1332.05,placement
T-09,R-06,7,off_contract.csv,13,WE ARE THE CARE COMPANY,We Are The Care Company Ltd,589012.31,2356049.24,349,placement,1.0,True,none,,Adult Social Care,Over500_2026_P02_-_published:1129,Over500_2026_P02_-_published,1129,2026-05-06,Adult Social Care,Third Party Payments,Private Contractors,We Are The Care Company Ltd,WE ARE THE CARE COMPANY,1082.9,placement
T-09,R-06,7,off_contract.csv,13,WE ARE THE CARE COMPANY,We Are The Care Company Ltd,589012.31,2356049.24,349,placement,1.0,True,none,,Adult Social Care,Over500_2026_P02_-_published:1130,Over500_2026_P02_-_published,1130,2026-05-06,Adult Social Care,Third Party Payments,Private Contractors,We Are The Care Company Ltd,WE ARE THE CARE COMPANY,2784.6,placement
T-09,R-06,7,off_contract.csv,13,WE ARE THE CARE COMPANY,We Are The Care Company Ltd,589012.31,2356049.24,349,placement,1.0,True,none,,Adult Social Care,Over500_2026_P02_-_published:1131,Over500_2026_P02_-_published,1131,2026-05-06,Adult Social Care,Third Party Payments,Private Contractors,We Are The Care Company Ltd,WE ARE THE CARE COMPANY,1776.1,placement
T-09,R-06,7,off_contract.csv,13,WE ARE THE CARE COMPANY,We Are The Care Company Ltd,589012.31,2356049.24,349,placement,1.0,True,none,,Adult Social Care,Over500_2026_P02_-_published:1132,Over500_2026_P02_-_published,1132,2026-05-06,Adult Social Care,Third Party Payments,Private Contractors,We Are The Care Company Ltd,WE ARE THE CARE COMPANY,740.03,placement
T-09,R-06,7,off_contract.csv,13,WE ARE THE CARE COMPANY,We Are The Care Company Ltd,589012.31,2356049.24,349,placement,1.0,True,none,,Adult Social Care,Over500_2026_P02_-_published:1133,Over500_2026_P02_-_published,1133,2026-05-06,Adult Social Care,Third Party Payments,Private Contractors,We Are The Care Company Ltd,WE ARE THE CARE COMPANY,1203.81,placement
T-09,R-06,7,off_contract.csv,13,WE ARE THE CARE COMPANY,We Are The Care Company Ltd,589012.31,2356049.24,349,placement,1.0,True,none,,Adult Social Care,Over500_2026_P02_-_published:1134,Over500_2026_P02_-_published,1134,2026-05-06,Adult Social Care,Third Party Payments,Private Contractors,We Are The Care Company Ltd,WE ARE THE CARE COMPANY,546.48,placement
T-09,R-06,7,off_contract.csv,13,WE ARE THE CARE COMPANY,We Are The Care Company Ltd,589012.31,2356049.24,349,placement,1.0,True,none,,Adult Social Care,Over500_2026_P02_-_published:1135,Over500_2026_P02_-_published,1135,2026-05-06,Adult Social Care,Third Party Payments,Private Contractors,We Are The Care Company Ltd,WE ARE THE CARE COMPANY,1035.3,placement
T-09,R-06,7,off_contract.csv,13,WE ARE THE CARE COMPANY,We Are The Care Company Ltd,589012.31,2356049.24,349,placement,1.0,True,none,,Adult Social Care,Over500_2026_P02_-_published:1136,Over500_2026_P02_-_published,1136,2026-05-06,Adult Social Care,Third Party Payments,Private Contractors,We Are The Care Company Ltd,WE ARE THE CARE COMPANY,1392.3,placement
T-09,R-06,7,off_contract.csv,13,WE ARE THE CARE COMPANY,We Are The Care Company Ltd,589012.31,2356049.24,349,placement,1.0,True,none,,Adult Social Care,Over500_2026_P02_-_published:1137,Over500_2026_P02_-_published,1137,2026-05-06,Adult Social Care,Third Party Payments,Private Contractors,We Are The Care Company Ltd,WE ARE THE CARE COMPANY,1237.6,placement
T-09,R-06,7,off_contract.csv,13,WE ARE THE CARE COMPANY,We Are The Care Company Ltd,589012.31,2356049.24,349,placement,1.0,True,none,,Adult Social Care,Over500_2026_P02_-_published:1138,Over500_2026_P02_-_published,1138,2026-05-06,Adult Social Care,Third Party Payments,Private Contractors,We Are The Care Company Ltd,WE ARE THE CARE COMPANY,1036.03,placement
T-09,R-06,7,off_contract.csv,13,WE ARE THE CARE COMPANY,We Are The Care Company Ltd,589012.31,2356049.24,349,placement,1.0,True,none,,Adult Social Care,Over500_2026_P02_-_published:1139,Over500_2026_P02_-_published,1139,2026-05-06,Adult Social Care,Third Party Payments,Private Contractors,We Are The Care Company Ltd,WE ARE THE CARE COMPANY,740.03,placement
T-09,R-06,7,off_contract.csv,13,WE ARE THE CARE COMPANY,We Are The Care Company Ltd,589012.31,2356049.24,349,placement,1.0,True,none,,Adult Social Care,Over500_2026_P02_-_published:1140,Over500_2026_P02_-_published,1140,2026-05-06,Adult Social Care,Third Party Payments,Private Contractors,We Are The Care Company Ltd,WE ARE THE CARE COMPANY,1320.66,placement
T-09,R-06,7,off_contract.csv,13,WE ARE THE CARE COMPANY,We Are The Care Company Ltd,589012.31,2356049.24,349,placement,1.0,True,none,,Adult Social Care,Over500_2026_P02_-_published:1141,Over500_2026_P02_-_published,1141,2026-05-06,Adult Social Care,Third Party Payments,Private Contractors,We Are The Care Company Ltd,WE ARE THE CARE COMPANY,3054.84,placement
T-09,R-06,7,off_contract.csv,13,WE ARE THE CARE COMPANY,We Are The Care Company Ltd,589012.31,2356049.24,349,placement,1.0,True,none,,Adult Social Care,Over500_2026_P02_-_published:1142,Over500_2026_P02_-_published,1142,2026-05-06,Adult Social Care,Third Party Payments,Private Contractors,We Are The Care Company Ltd,WE ARE THE CARE COMPANY,1392.3,placement
T-09,R-06,7,off_contract.csv,13,WE ARE THE CARE COMPANY,We Are The Care Company Ltd,589012.31,2356049.24,349,placement,1.0,True,none,,Adult Social Care,Over500_2026_P02_-_published:1143,Over500_2026_P02_-_published,1143,2026-05-06,Adult Social Care,Third Party Payments,Private Contractors,We Are The Care Company Ltd,WE ARE THE CARE COMPANY,2402.24,placement
T-09,R-06,7,off_contract.csv,13,WE ARE THE CARE COMPANY,We Are The Care Company Ltd,589012.31,2356049.24,349,placement,1.0,True,none,,Adult Social Care,Over500_2026_P02_-_published:1144,Over500_2026_P02_-_published,1144,2026-05-06,Adult Social Care,Third Party Payments,Private Contractors,We Are The Care Company Ltd,WE ARE THE CARE COMPANY,2462.8,placement
T-09,R-06,7,off_contract.csv,13,WE ARE THE CARE COMPANY,We Are The Care Company Ltd,589012.31,2356049.24,349,placement,1.0,True,none,,Adult Social Care,Over500_2026_P02_-_published:1145,Over500_2026_P02_-_published,1145,2026-05-06,Adult Social Care,Third Party Payments,Private Contractors,We Are The Care Company Ltd,WE ARE THE CARE COMPANY,592.02,placement
T-09,R-06,7,off_contract.csv,13,WE ARE THE CARE COMPANY,We Are The Care Company Ltd,589012.31,2356049.24,349,placement,1.0,True,none,,Adult Social Care,Over500_2026_P02_-_published:1146,Over500_2026_P02_-_published,1146,2026-05-06,Adult Social Care,Third Party Payments,Private Contractors,We Are The Care Company Ltd,WE ARE THE CARE COMPANY,740.03,placement
T-09,R-06,7,off_contract.csv,13,WE ARE THE CARE COMPANY,We Are The Care Company Ltd,589012.31,2356049.24,349,placement,1.0,True,none,,Adult Social Care,Over500_2026_P02_-_published:1147,Over500_2026_P02_-_published,1147,2026-05-06,Adult Social Care,Third Party Payments,Private Contractors,We Are The Care Company Ltd,WE ARE THE CARE COMPANY,1480.06,placement
T-09,R-06,7,off_contract.csv,13,WE ARE THE CARE COMPANY,We Are The Care Company Ltd,589012.31,2356049.24,349,placement,1.0,True,none,,Adult Social Care,Over500_2026_P02_-_published:1148,Over500_2026_P02_-_published,1148,2026-05-06,Adult Social Care,Third Party Payments,Private Contractors,We Are The Care Company Ltd,WE ARE THE CARE COMPANY,1332.05,placement
T-09,R-06,7,off_contract.csv,13,WE ARE THE CARE COMPANY,We Are The Care Company Ltd,589012.31,2356049.24,349,placement,1.0,True,none,,Adult Social Care,Over500_2026_P02_-_published:1149,Over500_2026_P02_-_published,1149,2026-05-06,Adult Social Care,Third Party Payments,Private Contractors,We Are The Care Company Ltd,WE ARE THE CARE COMPANY,773.5,placement
T-09,R-06,7,off_contract.csv,13,WE ARE THE CARE COMPANY,We Are The Care Company Ltd,589012.31,2356049.24,349,placement,1.0,True,none,,Adult Social Care,Over500_2026_P02_-_published:1150,Over500_2026_P02_-_published,1150,2026-05-06,Adult Social Care,Third Party Payments,Private Contractors,We Are The Care Company Ltd,WE ARE THE CARE COMPANY,1392.3,placement
T-09,R-06,7,off_contract.csv,13,WE ARE THE CARE COMPANY,We Are The Care Company Ltd,589012.31,2356049.24,349,placement,1.0,True,none,,Adult Social Care,Over500_2026_P02_-_published:1151,Over500_2026_P02_-_published,1151,2026-05-06,Adult Social Care,Third Party Payments,Private Contractors,We Are The Care Company Ltd,WE ARE THE CARE COMPANY,1332.05,placement
T-09,R-06,7,off_contract.csv,13,WE ARE THE CARE COMPANY,We Are The Care Company Ltd,589012.31,2356049.24,349,placement,1.0,True,none,,Adult Social Care,Over500_2026_P02_-_published:1152,Over500_2026_P02_-_published,1152,2026-05-06,Adult Social Care,Third Party Payments,Private Contractors,We Are The Care Company Ltd,WE ARE THE CARE COMPANY,1036.03,placement
T-09,R-06,7,off_contract.csv,13,WE ARE THE CARE COMPANY,We Are The Care Company Ltd,589012.31,2356049.24,349,placement,1.0,True,none,,Adult Social Care,Over500_2026_P02_-_published:1153,Over500_2026_P02_-_published,1153,2026-05-06,Adult Social Care,Third Party Payments,Private Contractors,We Are The Care Company Ltd,WE ARE THE CARE COMPANY,1332.06,placement
T-09,R-06,7,off_contract.csv,13,WE ARE THE CARE COMPANY,We Are The Care Company Ltd,589012.31,2356049.24,349,placement,1.0,True,none,,Adult Social Care,Over500_2026_P02_-_published:1154,Over500_2026_P02_-_published,1154,2026-05-06,Adult Social Care,Third Party Payments,Private Contractors,We Are The Care Company Ltd,WE ARE THE CARE COMPANY,740.03,placement
T-09,R-06,7,off_contract.csv,13,WE ARE THE CARE COMPANY,We Are The Care Company Ltd,589012.31,2356049.24,349,placement,1.0,True,none,,Adult Social Care,Over500_2026_P02_-_published:1155,Over500_2026_P02_-_published,1155,2026-05-06,Adult Social Care,Third Party Payments,Private Contractors,We Are The Care Company Ltd,WE ARE THE CARE COMPANY,1332.05,placement
T-09,R-06,7,off_contract.csv,13,WE ARE THE CARE COMPANY,We Are The Care Company Ltd,589012.31,2356049.24,349,placement,1.0,True,none,,Adult Social Care,Over500_2026_P02_-_published:1156,Over500_2026_P02_-_published,1156,2026-05-06,Adult Social Care,Third Party Payments,Private Contractors,We Are The Care Company Ltd,WE ARE THE CARE COMPANY,1332.05,placement
T-09,R-06,7,off_contract.csv,13,WE ARE THE CARE COMPANY,We Are The Care Company Ltd,589012.31,2356049.24,349,placement,1.0,True,none,,Adult Social Care,Over500_2026_P02_-_published:1157,Over500_2026_P02_-_published,1157,2026-05-06,Adult Social Care,Third Party Payments,Private Contractors,We Are The Care Company Ltd,WE ARE THE CARE COMPANY,1776.06,placement
T-09,R-06,7,off_contract.csv,13,WE ARE THE CARE COMPANY,We Are The Care Company Ltd,589012.31,2356049.24,349,placement,1.0,True,none,,Adult Social Care,Over500_2026_P02_-_published:1158,Over500_2026_P02_-_published,1158,2026-05-06,Adult Social Care,Third Party Payments,Private Contractors,We Are The Care Company Ltd,WE ARE THE CARE COMPANY,785.4,placement
T-09,R-06,7,off_contract.csv,13,WE ARE THE CARE COMPANY,We Are The Care Company Ltd,589012.31,2356049.24,349,placement,1.0,True,none,,Adult Social Care,Over500_2026_P02_-_published:1159,Over500_2026_P02_-_published,1159,2026-05-06,Adult Social Care,Third Party Payments,Private Contractors,We Are The Care Company Ltd,WE ARE THE CARE COMPANY,1332.05,placement
T-09,R-06,7,off_contract.csv,13,WE ARE THE CARE COMPANY,We Are The Care Company Ltd,589012.31,2356049.24,349,placement,1.0,True,none,,Adult Social Care,Over500_2026_P02_-_published:1428,Over500_2026_P02_-_published,1428,2026-05-06,Adult Social Care,Third Party Payments,Private Contractors,We Are The Care Company Ltd,WE ARE THE CARE COMPANY,888.05,placement
T-09,R-06,7,off_contract.csv,13,WE ARE THE CARE COMPANY,We Are The Care Company Ltd,589012.31,2356049.24,349,placement,1.0,True,none,,Adult Social Care,Over500_2026_P02_-_published:1583,Over500_2026_P02_-_published,1583,2026-05-06,Adult Social Care,Third Party Payments,Private Contractors,We Are The Care Company Ltd,WE ARE THE CARE COMPANY,1776.1,placement
T-09,R-06,7,off_contract.csv,13,WE ARE THE CARE COMPANY,We Are The Care Company Ltd,589012.31,2356049.24,349,placement,1.0,True,none,,Adult Social Care,Over500_2026_P02_-_published:1584,Over500_2026_P02_-_published,1584,2026-05-06,Adult Social Care,Third Party Payments,Private Contractors,We Are The Care Company Ltd,WE ARE THE CARE COMPANY,1834.59,placement
T-09,R-06,7,off_contract.csv,13,WE ARE THE CARE COMPANY,We Are The Care Company Ltd,589012.31,2356049.24,349,placement,1.0,True,none,,Adult Social Care,Over500_2026_P02_-_published:1585,Over500_2026_P02_-_published,1585,2026-05-06,Adult Social Care,Third Party Payments,Private Contractors,We Are The Care Company Ltd,WE ARE THE CARE COMPANY,928.2,placement
T-09,R-06,7,off_contract.csv,13,WE ARE THE CARE COMPANY,We Are The Care Company Ltd,589012.31,2356049.24,349,placement,1.0,True,none,,Adult Social Care,Over500_2026_P02_-_published:1586,Over500_2026_P02_-_published,1586,2026-05-06,Adult Social Care,Third Party Payments,Private Contractors,We Are The Care Company Ltd,WE ARE THE CARE COMPANY,1154.3,placement
T-09,R-06,7,off_contract.csv,13,WE ARE THE CARE COMPANY,We Are The Care Company Ltd,589012.31,2356049.24,349,placement,1.0,True,none,,Adult Social Care,Over500_2026_P02_-_published:1587,Over500_2026_P02_-_published,1587,2026-05-06,Adult Social Care,Third Party Payments,Private Contractors,We Are The Care Company Ltd,WE ARE THE CARE COMPANY,1258.06,placement
T-09,R-06,7,off_contract.csv,13,WE ARE THE CARE COMPANY,We Are The Care Company Ltd,589012.31,2356049.24,349,placement,1.0,True,none,,Adult Social Care,Over500_2026_P02_-_published:1588,Over500_2026_P02_-_published,1588,2026-05-06,Adult Social Care,Third Party Payments,Private Contractors,We Are The Care Company Ltd,WE ARE THE CARE COMPANY,1071.0,placement
T-09,R-06,7,off_contract.csv,13,WE ARE THE CARE COMPANY,We Are The Care Company Ltd,589012.31,2356049.24,349,placement,1.0,True,none,,Adult Social Care,Over500_2026_P02_-_published:881,Over500_2026_P02_-_published,881,2026-05-06,Adult Social Care,Third Party Payments,Private Contractors,We Are The Care Company Ltd,WE ARE THE CARE COMPANY,1451.59,placement
T-09,R-06,7,off_contract.csv,13,WE ARE THE CARE COMPANY,We Are The Care Company Ltd,589012.31,2356049.24,349,placement,1.0,True,none,,Adult Social Care,Over500_2026_P02_-_published:882,Over500_2026_P02_-_published,882,2026-05-06,Adult Social Care,Third Party Payments,Private Contractors,We Are The Care Company Ltd,WE ARE THE CARE COMPANY,1082.9,placement
T-09,R-06,7,off_contract.csv,13,WE ARE THE CARE COMPANY,We Are The Care Company Ltd,589012.31,2356049.24,349,placement,1.0,True,none,,Adult Social Care,Over500_2026_P02_-_published:1199,Over500_2026_P02_-_published,1199,2026-05-13,Adult Social Care,Third Party Payments,Private Contractors,We Are The Care Company Ltd,WE ARE THE CARE COMPANY,774.19,placement
T-09,R-06,7,off_contract.csv,13,WE ARE THE CARE COMPANY,We Are The Care Company Ltd,589012.31,2356049.24,349,placement,1.0,True,none,,Adult Social Care,Over500_2026_P02_-_published:1200,Over500_2026_P02_-_published,1200,2026-05-13,Adult Social Care,Third Party Payments,Private Contractors,We Are The Care Company Ltd,WE ARE THE CARE COMPANY,2270.16,placement
T-09,R-06,7,off_contract.csv,13,WE ARE THE CARE COMPANY,We Are The Care Company Ltd,589012.31,2356049.24,349,placement,1.0,True,none,,Adult Social Care,Over500_2026_P02_-_published:1201,Over500_2026_P02_-_published,1201,2026-05-13,Adult Social Care,Third Party Payments,Private Contractors,We Are The Care Company Ltd,WE ARE THE CARE COMPANY,1696.38,placement
T-09,R-06,7,off_contract.csv,13,WE ARE THE CARE COMPANY,We Are The Care Company Ltd,589012.31,2356049.24,349,placement,1.0,True,none,,Adult Social Care,Over500_2026_P02_-_published:1202,Over500_2026_P02_-_published,1202,2026-05-13,Adult Social Care,Third Party Payments,Private Contractors,We Are The Care Company Ltd,WE ARE THE CARE COMPANY,728.65,placement
T-09,R-06,7,off_contract.csv,13,WE ARE THE CARE COMPANY,We Are The Care Company Ltd,589012.31,2356049.24,349,placement,1.0,True,none,,Adult Social Care,Over500_2026_P02_-_published:1203,Over500_2026_P02_-_published,1203,2026-05-13,Adult Social Care,Third Party Payments,Private Contractors,We Are The Care Company Ltd,WE ARE THE CARE COMPANY,1343.05,placement
T-09,R-06,7,off_contract.csv,13,WE ARE THE CARE COMPANY,We Are The Care Company Ltd,589012.31,2356049.24,349,placement,1.0,True,none,,Adult Social Care,Over500_2026_P02_-_published:1204,Over500_2026_P02_-_published,1204,2026-05-13,Adult Social Care,Third Party Payments,Private Contractors,We Are The Care Company Ltd,WE ARE THE CARE COMPANY,1354.82,placement
T-09,R-06,7,off_contract.csv,13,WE ARE THE CARE COMPANY,We Are The Care Company Ltd,589012.31,2356049.24,349,placement,1.0,True,none,,Adult Social Care,Over500_2026_P02_-_published:1593,Over500_2026_P02_-_published,1593,2026-05-13,Adult Social Care,Third Party Payments,Private Contractors,We Are The Care Company Ltd,WE ARE THE CARE COMPANY,1286.5,placement
T-09,R-06,7,off_contract.csv,13,WE ARE THE CARE COMPANY,We Are The Care Company Ltd,589012.31,2356049.24,349,placement,1.0,True,none,,Adult Social Care,Over500_2026_P02_-_published:1594,Over500_2026_P02_-_published,1594,2026-05-13,Adult Social Care,Third Party Payments,Private Contractors,We Are The Care Company Ltd,WE ARE THE CARE COMPANY,2379.08,placement
T-09,R-06,7,off_contract.csv,13,WE ARE THE CARE COMPANY,We Are The Care Company Ltd,589012.31,2356049.24,349,placement,1.0,True,none,,Adult Social Care,Over500_2026_P02_-_published:888,Over500_2026_P02_-_published,888,2026-05-13,Adult Social Care,Third Party Payments,Private Contractors,We Are The Care Company Ltd,WE ARE THE CARE COMPANY,907.16,placement
T-09,R-06,7,off_contract.csv,13,WE ARE THE CARE COMPANY,We Are The Care Company Ltd,589012.31,2356049.24,349,placement,1.0,True,none,,Adult Social Care,Over500_2026_P02_-_published:889,Over500_2026_P02_-_published,889,2026-05-13,Adult Social Care,Third Party Payments,Private Contractors,We Are The Care Company Ltd,WE ARE THE CARE COMPANY,5162.88,placement
T-09,R-06,7,off_contract.csv,13,WE ARE THE CARE COMPANY,We Are The Care Company Ltd,589012.31,2356049.24,349,placement,1.0,True,none,,Adult Social Care,Over500_2026_P02_-_published:890,Over500_2026_P02_-_published,890,2026-05-13,Adult Social Care,Third Party Payments,Private Contractors,We Are The Care Company Ltd,WE ARE THE CARE COMPANY,1098.88,placement
T-09,R-06,7,off_contract.csv,13,WE ARE THE CARE COMPANY,We Are The Care Company Ltd,589012.31,2356049.24,349,placement,1.0,True,none,,Adult Social Care,Over500_2026_P02_-_published:891,Over500_2026_P02_-_published,891,2026-05-13,Adult Social Care,Third Party Payments,Private Contractors,We Are The Care Company Ltd,WE ARE THE CARE COMPANY,3119.48,placement
T-09,R-06,7,off_contract.csv,13,WE ARE THE CARE COMPANY,We Are The Care Company Ltd,589012.31,2356049.24,349,placement,1.0,True,none,,Adult Social Care,Over500_2026_P02_-_published:892,Over500_2026_P02_-_published,892,2026-05-13,Adult Social Care,Third Party Payments,Private Contractors,We Are The Care Company Ltd,WE ARE THE CARE COMPANY,2345.32,placement
T-09,R-06,7,off_contract.csv,13,WE ARE THE CARE COMPANY,We Are The Care Company Ltd,589012.31,2356049.24,349,placement,1.0,True,none,,Adult Social Care,Over500_2026_P02_-_published:1283,Over500_2026_P02_-_published,1283,2026-05-20,Adult Social Care,Third Party Payments,Private Contractors,We Are The Care Company Ltd,WE ARE THE CARE COMPANY,1189.75,placement
T-09,R-06,7,off_contract.csv,13,WE ARE THE CARE COMPANY,We Are The Care Company Ltd,589012.31,2356049.24,349,placement,1.0,True,none,,Adult Social Care,Over500_2026_P02_-_published:1333,Over500_2026_P02_-_published,1333,2026-05-22,Adult Social Care,Third Party Payments,Private Contractors,We Are The Care Company Ltd,WE ARE THE CARE COMPANY,831.0,placement
T-09,R-06,7,off_contract.csv,13,WE ARE THE CARE COMPANY,We Are The Care Company Ltd,589012.31,2356049.24,349,placement,1.0,True,none,,Adult Social Care,Over500_2026_P02_-_published:1334,Over500_2026_P02_-_published,1334,2026-05-22,Adult Social Care,Third Party Payments,Private Contractors,We Are The Care Company Ltd,WE ARE THE CARE COMPANY,1435.85,placement
T-09,R-06,7,off_contract.csv,13,WE ARE THE CARE COMPANY,We Are The Care Company Ltd,589012.31,2356049.24,349,placement,1.0,True,none,,Adult Social Care,Over500_2026_P02_-_published:1335,Over500_2026_P02_-_published,1335,2026-05-22,Adult Social Care,Third Party Payments,Private Contractors,We Are The Care Company Ltd,WE ARE THE CARE COMPANY,1332.8,placement
T-09,R-06,7,off_contract.csv,13,WE ARE THE CARE COMPANY,We Are The Care Company Ltd,589012.31,2356049.24,349,placement,1.0,True,none,,Adult Social Care,Over500_2026_P02_-_published:1336,Over500_2026_P02_-_published,1336,2026-05-22,Adult Social Care,Third Party Payments,Private Contractors,We Are The Care Company Ltd,WE ARE THE CARE COMPANY,2664.1,placement
T-09,R-06,7,off_contract.csv,13,WE ARE THE CARE COMPANY,We Are The Care Company Ltd,589012.31,2356049.24,349,placement,1.0,True,none,,Adult Social Care,Over500_2026_P02_-_published:1337,Over500_2026_P02_-_published,1337,2026-05-22,Adult Social Care,Third Party Payments,Private Contractors,We Are The Care Company Ltd,WE ARE THE CARE COMPANY,535.1,placement
T-09,R-06,7,off_contract.csv,13,WE ARE THE CARE COMPANY,We Are The Care Company Ltd,589012.31,2356049.24,349,placement,1.0,True,none,,Adult Social Care,Over500_2026_P02_-_published:1338,Over500_2026_P02_-_published,1338,2026-05-22,Adult Social Care,Third Party Payments,Private Contractors,We Are The Care Company Ltd,WE ARE THE CARE COMPANY,2254.26,placement
T-09,R-06,7,off_contract.csv,13,WE ARE THE CARE COMPANY,We Are The Care Company Ltd,589012.31,2356049.24,349,placement,1.0,True,none,,Adult Social Care,Over500_2026_P02_-_published:1339,Over500_2026_P02_-_published,1339,2026-05-22,Adult Social Care,Third Party Payments,Private Contractors,We Are The Care Company Ltd,WE ARE THE CARE COMPANY,1764.68,placement
T-09,R-06,7,off_contract.csv,13,WE ARE THE CARE COMPANY,We Are The Care Company Ltd,589012.31,2356049.24,349,placement,1.0,True,none,,Adult Social Care,Over500_2026_P02_-_published:910,Over500_2026_P02_-_published,910,2026-05-22,Adult Social Care,Third Party Payments,Private Contractors,We Are The Care Company Ltd,WE ARE THE CARE COMPANY,818.8,placement
T-09,R-06,7,off_contract.csv,13,WE ARE THE CARE COMPANY,We Are The Care Company Ltd,589012.31,2356049.24,349,placement,1.0,True,none,,Adult Social Care,Over500_2026_P02_-_published:911,Over500_2026_P02_-_published,911,2026-05-22,Adult Social Care,Third Party Payments,Private Contractors,We Are The Care Company Ltd,WE ARE THE CARE COMPANY,1628.05,placement
T-09,R-06,7,off_contract.csv,13,WE ARE THE CARE COMPANY,We Are The Care Company Ltd,589012.31,2356049.24,349,placement,1.0,True,none,,Adult Social Care,Over500_2026_P02_-_published:912,Over500_2026_P02_-_published,912,2026-05-22,Adult Social Care,Third Party Payments,Private Contractors,We Are The Care Company Ltd,WE ARE THE CARE COMPANY,1741.91,placement
T-09,R-06,7,off_contract.csv,13,WE ARE THE CARE COMPANY,We Are The Care Company Ltd,589012.31,2356049.24,349,placement,1.0,True,none,,Adult Social Care,Over500_2026_P02_-_published:1357,Over500_2026_P02_-_published,1357,2026-05-27,Adult Social Care,Third Party Payments,Private Contractors,We Are The Care Company Ltd,WE ARE THE CARE COMPANY,2003.76,placement
T-09,R-06,7,off_contract.csv,13,WE ARE THE CARE COMPANY,We Are The Care Company Ltd,589012.31,2356049.24,349,placement,1.0,True,none,,Adult Social Care,Over500_2026_P02_-_published:1629,Over500_2026_P02_-_published,1629,2026-05-27,Adult Social Care,Third Party Payments,Private Contractors,We Are The Care Company Ltd,WE ARE THE CARE COMPANY,1001.88,placement
T-09,R-06,7,off_contract.csv,13,WE ARE THE CARE COMPANY,We Are The Care Company Ltd,589012.31,2356049.24,349,placement,1.0,True,none,,Adult Social Care,Over500_2026_P02_-_published:917,Over500_2026_P02_-_published,917,2026-05-27,Adult Social Care,Third Party Payments,Private Contractors,We Are The Care Company Ltd,WE ARE THE CARE COMPANY,2398.58,placement
T-09,R-06,7,off_contract.csv,13,WE ARE THE CARE COMPANY,We Are The Care Company Ltd,589012.31,2356049.24,349,placement,1.0,True,none,,Adult Social Care,Over500_2026_P02_-_published:918,Over500_2026_P02_-_published,918,2026-05-27,Adult Social Care,Third Party Payments,Private Contractors,We Are The Care Company Ltd,WE ARE THE CARE COMPANY,1320.67,placement
T-09,R-06,7,off_contract.csv,13,WE ARE THE CARE COMPANY,We Are The Care Company Ltd,589012.31,2356049.24,349,placement,1.0,True,none,,Adult Social Care,Over500_2026_P02_-_published:919,Over500_2026_P02_-_published,919,2026-05-27,Adult Social Care,Third Party Payments,Private Contractors,We Are The Care Company Ltd,WE ARE THE CARE COMPANY,1005.38,placement
T-09,R-06,7,off_contract.csv,13,WE ARE THE CARE COMPANY,We Are The Care Company Ltd,589012.31,2356049.24,349,placement,1.0,True,none,,Adult Social Care,Over500_2026_P03_-_published:1032,Over500_2026_P03_-_published,1032,2026-06-03,Adult Social Care,Third Party Payments,Private Contractors,We Are The Care Company Ltd,WE ARE THE CARE COMPANY,1594.38,placement
T-09,R-06,7,off_contract.csv,13,WE ARE THE CARE COMPANY,We Are The Care Company Ltd,589012.31,2356049.24,349,placement,1.0,True,none,,Adult Social Care,Over500_2026_P03_-_published:1355,Over500_2026_P03_-_published,1355,2026-06-03,Adult Social Care,Third Party Payments,Private Contractors,We Are The Care Company Ltd,WE ARE THE CARE COMPANY,614.82,placement
T-09,R-06,7,off_contract.csv,13,WE ARE THE CARE COMPANY,We Are The Care Company Ltd,589012.31,2356049.24,349,placement,1.0,True,none,,Adult Social Care,Over500_2026_P03_-_published:1356,Over500_2026_P03_-_published,1356,2026-06-03,Adult Social Care,Third Party Payments,Private Contractors,We Are The Care Company Ltd,WE ARE THE CARE COMPANY,2091.32,placement
T-09,R-06,7,off_contract.csv,13,WE ARE THE CARE COMPANY,We Are The Care Company Ltd,589012.31,2356049.24,349,placement,1.0,True,none,,Adult Social Care,Over500_2026_P03_-_published:2720,Over500_2026_P03_-_published,2720,2026-06-03,Adult Social Care,Third Party Payments,Private Contractors,We Are The Care Company Ltd,WE ARE THE CARE COMPANY,1638.75,placement
T-09,R-06,7,off_contract.csv,13,WE ARE THE CARE COMPANY,We Are The Care Company Ltd,589012.31,2356049.24,349,placement,1.0,True,none,,Adult Social Care,Over500_2026_P03_-_published:855,Over500_2026_P03_-_published,855,2026-06-03,Adult Social Care,Third Party Payments,Private Contractors,We Are The Care Company Ltd,WE ARE THE CARE COMPANY,5162.88,placement
T-09,R-06,7,off_contract.csv,13,WE ARE THE CARE COMPANY,We Are The Care Company Ltd,589012.31,2356049.24,349,placement,1.0,True,none,,Adult Social Care,Over500_2026_P03_-_published:874,Over500_2026_P03_-_published,874,2026-06-03,Adult Social Care,Third Party Payments,Private Contractors,We Are The Care Company Ltd,WE ARE THE CARE COMPANY,1981.0,placement
T-09,R-06,7,off_contract.csv,13,WE ARE THE CARE COMPANY,We Are The Care Company Ltd,589012.31,2356049.24,349,placement,1.0,True,none,,Adult Social Care,Over500_2026_P03_-_published:991,Over500_2026_P03_-_published,991,2026-06-03,Adult Social Care,Third Party Payments,Private Contractors,We Are The Care Company Ltd,WE ARE THE CARE COMPANY,592.02,placement
T-09,R-06,7,off_contract.csv,13,WE ARE THE CARE COMPANY,We Are The Care Company Ltd,589012.31,2356049.24,349,placement,1.0,True,none,,Adult Social Care,Over500_2026_P03_-_published:992,Over500_2026_P03_-_published,992,2026-06-03,Adult Social Care,Third Party Payments,Private Contractors,We Are The Care Company Ltd,WE ARE THE CARE COMPANY,523.71,placement
T-09,R-06,7,off_contract.csv,13,WE ARE THE CARE COMPANY,We Are The Care Company Ltd,589012.31,2356049.24,349,placement,1.0,True,none,,Adult Social Care,Over500_2026_P03_-_published:1054,Over500_2026_P03_-_published,1054,2026-06-10,Adult Social Care,Third Party Payments,Private Contractors,We Are The Care Company Ltd,WE ARE THE CARE COMPANY,2998.8,placement
T-09,R-06,7,off_contract.csv,13,WE ARE THE CARE COMPANY,We Are The Care Company Ltd,589012.31,2356049.24,349,placement,1.0,True,none,,Adult Social Care,Over500_2026_P03_-_published:1055,Over500_2026_P03_-_published,1055,2026-06-10,Adult Social Care,Third Party Payments,Private Contractors,We Are The Care Company Ltd,WE ARE THE CARE COMPANY,666.4,placement
T-09,R-06,7,off_contract.csv,13,WE ARE THE CARE COMPANY,We Are The Care Company Ltd,589012.31,2356049.24,349,placement,1.0,True,none,,Adult Social Care,Over500_2026_P03_-_published:1056,Over500_2026_P03_-_published,1056,2026-06-10,Adult Social Care,Third Party Payments,Private Contractors,We Are The Care Company Ltd,WE ARE THE CARE COMPANY,1481.55,placement
T-09,R-06,7,off_contract.csv,13,WE ARE THE CARE COMPANY,We Are The Care Company Ltd,589012.31,2356049.24,349,placement,1.0,True,none,,Adult Social Care,Over500_2026_P03_-_published:1057,Over500_2026_P03_-_published,1057,2026-06-10,Adult Social Care,Third Party Payments,Private Contractors,We Are The Care Company Ltd,WE ARE THE CARE COMPANY,2823.5,placement
T-09,R-06,7,off_contract.csv,13,WE ARE THE CARE COMPANY,We Are The Care Company Ltd,589012.31,2356049.24,349,placement,1.0,True,none,,Adult Social Care,Over500_2026_P03_-_published:1058,Over500_2026_P03_-_published,1058,2026-06-10,Adult Social Care,Third Party Payments,Private Contractors,We Are The Care Company Ltd,WE ARE THE CARE COMPANY,1499.4,placement
T-09,R-06,7,off_contract.csv,13,WE ARE THE CARE COMPANY,We Are The Care Company Ltd,589012.31,2356049.24,349,placement,1.0,True,none,,Adult Social Care,Over500_2026_P03_-_published:1059,Over500_2026_P03_-_published,1059,2026-06-10,Adult Social Care,Third Party Payments,Private Contractors,We Are The Care Company Ltd,WE ARE THE CARE COMPANY,796.96,placement
T-09,R-06,7,off_contract.csv,13,WE ARE THE CARE COMPANY,We Are The Care Company Ltd,589012.31,2356049.24,349,placement,1.0,True,none,,Adult Social Care,Over500_2026_P03_-_published:1060,Over500_2026_P03_-_published,1060,2026-06-10,Adult Social Care,Third Party Payments,Private Contractors,We Are The Care Company Ltd,WE ARE THE CARE COMPANY,1434.52,placement
T-09,R-06,7,off_contract.csv,13,WE ARE THE CARE COMPANY,We Are The Care Company Ltd,589012.31,2356049.24,349,placement,1.0,True,none,,Adult Social Care,Over500_2026_P03_-_published:1064,Over500_2026_P03_-_published,1064,2026-06-10,Adult Social Care,Third Party Payments,Private Contractors,We Are The Care Company Ltd,WE ARE THE CARE COMPANY,626.19,placement
T-09,R-06,7,off_contract.csv,13,WE ARE THE CARE COMPANY,We Are The Care Company Ltd,589012.31,2356049.24,349,placement,1.0,True,none,,Adult Social Care,Over500_2026_P03_-_published:1065,Over500_2026_P03_-_published,1065,2026-06-10,Adult Social Care,Third Party Payments,Private Contractors,We Are The Care Company Ltd,WE ARE THE CARE COMPANY,3825.36,placement
T-09,R-06,7,off_contract.csv,13,WE ARE THE CARE COMPANY,We Are The Care Company Ltd,589012.31,2356049.24,349,placement,1.0,True,none,,Adult Social Care,Over500_2026_P03_-_published:1066,Over500_2026_P03_-_published,1066,2026-06-10,Adult Social Care,Third Party Payments,Private Contractors,We Are The Care Company Ltd,WE ARE THE CARE COMPANY,1593.92,placement
T-09,R-06,7,off_contract.csv,13,WE ARE THE CARE COMPANY,We Are The Care Company Ltd,589012.31,2356049.24,349,placement,1.0,True,none,,Adult Social Care,Over500_2026_P03_-_published:1067,Over500_2026_P03_-_published,1067,2026-06-10,Adult Social Care,Third Party Payments,Private Contractors,We Are The Care Company Ltd,WE ARE THE CARE COMPANY,637.56,placement
T-09,R-06,7,off_contract.csv,13,WE ARE THE CARE COMPANY,We Are The Care Company Ltd,589012.31,2356049.24,349,placement,1.0,True,none,,Adult Social Care,Over500_2026_P03_-_published:1068,Over500_2026_P03_-_published,1068,2026-06-10,Adult Social Care,Third Party Payments,Private Contractors,We Are The Care Company Ltd,WE ARE THE CARE COMPANY,3506.56,placement
T-09,R-06,7,off_contract.csv,13,WE ARE THE CARE COMPANY,We Are The Care Company Ltd,589012.31,2356049.24,349,placement,1.0,True,none,,Adult Social Care,Over500_2026_P03_-_published:1069,Over500_2026_P03_-_published,1069,2026-06-10,Adult Social Care,Third Party Payments,Private Contractors,We Are The Care Company Ltd,WE ARE THE CARE COMPANY,1166.2,placement
T-09,R-06,7,off_contract.csv,13,WE ARE THE CARE COMPANY,We Are The Care Company Ltd,589012.31,2356049.24,349,placement,1.0,True,none,,Adult Social Care,Over500_2026_P03_-_published:1070,Over500_2026_P03_-_published,1070,2026-06-10,Adult Social Care,Third Party Payments,Private Contractors,We Are The Care Company Ltd,WE ARE THE CARE COMPANY,2998.8,placement
T-09,R-06,7,off_contract.csv,13,WE ARE THE CARE COMPANY,We Are The Care Company Ltd,589012.31,2356049.24,349,placement,1.0,True,none,,Adult Social Care,Over500_2026_P03_-_published:1071,Over500_2026_P03_-_published,1071,2026-06-10,Adult Social Care,Third Party Payments,Private Contractors,We Are The Care Company Ltd,WE ARE THE CARE COMPANY,1332.8,placement
T-09,R-06,7,off_contract.csv,13,WE ARE THE CARE COMPANY,We Are The Care Company Ltd,589012.31,2356049.24,349,placement,1.0,True,none,,Adult Social Care,Over500_2026_P03_-_published:1072,Over500_2026_P03_-_published,1072,2026-06-10,Adult Social Care,Third Party Payments,Private Contractors,We Are The Care Company Ltd,WE ARE THE CARE COMPANY,1115.72,placement
T-09,R-06,7,off_contract.csv,13,WE ARE THE CARE COMPANY,We Are The Care Company Ltd,589012.31,2356049.24,349,placement,1.0,True,none,,Adult Social Care,Over500_2026_P03_-_published:1073,Over500_2026_P03_-_published,1073,2026-06-10,Adult Social Care,Third Party Payments,Private Contractors,We Are The Care Company Ltd,WE ARE THE CARE COMPANY,637.56,placement
T-09,R-06,7,off_contract.csv,13,WE ARE THE CARE COMPANY,We Are The Care Company Ltd,589012.31,2356049.24,349,placement,1.0,True,none,,Adult Social Care,Over500_2026_P03_-_published:1074,Over500_2026_P03_-_published,1074,2026-06-10,Adult Social Care,Third Party Payments,Private Contractors,We Are The Care Company Ltd,WE ARE THE CARE COMPANY,637.56,placement
T-09,R-06,7,off_contract.csv,13,WE ARE THE CARE COMPANY,We Are The Care Company Ltd,589012.31,2356049.24,349,placement,1.0,True,none,,Adult Social Care,Over500_2026_P03_-_published:1075,Over500_2026_P03_-_published,1075,2026-06-10,Adult Social Care,Third Party Payments,Private Contractors,We Are The Care Company Ltd,WE ARE THE CARE COMPANY,796.96,placement
T-09,R-06,7,off_contract.csv,13,WE ARE THE CARE COMPANY,We Are The Care Company Ltd,589012.31,2356049.24,349,placement,1.0,True,none,,Adult Social Care,Over500_2026_P03_-_published:1076,Over500_2026_P03_-_published,1076,2026-06-10,Adult Social Care,Third Party Payments,Private Contractors,We Are The Care Company Ltd,WE ARE THE CARE COMPANY,1411.75,placement
T-09,R-06,7,off_contract.csv,13,WE ARE THE CARE COMPANY,We Are The Care Company Ltd,589012.31,2356049.24,349,placement,1.0,True,none,,Adult Social Care,Over500_2026_P03_-_published:1077,Over500_2026_P03_-_published,1077,2026-06-10,Adult Social Care,Third Party Payments,Private Contractors,We Are The Care Company Ltd,WE ARE THE CARE COMPANY,1912.68,placement
T-09,R-06,7,off_contract.csv,13,WE ARE THE CARE COMPANY,We Are The Care Company Ltd,589012.31,2356049.24,349,placement,1.0,True,none,,Adult Social Care,Over500_2026_P03_-_published:1078,Over500_2026_P03_-_published,1078,2026-06-10,Adult Social Care,Third Party Payments,Private Contractors,We Are The Care Company Ltd,WE ARE THE CARE COMPANY,815.15,placement
T-09,R-06,7,off_contract.csv,13,WE ARE THE CARE COMPANY,We Are The Care Company Ltd,589012.31,2356049.24,349,placement,1.0,True,none,,Adult Social Care,Over500_2026_P03_-_published:1098,Over500_2026_P03_-_published,1098,2026-06-10,Adult Social Care,Third Party Payments,Private Contractors,We Are The Care Company Ltd,WE ARE THE CARE COMPANY,2413.64,placement
T-09,R-06,7,off_contract.csv,13,WE ARE THE CARE COMPANY,We Are The Care Company Ltd,589012.31,2356049.24,349,placement,1.0,True,none,,Adult Social Care,Over500_2026_P03_-_published:1104,Over500_2026_P03_-_published,1104,2026-06-10,Adult Social Care,Third Party Payments,Private Contractors,We Are The Care Company Ltd,WE ARE THE CARE COMPANY,557.87,placement
T-09,R-06,7,off_contract.csv,13,WE ARE THE CARE COMPANY,We Are The Care Company Ltd,589012.31,2356049.24,349,placement,1.0,True,none,,Adult Social Care,Over500_2026_P03_-_published:1105,Over500_2026_P03_-_published,1105,2026-06-10,Adult Social Care,Third Party Payments,Private Contractors,We Are The Care Company Ltd,WE ARE THE CARE COMPANY,796.96,placement
T-09,R-06,7,off_contract.csv,13,WE ARE THE CARE COMPANY,We Are The Care Company Ltd,589012.31,2356049.24,349,placement,1.0,True,none,,Adult Social Care,Over500_2026_P03_-_published:1106,Over500_2026_P03_-_published,1106,2026-06-10,Adult Social Care,Third Party Payments,Private Contractors,We Are The Care Company Ltd,WE ARE THE CARE COMPANY,671.72,placement
T-09,R-06,7,off_contract.csv,13,WE ARE THE CARE COMPANY,We Are The Care Company Ltd,589012.31,2356049.24,349,placement,1.0,True,none,,Adult Social Care,Over500_2026_P03_-_published:1107,Over500_2026_P03_-_published,1107,2026-06-10,Adult Social Care,Third Party Payments,Private Contractors,We Are The Care Company Ltd,WE ARE THE CARE COMPANY,1434.52,placement
T-09,R-06,7,off_contract.csv,13,WE ARE THE CARE COMPANY,We Are The Care Company Ltd,589012.31,2356049.24,349,placement,1.0,True,none,,Adult Social Care,Over500_2026_P03_-_published:1108,Over500_2026_P03_-_published,1108,2026-06-10,Adult Social Care,Third Party Payments,Private Contractors,We Are The Care Company Ltd,WE ARE THE CARE COMPANY,1434.52,placement
T-09,R-06,7,off_contract.csv,13,WE ARE THE CARE COMPANY,We Are The Care Company Ltd,589012.31,2356049.24,349,placement,1.0,True,none,,Adult Social Care,Over500_2026_P03_-_published:1109,Over500_2026_P03_-_published,1109,2026-06-10,Adult Social Care,Third Party Payments,Private Contractors,We Are The Care Company Ltd,WE ARE THE CARE COMPANY,2869.04,placement
T-09,R-06,7,off_contract.csv,13,WE ARE THE CARE COMPANY,We Are The Care Company Ltd,589012.31,2356049.24,349,placement,1.0,True,none,,Adult Social Care,Over500_2026_P03_-_published:1110,Over500_2026_P03_-_published,1110,2026-06-10,Adult Social Care,Third Party Payments,Private Contractors,We Are The Care Company Ltd,WE ARE THE CARE COMPANY,833.0,placement
T-09,R-06,7,off_contract.csv,13,WE ARE THE CARE COMPANY,We Are The Care Company Ltd,589012.31,2356049.24,349,placement,1.0,True,none,,Adult Social Care,Over500_2026_P03_-_published:1111,Over500_2026_P03_-_published,1111,2026-06-10,Adult Social Care,Third Party Payments,Private Contractors,We Are The Care Company Ltd,WE ARE THE CARE COMPANY,2550.24,placement
T-09,R-06,7,off_contract.csv,13,WE ARE THE CARE COMPANY,We Are The Care Company Ltd,589012.31,2356049.24,349,placement,1.0,True,none,,Adult Social Care,Over500_2026_P03_-_published:1112,Over500_2026_P03_-_published,1112,2026-06-10,Adult Social Care,Third Party Payments,Private Contractors,We Are The Care Company Ltd,WE ARE THE CARE COMPANY,796.96,placement
T-09,R-06,7,off_contract.csv,13,WE ARE THE CARE COMPANY,We Are The Care Company Ltd,589012.31,2356049.24,349,placement,1.0,True,none,,Adult Social Care,Over500_2026_P03_-_published:1113,Over500_2026_P03_-_published,1113,2026-06-10,Adult Social Care,Third Party Payments,Private Contractors,We Are The Care Company Ltd,WE ARE THE CARE COMPANY,1912.68,placement
T-09,R-06,7,off_contract.csv,13,WE ARE THE CARE COMPANY,We Are The Care Company Ltd,589012.31,2356049.24,349,placement,1.0,True,none,,Adult Social Care,Over500_2026_P03_-_published:1118,Over500_2026_P03_-_published,1118,2026-06-10,Adult Social Care,Third Party Payments,Private Contractors,We Are The Care Company Ltd,WE ARE THE CARE COMPANY,833.0,placement
T-09,R-06,7,off_contract.csv,13,WE ARE THE CARE COMPANY,We Are The Care Company Ltd,589012.31,2356049.24,349,placement,1.0,True,none,,Adult Social Care,Over500_2026_P03_-_published:1358,Over500_2026_P03_-_published,1358,2026-06-10,Adult Social Care,Third Party Payments,Private Contractors,We Are The Care Company Ltd,WE ARE THE CARE COMPANY,7618.32,placement
T-09,R-06,7,off_contract.csv,13,WE ARE THE CARE COMPANY,We Are The Care Company Ltd,589012.31,2356049.24,349,placement,1.0,True,none,,Adult Social Care,Over500_2026_P03_-_published:1500,Over500_2026_P03_-_published,1500,2026-06-10,Adult Social Care,Third Party Payments,Private Contractors,We Are The Care Company Ltd,WE ARE THE CARE COMPANY,1388.97,placement
T-09,R-06,7,off_contract.csv,13,WE ARE THE CARE COMPANY,We Are The Care Company Ltd,589012.31,2356049.24,349,placement,1.0,True,none,,Adult Social Care,Over500_2026_P03_-_published:1567,Over500_2026_P03_-_published,1567,2026-06-10,Adult Social Care,Third Party Payments,Private Contractors,We Are The Care Company Ltd,WE ARE THE CARE COMPANY,990.0,placement
T-09,R-06,7,off_contract.csv,13,WE ARE THE CARE COMPANY,We Are The Care Company Ltd,589012.31,2356049.24,349,placement,1.0,True,none,,Adult Social Care,Over500_2026_P03_-_published:2692,Over500_2026_P03_-_published,2692,2026-06-10,Adult Social Care,Third Party Payments,Private Contractors,We Are The Care Company Ltd,WE ARE THE CARE COMPANY,3506.56,placement
T-09,R-06,7,off_contract.csv,13,WE ARE THE CARE COMPANY,We Are The Care Company Ltd,589012.31,2356049.24,349,placement,1.0,True,none,,Adult Social Care,Over500_2026_P03_-_published:2693,Over500_2026_P03_-_published,2693,2026-06-10,Adult Social Care,Third Party Payments,Private Contractors,We Are The Care Company Ltd,WE ARE THE CARE COMPANY,1434.52,placement
T-09,R-06,7,off_contract.csv,13,WE ARE THE CARE COMPANY,We Are The Care Company Ltd,589012.31,2356049.24,349,placement,1.0,True,none,,Adult Social Care,Over500_2026_P03_-_published:2733,Over500_2026_P03_-_published,2733,2026-06-10,Adult Social Care,Third Party Payments,Private Contractors,We Are The Care Company Ltd,WE ARE THE CARE COMPANY,1320.66,placement
T-09,R-06,7,off_contract.csv,13,WE ARE THE CARE COMPANY,We Are The Care Company Ltd,589012.31,2356049.24,349,placement,1.0,True,none,,Adult Social Care,Over500_2026_P03_-_published:2741,Over500_2026_P03_-_published,2741,2026-06-10,Adult Social Care,Third Party Payments,Private Contractors,We Are The Care Company Ltd,WE ARE THE CARE COMPANY,1999.2,placement
T-09,R-06,7,off_contract.csv,13,WE ARE THE CARE COMPANY,We Are The Care Company Ltd,589012.31,2356049.24,349,placement,1.0,True,none,,Adult Social Care,Over500_2026_P03_-_published:2742,Over500_2026_P03_-_published,2742,2026-06-10,Adult Social Care,Third Party Payments,Private Contractors,We Are The Care Company Ltd,WE ARE THE CARE COMPANY,1290.92,placement
T-09,R-06,7,off_contract.csv,13,WE ARE THE CARE COMPANY,We Are The Care Company Ltd,589012.31,2356049.24,349,placement,1.0,True,none,,Adult Social Care,Over500_2026_P03_-_published:2743,Over500_2026_P03_-_published,2743,2026-06-10,Adult Social Care,Third Party Payments,Private Contractors,We Are The Care Company Ltd,WE ARE THE CARE COMPANY,1106.7,placement
T-09,R-06,7,off_contract.csv,13,WE ARE THE CARE COMPANY,We Are The Care Company Ltd,589012.31,2356049.24,349,placement,1.0,True,none,,Adult Social Care,Over500_2026_P03_-_published:2744,Over500_2026_P03_-_published,2744,2026-06-10,Adult Social Care,Third Party Payments,Private Contractors,We Are The Care Company Ltd,WE ARE THE CARE COMPANY,3289.84,placement
T-09,R-06,7,off_contract.csv,13,WE ARE THE CARE COMPANY,We Are The Care Company Ltd,589012.31,2356049.24,349,placement,1.0,True,none,,Adult Social Care,Over500_2026_P03_-_published:2745,Over500_2026_P03_-_published,2745,2026-06-10,Adult Social Care,Third Party Payments,Private Contractors,We Are The Care Company Ltd,WE ARE THE CARE COMPANY,2550.24,placement
T-09,R-06,7,off_contract.csv,13,WE ARE THE CARE COMPANY,We Are The Care Company Ltd,589012.31,2356049.24,349,placement,1.0,True,none,,Adult Social Care,Over500_2026_P03_-_published:2746,Over500_2026_P03_-_published,2746,2026-06-10,Adult Social Care,Third Party Payments,Private Contractors,We Are The Care Company Ltd,WE ARE THE CARE COMPANY,2652.24,placement
T-09,R-06,7,off_contract.csv,13,WE ARE THE CARE COMPANY,We Are The Care Company Ltd,589012.31,2356049.24,349,placement,1.0,True,none,,Adult Social Care,Over500_2026_P03_-_published:2747,Over500_2026_P03_-_published,2747,2026-06-10,Adult Social Care,Third Party Payments,Private Contractors,We Are The Care Company Ltd,WE ARE THE CARE COMPANY,1499.4,placement
T-09,R-06,7,off_contract.csv,13,WE ARE THE CARE COMPANY,We Are The Care Company Ltd,589012.31,2356049.24,349,placement,1.0,True,none,,Adult Social Care,Over500_2026_P03_-_published:2748,Over500_2026_P03_-_published,2748,2026-06-10,Adult Social Care,Third Party Payments,Private Contractors,We Are The Care Company Ltd,WE ARE THE CARE COMPANY,1434.52,placement
T-09,R-06,7,off_contract.csv,13,WE ARE THE CARE COMPANY,We Are The Care Company Ltd,589012.31,2356049.24,349,placement,1.0,True,none,,Adult Social Care,Over500_2026_P03_-_published:2749,Over500_2026_P03_-_published,2749,2026-06-10,Adult Social Care,Third Party Payments,Private Contractors,We Are The Care Company Ltd,WE ARE THE CARE COMPANY,1434.52,placement
T-09,R-06,7,off_contract.csv,13,WE ARE THE CARE COMPANY,We Are The Care Company Ltd,589012.31,2356049.24,349,placement,1.0,True,none,,Adult Social Care,Over500_2026_P03_-_published:2865,Over500_2026_P03_-_published,2865,2026-06-10,Adult Social Care,Third Party Payments,Private Contractors,We Are The Care Company Ltd,WE ARE THE CARE COMPANY,1912.72,placement
T-09,R-06,7,off_contract.csv,13,WE ARE THE CARE COMPANY,We Are The Care Company Ltd,589012.31,2356049.24,349,placement,1.0,True,none,,Adult Social Care,Over500_2026_P03_-_published:2866,Over500_2026_P03_-_published,2866,2026-06-10,Adult Social Care,Third Party Payments,Private Contractors,We Are The Care Company Ltd,WE ARE THE CARE COMPANY,999.6,placement
T-09,R-06,7,off_contract.csv,13,WE ARE THE CARE COMPANY,We Are The Care Company Ltd,589012.31,2356049.24,349,placement,1.0,True,none,,Adult Social Care,Over500_2026_P03_-_published:2867,Over500_2026_P03_-_published,2867,2026-06-10,Adult Social Care,Third Party Payments,Private Contractors,We Are The Care Company Ltd,WE ARE THE CARE COMPANY,2550.24,placement
T-09,R-06,7,off_contract.csv,13,WE ARE THE CARE COMPANY,We Are The Care Company Ltd,589012.31,2356049.24,349,placement,1.0,True,none,,Adult Social Care,Over500_2026_P03_-_published:838,Over500_2026_P03_-_published,838,2026-06-10,Adult Social Care,Third Party Payments,Private Contractors,We Are The Care Company Ltd,WE ARE THE CARE COMPANY,5175.36,placement
T-09,R-06,7,off_contract.csv,13,WE ARE THE CARE COMPANY,We Are The Care Company Ltd,589012.31,2356049.24,349,placement,1.0,True,none,,Adult Social Care,Over500_2026_P03_-_published:858,Over500_2026_P03_-_published,858,2026-06-10,Adult Social Care,Third Party Payments,Private Contractors,We Are The Care Company Ltd,WE ARE THE CARE COMPANY,5175.36,placement
T-09,R-06,7,off_contract.csv,13,WE ARE THE CARE COMPANY,We Are The Care Company Ltd,589012.31,2356049.24,349,placement,1.0,True,none,,Adult Social Care,Over500_2026_P03_-_published:859,Over500_2026_P03_-_published,859,2026-06-10,Adult Social Care,Third Party Payments,Private Contractors,We Are The Care Company Ltd,WE ARE THE CARE COMPANY,1074.8,placement
T-09,R-06,7,off_contract.csv,13,WE ARE THE CARE COMPANY,We Are The Care Company Ltd,589012.31,2356049.24,349,placement,1.0,True,none,,Adult Social Care,Over500_2026_P03_-_published:878,Over500_2026_P03_-_published,878,2026-06-10,Adult Social Care,Third Party Payments,Private Contractors,We Are The Care Company Ltd,WE ARE THE CARE COMPANY,1753.28,placement
T-09,R-06,7,off_contract.csv,13,WE ARE THE CARE COMPANY,We Are The Care Company Ltd,589012.31,2356049.24,349,placement,1.0,True,none,,Adult Social Care,Over500_2026_P03_-_published:879,Over500_2026_P03_-_published,879,2026-06-10,Adult Social Care,Third Party Payments,Private Contractors,We Are The Care Company Ltd,WE ARE THE CARE COMPANY,2550.24,placement
T-09,R-06,7,off_contract.csv,13,WE ARE THE CARE COMPANY,We Are The Care Company Ltd,589012.31,2356049.24,349,placement,1.0,True,none,,Adult Social Care,Over500_2026_P03_-_published:1386,Over500_2026_P03_-_published,1386,2026-06-17,Adult Social Care,Third Party Payments,Private Contractors,We Are The Care Company Ltd,WE ARE THE CARE COMPANY,543.96,placement
T-09,R-06,7,off_contract.csv,13,WE ARE THE CARE COMPANY,We Are The Care Company Ltd,589012.31,2356049.24,349,placement,1.0,True,none,,Adult Social Care,Over500_2026_P03_-_published:1159,Over500_2026_P03_-_published,1159,2026-06-24,Adult Social Care,Third Party Payments,Private Contractors,We Are The Care Company Ltd,WE ARE THE CARE COMPANY,3506.56,placement
T-09,R-06,7,off_contract.csv,13,WE ARE THE CARE COMPANY,We Are The Care Company Ltd,589012.31,2356049.24,349,placement,1.0,True,none,,Adult Social Care,Over500_2026_P03_-_published:1199,Over500_2026_P03_-_published,1199,2026-06-24,Adult Social Care,Third Party Payments,Private Contractors,We Are The Care Company Ltd,WE ARE THE CARE COMPANY,1912.72,placement
T-09,R-06,7,off_contract.csv,13,WE ARE THE CARE COMPANY,We Are The Care Company Ltd,589012.31,2356049.24,349,placement,1.0,True,none,,Adult Social Care,Over500_2026_P03_-_published:1200,Over500_2026_P03_-_published,1200,2026-06-24,Adult Social Care,Third Party Payments,Private Contractors,We Are The Care Company Ltd,WE ARE THE CARE COMPANY,2308.6,placement
T-09,R-06,7,off_contract.csv,13,WE ARE THE CARE COMPANY,We Are The Care Company Ltd,589012.31,2356049.24,349,placement,1.0,True,none,,Adult Social Care,Over500_2026_P03_-_published:1201,Over500_2026_P03_-_published,1201,2026-06-24,Adult Social Care,Third Party Payments,Private Contractors,We Are The Care Company Ltd,WE ARE THE CARE COMPANY,1434.52,placement
T-09,R-06,7,off_contract.csv,13,WE ARE THE CARE COMPANY,We Are The Care Company Ltd,589012.31,2356049.24,349,placement,1.0,True,none,,Adult Social Care,Over500_2026_P03_-_published:1202,Over500_2026_P03_-_published,1202,2026-06-24,Adult Social Care,Third Party Payments,Private Contractors,We Are The Care Company Ltd,WE ARE THE CARE COMPANY,882.12,placement
T-09,R-06,7,off_contract.csv,13,WE ARE THE CARE COMPANY,We Are The Care Company Ltd,589012.31,2356049.24,349,placement,1.0,True,none,,Adult Social Care,Over500_2026_P03_-_published:1209,Over500_2026_P03_-_published,1209,2026-06-24,Adult Social Care,Third Party Payments,Private Contractors,We Are The Care Company Ltd,WE ARE THE CARE COMPANY,1001.88,placement
T-09,R-06,7,off_contract.csv,13,WE ARE THE CARE COMPANY,We Are The Care Company Ltd,589012.31,2356049.24,349,placement,1.0,True,none,,Adult Social Care,Over500_2026_P03_-_published:1210,Over500_2026_P03_-_published,1210,2026-06-24,Adult Social Care,Third Party Payments,Private Contractors,We Are The Care Company Ltd,WE ARE THE CARE COMPANY,3187.84,placement
T-09,R-06,7,off_contract.csv,13,WE ARE THE CARE COMPANY,We Are The Care Company Ltd,589012.31,2356049.24,349,placement,1.0,True,none,,Adult Social Care,Over500_2026_P03_-_published:1211,Over500_2026_P03_-_published,1211,2026-06-24,Adult Social Care,Third Party Payments,Private Contractors,We Are The Care Company Ltd,WE ARE THE CARE COMPANY,1354.82,placement
T-09,R-06,7,off_contract.csv,13,WE ARE THE CARE COMPANY,We Are The Care Company Ltd,589012.31,2356049.24,349,placement,1.0,True,none,,Adult Social Care,Over500_2026_P03_-_published:1212,Over500_2026_P03_-_published,1212,2026-06-24,Adult Social Care,Third Party Payments,Private Contractors,We Are The Care Company Ltd,WE ARE THE CARE COMPANY,2538.42,placement
T-09,R-06,7,off_contract.csv,13,WE ARE THE CARE COMPANY,We Are The Care Company Ltd,589012.31,2356049.24,349,placement,1.0,True,none,,Adult Social Care,Over500_2026_P03_-_published:1213,Over500_2026_P03_-_published,1213,2026-06-24,Adult Social Care,Third Party Payments,Private Contractors,We Are The Care Company Ltd,WE ARE THE CARE COMPANY,1434.52,placement
T-09,R-06,7,off_contract.csv,13,WE ARE THE CARE COMPANY,We Are The Care Company Ltd,589012.31,2356049.24,349,placement,1.0,True,none,,Adult Social Care,Over500_2026_P03_-_published:1214,Over500_2026_P03_-_published,1214,2026-06-24,Adult Social Care,Third Party Payments,Private Contractors,We Are The Care Company Ltd,WE ARE THE CARE COMPANY,2446.64,placement
T-09,R-06,7,off_contract.csv,13,WE ARE THE CARE COMPANY,We Are The Care Company Ltd,589012.31,2356049.24,349,placement,1.0,True,none,,Adult Social Care,Over500_2026_P03_-_published:1215,Over500_2026_P03_-_published,1215,2026-06-24,Adult Social Care,Third Party Payments,Private Contractors,We Are The Care Company Ltd,WE ARE THE CARE COMPANY,1423.13,placement
T-09,R-06,7,off_contract.csv,13,WE ARE THE CARE COMPANY,We Are The Care Company Ltd,589012.31,2356049.24,349,placement,1.0,True,none,,Adult Social Care,Over500_2026_P03_-_published:1228,Over500_2026_P03_-_published,1228,2026-06-24,Adult Social Care,Third Party Payments,Private Contractors,We Are The Care Company Ltd,WE ARE THE CARE COMPANY,2231.44,placement
T-09,R-06,7,off_contract.csv,13,WE ARE THE CARE COMPANY,We Are The Care Company Ltd,589012.31,2356049.24,349,placement,1.0,True,none,,Adult Social Care,Over500_2026_P03_-_published:1229,Over500_2026_P03_-_published,1229,2026-06-24,Adult Social Care,Third Party Payments,Private Contractors,We Are The Care Company Ltd,WE ARE THE CARE COMPANY,1411.75,placement
T-09,R-06,7,off_contract.csv,13,WE ARE THE CARE COMPANY,We Are The Care Company Ltd,589012.31,2356049.24,349,placement,1.0,True,none,,Adult Social Care,Over500_2026_P03_-_published:1230,Over500_2026_P03_-_published,1230,2026-06-24,Adult Social Care,Third Party Payments,Private Contractors,We Are The Care Company Ltd,WE ARE THE CARE COMPANY,4018.92,placement
T-09,R-06,7,off_contract.csv,13,WE ARE THE CARE COMPANY,We Are The Care Company Ltd,589012.31,2356049.24,349,placement,1.0,True,none,,Adult Social Care,Over500_2026_P03_-_published:1231,Over500_2026_P03_-_published,1231,2026-06-24,Adult Social Care,Third Party Payments,Private Contractors,We Are The Care Company Ltd,WE ARE THE CARE COMPANY,2231.44,placement
T-09,R-06,7,off_contract.csv,13,WE ARE THE CARE COMPANY,We Are The Care Company Ltd,589012.31,2356049.24,349,placement,1.0,True,none,,Adult Social Care,Over500_2026_P03_-_published:1232,Over500_2026_P03_-_published,1232,2026-06-24,Adult Social Care,Third Party Payments,Private Contractors,We Are The Care Company Ltd,WE ARE THE CARE COMPANY,1434.52,placement
T-09,R-06,7,off_contract.csv,13,WE ARE THE CARE COMPANY,We Are The Care Company Ltd,589012.31,2356049.24,349,placement,1.0,True,none,,Adult Social Care,Over500_2026_P03_-_published:1264,Over500_2026_P03_-_published,1264,2026-06-24,Adult Social Care,Third Party Payments,Private Contractors,We Are The Care Company Ltd,WE ARE THE CARE COMPANY,796.96,placement
T-09,R-06,7,off_contract.csv,13,WE ARE THE CARE COMPANY,We Are The Care Company Ltd,589012.31,2356049.24,349,placement,1.0,True,none,,Adult Social Care,Over500_2026_P03_-_published:1318,Over500_2026_P03_-_published,1318,2026-06-24,Adult Social Care,Third Party Payments,Private Contractors,We Are The Care Company Ltd,WE ARE THE CARE COMPANY,637.56,placement
T-09,R-06,7,off_contract.csv,13,WE ARE THE CARE COMPANY,We Are The Care Company Ltd,589012.31,2356049.24,349,placement,1.0,True,none,,Adult Social Care,Over500_2026_P03_-_published:1364,Over500_2026_P03_-_published,1364,2026-06-24,Adult Social Care,Third Party Payments,Private Contractors,We Are The Care Company Ltd,WE ARE THE CARE COMPANY,1958.24,placement
T-09,R-06,7,off_contract.csv,13,WE ARE THE CARE COMPANY,We Are The Care Company Ltd,589012.31,2356049.24,349,placement,1.0,True,none,,Adult Social Care,Over500_2026_P03_-_published:1393,Over500_2026_P03_-_published,1393,2026-06-24,Adult Social Care,Third Party Payments,Private Contractors,We Are The Care Company Ltd,WE ARE THE CARE COMPANY,1989.2,placement
T-09,R-06,7,off_contract.csv,13,WE ARE THE CARE COMPANY,We Are The Care Company Ltd,589012.31,2356049.24,349,placement,1.0,True,none,,Adult Social Care,Over500_2026_P03_-_published:1398,Over500_2026_P03_-_published,1398,2026-06-24,Adult Social Care,Third Party Payments,Private Contractors,We Are The Care Company Ltd,WE ARE THE CARE COMPANY,2066.14,placement
T-09,R-06,7,off_contract.csv,13,WE ARE THE CARE COMPANY,We Are The Care Company Ltd,589012.31,2356049.24,349,placement,1.0,True,none,,Adult Social Care,Over500_2026_P03_-_published:1454,Over500_2026_P03_-_published,1454,2026-06-24,Adult Social Care,Third Party Payments,Private Contractors,We Are The Care Company Ltd,WE ARE THE CARE COMPANY,1389.0,placement
T-09,R-06,7,off_contract.csv,13,WE ARE THE CARE COMPANY,We Are The Care Company Ltd,589012.31,2356049.24,349,placement,1.0,True,none,,Adult Social Care,Over500_2026_P03_-_published:2793,Over500_2026_P03_-_published,2793,2026-06-24,Adult Social Care,Third Party Payments,Private Contractors,We Are The Care Company Ltd,WE ARE THE CARE COMPANY,796.96,placement
T-09,R-06,7,off_contract.csv,13,WE ARE THE CARE COMPANY,We Are The Care Company Ltd,589012.31,2356049.24,349,placement,1.0,True,none,,Adult Social Care,Over500_2026_P03_-_published:2794,Over500_2026_P03_-_published,2794,2026-06-24,Adult Social Care,Third Party Payments,Private Contractors,We Are The Care Company Ltd,WE ARE THE CARE COMPANY,1593.92,placement
T-09,R-06,7,off_contract.csv,13,WE ARE THE CARE COMPANY,We Are The Care Company Ltd,589012.31,2356049.24,349,placement,1.0,True,none,,Adult Social Care,Over500_2026_P03_-_published:2795,Over500_2026_P03_-_published,2795,2026-06-24,Adult Social Care,Third Party Payments,Private Contractors,We Are The Care Company Ltd,WE ARE THE CARE COMPANY,546.48,placement
T-09,R-06,7,off_contract.csv,13,WE ARE THE CARE COMPANY,We Are The Care Company Ltd,589012.31,2356049.24,349,placement,1.0,True,none,,Adult Social Care,Over500_2026_P03_-_published:2796,Over500_2026_P03_-_published,2796,2026-06-24,Adult Social Care,Third Party Payments,Private Contractors,We Are The Care Company Ltd,WE ARE THE CARE COMPANY,2436.42,placement
T-09,R-06,7,off_contract.csv,13,WE ARE THE CARE COMPANY,We Are The Care Company Ltd,589012.31,2356049.24,349,placement,1.0,True,none,,Adult Social Care,Over500_2026_P03_-_published:2807,Over500_2026_P03_-_published,2807,2026-06-24,Adult Social Care,Third Party Payments,Private Contractors,We Are The Care Company Ltd,WE ARE THE CARE COMPANY,631.86,placement
T-09,R-06,7,off_contract.csv,13,WE ARE THE CARE COMPANY,We Are The Care Company Ltd,589012.31,2356049.24,349,placement,1.0,True,none,,Adult Social Care,Over500_2026_P03_-_published:2828,Over500_2026_P03_-_published,2828,2026-06-24,Adult Social Care,Third Party Payments,Private Contractors,We Are The Care Company Ltd,WE ARE THE CARE COMPANY,956.36,placement
T-09,R-06,7,off_contract.csv,13,WE ARE THE CARE COMPANY,We Are The Care Company Ltd,589012.31,2356049.24,349,placement,1.0,True,none,,Adult Social Care,Over500_2026_P03_-_published:842,Over500_2026_P03_-_published,842,2026-06-24,Adult Social Care,Third Party Payments,Private Contractors,We Are The Care Company Ltd,WE ARE THE CARE COMPANY,1217.72,placement
T-09,R-06,7,off_contract.csv,13,WE ARE THE CARE COMPANY,We Are The Care Company Ltd,589012.31,2356049.24,349,placement,1.0,True,none,,Adult Social Care,Over500_2026_P03_-_published:844,Over500_2026_P03_-_published,844,2026-06-24,Adult Social Care,Third Party Payments,Private Contractors,We Are The Care Company Ltd,WE ARE THE CARE COMPANY,1154.3,placement
T-09,R-06,7,off_contract.csv,13,WE ARE THE CARE COMPANY,We Are The Care Company Ltd,589012.31,2356049.24,349,placement,1.0,True,none,,Adult Social Care,Over500_2026_P03_-_published:867,Over500_2026_P03_-_published,867,2026-06-24,Adult Social Care,Third Party Payments,Private Contractors,We Are The Care Company Ltd,WE ARE THE CARE COMPANY,1229.58,placement
T-09,R-06,7,off_contract.csv,13,WE ARE THE CARE COMPANY,We Are The Care Company Ltd,589012.31,2356049.24,349,placement,1.0,True,none,,Adult Social Care,Over500_2026_P03_-_published:885,Over500_2026_P03_-_published,885,2026-06-24,Adult Social Care,Third Party Payments,Private Contractors,We Are The Care Company Ltd,WE ARE THE CARE COMPANY,1024.65,placement
T-09,R-06,7,off_contract.csv,13,WE ARE THE CARE COMPANY,We Are The Care Company Ltd,589012.31,2356049.24,349,placement,1.0,True,none,,Adult Social Care,Over500_2026_P03_-_published:928,Over500_2026_P03_-_published,928,2026-06-24,Adult Social Care,Third Party Payments,Private Contractors,We Are The Care Company Ltd,WE ARE THE CARE COMPANY,1257.82,placement
T-09,R-06,7,off_contract.csv,13,WE ARE THE CARE COMPANY,We Are The Care Company Ltd,589012.31,2356049.24,349,placement,1.0,True,none,,Adult Social Care,Over500_2026_P03_-_published:929,Over500_2026_P03_-_published,929,2026-06-24,Adult Social Care,Third Party Payments,Private Contractors,We Are The Care Company Ltd,WE ARE THE CARE COMPANY,2578.48,placement
T-09,R-06,7,off_contract.csv,13,WE ARE THE CARE COMPANY,We Are The Care Company Ltd,589012.31,2356049.24,349,placement,1.0,True,none,,Adult Social Care,Over500_2026_P04_-_published:1237,Over500_2026_P04_-_published,1237,2026-07-08,Adult Social Care,Third Party Payments,Private Contractors,We Are The Care Company Ltd,WE ARE THE CARE COMPANY,666.4,placement
T-09,R-06,7,off_contract.csv,13,WE ARE THE CARE COMPANY,We Are The Care Company Ltd,589012.31,2356049.24,349,placement,1.0,True,none,,Adult Social Care,Over500_2026_P04_-_published:1238,Over500_2026_P04_-_published,1238,2026-07-08,Adult Social Care,Third Party Payments,Private Contractors,We Are The Care Company Ltd,WE ARE THE CARE COMPANY,1332.8,placement
T-09,R-06,7,off_contract.csv,13,WE ARE THE CARE COMPANY,We Are The Care Company Ltd,589012.31,2356049.24,349,placement,1.0,True,none,,Adult Social Care,Over500_2026_P04_-_published:1239,Over500_2026_P04_-_published,1239,2026-07-08,Adult Social Care,Third Party Payments,Private Contractors,We Are The Care Company Ltd,WE ARE THE CARE COMPANY,833.0,placement
T-09,R-06,7,off_contract.csv,13,WE ARE THE CARE COMPANY,We Are The Care Company Ltd,589012.31,2356049.24,349,placement,1.0,True,none,,Adult Social Care,Over500_2026_P04_-_published:1240,Over500_2026_P04_-_published,1240,2026-07-08,Adult Social Care,Third Party Payments,Private Contractors,We Are The Care Company Ltd,WE ARE THE CARE COMPANY,3187.84,placement
T-09,R-06,7,off_contract.csv,13,WE ARE THE CARE COMPANY,We Are The Care Company Ltd,589012.31,2356049.24,349,placement,1.0,True,none,,Adult Social Care,Over500_2026_P04_-_published:1321,Over500_2026_P04_-_published,1321,2026-07-08,Adult Social Care,Third Party Payments,Private Contractors,We Are The Care Company Ltd,WE ARE THE CARE COMPANY,1499.4,placement
T-09,R-06,7,off_contract.csv,13,WE ARE THE CARE COMPANY,We Are The Care Company Ltd,589012.31,2356049.24,349,placement,1.0,True,none,,Adult Social Care,Over500_2026_P04_-_published:1322,Over500_2026_P04_-_published,1322,2026-07-08,Adult Social Care,Third Party Payments,Private Contractors,We Are The Care Company Ltd,WE ARE THE CARE COMPANY,2332.4,placement
T-09,R-06,7,off_contract.csv,13,WE ARE THE CARE COMPANY,We Are The Care Company Ltd,589012.31,2356049.24,349,placement,1.0,True,none,,Adult Social Care,Over500_2026_P04_-_published:1323,Over500_2026_P04_-_published,1323,2026-07-08,Adult Social Care,Third Party Payments,Private Contractors,We Are The Care Company Ltd,WE ARE THE CARE COMPANY,833.0,placement
T-09,R-06,7,off_contract.csv,13,WE ARE THE CARE COMPANY,We Are The Care Company Ltd,589012.31,2356049.24,349,placement,1.0,True,none,,Adult Social Care,Over500_2026_P04_-_published:1324,Over500_2026_P04_-_published,1324,2026-07-08,Adult Social Care,Third Party Payments,Private Contractors,We Are The Care Company Ltd,WE ARE THE CARE COMPANY,833.0,placement
T-09,R-06,7,off_contract.csv,13,WE ARE THE CARE COMPANY,We Are The Care Company Ltd,589012.31,2356049.24,349,placement,1.0,True,none,,Adult Social Care,Over500_2026_P04_-_published:1325,Over500_2026_P04_-_published,1325,2026-07-08,Adult Social Care,Third Party Payments,Private Contractors,We Are The Care Company Ltd,WE ARE THE CARE COMPANY,3506.56,placement
T-09,R-06,7,off_contract.csv,13,WE ARE THE CARE COMPANY,We Are The Care Company Ltd,589012.31,2356049.24,349,placement,1.0,True,none,,Adult Social Care,Over500_2026_P04_-_published:1326,Over500_2026_P04_-_published,1326,2026-07-08,Adult Social Care,Third Party Payments,Private Contractors,We Are The Care Company Ltd,WE ARE THE CARE COMPANY,796.96,placement
T-09,R-06,7,off_contract.csv,13,WE ARE THE CARE COMPANY,We Are The Care Company Ltd,589012.31,2356049.24,349,placement,1.0,True,none,,Adult Social Care,Over500_2026_P04_-_published:1327,Over500_2026_P04_-_published,1327,2026-07-08,Adult Social Care,Third Party Payments,Private Contractors,We Are The Care Company Ltd,WE ARE THE CARE COMPANY,3289.84,placement
T-09,R-06,7,off_contract.csv,13,WE ARE THE CARE COMPANY,We Are The Care Company Ltd,589012.31,2356049.24,349,placement,1.0,True,none,,Adult Social Care,Over500_2026_P04_-_published:1328,Over500_2026_P04_-_published,1328,2026-07-08,Adult Social Care,Third Party Payments,Private Contractors,We Are The Care Company Ltd,WE ARE THE CARE COMPANY,2527.48,placement
T-09,R-06,7,off_contract.csv,13,WE ARE THE CARE COMPANY,We Are The Care Company Ltd,589012.31,2356049.24,349,placement,1.0,True,none,,Adult Social Care,Over500_2026_P04_-_published:1329,Over500_2026_P04_-_published,1329,2026-07-08,Adult Social Care,Third Party Payments,Private Contractors,We Are The Care Company Ltd,WE ARE THE CARE COMPANY,1434.52,placement
T-09,R-06,7,off_contract.csv,13,WE ARE THE CARE COMPANY,We Are The Care Company Ltd,589012.31,2356049.24,349,placement,1.0,True,none,,Adult Social Care,Over500_2026_P04_-_published:1330,Over500_2026_P04_-_published,1330,2026-07-08,Adult Social Care,Third Party Payments,Private Contractors,We Are The Care Company Ltd,WE ARE THE CARE COMPANY,933.57,placement
T-09,R-06,7,off_contract.csv,13,WE ARE THE CARE COMPANY,We Are The Care Company Ltd,589012.31,2356049.24,349,placement,1.0,True,none,,Adult Social Care,Over500_2026_P04_-_published:1331,Over500_2026_P04_-_published,1331,2026-07-08,Adult Social Care,Third Party Payments,Private Contractors,We Are The Care Company Ltd,WE ARE THE CARE COMPANY,1434.52,placement
T-09,R-06,7,off_contract.csv,13,WE ARE THE CARE COMPANY,We Are The Care Company Ltd,589012.31,2356049.24,349,placement,1.0,True,none,,Adult Social Care,Over500_2026_P04_-_published:1332,Over500_2026_P04_-_published,1332,2026-07-08,Adult Social Care,Third Party Payments,Private Contractors,We Are The Care Company Ltd,WE ARE THE CARE COMPANY,637.56,placement
T-09,R-06,7,off_contract.csv,13,WE ARE THE CARE COMPANY,We Are The Care Company Ltd,589012.31,2356049.24,349,placement,1.0,True,none,,Adult Social Care,Over500_2026_P04_-_published:1333,Over500_2026_P04_-_published,1333,2026-07-08,Adult Social Care,Third Party Payments,Private Contractors,We Are The Care Company Ltd,WE ARE THE CARE COMPANY,1434.52,placement
T-09,R-06,7,off_contract.csv,13,WE ARE THE CARE COMPANY,We Are The Care Company Ltd,589012.31,2356049.24,349,placement,1.0,True,none,,Adult Social Care,Over500_2026_P04_-_published:1334,Over500_2026_P04_-_published,1334,2026-07-08,Adult Social Care,Third Party Payments,Private Contractors,We Are The Care Company Ltd,WE ARE THE CARE COMPANY,1115.72,placement
T-09,R-06,7,off_contract.csv,13,WE ARE THE CARE COMPANY,We Are The Care Company Ltd,589012.31,2356049.24,349,placement,1.0,True,none,,Adult Social Care,Over500_2026_P04_-_published:1335,Over500_2026_P04_-_published,1335,2026-07-08,Adult Social Care,Third Party Payments,Private Contractors,We Are The Care Company Ltd,WE ARE THE CARE COMPANY,2652.24,placement
T-09,R-06,7,off_contract.csv,13,WE ARE THE CARE COMPANY,We Are The Care Company Ltd,589012.31,2356049.24,349,placement,1.0,True,none,,Adult Social Care,Over500_2026_P04_-_published:1336,Over500_2026_P04_-_published,1336,2026-07-08,Adult Social Care,Third Party Payments,Private Contractors,We Are The Care Company Ltd,WE ARE THE CARE COMPANY,796.96,placement
T-09,R-06,7,off_contract.csv,13,WE ARE THE CARE COMPANY,We Are The Care Company Ltd,589012.31,2356049.24,349,placement,1.0,True,none,,Adult Social Care,Over500_2026_P04_-_published:1337,Over500_2026_P04_-_published,1337,2026-07-08,Adult Social Care,Third Party Payments,Private Contractors,We Are The Care Company Ltd,WE ARE THE CARE COMPANY,1593.92,placement
T-09,R-06,7,off_contract.csv,13,WE ARE THE CARE COMPANY,We Are The Care Company Ltd,589012.31,2356049.24,349,placement,1.0,True,none,,Adult Social Care,Over500_2026_P04_-_published:1338,Over500_2026_P04_-_published,1338,2026-07-08,Adult Social Care,Third Party Payments,Private Contractors,We Are The Care Company Ltd,WE ARE THE CARE COMPANY,2550.24,placement
T-09,R-06,7,off_contract.csv,13,WE ARE THE CARE COMPANY,We Are The Care Company Ltd,589012.31,2356049.24,349,placement,1.0,True,none,,Adult Social Care,Over500_2026_P04_-_published:1339,Over500_2026_P04_-_published,1339,2026-07-08,Adult Social Care,Third Party Payments,Private Contractors,We Are The Care Company Ltd,WE ARE THE CARE COMPANY,1434.52,placement
T-09,R-06,7,off_contract.csv,13,WE ARE THE CARE COMPANY,We Are The Care Company Ltd,589012.31,2356049.24,349,placement,1.0,True,none,,Adult Social Care,Over500_2026_P04_-_published:1369,Over500_2026_P04_-_published,1369,2026-07-08,Adult Social Care,Third Party Payments,Private Contractors,We Are The Care Company Ltd,WE ARE THE CARE COMPANY,1166.2,placement
T-09,R-06,7,off_contract.csv,13,WE ARE THE CARE COMPANY,We Are The Care Company Ltd,589012.31,2356049.24,349,placement,1.0,True,none,,Adult Social Care,Over500_2026_P04_-_published:1370,Over500_2026_P04_-_published,1370,2026-07-08,Adult Social Care,Third Party Payments,Private Contractors,We Are The Care Company Ltd,WE ARE THE CARE COMPANY,1499.4,placement
T-09,R-06,7,off_contract.csv,13,WE ARE THE CARE COMPANY,We Are The Care Company Ltd,589012.31,2356049.24,349,placement,1.0,True,none,,Adult Social Care,Over500_2026_P04_-_published:1371,Over500_2026_P04_-_published,1371,2026-07-08,Adult Social Care,Third Party Payments,Private Contractors,We Are The Care Company Ltd,WE ARE THE CARE COMPANY,3825.36,placement
T-09,R-06,7,off_contract.csv,13,WE ARE THE CARE COMPANY,We Are The Care Company Ltd,589012.31,2356049.24,349,placement,1.0,True,none,,Adult Social Care,Over500_2026_P04_-_published:1372,Over500_2026_P04_-_published,1372,2026-07-08,Adult Social Care,Third Party Payments,Private Contractors,We Are The Care Company Ltd,WE ARE THE CARE COMPANY,1417.45,placement
T-09,R-06,7,off_contract.csv,13,WE ARE THE CARE COMPANY,We Are The Care Company Ltd,589012.31,2356049.24,349,placement,1.0,True,none,,Adult Social Care,Over500_2026_P04_-_published:1373,Over500_2026_P04_-_published,1373,2026-07-08,Adult Social Care,Third Party Payments,Private Contractors,We Are The Care Company Ltd,WE ARE THE CARE COMPANY,785.57,placement
T-09,R-06,7,off_contract.csv,13,WE ARE THE CARE COMPANY,We Are The Care Company Ltd,589012.31,2356049.24,349,placement,1.0,True,none,,Adult Social Care,Over500_2026_P04_-_published:1374,Over500_2026_P04_-_published,1374,2026-07-08,Adult Social Care,Third Party Payments,Private Contractors,We Are The Care Company Ltd,WE ARE THE CARE COMPANY,4144.16,placement
T-09,R-06,7,off_contract.csv,13,WE ARE THE CARE COMPANY,We Are The Care Company Ltd,589012.31,2356049.24,349,placement,1.0,True,none,,Adult Social Care,Over500_2026_P04_-_published:1375,Over500_2026_P04_-_published,1375,2026-07-08,Adult Social Care,Third Party Payments,Private Contractors,We Are The Care Company Ltd,WE ARE THE CARE COMPANY,1434.52,placement
T-09,R-06,7,off_contract.csv,13,WE ARE THE CARE COMPANY,We Are The Care Company Ltd,589012.31,2356049.24,349,placement,1.0,True,none,,Adult Social Care,Over500_2026_P04_-_published:1376,Over500_2026_P04_-_published,1376,2026-07-08,Adult Social Care,Third Party Payments,Private Contractors,We Are The Care Company Ltd,WE ARE THE CARE COMPANY,2869.04,placement
T-09,R-06,7,off_contract.csv,13,WE ARE THE CARE COMPANY,We Are The Care Company Ltd,589012.31,2356049.24,349,placement,1.0,True,none,,Adult Social Care,Over500_2026_P04_-_published:1377,Over500_2026_P04_-_published,1377,2026-07-08,Adult Social Care,Third Party Payments,Private Contractors,We Are The Care Company Ltd,WE ARE THE CARE COMPANY,796.96,placement
T-09,R-06,7,off_contract.csv,13,WE ARE THE CARE COMPANY,We Are The Care Company Ltd,589012.31,2356049.24,349,placement,1.0,True,none,,Adult Social Care,Over500_2026_P04_-_published:1378,Over500_2026_P04_-_published,1378,2026-07-08,Adult Social Care,Third Party Payments,Private Contractors,We Are The Care Company Ltd,WE ARE THE CARE COMPANY,1912.68,placement
T-09,R-06,7,off_contract.csv,13,WE ARE THE CARE COMPANY,We Are The Care Company Ltd,589012.31,2356049.24,349,placement,1.0,True,none,,Adult Social Care,Over500_2026_P04_-_published:1379,Over500_2026_P04_-_published,1379,2026-07-08,Adult Social Care,Third Party Payments,Private Contractors,We Are The Care Company Ltd,WE ARE THE CARE COMPANY,1912.68,placement
T-09,R-06,7,off_contract.csv,13,WE ARE THE CARE COMPANY,We Are The Care Company Ltd,589012.31,2356049.24,349,placement,1.0,True,none,,Adult Social Care,Over500_2026_P04_-_published:1443,Over500_2026_P04_-_published,1443,2026-07-08,Adult Social Care,Third Party Payments,Private Contractors,We Are The Care Company Ltd,WE ARE THE CARE COMPANY,1434.52,placement
T-09,R-06,7,off_contract.csv,13,WE ARE THE CARE COMPANY,We Are The Care Company Ltd,589012.31,2356049.24,349,placement,1.0,True,none,,Adult Social Care,Over500_2026_P04_-_published:1451,Over500_2026_P04_-_published,1451,2026-07-08,Adult Social Care,Third Party Payments,Private Contractors,We Are The Care Company Ltd,WE ARE THE CARE COMPANY,694.49,placement
T-09,R-06,7,off_contract.csv,13,WE ARE THE CARE COMPANY,We Are The Care Company Ltd,589012.31,2356049.24,349,placement,1.0,True,none,,Adult Social Care,Over500_2026_P04_-_published:1567,Over500_2026_P04_-_published,1567,2026-07-08,Adult Social Care,Third Party Payments,Private Contractors,We Are The Care Company Ltd,WE ARE THE CARE COMPANY,1206.81,placement
T-09,R-06,7,off_contract.csv,13,WE ARE THE CARE COMPANY,We Are The Care Company Ltd,589012.31,2356049.24,349,placement,1.0,True,none,,Adult Social Care,Over500_2026_P04_-_published:1568,Over500_2026_P04_-_published,1568,2026-07-08,Adult Social Care,Third Party Payments,Private Contractors,We Are The Care Company Ltd,WE ARE THE CARE COMPANY,1434.52,placement
T-09,R-06,7,off_contract.csv,13,WE ARE THE CARE COMPANY,We Are The Care Company Ltd,589012.31,2356049.24,349,placement,1.0,True,none,,Adult Social Care,Over500_2026_P04_-_published:1771,Over500_2026_P04_-_published,1771,2026-07-08,Adult Social Care,Third Party Payments,Private Contractors,We Are The Care Company Ltd,WE ARE THE CARE COMPANY,1195.43,placement
T-09,R-06,7,off_contract.csv,13,WE ARE THE CARE COMPANY,We Are The Care Company Ltd,589012.31,2356049.24,349,placement,1.0,True,none,,Adult Social Care,Over500_2026_P04_-_published:1793,Over500_2026_P04_-_published,1793,2026-07-08,Adult Social Care,Third Party Payments,Private Contractors,We Are The Care Company Ltd,WE ARE THE CARE COMPANY,1434.52,placement
T-09,R-06,7,off_contract.csv,13,WE ARE THE CARE COMPANY,We Are The Care Company Ltd,589012.31,2356049.24,349,placement,1.0,True,none,,Adult Social Care,Over500_2026_P04_-_published:1816,Over500_2026_P04_-_published,1816,2026-07-08,Adult Social Care,Third Party Payments,Private Contractors,We Are The Care Company Ltd,WE ARE THE CARE COMPANY,944.98,placement
T-09,R-06,7,off_contract.csv,13,WE ARE THE CARE COMPANY,We Are The Care Company Ltd,589012.31,2356049.24,349,placement,1.0,True,none,,Adult Social Care,Over500_2026_P04_-_published:2027,Over500_2026_P04_-_published,2027,2026-07-08,Adult Social Care,Third Party Payments,Private Contractors,We Are The Care Company Ltd,WE ARE THE CARE COMPANY,1912.72,placement
T-09,R-06,7,off_contract.csv,13,WE ARE THE CARE COMPANY,We Are The Care Company Ltd,589012.31,2356049.24,349,placement,1.0,True,none,,Adult Social Care,Over500_2026_P04_-_published:2028,Over500_2026_P04_-_published,2028,2026-07-08,Adult Social Care,Third Party Payments,Private Contractors,We Are The Care Company Ltd,WE ARE THE CARE COMPANY,2550.24,placement
T-09,R-06,7,off_contract.csv,13,WE ARE THE CARE COMPANY,We Are The Care Company Ltd,589012.31,2356049.24,349,placement,1.0,True,none,,Adult Social Care,Over500_2026_P04_-_published:2054,Over500_2026_P04_-_published,2054,2026-07-08,Adult Social Care,Third Party Payments,Private Contractors,We Are The Care Company Ltd,WE ARE THE CARE COMPANY,2998.8,placement
T-09,R-06,7,off_contract.csv,13,WE ARE THE CARE COMPANY,We Are The Care Company Ltd,589012.31,2356049.24,349,placement,1.0,True,none,,Adult Social Care,Over500_2026_P04_-_published:2055,Over500_2026_P04_-_published,2055,2026-07-08,Adult Social Care,Third Party Payments,Private Contractors,We Are The Care Company Ltd,WE ARE THE CARE COMPANY,2998.8,placement
T-09,R-06,7,off_contract.csv,13,WE ARE THE CARE COMPANY,We Are The Care Company Ltd,589012.31,2356049.24,349,placement,1.0,True,none,,Adult Social Care,Over500_2026_P04_-_published:2056,Over500_2026_P04_-_published,2056,2026-07-08,Adult Social Care,Third Party Payments,Private Contractors,We Are The Care Company Ltd,WE ARE THE CARE COMPANY,1118.6,placement
T-09,R-06,7,off_contract.csv,13,WE ARE THE CARE COMPANY,We Are The Care Company Ltd,589012.31,2356049.24,349,placement,1.0,True,none,,Adult Social Care,Over500_2026_P04_-_published:2057,Over500_2026_P04_-_published,2057,2026-07-08,Adult Social Care,Third Party Payments,Private Contractors,We Are The Care Company Ltd,WE ARE THE CARE COMPANY,796.96,placement
T-09,R-06,7,off_contract.csv,13,WE ARE THE CARE COMPANY,We Are The Care Company Ltd,589012.31,2356049.24,349,placement,1.0,True,none,,Adult Social Care,Over500_2026_P04_-_published:2058,Over500_2026_P04_-_published,2058,2026-07-08,Adult Social Care,Third Party Payments,Private Contractors,We Are The Care Company Ltd,WE ARE THE CARE COMPANY,3506.56,placement
T-09,R-06,7,off_contract.csv,13,WE ARE THE CARE COMPANY,We Are The Care Company Ltd,589012.31,2356049.24,349,placement,1.0,True,none,,Adult Social Care,Over500_2026_P04_-_published:2059,Over500_2026_P04_-_published,2059,2026-07-08,Adult Social Care,Third Party Payments,Private Contractors,We Are The Care Company Ltd,WE ARE THE CARE COMPANY,546.48,placement
T-09,R-06,7,off_contract.csv,13,WE ARE THE CARE COMPANY,We Are The Care Company Ltd,589012.31,2356049.24,349,placement,1.0,True,none,,Adult Social Care,Over500_2026_P04_-_published:2060,Over500_2026_P04_-_published,2060,2026-07-08,Adult Social Care,Third Party Payments,Private Contractors,We Are The Care Company Ltd,WE ARE THE CARE COMPANY,796.96,placement
T-09,R-06,7,off_contract.csv,13,WE ARE THE CARE COMPANY,We Are The Care Company Ltd,589012.31,2356049.24,349,placement,1.0,True,none,,Adult Social Care,Over500_2026_P04_-_published:2061,Over500_2026_P04_-_published,2061,2026-07-08,Adult Social Care,Third Party Payments,Private Contractors,We Are The Care Company Ltd,WE ARE THE CARE COMPANY,2869.04,placement
T-09,R-06,7,off_contract.csv,13,WE ARE THE CARE COMPANY,We Are The Care Company Ltd,589012.31,2356049.24,349,placement,1.0,True,none,,Adult Social Care,Over500_2026_P04_-_published:2062,Over500_2026_P04_-_published,2062,2026-07-08,Adult Social Care,Third Party Payments,Private Contractors,We Are The Care Company Ltd,WE ARE THE CARE COMPANY,637.56,placement
T-09,R-06,7,off_contract.csv,13,WE ARE THE CARE COMPANY,We Are The Care Company Ltd,589012.31,2356049.24,349,placement,1.0,True,none,,Adult Social Care,Over500_2026_P04_-_published:2063,Over500_2026_P04_-_published,2063,2026-07-08,Adult Social Care,Third Party Payments,Private Contractors,We Are The Care Company Ltd,WE ARE THE CARE COMPANY,922.18,placement
T-09,R-06,7,off_contract.csv,13,WE ARE THE CARE COMPANY,We Are The Care Company Ltd,589012.31,2356049.24,349,placement,1.0,True,none,,Adult Social Care,Over500_2026_P04_-_published:2075,Over500_2026_P04_-_published,2075,2026-07-08,Adult Social Care,Third Party Payments,Private Contractors,We Are The Care Company Ltd,WE ARE THE CARE COMPANY,1434.52,placement
T-09,R-06,7,off_contract.csv,13,WE ARE THE CARE COMPANY,We Are The Care Company Ltd,589012.31,2356049.24,349,placement,1.0,True,none,,Adult Social Care,Over500_2026_P04_-_published:2076,Over500_2026_P04_-_published,2076,2026-07-08,Adult Social Care,Third Party Payments,Private Contractors,We Are The Care Company Ltd,WE ARE THE CARE COMPANY,1434.52,placement
T-09,R-06,7,off_contract.csv,13,WE ARE THE CARE COMPANY,We Are The Care Company Ltd,589012.31,2356049.24,349,placement,1.0,True,none,,Adult Social Care,Over500_2026_P04_-_published:2803,Over500_2026_P04_-_published,2803,2026-07-08,Adult Social Care,Third Party Payments,Private Contractors,We Are The Care Company Ltd,WE ARE THE CARE COMPANY,999.6,placement
T-09,R-06,7,off_contract.csv,13,WE ARE THE CARE COMPANY,We Are The Care Company Ltd,589012.31,2356049.24,349,placement,1.0,True,none,,Adult Social Care,Over500_2026_P04_-_published:2804,Over500_2026_P04_-_published,2804,2026-07-08,Adult Social Care,Third Party Payments,Private Contractors,We Are The Care Company Ltd,WE ARE THE CARE COMPANY,1389.0,placement
T-09,R-06,7,off_contract.csv,13,WE ARE THE CARE COMPANY,We Are The Care Company Ltd,589012.31,2356049.24,349,placement,1.0,True,none,,Adult Social Care,Over500_2026_P04_-_published:896,Over500_2026_P04_-_published,896,2026-07-08,Adult Social Care,Third Party Payments,Private Contractors,We Are The Care Company Ltd,WE ARE THE CARE COMPANY,5175.36,placement
T-09,R-06,7,off_contract.csv,13,WE ARE THE CARE COMPANY,We Are The Care Company Ltd,589012.31,2356049.24,349,placement,1.0,True,none,,Adult Social Care,Over500_2026_P04_-_published:921,Over500_2026_P04_-_published,921,2026-07-08,Adult Social Care,Third Party Payments,Private Contractors,We Are The Care Company Ltd,WE ARE THE CARE COMPANY,5175.36,placement
T-09,R-06,7,off_contract.csv,13,WE ARE THE CARE COMPANY,We Are The Care Company Ltd,589012.31,2356049.24,349,placement,1.0,True,none,,Adult Social Care,Over500_2026_P04_-_published:922,Over500_2026_P04_-_published,922,2026-07-08,Adult Social Care,Third Party Payments,Private Contractors,We Are The Care Company Ltd,WE ARE THE CARE COMPANY,1098.38,placement
T-09,R-06,7,off_contract.csv,13,WE ARE THE CARE COMPANY,We Are The Care Company Ltd,589012.31,2356049.24,349,placement,1.0,True,none,,Adult Social Care,Over500_2026_P04_-_published:923,Over500_2026_P04_-_published,923,2026-07-08,Adult Social Care,Third Party Payments,Private Contractors,We Are The Care Company Ltd,WE ARE THE CARE COMPANY,1217.72,placement
T-09,R-06,7,off_contract.csv,13,WE ARE THE CARE COMPANY,We Are The Care Company Ltd,589012.31,2356049.24,349,placement,1.0,True,none,,Adult Social Care,Over500_2026_P04_-_published:933,Over500_2026_P04_-_published,933,2026-07-08,Adult Social Care,Third Party Payments,Private Contractors,We Are The Care Company Ltd,WE ARE THE CARE COMPANY,500.96,placement
T-09,R-06,7,off_contract.csv,13,WE ARE THE CARE COMPANY,We Are The Care Company Ltd,589012.31,2356049.24,349,placement,1.0,True,none,,Adult Social Care,Over500_2026_P04_-_published:946,Over500_2026_P04_-_published,946,2026-07-08,Adult Social Care,Third Party Payments,Private Contractors,We Are The Care Company Ltd,WE ARE THE CARE COMPANY,1753.28,placement
T-09,R-06,7,off_contract.csv,13,WE ARE THE CARE COMPANY,We Are The Care Company Ltd,589012.31,2356049.24,349,placement,1.0,True,none,,Adult Social Care,Over500_2026_P04_-_published:1463,Over500_2026_P04_-_published,1463,2026-07-15,Adult Social Care,Third Party Payments,Private Contractors,We Are The Care Company Ltd,WE ARE THE CARE COMPANY,592.03,placement
T-09,R-06,7,off_contract.csv,13,WE ARE THE CARE COMPANY,We Are The Care Company Ltd,589012.31,2356049.24,349,placement,1.0,True,none,,Adult Social Care,Over500_2026_P04_-_published:1464,Over500_2026_P04_-_published,1464,2026-07-15,Adult Social Care,Third Party Payments,Private Contractors,We Are The Care Company Ltd,WE ARE THE CARE COMPANY,2413.66,placement
T-09,R-06,7,off_contract.csv,13,WE ARE THE CARE COMPANY,We Are The Care Company Ltd,589012.31,2356049.24,349,placement,1.0,True,none,,Adult Social Care,Over500_2026_P04_-_published:1465,Over500_2026_P04_-_published,1465,2026-07-15,Adult Social Care,Third Party Payments,Private Contractors,We Are The Care Company Ltd,WE ARE THE CARE COMPANY,1195.42,placement
T-09,R-06,7,off_contract.csv,13,WE ARE THE CARE COMPANY,We Are The Care Company Ltd,589012.31,2356049.24,349,placement,1.0,True,none,,Adult Social Care,Over500_2026_P04_-_published:1481,Over500_2026_P04_-_published,1481,2026-07-15,Adult Social Care,Third Party Payments,Private Contractors,We Are The Care Company Ltd,WE ARE THE CARE COMPANY,1400.35,placement
T-09,R-06,7,off_contract.csv,13,WE ARE THE CARE COMPANY,We Are The Care Company Ltd,589012.31,2356049.24,349,placement,1.0,True,none,,Adult Social Care,Over500_2026_P04_-_published:1572,Over500_2026_P04_-_published,1572,2026-07-15,Adult Social Care,Third Party Payments,Private Contractors,We Are The Care Company Ltd,WE ARE THE CARE COMPANY,926.51,placement
T-09,R-06,7,off_contract.csv,13,WE ARE THE CARE COMPANY,We Are The Care Company Ltd,589012.31,2356049.24,349,placement,1.0,True,none,,Adult Social Care,Over500_2026_P04_-_published:2092,Over500_2026_P04_-_published,2092,2026-07-15,Adult Social Care,Third Party Payments,Private Contractors,We Are The Care Company Ltd,WE ARE THE CARE COMPANY,2218.72,placement
T-09,R-06,7,off_contract.csv,13,WE ARE THE CARE COMPANY,We Are The Care Company Ltd,589012.31,2356049.24,349,placement,1.0,True,none,,Adult Social Care,Over500_2026_P04_-_published:2704,Over500_2026_P04_-_published,2704,2026-07-15,Adult Social Care,Third Party Payments,Private Contractors,We Are The Care Company Ltd,WE ARE THE CARE COMPANY,2231.44,placement
T-09,R-06,7,off_contract.csv,13,WE ARE THE CARE COMPANY,We Are The Care Company Ltd,589012.31,2356049.24,349,placement,1.0,True,none,,Adult Social Care,Over500_2026_P04_-_published:2723,Over500_2026_P04_-_published,2723,2026-07-15,Adult Social Care,Third Party Payments,Private Contractors,We Are The Care Company Ltd,WE ARE THE CARE COMPANY,1275.12,placement
T-09,R-06,7,off_contract.csv,13,WE ARE THE CARE COMPANY,We Are The Care Company Ltd,589012.31,2356049.24,349,placement,1.0,True,none,,Adult Social Care,Over500_2026_P04_-_published:2737,Over500_2026_P04_-_published,2737,2026-07-15,Adult Social Care,Third Party Payments,Private Contractors,We Are The Care Company Ltd,WE ARE THE CARE COMPANY,2231.44,placement
T-09,R-06,7,off_contract.csv,13,WE ARE THE CARE COMPANY,We Are The Care Company Ltd,589012.31,2356049.24,349,placement,1.0,True,none,,Adult Social Care,Over500_2026_P04_-_published:2766,Over500_2026_P04_-_published,2766,2026-07-15,Adult Social Care,Third Party Payments,Private Contractors,We Are The Care Company Ltd,WE ARE THE CARE COMPANY,1275.12,placement
T-09,R-06,7,off_contract.csv,13,WE ARE THE CARE COMPANY,We Are The Care Company Ltd,589012.31,2356049.24,349,placement,1.0,True,none,,Adult Social Care,Over500_2026_P04_-_published:937,Over500_2026_P04_-_published,937,2026-07-15,Adult Social Care,Third Party Payments,Private Contractors,We Are The Care Company Ltd,WE ARE THE CARE COMPANY,1036.06,placement
T-09,R-06,7,off_contract.csv,13,WE ARE THE CARE COMPANY,We Are The Care Company Ltd,589012.31,2356049.24,349,placement,1.0,True,none,,Adult Social Care,Over500_2026_P04_-_published:1531,Over500_2026_P04_-_published,1531,2026-07-17,Adult Social Care,Third Party Payments,Private Contractors,We Are The Care Company Ltd,WE ARE THE CARE COMPANY,2246.48,placement
T-09,R-06,7,off_contract.csv,13,WE ARE THE CARE COMPANY,We Are The Care Company Ltd,589012.31,2356049.24,349,placement,1.0,True,none,,Adult Social Care,Over500_2026_P04_-_published:1532,Over500_2026_P04_-_published,1532,2026-07-17,Adult Social Care,Third Party Payments,Private Contractors,We Are The Care Company Ltd,WE ARE THE CARE COMPANY,939.27,placement
T-09,R-06,7,off_contract.csv,13,WE ARE THE CARE COMPANY,We Are The Care Company Ltd,589012.31,2356049.24,349,placement,1.0,True,none,,Adult Social Care,Over500_2026_P04_-_published:1541,Over500_2026_P04_-_published,1541,2026-07-17,Adult Social Care,Third Party Payments,Private Contractors,We Are The Care Company Ltd,WE ARE THE CARE COMPANY,2448.24,placement
T-09,R-06,7,off_contract.csv,13,WE ARE THE CARE COMPANY,We Are The Care Company Ltd,589012.31,2356049.24,349,placement,1.0,True,none,,Adult Social Care,Over500_2026_P04_-_published:1542,Over500_2026_P04_-_published,1542,2026-07-17,Adult Social Care,Third Party Payments,Private Contractors,We Are The Care Company Ltd,WE ARE THE CARE COMPANY,2231.44,placement
T-09,R-06,7,off_contract.csv,13,WE ARE THE CARE COMPANY,We Are The Care Company Ltd,589012.31,2356049.24,349,placement,1.0,True,none,,Adult Social Care,Over500_2026_P04_-_published:1543,Over500_2026_P04_-_published,1543,2026-07-17,Adult Social Care,Third Party Payments,Private Contractors,We Are The Care Company Ltd,WE ARE THE CARE COMPANY,1912.72,placement
T-09,R-06,7,off_contract.csv,13,WE ARE THE CARE COMPANY,We Are The Care Company Ltd,589012.31,2356049.24,349,placement,1.0,True,none,,Adult Social Care,Over500_2026_P04_-_published:1582,Over500_2026_P04_-_published,1582,2026-07-17,Adult Social Care,Third Party Payments,Private Contractors,We Are The Care Company Ltd,WE ARE THE CARE COMPANY,1300.44,placement
T-09,R-06,7,off_contract.csv,13,WE ARE THE CARE COMPANY,We Are The Care Company Ltd,589012.31,2356049.24,349,placement,1.0,True,none,,Adult Social Care,Over500_2026_P04_-_published:1583,Over500_2026_P04_-_published,1583,2026-07-17,Adult Social Care,Third Party Payments,Private Contractors,We Are The Care Company Ltd,WE ARE THE CARE COMPANY,1366.2,placement
T-09,R-06,7,off_contract.csv,13,WE ARE THE CARE COMPANY,We Are The Care Company Ltd,589012.31,2356049.24,349,placement,1.0,True,none,,Adult Social Care,Over500_2026_P04_-_published:1584,Over500_2026_P04_-_published,1584,2026-07-17,Adult Social Care,Third Party Payments,Private Contractors,We Are The Care Company Ltd,WE ARE THE CARE COMPANY,1622.38,placement
T-09,R-06,7,off_contract.csv,13,WE ARE THE CARE COMPANY,We Are The Care Company Ltd,589012.31,2356049.24,349,placement,1.0,True,none,,Adult Social Care,Over500_2026_P04_-_published:2097,Over500_2026_P04_-_published,2097,2026-07-17,Adult Social Care,Third Party Payments,Private Contractors,We Are The Care Company Ltd,WE ARE THE CARE COMPANY,2051.12,placement
T-09,R-06,7,off_contract.csv,13,WE ARE THE CARE COMPANY,We Are The Care Company Ltd,589012.31,2356049.24,349,placement,1.0,True,none,,Adult Social Care,Over500_2026_P04_-_published:2112,Over500_2026_P04_-_published,2112,2026-07-17,Adult Social Care,Third Party Payments,Private Contractors,We Are The Care Company Ltd,WE ARE THE CARE COMPANY,1467.28,placement
T-09,R-06,7,off_contract.csv,13,WE ARE THE CARE COMPANY,We Are The Care Company Ltd,589012.31,2356049.24,349,placement,1.0,True,none,,Adult Social Care,Over500_2026_P04_-_published:2216,Over500_2026_P04_-_published,2216,2026-07-17,Adult Social Care,Third Party Payments,Private Contractors,We Are The Care Company Ltd,WE ARE THE CARE COMPANY,1912.72,placement
T-09,R-06,7,off_contract.csv,13,WE ARE THE CARE COMPANY,We Are The Care Company Ltd,589012.31,2356049.24,349,placement,1.0,True,none,,Adult Social Care,Over500_2026_P04_-_published:2650,Over500_2026_P04_-_published,2650,2026-07-17,Adult Social Care,Third Party Payments,Private Contractors,We Are The Care Company Ltd,WE ARE THE CARE COMPANY,683.1,placement
T-09,R-06,7,off_contract.csv,13,WE ARE THE CARE COMPANY,We Are The Care Company Ltd,589012.31,2356049.24,349,placement,1.0,True,none,,Adult Social Care,Over500_2026_P04_-_published:942,Over500_2026_P04_-_published,942,2026-07-17,Adult Social Care,Third Party Payments,Private Contractors,We Are The Care Company Ltd,WE ARE THE CARE COMPANY,2599.41,placement
T-09,R-06,7,off_contract.csv,13,WE ARE THE CARE COMPANY,We Are The Care Company Ltd,589012.31,2356049.24,349,placement,1.0,True,none,,Adult Social Care,Over500_2026_P04_-_published:943,Over500_2026_P04_-_published,943,2026-07-17,Adult Social Care,Third Party Payments,Private Contractors,We Are The Care Company Ltd,WE ARE THE CARE COMPANY,2573.02,placement
T-09,R-06,7,off_contract.csv,13,WE ARE THE CARE COMPANY,We Are The Care Company Ltd,589012.31,2356049.24,349,placement,1.0,True,none,,Adult Social Care,Over500_2026_P04_-_published:966,Over500_2026_P04_-_published,966,2026-07-17,Adult Social Care,Third Party Payments,Private Contractors,We Are The Care Company Ltd,WE ARE THE CARE COMPANY,1154.3,placement
T-09,R-06,7,off_contract.csv,13,WE ARE THE CARE COMPANY,We Are The Care Company Ltd,589012.31,2356049.24,349,placement,1.0,True,none,,Adult Social Care,Over500_2026_P04_-_published:1588,Over500_2026_P04_-_published,1588,2026-07-22,Adult Social Care,Third Party Payments,Private Contractors,We Are The Care Company Ltd,WE ARE THE CARE COMPANY,1499.4,placement
T-09,R-06,7,off_contract.csv,13,WE ARE THE CARE COMPANY,We Are The Care Company Ltd,589012.31,2356049.24,349,placement,1.0,True,none,,Adult Social Care,Over500_2026_P04_-_published:1605,Over500_2026_P04_-_published,1605,2026-07-29,Adult Social Care,Third Party Payments,Private Contractors,We Are The Care Company Ltd,WE ARE THE CARE COMPANY,1166.2,placement
T-09,R-06,7,off_contract.csv,13,WE ARE THE CARE COMPANY,We Are The Care Company Ltd,589012.31,2356049.24,349,placement,1.0,True,none,,Adult Social Care,Over500_2026_P04_-_published:1606,Over500_2026_P04_-_published,1606,2026-07-29,Adult Social Care,Third Party Payments,Private Contractors,We Are The Care Company Ltd,WE ARE THE CARE COMPANY,648.55,placement
T-09,R-06,7,off_contract.csv,13,WE ARE THE CARE COMPANY,We Are The Care Company Ltd,589012.31,2356049.24,349,placement,1.0,True,none,,Adult Social Care,Over500_2026_P04_-_published:1607,Over500_2026_P04_-_published,1607,2026-07-29,Adult Social Care,Third Party Payments,Private Contractors,We Are The Care Company Ltd,WE ARE THE CARE COMPANY,1273.07,placement
T-09,R-06,7,off_contract.csv,13,WE ARE THE CARE COMPANY,We Are The Care Company Ltd,589012.31,2356049.24,349,placement,1.0,True,none,,Adult Social Care,Over500_2026_P04_-_published:1608,Over500_2026_P04_-_published,1608,2026-07-29,Adult Social Care,Third Party Payments,Private Contractors,We Are The Care Company Ltd,WE ARE THE CARE COMPANY,1118.6,placement
T-09,R-06,7,off_contract.csv,13,WE ARE THE CARE COMPANY,We Are The Care Company Ltd,589012.31,2356049.24,349,placement,1.0,True,none,,Adult Social Care,Over500_2026_P04_-_published:1609,Over500_2026_P04_-_published,1609,2026-07-29,Adult Social Care,Third Party Payments,Private Contractors,We Are The Care Company Ltd,WE ARE THE CARE COMPANY,1499.4,placement
T-09,R-06,7,off_contract.csv,13,WE ARE THE CARE COMPANY,We Are The Care Company Ltd,589012.31,2356049.24,349,placement,1.0,True,none,,Adult Social Care,Over500_2026_P04_-_published:1610,Over500_2026_P04_-_published,1610,2026-07-29,Adult Social Care,Third Party Payments,Private Contractors,We Are The Care Company Ltd,WE ARE THE CARE COMPANY,856.8,placement
T-09,R-06,7,off_contract.csv,13,WE ARE THE CARE COMPANY,We Are The Care Company Ltd,589012.31,2356049.24,349,placement,1.0,True,none,,Adult Social Care,Over500_2026_P04_-_published:1611,Over500_2026_P04_-_published,1611,2026-07-29,Adult Social Care,Third Party Payments,Private Contractors,We Are The Care Company Ltd,WE ARE THE CARE COMPANY,648.95,placement
T-09,R-06,7,off_contract.csv,13,WE ARE THE CARE COMPANY,We Are The Care Company Ltd,589012.31,2356049.24,349,placement,1.0,True,none,,Adult Social Care,Over500_2026_P04_-_published:1612,Over500_2026_P04_-_published,1612,2026-07-29,Adult Social Care,Third Party Payments,Private Contractors,We Are The Care Company Ltd,WE ARE THE CARE COMPANY,796.96,placement
T-09,R-06,7,off_contract.csv,13,WE ARE THE CARE COMPANY,We Are The Care Company Ltd,589012.31,2356049.24,349,placement,1.0,True,none,,Adult Social Care,Over500_2026_P04_-_published:1626,Over500_2026_P04_-_published,1626,2026-07-29,Adult Social Care,Third Party Payments,Private Contractors,We Are The Care Company Ltd,WE ARE THE CARE COMPANY,1178.1,placement
T-09,R-06,7,off_contract.csv,13,WE ARE THE CARE COMPANY,We Are The Care Company Ltd,589012.31,2356049.24,349,placement,1.0,True,none,,Adult Social Care,Over500_2026_P04_-_published:1645,Over500_2026_P04_-_published,1645,2026-07-29,Adult Social Care,Third Party Payments,Private Contractors,We Are The Care Company Ltd,WE ARE THE CARE COMPANY,2550.24,placement
T-09,R-06,7,off_contract.csv,13,WE ARE THE CARE COMPANY,We Are The Care Company Ltd,589012.31,2356049.24,349,placement,1.0,True,none,,Adult Social Care,Over500_2026_P04_-_published:1646,Over500_2026_P04_-_published,1646,2026-07-29,Adult Social Care,Third Party Payments,Private Contractors,We Are The Care Company Ltd,WE ARE THE CARE COMPANY,2652.24,placement
T-09,R-06,7,off_contract.csv,13,WE ARE THE CARE COMPANY,We Are The Care Company Ltd,589012.31,2356049.24,349,placement,1.0,True,none,,Adult Social Care,Over500_2026_P04_-_published:1647,Over500_2026_P04_-_published,1647,2026-07-29,Adult Social Care,Third Party Payments,Private Contractors,We Are The Care Company Ltd,WE ARE THE CARE COMPANY,1434.52,placement
T-09,R-06,7,off_contract.csv,13,WE ARE THE CARE COMPANY,We Are The Care Company Ltd,589012.31,2356049.24,349,placement,1.0,True,none,,Adult Social Care,Over500_2026_P04_-_published:1648,Over500_2026_P04_-_published,1648,2026-07-29,Adult Social Care,Third Party Payments,Private Contractors,We Are The Care Company Ltd,WE ARE THE CARE COMPANY,1434.52,placement
T-09,R-06,7,off_contract.csv,13,WE ARE THE CARE COMPANY,We Are The Care Company Ltd,589012.31,2356049.24,349,placement,1.0,True,none,,Adult Social Care,Over500_2026_P04_-_published:1664,Over500_2026_P04_-_published,1664,2026-07-29,Adult Social Care,Third Party Payments,Private Contractors,We Are The Care Company Ltd,WE ARE THE CARE COMPANY,2308.6,placement
T-09,R-06,7,off_contract.csv,13,WE ARE THE CARE COMPANY,We Are The Care Company Ltd,589012.31,2356049.24,349,placement,1.0,True,none,,Adult Social Care,Over500_2026_P04_-_published:1665,Over500_2026_P04_-_published,1665,2026-07-29,Adult Social Care,Third Party Payments,Private Contractors,We Are The Care Company Ltd,WE ARE THE CARE COMPANY,950.66,placement
T-09,R-06,7,off_contract.csv,13,WE ARE THE CARE COMPANY,We Are The Care Company Ltd,589012.31,2356049.24,349,placement,1.0,True,none,,Adult Social Care,Over500_2026_P04_-_published:1666,Over500_2026_P04_-_published,1666,2026-07-29,Adult Social Care,Third Party Payments,Private Contractors,We Are The Care Company Ltd,WE ARE THE CARE COMPANY,3825.36,placement
T-09,R-06,7,off_contract.csv,13,WE ARE THE CARE COMPANY,We Are The Care Company Ltd,589012.31,2356049.24,349,placement,1.0,True,none,,Adult Social Care,Over500_2026_P04_-_published:1667,Over500_2026_P04_-_published,1667,2026-07-29,Adult Social Care,Third Party Payments,Private Contractors,We Are The Care Company Ltd,WE ARE THE CARE COMPANY,3506.56,placement
T-09,R-06,7,off_contract.csv,13,WE ARE THE CARE COMPANY,We Are The Care Company Ltd,589012.31,2356049.24,349,placement,1.0,True,none,,Adult Social Care,Over500_2026_P04_-_published:1668,Over500_2026_P04_-_published,1668,2026-07-29,Adult Social Care,Third Party Payments,Private Contractors,We Are The Care Company Ltd,WE ARE THE CARE COMPANY,796.96,placement
T-09,R-06,7,off_contract.csv,13,WE ARE THE CARE COMPANY,We Are The Care Company Ltd,589012.31,2356049.24,349,placement,1.0,True,none,,Adult Social Care,Over500_2026_P04_-_published:1669,Over500_2026_P04_-_published,1669,2026-07-29,Adult Social Care,Third Party Payments,Private Contractors,We Are The Care Company Ltd,WE ARE THE CARE COMPANY,637.56,placement
T-09,R-06,7,off_contract.csv,13,WE ARE THE CARE COMPANY,We Are The Care Company Ltd,589012.31,2356049.24,349,placement,1.0,True,none,,Adult Social Care,Over500_2026_P04_-_published:1670,Over500_2026_P04_-_published,1670,2026-07-29,Adult Social Care,Third Party Payments,Private Contractors,We Are The Care Company Ltd,WE ARE THE CARE COMPANY,796.96,placement
T-09,R-06,7,off_contract.csv,13,WE ARE THE CARE COMPANY,We Are The Care Company Ltd,589012.31,2356049.24,349,placement,1.0,True,none,,Adult Social Care,Over500_2026_P04_-_published:1671,Over500_2026_P04_-_published,1671,2026-07-29,Adult Social Care,Third Party Payments,Private Contractors,We Are The Care Company Ltd,WE ARE THE CARE COMPANY,1434.52,placement
T-09,R-06,7,off_contract.csv,13,WE ARE THE CARE COMPANY,We Are The Care Company Ltd,589012.31,2356049.24,349,placement,1.0,True,none,,Adult Social Care,Over500_2026_P04_-_published:1672,Over500_2026_P04_-_published,1672,2026-07-29,Adult Social Care,Third Party Payments,Private Contractors,We Are The Care Company Ltd,WE ARE THE CARE COMPANY,984.81,placement
T-09,R-06,7,off_contract.csv,13,WE ARE THE CARE COMPANY,We Are The Care Company Ltd,589012.31,2356049.24,349,placement,1.0,True,none,,Adult Social Care,Over500_2026_P04_-_published:1673,Over500_2026_P04_-_published,1673,2026-07-29,Adult Social Care,Third Party Payments,Private Contractors,We Are The Care Company Ltd,WE ARE THE CARE COMPANY,2231.44,placement
T-09,R-06,7,off_contract.csv,13,WE ARE THE CARE COMPANY,We Are The Care Company Ltd,589012.31,2356049.24,349,placement,1.0,True,none,,Adult Social Care,Over500_2026_P04_-_published:1674,Over500_2026_P04_-_published,1674,2026-07-29,Adult Social Care,Third Party Payments,Private Contractors,We Are The Care Company Ltd,WE ARE THE CARE COMPANY,1434.52,placement
T-09,R-06,7,off_contract.csv,13,WE ARE THE CARE COMPANY,We Are The Care Company Ltd,589012.31,2356049.24,349,placement,1.0,True,none,,Adult Social Care,Over500_2026_P04_-_published:1675,Over500_2026_P04_-_published,1675,2026-07-29,Adult Social Care,Third Party Payments,Private Contractors,We Are The Care Company Ltd,WE ARE THE CARE COMPANY,796.96,placement
T-09,R-06,7,off_contract.csv,13,WE ARE THE CARE COMPANY,We Are The Care Company Ltd,589012.31,2356049.24,349,placement,1.0,True,none,,Adult Social Care,Over500_2026_P04_-_published:1676,Over500_2026_P04_-_published,1676,2026-07-29,Adult Social Care,Third Party Payments,Private Contractors,We Are The Care Company Ltd,WE ARE THE CARE COMPANY,2459.2,placement
T-09,R-06,7,off_contract.csv,13,WE ARE THE CARE COMPANY,We Are The Care Company Ltd,589012.31,2356049.24,349,placement,1.0,True,none,,Adult Social Care,Over500_2026_P04_-_published:1677,Over500_2026_P04_-_published,1677,2026-07-29,Adult Social Care,Third Party Payments,Private Contractors,We Are The Care Company Ltd,WE ARE THE CARE COMPANY,1115.74,placement
T-09,R-06,7,off_contract.csv,13,WE ARE THE CARE COMPANY,We Are The Care Company Ltd,589012.31,2356049.24,349,placement,1.0,True,none,,Adult Social Care,Over500_2026_P04_-_published:1681,Over500_2026_P04_-_published,1681,2026-07-29,Adult Social Care,Third Party Payments,Private Contractors,We Are The Care Company Ltd,WE ARE THE CARE COMPANY,1499.4,placement
T-09,R-06,7,off_contract.csv,13,WE ARE THE CARE COMPANY,We Are The Care Company Ltd,589012.31,2356049.24,349,placement,1.0,True,none,,Adult Social Care,Over500_2026_P04_-_published:1682,Over500_2026_P04_-_published,1682,2026-07-29,Adult Social Care,Third Party Payments,Private Contractors,We Are The Care Company Ltd,WE ARE THE CARE COMPANY,1332.8,placement
T-09,R-06,7,off_contract.csv,13,WE ARE THE CARE COMPANY,We Are The Care Company Ltd,589012.31,2356049.24,349,placement,1.0,True,none,,Adult Social Care,Over500_2026_P04_-_published:1683,Over500_2026_P04_-_published,1683,2026-07-29,Adult Social Care,Third Party Payments,Private Contractors,We Are The Care Company Ltd,WE ARE THE CARE COMPANY,1499.4,placement
T-09,R-06,7,off_contract.csv,13,WE ARE THE CARE COMPANY,We Are The Care Company Ltd,589012.31,2356049.24,349,placement,1.0,True,none,,Adult Social Care,Over500_2026_P04_-_published:1684,Over500_2026_P04_-_published,1684,2026-07-29,Adult Social Care,Third Party Payments,Private Contractors,We Are The Care Company Ltd,WE ARE THE CARE COMPANY,1166.2,placement
T-09,R-06,7,off_contract.csv,13,WE ARE THE CARE COMPANY,We Are The Care Company Ltd,589012.31,2356049.24,349,placement,1.0,True,none,,Adult Social Care,Over500_2026_P04_-_published:1685,Over500_2026_P04_-_published,1685,2026-07-29,Adult Social Care,Third Party Payments,Private Contractors,We Are The Care Company Ltd,WE ARE THE CARE COMPANY,1183.14,placement
T-09,R-06,7,off_contract.csv,13,WE ARE THE CARE COMPANY,We Are The Care Company Ltd,589012.31,2356049.24,349,placement,1.0,True,none,,Adult Social Care,Over500_2026_P04_-_published:1686,Over500_2026_P04_-_published,1686,2026-07-29,Adult Social Care,Third Party Payments,Private Contractors,We Are The Care Company Ltd,WE ARE THE CARE COMPANY,1377.58,placement
T-09,R-06,7,off_contract.csv,13,WE ARE THE CARE COMPANY,We Are The Care Company Ltd,589012.31,2356049.24,349,placement,1.0,True,none,,Adult Social Care,Over500_2026_P04_-_published:1687,Over500_2026_P04_-_published,1687,2026-07-29,Adult Social Care,Third Party Payments,Private Contractors,We Are The Care Company Ltd,WE ARE THE CARE COMPANY,1434.52,placement
T-09,R-06,7,off_contract.csv,13,WE ARE THE CARE COMPANY,We Are The Care Company Ltd,589012.31,2356049.24,349,placement,1.0,True,none,,Adult Social Care,Over500_2026_P04_-_published:1688,Over500_2026_P04_-_published,1688,2026-07-29,Adult Social Care,Third Party Payments,Private Contractors,We Are The Care Company Ltd,WE ARE THE CARE COMPANY,1115.72,placement
T-09,R-06,7,off_contract.csv,13,WE ARE THE CARE COMPANY,We Are The Care Company Ltd,589012.31,2356049.24,349,placement,1.0,True,none,,Adult Social Care,Over500_2026_P04_-_published:1689,Over500_2026_P04_-_published,1689,2026-07-29,Adult Social Care,Third Party Payments,Private Contractors,We Are The Care Company Ltd,WE ARE THE CARE COMPANY,637.56,placement
T-09,R-06,7,off_contract.csv,13,WE ARE THE CARE COMPANY,We Are The Care Company Ltd,589012.31,2356049.24,349,placement,1.0,True,none,,Adult Social Care,Over500_2026_P04_-_published:1690,Over500_2026_P04_-_published,1690,2026-07-29,Adult Social Care,Third Party Payments,Private Contractors,We Are The Care Company Ltd,WE ARE THE CARE COMPANY,4144.16,placement
T-09,R-06,7,off_contract.csv,13,WE ARE THE CARE COMPANY,We Are The Care Company Ltd,589012.31,2356049.24,349,placement,1.0,True,none,,Adult Social Care,Over500_2026_P04_-_published:1691,Over500_2026_P04_-_published,1691,2026-07-29,Adult Social Care,Third Party Payments,Private Contractors,We Are The Care Company Ltd,WE ARE THE CARE COMPANY,1434.52,placement
T-09,R-06,7,off_contract.csv,13,WE ARE THE CARE COMPANY,We Are The Care Company Ltd,589012.31,2356049.24,349,placement,1.0,True,none,,Adult Social Care,Over500_2026_P04_-_published:1692,Over500_2026_P04_-_published,1692,2026-07-29,Adult Social Care,Third Party Payments,Private Contractors,We Are The Care Company Ltd,WE ARE THE CARE COMPANY,1912.68,placement
T-09,R-06,7,off_contract.csv,13,WE ARE THE CARE COMPANY,We Are The Care Company Ltd,589012.31,2356049.24,349,placement,1.0,True,none,,Adult Social Care,Over500_2026_P04_-_published:1741,Over500_2026_P04_-_published,1741,2026-07-29,Adult Social Care,Third Party Payments,Private Contractors,We Are The Care Company Ltd,WE ARE THE CARE COMPANY,964.53,placement
T-09,R-06,7,off_contract.csv,13,WE ARE THE CARE COMPANY,We Are The Care Company Ltd,589012.31,2356049.24,349,placement,1.0,True,none,,Adult Social Care,Over500_2026_P04_-_published:1742,Over500_2026_P04_-_published,1742,2026-07-29,Adult Social Care,Third Party Payments,Private Contractors,We Are The Care Company Ltd,WE ARE THE CARE COMPANY,967.73,placement
T-09,R-06,7,off_contract.csv,13,WE ARE THE CARE COMPANY,We Are The Care Company Ltd,589012.31,2356049.24,349,placement,1.0,True,none,,Adult Social Care,Over500_2026_P04_-_published:1746,Over500_2026_P04_-_published,1746,2026-07-29,Adult Social Care,Third Party Payments,Private Contractors,We Are The Care Company Ltd,WE ARE THE CARE COMPANY,1098.66,placement
T-09,R-06,7,off_contract.csv,13,WE ARE THE CARE COMPANY,We Are The Care Company Ltd,589012.31,2356049.24,349,placement,1.0,True,none,,Adult Social Care,Over500_2026_P04_-_published:1774,Over500_2026_P04_-_published,1774,2026-07-29,Adult Social Care,Third Party Payments,Private Contractors,We Are The Care Company Ltd,WE ARE THE CARE COMPANY,1024.66,placement
T-09,R-06,7,off_contract.csv,13,WE ARE THE CARE COMPANY,We Are The Care Company Ltd,589012.31,2356049.24,349,placement,1.0,True,none,,Adult Social Care,Over500_2026_P04_-_published:1884,Over500_2026_P04_-_published,1884,2026-07-29,Adult Social Care,Third Party Payments,Private Contractors,We Are The Care Company Ltd,WE ARE THE CARE COMPANY,956.36,placement
T-09,R-06,7,off_contract.csv,13,WE ARE THE CARE COMPANY,We Are The Care Company Ltd,589012.31,2356049.24,349,placement,1.0,True,none,,Adult Social Care,Over500_2026_P04_-_published:2065,Over500_2026_P04_-_published,2065,2026-07-29,Adult Social Care,Third Party Payments,Private Contractors,We Are The Care Company Ltd,WE ARE THE CARE COMPANY,2550.24,placement
T-09,R-06,7,off_contract.csv,13,WE ARE THE CARE COMPANY,We Are The Care Company Ltd,589012.31,2356049.24,349,placement,1.0,True,none,,Adult Social Care,Over500_2026_P04_-_published:2066,Over500_2026_P04_-_published,2066,2026-07-29,Adult Social Care,Third Party Payments,Private Contractors,We Are The Care Company Ltd,WE ARE THE CARE COMPANY,2800.72,placement
T-09,R-06,7,off_contract.csv,13,WE ARE THE CARE COMPANY,We Are The Care Company Ltd,589012.31,2356049.24,349,placement,1.0,True,none,,Adult Social Care,Over500_2026_P04_-_published:2101,Over500_2026_P04_-_published,2101,2026-07-29,Adult Social Care,Third Party Payments,Private Contractors,We Are The Care Company Ltd,WE ARE THE CARE COMPANY,1912.72,placement
T-09,R-06,7,off_contract.csv,13,WE ARE THE CARE COMPANY,We Are The Care Company Ltd,589012.31,2356049.24,349,placement,1.0,True,none,,Adult Social Care,Over500_2026_P04_-_published:2102,Over500_2026_P04_-_published,2102,2026-07-29,Adult Social Care,Third Party Payments,Private Contractors,We Are The Care Company Ltd,WE ARE THE CARE COMPANY,1989.2,placement
T-09,R-06,7,off_contract.csv,13,WE ARE THE CARE COMPANY,We Are The Care Company Ltd,589012.31,2356049.24,349,placement,1.0,True,none,,Adult Social Care,Over500_2026_P04_-_published:2113,Over500_2026_P04_-_published,2113,2026-07-29,Adult Social Care,Third Party Payments,Private Contractors,We Are The Care Company Ltd,WE ARE THE CARE COMPANY,688.8,placement
T-09,R-06,7,off_contract.csv,13,WE ARE THE CARE COMPANY,We Are The Care Company Ltd,589012.31,2356049.24,349,placement,1.0,True,none,,Adult Social Care,Over500_2026_P04_-_published:2363,Over500_2026_P04_-_published,2363,2026-07-29,Adult Social Care,Third Party Payments,Private Contractors,We Are The Care Company Ltd,WE ARE THE CARE COMPANY,2998.8,placement
T-09,R-06,7,off_contract.csv,13,WE ARE THE CARE COMPANY,We Are The Care Company Ltd,589012.31,2356049.24,349,placement,1.0,True,none,,Adult Social Care,Over500_2026_P04_-_published:2364,Over500_2026_P04_-_published,2364,2026-07-29,Adult Social Care,Third Party Payments,Private Contractors,We Are The Care Company Ltd,WE ARE THE CARE COMPANY,2975.0,placement
T-09,R-06,7,off_contract.csv,13,WE ARE THE CARE COMPANY,We Are The Care Company Ltd,589012.31,2356049.24,349,placement,1.0,True,none,,Adult Social Care,Over500_2026_P04_-_published:2365,Over500_2026_P04_-_published,2365,2026-07-29,Adult Social Care,Third Party Payments,Private Contractors,We Are The Care Company Ltd,WE ARE THE CARE COMPANY,833.0,placement
T-09,R-06,7,off_contract.csv,13,WE ARE THE CARE COMPANY,We Are The Care Company Ltd,589012.31,2356049.24,349,placement,1.0,True,none,,Adult Social Care,Over500_2026_P04_-_published:2366,Over500_2026_P04_-_published,2366,2026-07-29,Adult Social Care,Third Party Payments,Private Contractors,We Are The Care Company Ltd,WE ARE THE CARE COMPANY,833.0,placement
T-09,R-06,7,off_contract.csv,13,WE ARE THE CARE COMPANY,We Are The Care Company Ltd,589012.31,2356049.24,349,placement,1.0,True,none,,Adult Social Care,Over500_2026_P04_-_published:2367,Over500_2026_P04_-_published,2367,2026-07-29,Adult Social Care,Third Party Payments,Private Contractors,We Are The Care Company Ltd,WE ARE THE CARE COMPANY,2231.44,placement
T-09,R-06,7,off_contract.csv,13,WE ARE THE CARE COMPANY,We Are The Care Company Ltd,589012.31,2356049.24,349,placement,1.0,True,none,,Adult Social Care,Over500_2026_P04_-_published:2368,Over500_2026_P04_-_published,2368,2026-07-29,Adult Social Care,Third Party Payments,Private Contractors,We Are The Care Company Ltd,WE ARE THE CARE COMPANY,554.68,placement
T-09,R-06,7,off_contract.csv,13,WE ARE THE CARE COMPANY,We Are The Care Company Ltd,589012.31,2356049.24,349,placement,1.0,True,none,,Adult Social Care,Over500_2026_P04_-_published:2369,Over500_2026_P04_-_published,2369,2026-07-29,Adult Social Care,Third Party Payments,Private Contractors,We Are The Care Company Ltd,WE ARE THE CARE COMPANY,2869.04,placement
T-09,R-06,7,off_contract.csv,13,WE ARE THE CARE COMPANY,We Are The Care Company Ltd,589012.31,2356049.24,349,placement,1.0,True,none,,Adult Social Care,Over500_2026_P04_-_published:2370,Over500_2026_P04_-_published,2370,2026-07-29,Adult Social Care,Third Party Payments,Private Contractors,We Are The Care Company Ltd,WE ARE THE CARE COMPANY,3289.84,placement
T-09,R-06,7,off_contract.csv,13,WE ARE THE CARE COMPANY,We Are The Care Company Ltd,589012.31,2356049.24,349,placement,1.0,True,none,,Adult Social Care,Over500_2026_P04_-_published:2371,Over500_2026_P04_-_published,2371,2026-07-29,Adult Social Care,Third Party Payments,Private Contractors,We Are The Care Company Ltd,WE ARE THE CARE COMPANY,1434.52,placement
T-09,R-06,7,off_contract.csv,13,WE ARE THE CARE COMPANY,We Are The Care Company Ltd,589012.31,2356049.24,349,placement,1.0,True,none,,Adult Social Care,Over500_2026_P04_-_published:2372,Over500_2026_P04_-_published,2372,2026-07-29,Adult Social Care,Third Party Payments,Private Contractors,We Are The Care Company Ltd,WE ARE THE CARE COMPANY,1263.74,placement
T-09,R-06,7,off_contract.csv,13,WE ARE THE CARE COMPANY,We Are The Care Company Ltd,589012.31,2356049.24,349,placement,1.0,True,none,,Adult Social Care,Over500_2026_P04_-_published:2373,Over500_2026_P04_-_published,2373,2026-07-29,Adult Social Care,Third Party Payments,Private Contractors,We Are The Care Company Ltd,WE ARE THE CARE COMPANY,2550.24,placement
T-09,R-06,7,off_contract.csv,13,WE ARE THE CARE COMPANY,We Are The Care Company Ltd,589012.31,2356049.24,349,placement,1.0,True,none,,Adult Social Care,Over500_2026_P04_-_published:2374,Over500_2026_P04_-_published,2374,2026-07-29,Adult Social Care,Third Party Payments,Private Contractors,We Are The Care Company Ltd,WE ARE THE CARE COMPANY,2766.58,placement
T-09,R-06,7,off_contract.csv,13,WE ARE THE CARE COMPANY,We Are The Care Company Ltd,589012.31,2356049.24,349,placement,1.0,True,none,,Adult Social Care,Over500_2026_P04_-_published:2375,Over500_2026_P04_-_published,2375,2026-07-29,Adult Social Care,Third Party Payments,Private Contractors,We Are The Care Company Ltd,WE ARE THE CARE COMPANY,1423.14,placement
T-09,R-06,7,off_contract.csv,13,WE ARE THE CARE COMPANY,We Are The Care Company Ltd,589012.31,2356049.24,349,placement,1.0,True,none,,Adult Social Care,Over500_2026_P04_-_published:2376,Over500_2026_P04_-_published,2376,2026-07-29,Adult Social Care,Third Party Payments,Private Contractors,We Are The Care Company Ltd,WE ARE THE CARE COMPANY,1912.68,placement
T-09,R-06,7,off_contract.csv,13,WE ARE THE CARE COMPANY,We Are The Care Company Ltd,589012.31,2356049.24,349,placement,1.0,True,none,,Adult Social Care,Over500_2026_P04_-_published:2655,Over500_2026_P04_-_published,2655,2026-07-29,Adult Social Care,Third Party Payments,Private Contractors,We Are The Care Company Ltd,WE ARE THE CARE COMPANY,984.81,placement
T-09,R-06,7,off_contract.csv,13,WE ARE THE CARE COMPANY,We Are The Care Company Ltd,589012.31,2356049.24,349,placement,1.0,True,none,,Adult Social Care,Over500_2026_P04_-_published:2811,Over500_2026_P04_-_published,2811,2026-07-29,Adult Social Care,Third Party Payments,Private Contractors,We Are The Care Company Ltd,WE ARE THE CARE COMPANY,1400.35,placement
T-09,R-06,7,off_contract.csv,13,WE ARE THE CARE COMPANY,We Are The Care Company Ltd,589012.31,2356049.24,349,placement,1.0,True,none,,Adult Social Care,Over500_2026_P04_-_published:2813,Over500_2026_P04_-_published,2813,2026-07-29,Adult Social Care,Third Party Payments,Private Contractors,We Are The Care Company Ltd,WE ARE THE CARE COMPANY,999.6,placement
T-09,R-06,7,off_contract.csv,13,WE ARE THE CARE COMPANY,We Are The Care Company Ltd,589012.31,2356049.24,349,placement,1.0,True,none,,Adult Social Care,Over500_2026_P04_-_published:2814,Over500_2026_P04_-_published,2814,2026-07-29,Adult Social Care,Third Party Payments,Private Contractors,We Are The Care Company Ltd,WE ARE THE CARE COMPANY,2051.12,placement
T-09,R-06,7,off_contract.csv,13,WE ARE THE CARE COMPANY,We Are The Care Company Ltd,589012.31,2356049.24,349,placement,1.0,True,none,,Adult Social Care,Over500_2026_P04_-_published:956,Over500_2026_P04_-_published,956,2026-07-29,Adult Social Care,Third Party Payments,Private Contractors,We Are The Care Company Ltd,WE ARE THE CARE COMPANY,5175.36,placement
T-09,R-06,7,off_contract.csv,13,WE ARE THE CARE COMPANY,We Are The Care Company Ltd,589012.31,2356049.24,349,placement,1.0,True,none,,Adult Social Care,Over500_2026_P04_-_published:957,Over500_2026_P04_-_published,957,2026-07-29,Adult Social Care,Third Party Payments,Private Contractors,We Are The Care Company Ltd,WE ARE THE CARE COMPANY,5175.36,placement
T-09,R-06,7,off_contract.csv,13,WE ARE THE CARE COMPANY,We Are The Care Company Ltd,589012.31,2356049.24,349,placement,1.0,True,none,,Adult Social Care,Over500_2026_P04_-_published:958,Over500_2026_P04_-_published,958,2026-07-29,Adult Social Care,Third Party Payments,Private Contractors,We Are The Care Company Ltd,WE ARE THE CARE COMPANY,1142.4,placement
T-09,R-06,7,off_contract.csv,13,WE ARE THE CARE COMPANY,We Are The Care Company Ltd,589012.31,2356049.24,349,placement,1.0,True,none,,Adult Social Care,Over500_2026_P04_-_published:959,Over500_2026_P04_-_published,959,2026-07-29,Adult Social Care,Third Party Payments,Private Contractors,We Are The Care Company Ltd,WE ARE THE CARE COMPANY,1217.72,placement
T-09,R-06,7,off_contract.csv,13,WE ARE THE CARE COMPANY,We Are The Care Company Ltd,589012.31,2356049.24,349,placement,1.0,True,none,,Adult Social Care,Over500_2026_P04_-_published:968,Over500_2026_P04_-_published,968,2026-07-29,Adult Social Care,Third Party Payments,Private Contractors,We Are The Care Company Ltd,WE ARE THE CARE COMPANY,675.12,placement
T-09,R-06,7,off_contract.csv,13,WE ARE THE CARE COMPANY,We Are The Care Company Ltd,589012.31,2356049.24,349,placement,1.0,True,none,,Adult Social Care,Over500_2026_P04_-_published:987,Over500_2026_P04_-_published,987,2026-07-29,Adult Social Care,Third Party Payments,Private Contractors,We Are The Care Company Ltd,WE ARE THE CARE COMPANY,2533.16,placement
T-09,R-06,8,off_contract.csv,14,THE BETTER GROUP,The Better Group Ltd,588490.08,2353960.32,26,placement,0.555,True,none,,Adult Social Care; Adult Social Care - Transformation Projects; Children's Social Care; Education & SEND,Over500_2026_P02_-_published:665,Over500_2026_P02_-_published,665,2026-05-15,Adult Social Care,Third Party Payments,Payment to contractor,The Better Group Ltd,THE BETTER GROUP,64500.0,placement
T-09,R-06,8,off_contract.csv,14,THE BETTER GROUP,The Better Group Ltd,588490.08,2353960.32,26,placement,0.555,True,none,,Adult Social Care; Adult Social Care - Transformation Projects; Children's Social Care; Education & SEND,Over500_2026_P02_-_published:666,Over500_2026_P02_-_published,666,2026-05-15,Adult Social Care,Third Party Payments,Payment to contractor,The Better Group Ltd,THE BETTER GROUP,58833.0,placement
T-09,R-06,8,off_contract.csv,14,THE BETTER GROUP,The Better Group Ltd,588490.08,2353960.32,26,placement,0.555,True,none,,Adult Social Care; Adult Social Care - Transformation Projects; Children's Social Care; Education & SEND,Over500_2026_P02_-_published:667,Over500_2026_P02_-_published,667,2026-05-19,Adult Social Care,Third Party Payments,Payment to contractor,The Better Group Ltd,THE BETTER GROUP,41125.0,placement
T-09,R-06,8,off_contract.csv,14,THE BETTER GROUP,The Better Group Ltd,588490.08,2353960.32,26,placement,0.555,True,none,,Adult Social Care; Adult Social Care - Transformation Projects; Children's Social Care; Education & SEND,Over500_2026_P02_-_published:10,Over500_2026_P02_-_published,10,2026-05-28,Children's Social Care,Employees,Training,The Better Group Ltd,THE BETTER GROUP,19605.14,general_procurement
T-09,R-06,8,off_contract.csv,14,THE BETTER GROUP,The Better Group Ltd,588490.08,2353960.32,26,placement,0.555,True,none,,Adult Social Care; Adult Social Care - Transformation Projects; Children's Social Care; Education & SEND,Over500_2026_P02_-_published:11,Over500_2026_P02_-_published,11,2026-05-28,Education & SEND,Employees,Training,The Better Group Ltd,THE BETTER GROUP,2557.08,general_procurement
T-09,R-06,8,off_contract.csv,14,THE BETTER GROUP,The Better Group Ltd,588490.08,2353960.32,26,placement,0.555,True,none,,Adult Social Care; Adult Social Care - Transformation Projects; Children's Social Care; Education & SEND,Over500_2026_P02_-_published:9,Over500_2026_P02_-_published,9,2026-05-28,Adult Social Care,Employees,Training,The Better Group Ltd,THE BETTER GROUP,20457.43,general_procurement
T-09,R-06,8,off_contract.csv,14,THE BETTER GROUP,The Better Group Ltd,588490.08,2353960.32,26,placement,0.555,True,none,,Adult Social Care; Adult Social Care - Transformation Projects; Children's Social Care; Education & SEND,Over500_2026_P03_-_published:13,Over500_2026_P03_-_published,13,2026-06-01,Children's Social Care,Employees,Training,The Better Group Ltd,THE BETTER GROUP,24088.98,general_procurement
T-09,R-06,8,off_contract.csv,14,THE BETTER GROUP,The Better Group Ltd,588490.08,2353960.32,26,placement,0.555,True,none,,Adult Social Care; Adult Social Care - Transformation Projects; Children's Social Care; Education & SEND,Over500_2026_P03_-_published:16,Over500_2026_P03_-_published,16,2026-06-01,Children's Social Care,Employees,Training,The Better Group Ltd,THE BETTER GROUP,15478.22,general_procurement
T-09,R-06,8,off_contract.csv,14,THE BETTER GROUP,The Better Group Ltd,588490.08,2353960.32,26,placement,0.555,True,none,,Adult Social Care; Adult Social Care - Transformation Projects; Children's Social Care; Education & SEND,Over500_2026_P03_-_published:18,Over500_2026_P03_-_published,18,2026-06-01,Adult Social Care,Employees,Training,The Better Group Ltd,THE BETTER GROUP,25136.34,general_procurement
T-09,R-06,8,off_contract.csv,14,THE BETTER GROUP,The Better Group Ltd,588490.08,2353960.32,26,placement,0.555,True,none,,Adult Social Care; Adult Social Care - Transformation Projects; Children's Social Care; Education & SEND,Over500_2026_P03_-_published:19,Over500_2026_P03_-_published,19,2026-06-01,Education & SEND,Employees,Training,The Better Group Ltd,THE BETTER GROUP,3142.04,general_procurement
T-09,R-06,8,off_contract.csv,14,THE BETTER GROUP,The Better Group Ltd,588490.08,2353960.32,26,placement,0.555,True,none,,Adult Social Care; Adult Social Care - Transformation Projects; Children's Social Care; Education & SEND,Over500_2026_P03_-_published:20,Over500_2026_P03_-_published,20,2026-06-01,Education & SEND,Employees,Training,The Better Group Ltd,THE BETTER GROUP,2018.9,general_procurement
T-09,R-06,8,off_contract.csv,14,THE BETTER GROUP,The Better Group Ltd,588490.08,2353960.32,26,placement,0.555,True,none,,Adult Social Care; Adult Social Care - Transformation Projects; Children's Social Care; Education & SEND,Over500_2026_P03_-_published:2396,Over500_2026_P03_-_published,2396,2026-06-01,Adult Social Care,Third Party Payments,Payment to contractor,The Better Group Ltd,THE BETTER GROUP,18039.18,placement
T-09,R-06,8,off_contract.csv,14,THE BETTER GROUP,The Better Group Ltd,588490.08,2353960.32,26,placement,0.555,True,none,,Adult Social Care; Adult Social Care - Transformation Projects; Children's Social Care; Education & SEND,Over500_2026_P03_-_published:2397,Over500_2026_P03_-_published,2397,2026-06-01,Adult Social Care,Third Party Payments,Payment to contractor,The Better Group Ltd,THE BETTER GROUP,22361.26,placement
T-09,R-06,8,off_contract.csv,14,THE BETTER GROUP,The Better Group Ltd,588490.08,2353960.32,26,placement,0.555,True,none,,Adult Social Care; Adult Social Care - Transformation Projects; Children's Social Care; Education & SEND,Over500_2026_P03_-_published:26,Over500_2026_P03_-_published,26,2026-06-01,Adult Social Care,Employees,Training,The Better Group Ltd,THE BETTER GROUP,16151.18,general_procurement
T-09,R-06,8,off_contract.csv,14,THE BETTER GROUP,The Better Group Ltd,588490.08,2353960.32,26,placement,0.555,True,none,,Adult Social Care; Adult Social Care - Transformation Projects; Children's Social Care; Education & SEND,Over500_2026_P03_-_published:670,Over500_2026_P03_-_published,670,2026-06-01,Adult Social Care,Third Party Payments,Payment to contractor,The Better Group Ltd,THE BETTER GROUP,48784.37,placement
T-09,R-06,8,off_contract.csv,14,THE BETTER GROUP,The Better Group Ltd,588490.08,2353960.32,26,placement,0.555,True,none,,Adult Social Care; Adult Social Care - Transformation Projects; Children's Social Care; Education & SEND,Over500_2026_P03_-_published:379,Over500_2026_P03_-_published,379,2026-06-09,Adult Social Care - Transformation Projects,Supplies & Services,IT,The Better Group Ltd,THE BETTER GROUP,14706.64,general_procurement
T-09,R-06,8,off_contract.csv,14,THE BETTER GROUP,The Better Group Ltd,588490.08,2353960.32,26,placement,0.555,True,none,,Adult Social Care; Adult Social Care - Transformation Projects; Children's Social Care; Education & SEND,Over500_2026_P03_-_published:394,Over500_2026_P03_-_published,394,2026-06-09,Adult Social Care - Transformation Projects,Supplies & Services,IT,The Better Group Ltd,THE BETTER GROUP,12427.19,general_procurement
T-09,R-06,8,off_contract.csv,14,THE BETTER GROUP,The Better Group Ltd,588490.08,2353960.32,26,placement,0.555,True,none,,Adult Social Care; Adult Social Care - Transformation Projects; Children's Social Care; Education & SEND,Over500_2026_P03_-_published:395,Over500_2026_P03_-_published,395,2026-06-09,Adult Social Care - Transformation Projects,Supplies & Services,IT,The Better Group Ltd,THE BETTER GROUP,11180.63,general_procurement
T-09,R-06,8,off_contract.csv,14,THE BETTER GROUP,The Better Group Ltd,588490.08,2353960.32,26,placement,0.555,True,none,,Adult Social Care; Adult Social Care - Transformation Projects; Children's Social Care; Education & SEND,Over500_2026_P03_-_published:15,Over500_2026_P03_-_published,15,2026-06-25,Adult Social Care,Employees,Training,The Better Group Ltd,THE BETTER GROUP,2668.67,general_procurement
T-09,R-06,8,off_contract.csv,14,THE BETTER GROUP,The Better Group Ltd,588490.08,2353960.32,26,placement,0.555,True,none,,Adult Social Care; Adult Social Care - Transformation Projects; Children's Social Care; Education & SEND,Over500_2026_P03_-_published:27,Over500_2026_P03_-_published,27,2026-06-25,Children's Social Care,Employees,Training,The Better Group Ltd,THE BETTER GROUP,2557.48,general_procurement
T-09,R-06,8,off_contract.csv,14,THE BETTER GROUP,The Better Group Ltd,588490.08,2353960.32,26,placement,0.555,True,none,,Adult Social Care; Adult Social Care - Transformation Projects; Children's Social Care; Education & SEND,Over500_2026_P04_-_published:490,Over500_2026_P04_-_published,490,2026-07-06,Adult Social Care - Transformation Projects,Supplies & Services,IT,The Better Group Ltd,THE BETTER GROUP,18062.5,general_procurement
T-09,R-06,8,off_contract.csv,14,THE BETTER GROUP,The Better Group Ltd,588490.08,2353960.32,26,placement,0.555,True,none,,Adult Social Care; Adult Social Care - Transformation Projects; Children's Social Care; Education & SEND,Over500_2026_P04_-_published:495,Over500_2026_P04_-_published,495,2026-07-07,Adult Social Care - Transformation Projects,Supplies & Services,IT,The Better Group Ltd,THE BETTER GROUP,13106.88,general_procurement
T-09,R-06,8,off_contract.csv,14,THE BETTER GROUP,The Better Group Ltd,588490.08,2353960.32,26,placement,0.555,True,none,,Adult Social Care; Adult Social Care - Transformation Projects; Children's Social Care; Education & SEND,Over500_2026_P04_-_published:911,Over500_2026_P04_-_published,911,2026-07-08,Adult Social Care - Transformation Projects,Supplies & Services,IT,The Better Group Ltd,THE BETTER GROUP,21500.0,general_procurement
T-09,R-06,8,off_contract.csv,14,THE BETTER GROUP,The Better Group Ltd,588490.08,2353960.32,26,placement,0.555,True,none,,Adult Social Care; Adult Social Care - Transformation Projects; Children's Social Care; Education & SEND,Over500_2026_P04_-_published:912,Over500_2026_P04_-_published,912,2026-07-16,Adult Social Care - Transformation Projects,Supplies & Services,IT,The Better Group Ltd,THE BETTER GROUP,37007.95,general_procurement
T-09,R-06,8,off_contract.csv,14,THE BETTER GROUP,The Better Group Ltd,588490.08,2353960.32,26,placement,0.555,True,none,,Adult Social Care; Adult Social Care - Transformation Projects; Children's Social Care; Education & SEND,Over500_2026_P04_-_published:1281,Over500_2026_P04_-_published,1281,2026-07-29,Adult Social Care,Third Party Payments,Payment to contractor,The Better Group Ltd,THE BETTER GROUP,24476.02,placement
T-09,R-06,8,off_contract.csv,14,THE BETTER GROUP,The Better Group Ltd,588490.08,2353960.32,26,placement,0.555,True,none,,Adult Social Care; Adult Social Care - Transformation Projects; Children's Social Care; Education & SEND,Over500_2026_P04_-_published:783,Over500_2026_P04_-_published,783,2026-07-29,Adult Social Care,Third Party Payments,Payment to contractor,The Better Group Ltd,THE BETTER GROUP,48518.0,placement
T-09,R-06,9,off_contract.csv,15,PHOENIX CHILD CARE THE GRANGE SCHOOL,Phoenix Child Care Limited -The Grange School,567708.85,2270835.4,25,placement,1.0,True,none,,Education (DSG Funded) & Other Education Grants,Over500_2026_P02_-_published:2242,Over500_2026_P02_-_published,2242,2026-05-19,Education (DSG Funded) & Other Education Grants,Third Party Payments,Other agencies,Phoenix Child Care Limited -The Grange School,PHOENIX CHILD CARE THE GRANGE SCHOOL,21988.16,placement
T-09,R-06,9,off_contract.csv,15,PHOENIX CHILD CARE THE GRANGE SCHOOL,Phoenix Child Care Limited -The Grange School,567708.85,2270835.4,25,placement,1.0,True,none,,Education (DSG Funded) & Other Education Grants,Over500_2026_P02_-_published:2243,Over500_2026_P02_-_published,2243,2026-05-19,Education (DSG Funded) & Other Education Grants,Third Party Payments,Other agencies,Phoenix Child Care Limited -The Grange School,PHOENIX CHILD CARE THE GRANGE SCHOOL,21988.16,placement
T-09,R-06,9,off_contract.csv,15,PHOENIX CHILD CARE THE GRANGE SCHOOL,Phoenix Child Care Limited -The Grange School,567708.85,2270835.4,25,placement,1.0,True,none,,Education (DSG Funded) & Other Education Grants,Over500_2026_P02_-_published:2244,Over500_2026_P02_-_published,2244,2026-05-19,Education (DSG Funded) & Other Education Grants,Third Party Payments,Other agencies,Phoenix Child Care Limited -The Grange School,PHOENIX CHILD CARE THE GRANGE SCHOOL,32944.66,placement
T-09,R-06,9,off_contract.csv,15,PHOENIX CHILD CARE THE GRANGE SCHOOL,Phoenix Child Care Limited -The Grange School,567708.85,2270835.4,25,placement,1.0,True,none,,Education (DSG Funded) & Other Education Grants,Over500_2026_P02_-_published:2245,Over500_2026_P02_-_published,2245,2026-05-19,Education (DSG Funded) & Other Education Grants,Third Party Payments,Other agencies,Phoenix Child Care Limited -The Grange School,PHOENIX CHILD CARE THE GRANGE SCHOOL,23210.0,placement
T-09,R-06,9,off_contract.csv,15,PHOENIX CHILD CARE THE GRANGE SCHOOL,Phoenix Child Care Limited -The Grange School,567708.85,2270835.4,25,placement,1.0,True,none,,Education (DSG Funded) & Other Education Grants,Over500_2026_P02_-_published:2246,Over500_2026_P02_-_published,2246,2026-05-19,Education (DSG Funded) & Other Education Grants,Third Party Payments,Other agencies,Phoenix Child Care Limited -The Grange School,PHOENIX CHILD CARE THE GRANGE SCHOOL,32711.33,placement
T-09,R-06,9,off_contract.csv,15,PHOENIX CHILD CARE THE GRANGE SCHOOL,Phoenix Child Care Limited -The Grange School,567708.85,2270835.4,25,placement,1.0,True,none,,Education (DSG Funded) & Other Education Grants,Over500_2026_P02_-_published:2247,Over500_2026_P02_-_published,2247,2026-05-19,Education (DSG Funded) & Other Education Grants,Third Party Payments,Other agencies,Phoenix Child Care Limited -The Grange School,PHOENIX CHILD CARE THE GRANGE SCHOOL,21988.16,placement
T-09,R-06,9,off_contract.csv,15,PHOENIX CHILD CARE THE GRANGE SCHOOL,Phoenix Child Care Limited -The Grange School,567708.85,2270835.4,25,placement,1.0,True,none,,Education (DSG Funded) & Other Education Grants,Over500_2026_P02_-_published:2248,Over500_2026_P02_-_published,2248,2026-05-19,Education (DSG Funded) & Other Education Grants,Third Party Payments,Other agencies,Phoenix Child Care Limited -The Grange School,PHOENIX CHILD CARE THE GRANGE SCHOOL,32711.33,placement
T-09,R-06,9,off_contract.csv,15,PHOENIX CHILD CARE THE GRANGE SCHOOL,Phoenix Child Care Limited -The Grange School,567708.85,2270835.4,25,placement,1.0,True,none,,Education (DSG Funded) & Other Education Grants,Over500_2026_P02_-_published:2249,Over500_2026_P02_-_published,2249,2026-05-19,Education (DSG Funded) & Other Education Grants,Third Party Payments,Other agencies,Phoenix Child Care Limited -The Grange School,PHOENIX CHILD CARE THE GRANGE SCHOOL,21988.16,placement
T-09,R-06,9,off_contract.csv,15,PHOENIX CHILD CARE THE GRANGE SCHOOL,Phoenix Child Care Limited -The Grange School,567708.85,2270835.4,25,placement,1.0,True,none,,Education (DSG Funded) & Other Education Grants,Over500_2026_P02_-_published:2250,Over500_2026_P02_-_published,2250,2026-05-19,Education (DSG Funded) & Other Education Grants,Third Party Payments,Other agencies,Phoenix Child Care Limited -The Grange School,PHOENIX CHILD CARE THE GRANGE SCHOOL,21988.32,placement
T-09,R-06,9,off_contract.csv,15,PHOENIX CHILD CARE THE GRANGE SCHOOL,Phoenix Child Care Limited -The Grange School,567708.85,2270835.4,25,placement,1.0,True,none,,Education (DSG Funded) & Other Education Grants,Over500_2026_P02_-_published:2251,Over500_2026_P02_-_published,2251,2026-05-19,Education (DSG Funded) & Other Education Grants,Third Party Payments,Other agencies,Phoenix Child Care Limited -The Grange School,PHOENIX CHILD CARE THE GRANGE SCHOOL,32711.33,placement
T-09,R-06,9,off_contract.csv,15,PHOENIX CHILD CARE THE GRANGE SCHOOL,Phoenix Child Care Limited -The Grange School,567708.85,2270835.4,25,placement,1.0,True,none,,Education (DSG Funded) & Other Education Grants,Over500_2026_P02_-_published:2252,Over500_2026_P02_-_published,2252,2026-05-19,Education (DSG Funded) & Other Education Grants,Third Party Payments,Other agencies,Phoenix Child Care Limited -The Grange School,PHOENIX CHILD CARE THE GRANGE SCHOOL,21988.16,placement
T-09,R-06,9,off_contract.csv,15,PHOENIX CHILD CARE THE GRANGE SCHOOL,Phoenix Child Care Limited -The Grange School,567708.85,2270835.4,25,placement,1.0,True,none,,Education (DSG Funded) & Other Education Grants,Over500_2026_P02_-_published:2253,Over500_2026_P02_-_published,2253,2026-05-20,Education (DSG Funded) & Other Education Grants,Third Party Payments,Other agencies,Phoenix Child Care Limited -The Grange School,PHOENIX CHILD CARE THE GRANGE SCHOOL,21988.16,placement
T-09,R-06,9,off_contract.csv,15,PHOENIX CHILD CARE THE GRANGE SCHOOL,Phoenix Child Care Limited -The Grange School,567708.85,2270835.4,25,placement,1.0,True,none,,Education (DSG Funded) & Other Education Grants,Over500_2026_P02_-_published:2254,Over500_2026_P02_-_published,2254,2026-05-20,Education (DSG Funded) & Other Education Grants,Third Party Payments,Other agencies,Phoenix Child Care Limited -The Grange School,PHOENIX CHILD CARE THE GRANGE SCHOOL,33799.71,placement
T-09,R-06,9,off_contract.csv,15,PHOENIX CHILD CARE THE GRANGE SCHOOL,Phoenix Child Care Limited -The Grange School,567708.85,2270835.4,25,placement,1.0,True,none,,Education (DSG Funded) & Other Education Grants,Over500_2026_P02_-_published:2255,Over500_2026_P02_-_published,2255,2026-05-20,Education (DSG Funded) & Other Education Grants,Third Party Payments,Other agencies,Phoenix Child Care Limited -The Grange School,PHOENIX CHILD CARE THE GRANGE SCHOOL,21988.16,placement
T-09,R-06,9,off_contract.csv,15,PHOENIX CHILD CARE THE GRANGE SCHOOL,Phoenix Child Care Limited -The Grange School,567708.85,2270835.4,25,placement,1.0,True,none,,Education (DSG Funded) & Other Education Grants,Over500_2026_P02_-_published:2256,Over500_2026_P02_-_published,2256,2026-05-20,Education (DSG Funded) & Other Education Grants,Third Party Payments,Other agencies,Phoenix Child Care Limited -The Grange School,PHOENIX CHILD CARE THE GRANGE SCHOOL,22106.88,placement
T-09,R-06,9,off_contract.csv,15,PHOENIX CHILD CARE THE GRANGE SCHOOL,Phoenix Child Care Limited -The Grange School,567708.85,2270835.4,25,placement,1.0,True,none,,Education (DSG Funded) & Other Education Grants,Over500_2026_P02_-_published:2257,Over500_2026_P02_-_published,2257,2026-05-20,Education (DSG Funded) & Other Education Grants,Third Party Payments,Other agencies,Phoenix Child Care Limited -The Grange School,PHOENIX CHILD CARE THE GRANGE SCHOOL,21988.16,placement
T-09,R-06,9,off_contract.csv,15,PHOENIX CHILD CARE THE GRANGE SCHOOL,Phoenix Child Care Limited -The Grange School,567708.85,2270835.4,25,placement,1.0,True,none,,Education (DSG Funded) & Other Education Grants,Over500_2026_P02_-_published:2258,Over500_2026_P02_-_published,2258,2026-05-20,Education (DSG Funded) & Other Education Grants,Third Party Payments,Other agencies,Phoenix Child Care Limited -The Grange School,PHOENIX CHILD CARE THE GRANGE SCHOOL,23210.0,placement
T-09,R-06,9,off_contract.csv,15,PHOENIX CHILD CARE THE GRANGE SCHOOL,Phoenix Child Care Limited -The Grange School,567708.85,2270835.4,25,placement,1.0,True,none,,Education (DSG Funded) & Other Education Grants,Over500_2026_P02_-_published:2259,Over500_2026_P02_-_published,2259,2026-05-20,Education (DSG Funded) & Other Education Grants,Third Party Payments,Other agencies,Phoenix Child Care Limited -The Grange School,PHOENIX CHILD CARE THE GRANGE SCHOOL,23076.67,placement
T-09,R-06,9,off_contract.csv,15,PHOENIX CHILD CARE THE GRANGE SCHOOL,Phoenix Child Care Limited -The Grange School,567708.85,2270835.4,25,placement,1.0,True,none,,Education (DSG Funded) & Other Education Grants,Over500_2026_P02_-_published:2260,Over500_2026_P02_-_published,2260,2026-05-20,Education (DSG Funded) & Other Education Grants,Third Party Payments,Other agencies,Phoenix Child Care Limited -The Grange School,PHOENIX CHILD CARE THE GRANGE SCHOOL,21988.16,placement
T-09,R-06,9,off_contract.csv,15,PHOENIX CHILD CARE THE GRANGE SCHOOL,Phoenix Child Care Limited -The Grange School,567708.85,2270835.4,25,placement,1.0,True,none,,Education (DSG Funded) & Other Education Grants,Over500_2026_P02_-_published:2262,Over500_2026_P02_-_published,2262,2026-05-21,Education (DSG Funded) & Other Education Grants,Third Party Payments,Other agencies,Phoenix Child Care Limited -The Grange School,PHOENIX CHILD CARE THE GRANGE SCHOOL,23210.0,placement
T-09,R-06,9,off_contract.csv,15,PHOENIX CHILD CARE THE GRANGE SCHOOL,Phoenix Child Care Limited -The Grange School,567708.85,2270835.4,25,placement,1.0,True,none,,Education (DSG Funded) & Other Education Grants,Over500_2026_P02_-_published:2263,Over500_2026_P02_-_published,2263,2026-05-21,Education (DSG Funded) & Other Education Grants,Third Party Payments,Other agencies,Phoenix Child Care Limited -The Grange School,PHOENIX CHILD CARE THE GRANGE SCHOOL,21988.16,placement
T-09,R-06,9,off_contract.csv,15,PHOENIX CHILD CARE THE GRANGE SCHOOL,Phoenix Child Care Limited -The Grange School,567708.85,2270835.4,25,placement,1.0,True,none,,Education (DSG Funded) & Other Education Grants,Over500_2026_P03_-_published:2179,Over500_2026_P03_-_published,2179,2026-06-17,Education (DSG Funded) & Other Education Grants,Third Party Payments,Other agencies,Phoenix Child Care Limited -The Grange School,PHOENIX CHILD CARE THE GRANGE SCHOOL,22231.75,placement
T-09,R-06,9,off_contract.csv,15,PHOENIX CHILD CARE THE GRANGE SCHOOL,Phoenix Child Care Limited -The Grange School,567708.85,2270835.4,25,placement,1.0,True,none,,Education (DSG Funded) & Other Education Grants,Over500_2026_P03_-_published:2229,Over500_2026_P03_-_published,2229,2026-06-17,Education (DSG Funded) & Other Education Grants,Third Party Payments,Other agencies,Phoenix Child Care Limited -The Grange School,PHOENIX CHILD CARE THE GRANGE SCHOOL,22295.24,placement
T-09,R-06,9,off_contract.csv,15,PHOENIX CHILD CARE THE GRANGE SCHOOL,Phoenix Child Care Limited -The Grange School,567708.85,2270835.4,25,placement,1.0,True,none,,Education (DSG Funded) & Other Education Grants,Over500_2026_P04_-_published:3329,Over500_2026_P04_-_published,3329,2026-07-29,Education (DSG Funded) & Other Education Grants,Third Party Payments,Other agencies,Phoenix Child Care Limited -The Grange School,PHOENIX CHILD CARE THE GRANGE SCHOOL,807.68,placement
T-09,R-06,9,off_contract.csv,15,PHOENIX CHILD CARE THE GRANGE SCHOOL,Phoenix Child Care Limited -The Grange School,567708.85,2270835.4,25,placement,1.0,True,none,,Education (DSG Funded) & Other Education Grants,Over500_2026_P04_-_published:3809,Over500_2026_P04_-_published,3809,2026-07-29,Education (DSG Funded) & Other Education Grants,Third Party Payments,Other agencies,Phoenix Child Care Limited -The Grange School,PHOENIX CHILD CARE THE GRANGE SCHOOL,812.35,placement
T-09,R-06,10,off_contract.csv,16,VOYAGE CARE,VOYAGE CARE,554678.88,2218715.52,80,placement,1.0,True,none,,Adult Social Care,Over500_2026_P02_-_published:1638,Over500_2026_P02_-_published,1638,2026-05-13,Adult Social Care,Third Party Payments,Private Contractors,VOYAGE CARE,VOYAGE CARE,8045.56,placement
T-09,R-06,10,off_contract.csv,16,VOYAGE CARE,VOYAGE CARE,554678.88,2218715.52,80,placement,1.0,True,none,,Adult Social Care,Over500_2026_P02_-_published:1639,Over500_2026_P02_-_published,1639,2026-05-13,Adult Social Care,Third Party Payments,Private Contractors,VOYAGE CARE,VOYAGE CARE,10310.04,placement
T-09,R-06,10,off_contract.csv,16,VOYAGE CARE,VOYAGE CARE,554678.88,2218715.52,80,placement,1.0,True,none,,Adult Social Care,Over500_2026_P02_-_published:1640,Over500_2026_P02_-_published,1640,2026-05-13,Adult Social Care,Third Party Payments,Private Contractors,VOYAGE CARE,VOYAGE CARE,8169.68,placement
T-09,R-06,10,off_contract.csv,16,VOYAGE CARE,VOYAGE CARE,554678.88,2218715.52,80,placement,1.0,True,none,,Adult Social Care,Over500_2026_P02_-_published:1641,Over500_2026_P02_-_published,1641,2026-05-13,Adult Social Care,Third Party Payments,Private Contractors,VOYAGE CARE,VOYAGE CARE,12820.44,placement
T-09,R-06,10,off_contract.csv,16,VOYAGE CARE,VOYAGE CARE,554678.88,2218715.52,80,placement,1.0,True,none,,Adult Social Care,Over500_2026_P02_-_published:1642,Over500_2026_P02_-_published,1642,2026-05-13,Adult Social Care,Third Party Payments,Private Contractors,VOYAGE CARE,VOYAGE CARE,14756.16,placement
T-09,R-06,10,off_contract.csv,16,VOYAGE CARE,VOYAGE CARE,554678.88,2218715.52,80,placement,1.0,True,none,,Adult Social Care,Over500_2026_P02_-_published:1643,Over500_2026_P02_-_published,1643,2026-05-13,Adult Social Care,Third Party Payments,Private Contractors,VOYAGE CARE,VOYAGE CARE,5787.72,placement
T-09,R-06,10,off_contract.csv,16,VOYAGE CARE,VOYAGE CARE,554678.88,2218715.52,80,placement,1.0,True,none,,Adult Social Care,Over500_2026_P02_-_published:1644,Over500_2026_P02_-_published,1644,2026-05-13,Adult Social Care,Third Party Payments,Private Contractors,VOYAGE CARE,VOYAGE CARE,9917.56,placement
T-09,R-06,10,off_contract.csv,16,VOYAGE CARE,VOYAGE CARE,554678.88,2218715.52,80,placement,1.0,True,none,,Adult Social Care,Over500_2026_P02_-_published:1645,Over500_2026_P02_-_published,1645,2026-05-13,Adult Social Care,Third Party Payments,Private Contractors,VOYAGE CARE,VOYAGE CARE,7967.68,placement
T-09,R-06,10,off_contract.csv,16,VOYAGE CARE,VOYAGE CARE,554678.88,2218715.52,80,placement,1.0,True,none,,Adult Social Care,Over500_2026_P02_-_published:1646,Over500_2026_P02_-_published,1646,2026-05-13,Adult Social Care,Third Party Payments,Private Contractors,VOYAGE CARE,VOYAGE CARE,7968.84,placement
T-09,R-06,10,off_contract.csv,16,VOYAGE CARE,VOYAGE CARE,554678.88,2218715.52,80,placement,1.0,True,none,,Adult Social Care,Over500_2026_P02_-_published:1835,Over500_2026_P02_-_published,1835,2026-05-13,Adult Social Care,Third Party Payments,Private Contractors,VOYAGE CARE,VOYAGE CARE,3851.32,placement
T-09,R-06,10,off_contract.csv,16,VOYAGE CARE,VOYAGE CARE,554678.88,2218715.52,80,placement,1.0,True,none,,Adult Social Care,Over500_2026_P02_-_published:1836,Over500_2026_P02_-_published,1836,2026-05-13,Adult Social Care,Third Party Payments,Private Contractors,VOYAGE CARE,VOYAGE CARE,10598.4,placement
T-09,R-06,10,off_contract.csv,16,VOYAGE CARE,VOYAGE CARE,554678.88,2218715.52,80,placement,1.0,True,none,,Adult Social Care,Over500_2026_P02_-_published:1837,Over500_2026_P02_-_published,1837,2026-05-13,Adult Social Care,Third Party Payments,Private Contractors,VOYAGE CARE,VOYAGE CARE,4782.52,placement
T-09,R-06,10,off_contract.csv,16,VOYAGE CARE,VOYAGE CARE,554678.88,2218715.52,80,placement,1.0,True,none,,Adult Social Care,Over500_2026_P02_-_published:1838,Over500_2026_P02_-_published,1838,2026-05-13,Adult Social Care,Third Party Payments,Private Contractors,VOYAGE CARE,VOYAGE CARE,5100.48,placement
T-09,R-06,10,off_contract.csv,16,VOYAGE CARE,VOYAGE CARE,554678.88,2218715.52,80,placement,1.0,True,none,,Adult Social Care,Over500_2026_P02_-_published:1839,Over500_2026_P02_-_published,1839,2026-05-13,Adult Social Care,Third Party Payments,Private Contractors,VOYAGE CARE,VOYAGE CARE,8487.0,placement
T-09,R-06,10,off_contract.csv,16,VOYAGE CARE,VOYAGE CARE,554678.88,2218715.52,80,placement,1.0,True,none,,Adult Social Care,Over500_2026_P02_-_published:1840,Over500_2026_P02_-_published,1840,2026-05-13,Adult Social Care,Third Party Payments,Private Contractors,VOYAGE CARE,VOYAGE CARE,7407.44,placement
T-09,R-06,10,off_contract.csv,16,VOYAGE CARE,VOYAGE CARE,554678.88,2218715.52,80,placement,1.0,True,none,,Adult Social Care,Over500_2026_P02_-_published:1841,Over500_2026_P02_-_published,1841,2026-05-13,Adult Social Care,Third Party Payments,Private Contractors,VOYAGE CARE,VOYAGE CARE,9562.88,placement
T-09,R-06,10,off_contract.csv,16,VOYAGE CARE,VOYAGE CARE,554678.88,2218715.52,80,placement,1.0,True,none,,Adult Social Care,Over500_2026_P02_-_published:1842,Over500_2026_P02_-_published,1842,2026-05-13,Adult Social Care,Third Party Payments,Private Contractors,VOYAGE CARE,VOYAGE CARE,9474.6,placement
T-09,R-06,10,off_contract.csv,16,VOYAGE CARE,VOYAGE CARE,554678.88,2218715.52,80,placement,1.0,True,none,,Adult Social Care,Over500_2026_P02_-_published:1843,Over500_2026_P02_-_published,1843,2026-05-13,Adult Social Care,Third Party Payments,Private Contractors,VOYAGE CARE,VOYAGE CARE,9501.92,placement
T-09,R-06,10,off_contract.csv,16,VOYAGE CARE,VOYAGE CARE,554678.88,2218715.52,80,placement,1.0,True,none,,Adult Social Care,Over500_2026_P02_-_published:1695,Over500_2026_P02_-_published,1695,2026-05-22,Adult Social Care,Third Party Payments,Private Contractors,VOYAGE CARE,VOYAGE CARE,811.96,placement
T-09,R-06,10,off_contract.csv,16,VOYAGE CARE,VOYAGE CARE,554678.88,2218715.52,80,placement,1.0,True,none,,Adult Social Care,Over500_2026_P02_-_published:1791,Over500_2026_P02_-_published,1791,2026-05-22,Adult Social Care,Third Party Payments,Private Contractors,VOYAGE CARE,VOYAGE CARE,906.72,placement
T-09,R-06,10,off_contract.csv,16,VOYAGE CARE,VOYAGE CARE,554678.88,2218715.52,80,placement,1.0,True,none,,Adult Social Care,Over500_2026_P02_-_published:1855,Over500_2026_P02_-_published,1855,2026-05-22,Adult Social Care,Third Party Payments,Private Contractors,VOYAGE CARE,VOYAGE CARE,2040.64,placement
T-09,R-06,10,off_contract.csv,16,VOYAGE CARE,VOYAGE CARE,554678.88,2218715.52,80,placement,1.0,True,none,,Adult Social Care,Over500_2026_P02_-_published:1944,Over500_2026_P02_-_published,1944,2026-05-22,Adult Social Care,Third Party Payments,Private Contractors,VOYAGE CARE,VOYAGE CARE,3076.08,placement
T-09,R-06,10,off_contract.csv,16,VOYAGE CARE,VOYAGE CARE,554678.88,2218715.52,80,placement,1.0,True,none,,Adult Social Care,Over500_2026_P02_-_published:1805,Over500_2026_P02_-_published,1805,2026-05-27,Adult Social Care,Third Party Payments,Private Contractors,VOYAGE CARE,VOYAGE CARE,2726.85,placement
T-09,R-06,10,off_contract.csv,16,VOYAGE CARE,VOYAGE CARE,554678.88,2218715.52,80,placement,1.0,True,none,,Adult Social Care,Over500_2026_P02_-_published:1814,Over500_2026_P02_-_published,1814,2026-05-27,Adult Social Care,Third Party Payments,Private Contractors,VOYAGE CARE,VOYAGE CARE,4443.04,placement
T-09,R-06,10,off_contract.csv,16,VOYAGE CARE,VOYAGE CARE,554678.88,2218715.52,80,placement,1.0,True,none,,Adult Social Care,Over500_2026_P03_-_published:1607,Over500_2026_P03_-_published,1607,2026-06-03,Adult Social Care,Third Party Payments,Private Contractors,VOYAGE CARE,VOYAGE CARE,10383.74,placement
T-09,R-06,10,off_contract.csv,16,VOYAGE CARE,VOYAGE CARE,554678.88,2218715.52,80,placement,1.0,True,none,,Adult Social Care,Over500_2026_P03_-_published:2918,Over500_2026_P03_-_published,2918,2026-06-03,Adult Social Care,Third Party Payments,Private Contractors,VOYAGE CARE,VOYAGE CARE,4406.37,placement
T-09,R-06,10,off_contract.csv,16,VOYAGE CARE,VOYAGE CARE,554678.88,2218715.52,80,placement,1.0,True,none,,Adult Social Care,Over500_2026_P03_-_published:1405,Over500_2026_P03_-_published,1405,2026-06-10,Adult Social Care,Third Party Payments,Private Contractors,VOYAGE CARE,VOYAGE CARE,12820.44,placement
T-09,R-06,10,off_contract.csv,16,VOYAGE CARE,VOYAGE CARE,554678.88,2218715.52,80,placement,1.0,True,none,,Adult Social Care,Over500_2026_P03_-_published:1433,Over500_2026_P03_-_published,1433,2026-06-10,Adult Social Care,Third Party Payments,Private Contractors,VOYAGE CARE,VOYAGE CARE,5787.72,placement
T-09,R-06,10,off_contract.csv,16,VOYAGE CARE,VOYAGE CARE,554678.88,2218715.52,80,placement,1.0,True,none,,Adult Social Care,Over500_2026_P03_-_published:1465,Over500_2026_P03_-_published,1465,2026-06-10,Adult Social Care,Third Party Payments,Private Contractors,VOYAGE CARE,VOYAGE CARE,14756.16,placement
T-09,R-06,10,off_contract.csv,16,VOYAGE CARE,VOYAGE CARE,554678.88,2218715.52,80,placement,1.0,True,none,,Adult Social Care,Over500_2026_P03_-_published:1466,Over500_2026_P03_-_published,1466,2026-06-10,Adult Social Care,Third Party Payments,Private Contractors,VOYAGE CARE,VOYAGE CARE,9917.56,placement
T-09,R-06,10,off_contract.csv,16,VOYAGE CARE,VOYAGE CARE,554678.88,2218715.52,80,placement,1.0,True,none,,Adult Social Care,Over500_2026_P03_-_published:1467,Over500_2026_P03_-_published,1467,2026-06-10,Adult Social Care,Third Party Payments,Private Contractors,VOYAGE CARE,VOYAGE CARE,7968.84,placement
T-09,R-06,10,off_contract.csv,16,VOYAGE CARE,VOYAGE CARE,554678.88,2218715.52,80,placement,1.0,True,none,,Adult Social Care,Over500_2026_P03_-_published:1572,Over500_2026_P03_-_published,1572,2026-06-10,Adult Social Care,Third Party Payments,Private Contractors,VOYAGE CARE,VOYAGE CARE,8169.68,placement
T-09,R-06,10,off_contract.csv,16,VOYAGE CARE,VOYAGE CARE,554678.88,2218715.52,80,placement,1.0,True,none,,Adult Social Care,Over500_2026_P03_-_published:1573,Over500_2026_P03_-_published,1573,2026-06-10,Adult Social Care,Third Party Payments,Private Contractors,VOYAGE CARE,VOYAGE CARE,7967.68,placement
T-09,R-06,10,off_contract.csv,16,VOYAGE CARE,VOYAGE CARE,554678.88,2218715.52,80,placement,1.0,True,none,,Adult Social Care,Over500_2026_P03_-_published:1735,Over500_2026_P03_-_published,1735,2026-06-10,Adult Social Care,Third Party Payments,Private Contractors,VOYAGE CARE,VOYAGE CARE,5100.48,placement
T-09,R-06,10,off_contract.csv,16,VOYAGE CARE,VOYAGE CARE,554678.88,2218715.52,80,placement,1.0,True,none,,Adult Social Care,Over500_2026_P03_-_published:1736,Over500_2026_P03_-_published,1736,2026-06-10,Adult Social Care,Third Party Payments,Private Contractors,VOYAGE CARE,VOYAGE CARE,9562.88,placement
T-09,R-06,10,off_contract.csv,16,VOYAGE CARE,VOYAGE CARE,554678.88,2218715.52,80,placement,1.0,True,none,,Adult Social Care,Over500_2026_P03_-_published:1758,Over500_2026_P03_-_published,1758,2026-06-10,Adult Social Care,Third Party Payments,Private Contractors,VOYAGE CARE,VOYAGE CARE,10598.4,placement
T-09,R-06,10,off_contract.csv,16,VOYAGE CARE,VOYAGE CARE,554678.88,2218715.52,80,placement,1.0,True,none,,Adult Social Care,Over500_2026_P03_-_published:1825,Over500_2026_P03_-_published,1825,2026-06-10,Adult Social Care,Third Party Payments,Private Contractors,VOYAGE CARE,VOYAGE CARE,9501.92,placement
T-09,R-06,10,off_contract.csv,16,VOYAGE CARE,VOYAGE CARE,554678.88,2218715.52,80,placement,1.0,True,none,,Adult Social Care,Over500_2026_P03_-_published:1847,Over500_2026_P03_-_published,1847,2026-06-10,Adult Social Care,Third Party Payments,Private Contractors,VOYAGE CARE,VOYAGE CARE,4782.52,placement
T-09,R-06,10,off_contract.csv,16,VOYAGE CARE,VOYAGE CARE,554678.88,2218715.52,80,placement,1.0,True,none,,Adult Social Care,Over500_2026_P03_-_published:1848,Over500_2026_P03_-_published,1848,2026-06-10,Adult Social Care,Third Party Payments,Private Contractors,VOYAGE CARE,VOYAGE CARE,8487.0,placement
T-09,R-06,10,off_contract.csv,16,VOYAGE CARE,VOYAGE CARE,554678.88,2218715.52,80,placement,1.0,True,none,,Adult Social Care,Over500_2026_P03_-_published:1849,Over500_2026_P03_-_published,1849,2026-06-10,Adult Social Care,Third Party Payments,Private Contractors,VOYAGE CARE,VOYAGE CARE,7407.44,placement
T-09,R-06,10,off_contract.csv,16,VOYAGE CARE,VOYAGE CARE,554678.88,2218715.52,80,placement,1.0,True,none,,Adult Social Care,Over500_2026_P03_-_published:1850,Over500_2026_P03_-_published,1850,2026-06-10,Adult Social Care,Third Party Payments,Private Contractors,VOYAGE CARE,VOYAGE CARE,9474.6,placement
T-09,R-06,10,off_contract.csv,16,VOYAGE CARE,VOYAGE CARE,554678.88,2218715.52,80,placement,1.0,True,none,,Adult Social Care,Over500_2026_P03_-_published:2893,Over500_2026_P03_-_published,2893,2026-06-10,Adult Social Care,Third Party Payments,Private Contractors,VOYAGE CARE,VOYAGE CARE,8045.56,placement
T-09,R-06,10,off_contract.csv,16,VOYAGE CARE,VOYAGE CARE,554678.88,2218715.52,80,placement,1.0,True,none,,Adult Social Care,Over500_2026_P03_-_published:2894,Over500_2026_P03_-_published,2894,2026-06-10,Adult Social Care,Third Party Payments,Private Contractors,VOYAGE CARE,VOYAGE CARE,10310.04,placement
T-09,R-06,10,off_contract.csv,16,VOYAGE CARE,VOYAGE CARE,554678.88,2218715.52,80,placement,1.0,True,none,,Adult Social Care,Over500_2026_P03_-_published:2974,Over500_2026_P03_-_published,2974,2026-06-10,Adult Social Care,Third Party Payments,Private Contractors,VOYAGE CARE,VOYAGE CARE,3851.32,placement
T-09,R-06,10,off_contract.csv,16,VOYAGE CARE,VOYAGE CARE,554678.88,2218715.52,80,placement,1.0,True,none,,Adult Social Care,Over500_2026_P03_-_published:1515,Over500_2026_P03_-_published,1515,2026-06-24,Adult Social Care,Third Party Payments,Private Contractors,VOYAGE CARE,VOYAGE CARE,811.96,placement
T-09,R-06,10,off_contract.csv,16,VOYAGE CARE,VOYAGE CARE,554678.88,2218715.52,80,placement,1.0,True,none,,Adult Social Care,Over500_2026_P03_-_published:1679,Over500_2026_P03_-_published,1679,2026-06-24,Adult Social Care,Third Party Payments,Private Contractors,VOYAGE CARE,VOYAGE CARE,4505.72,placement
T-09,R-06,10,off_contract.csv,16,VOYAGE CARE,VOYAGE CARE,554678.88,2218715.52,80,placement,1.0,True,none,,Adult Social Care,Over500_2026_P03_-_published:1680,Over500_2026_P03_-_published,1680,2026-06-24,Adult Social Care,Third Party Payments,Private Contractors,VOYAGE CARE,VOYAGE CARE,10480.52,placement
T-09,R-06,10,off_contract.csv,16,VOYAGE CARE,VOYAGE CARE,554678.88,2218715.52,80,placement,1.0,True,none,,Adult Social Care,Over500_2026_P03_-_published:1707,Over500_2026_P03_-_published,1707,2026-06-24,Adult Social Care,Third Party Payments,Private Contractors,VOYAGE CARE,VOYAGE CARE,906.72,placement
T-09,R-06,10,off_contract.csv,16,VOYAGE CARE,VOYAGE CARE,554678.88,2218715.52,80,placement,1.0,True,none,,Adult Social Care,Over500_2026_P03_-_published:1760,Over500_2026_P03_-_published,1760,2026-06-24,Adult Social Care,Third Party Payments,Private Contractors,VOYAGE CARE,VOYAGE CARE,2040.64,placement
T-09,R-06,10,off_contract.csv,16,VOYAGE CARE,VOYAGE CARE,554678.88,2218715.52,80,placement,1.0,True,none,,Adult Social Care,Over500_2026_P03_-_published:2946,Over500_2026_P03_-_published,2946,2026-06-24,Adult Social Care,Third Party Payments,Private Contractors,VOYAGE CARE,VOYAGE CARE,4443.04,placement
T-09,R-06,10,off_contract.csv,16,VOYAGE CARE,VOYAGE CARE,554678.88,2218715.52,80,placement,1.0,True,none,,Adult Social Care,Over500_2026_P04_-_published:2754,Over500_2026_P04_-_published,2754,2026-07-01,Adult Social Care,Third Party Payments,Private Contractors,VOYAGE CARE,VOYAGE CARE,3076.08,placement
T-09,R-06,10,off_contract.csv,16,VOYAGE CARE,VOYAGE CARE,554678.88,2218715.52,80,placement,1.0,True,none,,Adult Social Care,Over500_2026_P04_-_published:2159,Over500_2026_P04_-_published,2159,2026-07-08,Adult Social Care,Third Party Payments,Private Contractors,VOYAGE CARE,VOYAGE CARE,9917.56,placement
T-09,R-06,10,off_contract.csv,16,VOYAGE CARE,VOYAGE CARE,554678.88,2218715.52,80,placement,1.0,True,none,,Adult Social Care,Over500_2026_P04_-_published:2160,Over500_2026_P04_-_published,2160,2026-07-08,Adult Social Care,Third Party Payments,Private Contractors,VOYAGE CARE,VOYAGE CARE,8169.68,placement
T-09,R-06,10,off_contract.csv,16,VOYAGE CARE,VOYAGE CARE,554678.88,2218715.52,80,placement,1.0,True,none,,Adult Social Care,Over500_2026_P04_-_published:2161,Over500_2026_P04_-_published,2161,2026-07-08,Adult Social Care,Third Party Payments,Private Contractors,VOYAGE CARE,VOYAGE CARE,14756.16,placement
T-09,R-06,10,off_contract.csv,16,VOYAGE CARE,VOYAGE CARE,554678.88,2218715.52,80,placement,1.0,True,none,,Adult Social Care,Over500_2026_P04_-_published:2180,Over500_2026_P04_-_published,2180,2026-07-08,Adult Social Care,Third Party Payments,Private Contractors,VOYAGE CARE,VOYAGE CARE,7968.84,placement
T-09,R-06,10,off_contract.csv,16,VOYAGE CARE,VOYAGE CARE,554678.88,2218715.52,80,placement,1.0,True,none,,Adult Social Care,Over500_2026_P04_-_published:2181,Over500_2026_P04_-_published,2181,2026-07-08,Adult Social Care,Third Party Payments,Private Contractors,VOYAGE CARE,VOYAGE CARE,8045.56,placement
T-09,R-06,10,off_contract.csv,16,VOYAGE CARE,VOYAGE CARE,554678.88,2218715.52,80,placement,1.0,True,none,,Adult Social Care,Over500_2026_P04_-_published:2182,Over500_2026_P04_-_published,2182,2026-07-08,Adult Social Care,Third Party Payments,Private Contractors,VOYAGE CARE,VOYAGE CARE,12820.44,placement
T-09,R-06,10,off_contract.csv,16,VOYAGE CARE,VOYAGE CARE,554678.88,2218715.52,80,placement,1.0,True,none,,Adult Social Care,Over500_2026_P04_-_published:2696,Over500_2026_P04_-_published,2696,2026-07-08,Adult Social Care,Third Party Payments,Private Contractors,VOYAGE CARE,VOYAGE CARE,9562.88,placement
T-09,R-06,10,off_contract.csv,16,VOYAGE CARE,VOYAGE CARE,554678.88,2218715.52,80,placement,1.0,True,none,,Adult Social Care,Over500_2026_P04_-_published:2697,Over500_2026_P04_-_published,2697,2026-07-08,Adult Social Care,Third Party Payments,Private Contractors,VOYAGE CARE,VOYAGE CARE,8487.0,placement
T-09,R-06,10,off_contract.csv,16,VOYAGE CARE,VOYAGE CARE,554678.88,2218715.52,80,placement,1.0,True,none,,Adult Social Care,Over500_2026_P04_-_published:2714,Over500_2026_P04_-_published,2714,2026-07-08,Adult Social Care,Third Party Payments,Private Contractors,VOYAGE CARE,VOYAGE CARE,7407.44,placement
T-09,R-06,10,off_contract.csv,16,VOYAGE CARE,VOYAGE CARE,554678.88,2218715.52,80,placement,1.0,True,none,,Adult Social Care,Over500_2026_P04_-_published:2732,Over500_2026_P04_-_published,2732,2026-07-08,Adult Social Care,Third Party Payments,Private Contractors,VOYAGE CARE,VOYAGE CARE,9501.92,placement
T-09,R-06,10,off_contract.csv,16,VOYAGE CARE,VOYAGE CARE,554678.88,2218715.52,80,placement,1.0,True,none,,Adult Social Care,Over500_2026_P04_-_published:2733,Over500_2026_P04_-_published,2733,2026-07-08,Adult Social Care,Third Party Payments,Private Contractors,VOYAGE CARE,VOYAGE CARE,4782.52,placement
T-09,R-06,10,off_contract.csv,16,VOYAGE CARE,VOYAGE CARE,554678.88,2218715.52,80,placement,1.0,True,none,,Adult Social Care,Over500_2026_P04_-_published:2734,Over500_2026_P04_-_published,2734,2026-07-08,Adult Social Care,Third Party Payments,Private Contractors,VOYAGE CARE,VOYAGE CARE,3851.32,placement
T-09,R-06,10,off_contract.csv,16,VOYAGE CARE,VOYAGE CARE,554678.88,2218715.52,80,placement,1.0,True,none,,Adult Social Care,Over500_2026_P04_-_published:2935,Over500_2026_P04_-_published,2935,2026-07-08,Adult Social Care,Third Party Payments,Private Contractors,VOYAGE CARE,VOYAGE CARE,7967.68,placement
T-09,R-06,10,off_contract.csv,16,VOYAGE CARE,VOYAGE CARE,554678.88,2218715.52,80,placement,1.0,True,none,,Adult Social Care,Over500_2026_P04_-_published:2936,Over500_2026_P04_-_published,2936,2026-07-08,Adult Social Care,Third Party Payments,Private Contractors,VOYAGE CARE,VOYAGE CARE,5787.72,placement
T-09,R-06,10,off_contract.csv,16,VOYAGE CARE,VOYAGE CARE,554678.88,2218715.52,80,placement,1.0,True,none,,Adult Social Care,Over500_2026_P04_-_published:2937,Over500_2026_P04_-_published,2937,2026-07-08,Adult Social Care,Third Party Payments,Private Contractors,VOYAGE CARE,VOYAGE CARE,10310.04,placement
T-09,R-06,10,off_contract.csv,16,VOYAGE CARE,VOYAGE CARE,554678.88,2218715.52,80,placement,1.0,True,none,,Adult Social Care,Over500_2026_P04_-_published:3573,Over500_2026_P04_-_published,3573,2026-07-08,Adult Social Care,Third Party Payments,Private Contractors,VOYAGE CARE,VOYAGE CARE,9474.6,placement
T-09,R-06,10,off_contract.csv,16,VOYAGE CARE,VOYAGE CARE,554678.88,2218715.52,80,placement,1.0,True,none,,Adult Social Care,Over500_2026_P04_-_published:3574,Over500_2026_P04_-_published,3574,2026-07-08,Adult Social Care,Third Party Payments,Private Contractors,VOYAGE CARE,VOYAGE CARE,5100.48,placement
T-09,R-06,10,off_contract.csv,16,VOYAGE CARE,VOYAGE CARE,554678.88,2218715.52,80,placement,1.0,True,none,,Adult Social Care,Over500_2026_P04_-_published:3575,Over500_2026_P04_-_published,3575,2026-07-08,Adult Social Care,Third Party Payments,Private Contractors,VOYAGE CARE,VOYAGE CARE,10598.4,placement
T-09,R-06,10,off_contract.csv,16,VOYAGE CARE,VOYAGE CARE,554678.88,2218715.52,80,placement,1.0,True,none,,Adult Social Care,Over500_2026_P04_-_published:2174,Over500_2026_P04_-_published,2174,2026-07-15,Adult Social Care,Third Party Payments,Private Contractors,VOYAGE CARE,VOYAGE CARE,811.96,placement
T-09,R-06,10,off_contract.csv,16,VOYAGE CARE,VOYAGE CARE,554678.88,2218715.52,80,placement,1.0,True,none,,Adult Social Care,Over500_2026_P04_-_published:2403,Over500_2026_P04_-_published,2403,2026-07-15,Adult Social Care,Third Party Payments,Private Contractors,VOYAGE CARE,VOYAGE CARE,10455.47,placement
T-09,R-06,10,off_contract.csv,16,VOYAGE CARE,VOYAGE CARE,554678.88,2218715.52,80,placement,1.0,True,none,,Adult Social Care,Over500_2026_P04_-_published:2404,Over500_2026_P04_-_published,2404,2026-07-15,Adult Social Care,Third Party Payments,Private Contractors,VOYAGE CARE,VOYAGE CARE,906.72,placement
T-09,R-06,10,off_contract.csv,16,VOYAGE CARE,VOYAGE CARE,554678.88,2218715.52,80,placement,1.0,True,none,,Adult Social Care,Over500_2026_P04_-_published:2417,Over500_2026_P04_-_published,2417,2026-07-15,Adult Social Care,Third Party Payments,Private Contractors,VOYAGE CARE,VOYAGE CARE,3696.33,placement
T-09,R-06,10,off_contract.csv,16,VOYAGE CARE,VOYAGE CARE,554678.88,2218715.52,80,placement,1.0,True,none,,Adult Social Care,Over500_2026_P04_-_published:3027,Over500_2026_P04_-_published,3027,2026-07-15,Adult Social Care,Third Party Payments,Private Contractors,VOYAGE CARE,VOYAGE CARE,4443.04,placement
T-09,R-06,10,off_contract.csv,16,VOYAGE CARE,VOYAGE CARE,554678.88,2218715.52,80,placement,1.0,True,none,,Adult Social Care,Over500_2026_P04_-_published:3579,Over500_2026_P04_-_published,3579,2026-07-15,Adult Social Care,Third Party Payments,Private Contractors,VOYAGE CARE,VOYAGE CARE,2040.64,placement
T-09,R-06,10,off_contract.csv,16,VOYAGE CARE,VOYAGE CARE,554678.88,2218715.52,80,placement,1.0,True,none,,Adult Social Care,Over500_2026_P04_-_published:3681,Over500_2026_P04_-_published,3681,2026-07-15,Adult Social Care,Third Party Payments,Private Contractors,VOYAGE CARE,VOYAGE CARE,3076.08,placement
T-09,R-06,10,off_contract.csv,16,VOYAGE CARE,VOYAGE CARE,554678.88,2218715.52,80,placement,1.0,True,none,,Adult Social Care,Over500_2026_P04_-_published:2200,Over500_2026_P04_-_published,2200,2026-07-22,Adult Social Care,Third Party Payments,Private Contractors,VOYAGE CARE,VOYAGE CARE,811.96,placement
T-09,R-06,10,off_contract.csv,16,VOYAGE CARE,VOYAGE CARE,554678.88,2218715.52,80,placement,1.0,True,none,,Adult Social Care,Over500_2026_P04_-_published:2736,Over500_2026_P04_-_published,2736,2026-07-22,Adult Social Care,Third Party Payments,Private Contractors,VOYAGE CARE,VOYAGE CARE,2040.64,placement
T-09,R-06,10,off_contract.csv,16,VOYAGE CARE,VOYAGE CARE,554678.88,2218715.52,80,placement,1.0,True,none,,Adult Social Care,Over500_2026_P04_-_published:2488,Over500_2026_P04_-_published,2488,2026-07-29,Adult Social Care,Third Party Payments,Private Contractors,VOYAGE CARE,VOYAGE CARE,3379.29,placement
T-09,R-06,10,off_contract.csv,16,VOYAGE CARE,VOYAGE CARE,554678.88,2218715.52,80,placement,1.0,True,none,,Adult Social Care,Over500_2026_P04_-_published:3367,Over500_2026_P04_-_published,3367,2026-07-29,Adult Social Care,Third Party Payments,Private Contractors,VOYAGE CARE,VOYAGE CARE,4425.95,placement
